paso0
Es enfocada de momento:/var/www/html/reconocimientoFacial/proyecto_definitivo/admin/files/videos_registro/1.png
-------------Analizando en posicon_cara-------------
paso0
Ruta:/var/www/html/reconocimientoFacial/proyecto_definitivo/admin/files/videos_registro/1.png
paso0
Es enfocada de momento:/var/www/html/reconocimientoFacial/proyecto_definitivo/admin/files/videos_registro/1.png
-------------Analizando en posicon_cara-------------
paso0
Es enfocada de momento:/home/camaras/Descargas/caretos/a_frente/istockphoto-168525741-612x612.jpg
-------------Analizando en posicon_cara-------------
Tiene caras1
0:(parte izquierda cara)->241.0/145.0
16:(parte derecha cara)->392.0/150.0
7:(barbilla1)->300.0/255.0
8:(barbilla2)->323.0/263.0
9:(barbilla3)->346.0/258.0
27:(entrecejo)->326.0/153.0
30:(toxa punta)->328.0/194.0
33:(toxa abajo)->326.0/202.0
31:(izq toxa)->313.0/196.0
35:(der toxa)->338.0/196.0
36:(ojo izq fuera)->282.0/145.0
39:(ojo izq dentro)->305.0/148.0
45:(ojo der fuera)->369.0/148.0
42:(ojo der dentro)->344.0/148.0
48:(boca izq)->298.0/217.0
54:(boca der)->351.0/217.0
51:(boca arriba)->326.0/214.0
57:(boca abajo)->326.0/224.0
Numero prueba:1
La diferencia es:0.0
El margen pedido es:10
.............SUPERO prueba 1

Numero prueba:2
La diferencia es:3.0
El margen pedido es:10
.............SUPERO prueba 2

Numero prueba:3
La diferencia es:3.0
El margen pedido es:10
.............SUPERO prueba 3

Numero prueba:4
La diferencia es:3.0
El margen pedido es:10
.............SUPERO prueba 4

Numero prueba:5
La diferencia es:5.0
El margen pedido es:10
.............SUPERO prueba 5

Numero prueba:6
La diferencia es:0.0
El margen pedido es:10
.............SUPERO prueba 6

Numero prueba:7
la x1 es:282.0
la x2 es:369.0
el centro horizontal esta en:325.5
la x es:326.0
La diferencia es:0.5
El margen pedido es:10
.............SUPERO prueba 7

Numero prueba:8
la x1 es:241.0
la x2 es:392.0
el centro horizontal esta en:316.5
la x es:326.0
La diferencia es:9.5
El margen pedido es:10
.............SUPERO prueba 8

Numero prueba:9
la x1 es:241.0
la x2 es:392.0
el centro horizontal esta en:316.5
la x es:326.0
La diferencia es:9.5
El margen pedido es:10
.............SUPERO prueba 9

Numero prueba:10
La distancia es:0.0
El margen pedido es:15
.............SUPERO prueba 10

Numero prueba:11
prueba de posicionado
punto 1:323.0/263.0
punto 2:300.0/255.0
minimo:0
El punto 1 tiene que estar mas abajo que el 2
Lo esta
La diferencia es > que el minimo, superaria
.............SUPERO prueba 11

Numero prueba:12
prueba de posicionado
punto 1:323.0/263.0
punto 2:346.0/258.0
minimo:0
El punto 1 tiene que estar mas abajo que el 2
Lo esta
La diferencia es > que el minimo, superaria
.............SUPERO prueba 12

paso0
Es enfocada de momento:/home/camaras/Descargas/caretos/a_frente/1.png
-------------Analizando en posicon_cara-------------
paso0
Es enfocada de momento:/home/camaras/Descargas/caretos/a_frente/1.jpg
-------------Analizando en posicon_cara-------------
Tiene caras1
0:(parte izquierda cara)->449.0/213.0
16:(parte derecha cara)->709.0/118.0
7:(barbilla1)->529.0/463.0
8:(barbilla2)->559.0/468.0
9:(barbilla3)->594.0/438.0
27:(entrecejo)->449.0/178.0
30:(toxa punta)->414.0/283.0
33:(toxa abajo)->464.0/308.0
31:(izq toxa)->464.0/303.0
35:(der toxa)->484.0/288.0
36:(ojo izq fuera)->449.0/198.0
39:(ojo izq dentro)->459.0/183.0
45:(ojo der fuera)->544.0/138.0
42:(ojo der dentro)->504.0/158.0
48:(boca izq)->504.0/363.0
54:(boca der)->549.0/343.0
51:(boca arriba)->479.0/348.0
57:(boca abajo)->489.0/378.0
Numero prueba:1
La diferencia es:15.0
El margen pedido es:10

Numero prueba:2
La diferencia es:70.0
El margen pedido es:10

Numero prueba:3
La diferencia es:60.0
El margen pedido es:10

Numero prueba:4
La diferencia es:15.0
El margen pedido es:10

Numero prueba:5
La diferencia es:95.0
El margen pedido es:10

Numero prueba:6
La diferencia es:20.0
El margen pedido es:10

Numero prueba:7
la x1 es:449.0
la x2 es:544.0
el centro horizontal esta en:496.5
la x es:449.0
La diferencia es:47.5
El margen pedido es:10

Numero prueba:8
la x1 es:449.0
la x2 es:709.0
el centro horizontal esta en:579.0
la x es:449.0
La diferencia es:130.0
El margen pedido es:10

Numero prueba:9
la x1 es:449.0
la x2 es:709.0
el centro horizontal esta en:579.0
la x es:464.0
La diferencia es:115.0
El margen pedido es:10

Numero prueba:10
La distancia es:15.0
El margen pedido es:15
.............SUPERO prueba 10

Numero prueba:11
prueba de posicionado
punto 1:559.0/468.0
punto 2:529.0/463.0
minimo:0
El punto 1 tiene que estar mas abajo que el 2
Lo esta
La diferencia es > que el minimo, superaria
.............SUPERO prueba 11

Numero prueba:12
prueba de posicionado
punto 1:559.0/468.0
punto 2:594.0/438.0
minimo:0
El punto 1 tiene que estar mas abajo que el 2
Lo esta
La diferencia es > que el minimo, superaria
.............SUPERO prueba 12

paso0
Es enfocada de momento:/var/www/html/reconocimientoFacial/proyecto_definitivo/admin/files/videos_registro/1.jpg
-------------Analizando en posicon_cara-------------
paso0
Es enfocada de momento:/var/www/html/reconocimientoFacial/proyecto_definitivo/admin/files/videos_registro/1.jpg
-------------Analizando en posicon_cara-------------
paso0
paso0
paso0
paso0
Ruta_imagen:/var/www/html/reconocimientoFacial/proyecto_definitivo/admin/files/videos_registro/1.jpg
basename:videos_registro
local_id:videos_registro
paso0
paso0
Ruta_imagen:/var/www/html/reconocimientoFacial/proyecto_definitivo/admin/files/videos_registro/1.jpg
basename:videos_registro
local_id:videos_registro
Ruta_imagen:/var/www/html/reconocimientoFacial/proyecto_definitivo/admin/files/videos_registro/1.jpg
basename:videos_registro
local_id:videos_registro
paso0
paso0
Ruta_imagen:/var/www/html/reconocimientoFacial/proyecto_definitivo/admin/files/videos_registro/1.jpg
basename:1.jpg
local_id:1
paso0
Ruta_imagen:/var/www/html/reconocimientoFacial/proyecto_definitivo/admin/files/videos_registro/1.jpg
basename:1.jpg
local_id:1
paso0
Ruta_imagen:/var/www/html/reconocimientoFacial/proyecto_definitivo/admin/files/videos_registro/1.jpg
basename:1.jpg
local_id:1
paso0
Ruta_imagen:/var/www/html/reconocimientoFacial/proyecto_definitivo/admin/files/videos_registro/1.jpg
basename:1.jpg
local_id:1
posicion:1
paso0
Ruta_imagen:/var/www/html/reconocimientoFacial/proyecto_definitivo/admin/files/videos_registro/1.jpg
basename:1.jpg
local_id:1
posicion:1
-------------Analizando en posicon_cara-------------
paso0
Ruta_imagen:/var/www/html/reconocimientoFacial/proyecto_definitivo/admin/files/videos_registro/1.jpg
basename:1.jpg
local_id:1
posicion:1
-------------Analizando en posicon_cara-------------
puntuacion:0
Ruta_imagen:/var/www/html/reconocimientoFacial/proyecto_definitivo/admin/files/videos_registro/1.jpg
basename:1.jpg
local_id:1
posicion:1
-------------Analizando en posicon_cara-------------
puntuacion:0
Ruta_imagen:/var/www/html/reconocimientoFacial/proyecto_definitivo/admin/files/videos_registro/1.jpg
basename:1.jpg
local_id:1
posicion:1
-------------Analizando en posicon_cara-------------
puntuacion:0
Ruta_imagen:/var/www/html/reconocimientoFacial/proyecto_definitivo/admin/files/videos_registro/1.jpg
basename:1.jpg
local_id:1
posicion:1
-------------Analizando en posicon_cara-------------
puntuacion:0
Ruta_imagen:/var/www/html/reconocimientoFacial/proyecto_definitivo/admin/files/videos_registro/1.jpg
basename:1.jpg
local_id:1
posicion:1
-------------Analizando en posicon_cara-------------
puntuacion:0
Ruta_imagen:/var/www/html/reconocimientoFacial/proyecto_definitivo/admin/files/videos_registro/1.jpg
basename:1.jpg
local_id:1
posicion:1
-------------Analizando en posicon_cara-------------
Tiene caras1
0:(parte izquierda cara)->130.0/202.0
16:(parte derecha cara)->522.0/189.0
7:(barbilla1)->303.0/465.0
8:(barbilla2)->361.0/478.0
9:(barbilla3)->419.0/465.0
27:(entrecejo)->361.0/189.0
30:(toxa punta)->367.0/279.0
33:(toxa abajo)->367.0/311.0
31:(izq toxa)->329.0/305.0
35:(der toxa)->393.0/305.0
36:(ojo izq fuera)->239.0/189.0
39:(ojo izq dentro)->303.0/189.0
45:(ojo der fuera)->470.0/176.0
42:(ojo der dentro)->406.0/182.0
48:(boca izq)->290.0/369.0
54:(boca der)->425.0/369.0
51:(boca arriba)->367.0/356.0
57:(boca abajo)->367.0/382.0
Numero prueba:1
La diferencia es:6.0
El margen pedido es:10
.............SUPERO prueba 1

Numero prueba:2
La diferencia es:6.0
El margen pedido es:10
.............SUPERO prueba 2

Numero prueba:3
La diferencia es:13.0
El margen pedido es:10

Numero prueba:4
La diferencia es:0.0
El margen pedido es:10
.............SUPERO prueba 4

Numero prueba:5
La diferencia es:13.0
El margen pedido es:10

Numero prueba:6
La diferencia es:0.0
El margen pedido es:10
.............SUPERO prueba 6

Numero prueba:7
la x1 es:239.0
la x2 es:470.0
el centro horizontal esta en:354.5
la x es:361.0
La diferencia es:6.5
El margen pedido es:10
.............SUPERO prueba 7

Numero prueba:8
la x1 es:130.0
la x2 es:522.0
el centro horizontal esta en:326.0
la x es:361.0
La diferencia es:35.0
El margen pedido es:10

Numero prueba:9
la x1 es:130.0
la x2 es:522.0
el centro horizontal esta en:326.0
la x es:367.0
La diferencia es:41.0
El margen pedido es:10

Numero prueba:10
La distancia es:13.0
El margen pedido es:15
.............SUPERO prueba 10

Numero prueba:11
prueba de posicionado
punto 1:361.0/478.0
punto 2:303.0/465.0
minimo:0
El punto 1 tiene que estar mas abajo que el 2
Lo esta
La diferencia es > que el minimo, superaria
.............SUPERO prueba 11

Numero prueba:12
prueba de posicionado
punto 1:361.0/478.0
punto 2:419.0/465.0
minimo:0
El punto 1 tiene que estar mas abajo que el 2
Lo esta
La diferencia es > que el minimo, superaria
.............SUPERO prueba 12

puntuacion:66.66666666666667
Ruta_imagen:/var/www/html/reconocimientoFacial/proyecto_definitivo/admin/files/videos_registro/1.jpg
basename:1.jpg
local_id:1
posicion:1
-------------Analizando en posicon_cara-------------
Tiene caras1
0:(parte izquierda cara)->447.0/241.0
16:(parte derecha cara)->695.0/179.0
7:(barbilla1)->473.0/473.0
8:(barbilla2)->499.0/484.0
9:(barbilla3)->535.0/458.0
27:(entrecejo)->437.0/200.0
30:(toxa punta)->390.0/287.0
33:(toxa abajo)->437.0/318.0
31:(izq toxa)->442.0/318.0
35:(der toxa)->457.0/308.0
36:(ojo izq fuera)->457.0/231.0
39:(ojo izq dentro)->463.0/215.0
45:(ojo der fuera)->530.0/174.0
42:(ojo der dentro)->499.0/189.0
48:(boca izq)->473.0/385.0
54:(boca der)->504.0/365.0
51:(boca arriba)->442.0/360.0
57:(boca abajo)->452.0/396.0
Numero prueba:1
La diferencia es:0.0
El margen pedido es:10
.............SUPERO prueba 1

Numero prueba:2
La diferencia es:47.0
El margen pedido es:10

Numero prueba:3
La diferencia es:57.0
El margen pedido es:10

Numero prueba:4
La diferencia es:16.0
El margen pedido es:10

Numero prueba:5
La diferencia es:62.0
El margen pedido es:10

Numero prueba:6
La diferencia es:20.0
El margen pedido es:10

Numero prueba:7
la x1 es:457.0
la x2 es:530.0
el centro horizontal esta en:493.5
la x es:437.0
La diferencia es:56.5
El margen pedido es:10

Numero prueba:8
la x1 es:447.0
la x2 es:695.0
el centro horizontal esta en:571.0
la x es:437.0
La diferencia es:134.0
El margen pedido es:10

Numero prueba:9
la x1 es:447.0
la x2 es:695.0
el centro horizontal esta en:571.0
la x es:437.0
La diferencia es:134.0
El margen pedido es:10

Numero prueba:10
La distancia es:10.0
El margen pedido es:15
.............SUPERO prueba 10

Numero prueba:11
prueba de posicionado
punto 1:499.0/484.0
punto 2:473.0/473.0
minimo:0
El punto 1 tiene que estar mas abajo que el 2
Lo esta
La diferencia es > que el minimo, superaria
.............SUPERO prueba 11

Numero prueba:12
prueba de posicionado
punto 1:499.0/484.0
punto 2:535.0/458.0
minimo:0
El punto 1 tiene que estar mas abajo que el 2
Lo esta
La diferencia es > que el minimo, superaria
.............SUPERO prueba 12

puntuacion:33.333333333333336
Ruta_imagen:/var/www/html/reconocimientoFacial/proyecto_definitivo/admin/files/videos_registro/1.jpg
basename:1.jpg
local_id:1
posicion:1
-------------Analizando en posicon_cara-------------
Tiene caras1
0:(parte izquierda cara)->350.0/227.0
16:(parte derecha cara)->618.0/162.0
7:(barbilla1)->414.0/400.0
8:(barbilla2)->444.0/405.0
9:(barbilla3)->484.0/390.0
27:(entrecejo)->399.0/187.0
30:(toxa punta)->384.0/251.0
33:(toxa abajo)->404.0/276.0
31:(izq toxa)->389.0/276.0
35:(der toxa)->434.0/266.0
36:(ojo izq fuera)->360.0/207.0
39:(ojo izq dentro)->394.0/197.0
45:(ojo der fuera)->489.0/167.0
42:(ojo der dentro)->449.0/182.0
48:(boca izq)->389.0/326.0
54:(boca der)->474.0/311.0
51:(boca arriba)->409.0/306.0
57:(boca abajo)->414.0/326.0
Numero prueba:1
La diferencia es:5.0
El margen pedido es:10
.............SUPERO prueba 1

Numero prueba:2
La diferencia es:30.0
El margen pedido es:10

Numero prueba:3
La diferencia es:40.0
El margen pedido es:10

Numero prueba:4
La diferencia es:10.0
El margen pedido es:10
.............SUPERO prueba 4

Numero prueba:5
La diferencia es:65.0
El margen pedido es:10

Numero prueba:6
La diferencia es:15.0
El margen pedido es:10

Numero prueba:7
la x1 es:360.0
la x2 es:489.0
el centro horizontal esta en:424.5
la x es:399.0
La diferencia es:25.5
El margen pedido es:10

Numero prueba:8
la x1 es:350.0
la x2 es:618.0
el centro horizontal esta en:484.0
la x es:399.0
La diferencia es:85.0
El margen pedido es:10

Numero prueba:9
la x1 es:350.0
la x2 es:618.0
el centro horizontal esta en:484.0
la x es:404.0
La diferencia es:80.0
El margen pedido es:10

Numero prueba:10
La distancia es:20.0
El margen pedido es:15

Numero prueba:11
prueba de posicionado
punto 1:444.0/405.0
punto 2:414.0/400.0
minimo:0
El punto 1 tiene que estar mas abajo que el 2
Lo esta
La diferencia es > que el minimo, superaria
.............SUPERO prueba 11

Numero prueba:12
prueba de posicionado
punto 1:444.0/405.0
punto 2:484.0/390.0
minimo:0
El punto 1 tiene que estar mas abajo que el 2
Lo esta
La diferencia es > que el minimo, superaria
.............SUPERO prueba 12

puntuacion:33.333333333333336
Ruta_imagen:/var/www/html/reconocimientoFacial/proyecto_definitivo/admin/files/videos_registro/1.jpg
basename:1.jpg
local_id:1
posicion:1
-------------Analizando en posicon_cara-------------
Tiene caras1
0:(parte izquierda cara)->302.0/276.0
16:(parte derecha cara)->540.0/207.0
7:(barbilla1)->361.0/470.0
8:(barbilla2)->386.0/475.0
9:(barbilla3)->426.0/455.0
27:(entrecejo)->317.0/261.0
30:(toxa punta)->302.0/336.0
33:(toxa abajo)->332.0/346.0
31:(izq toxa)->322.0/341.0
35:(der toxa)->356.0/331.0
36:(ojo izq fuera)->307.0/261.0
39:(ojo izq dentro)->322.0/261.0
45:(ojo der fuera)->396.0/241.0
42:(ojo der dentro)->361.0/251.0
48:(boca izq)->337.0/375.0
54:(boca der)->431.0/351.0
51:(boca arriba)->342.0/365.0
57:(boca abajo)->356.0/410.0
Numero prueba:1
La diferencia es:15.0
El margen pedido es:10

Numero prueba:2
La diferencia es:30.0
El margen pedido es:10

Numero prueba:3
La diferencia es:20.0
El margen pedido es:10

Numero prueba:4
La diferencia es:0.0
El margen pedido es:10
.............SUPERO prueba 4

Numero prueba:5
La diferencia es:69.0
El margen pedido es:10

Numero prueba:6
La diferencia es:24.0
El margen pedido es:10

Numero prueba:7
la x1 es:307.0
la x2 es:396.0
el centro horizontal esta en:351.5
la x es:317.0
La diferencia es:34.5
El margen pedido es:10

Numero prueba:8
la x1 es:302.0
la x2 es:540.0
el centro horizontal esta en:421.0
la x es:317.0
La diferencia es:104.0
El margen pedido es:10

Numero prueba:9
la x1 es:302.0
la x2 es:540.0
el centro horizontal esta en:421.0
la x es:332.0
La diferencia es:89.0
El margen pedido es:10

Numero prueba:10
La distancia es:15.0
El margen pedido es:15
.............SUPERO prueba 10

Numero prueba:11
prueba de posicionado
punto 1:386.0/475.0
punto 2:361.0/470.0
minimo:0
El punto 1 tiene que estar mas abajo que el 2
Lo esta
La diferencia es > que el minimo, superaria
.............SUPERO prueba 11

Numero prueba:12
prueba de posicionado
punto 1:386.0/475.0
punto 2:426.0/455.0
minimo:0
El punto 1 tiene que estar mas abajo que el 2
Lo esta
La diferencia es > que el minimo, superaria
.............SUPERO prueba 12

puntuacion:33.333333333333336
Ruta_imagen:/var/www/html/reconocimientoFacial/proyecto_definitivo/admin/files/videos_registro/1.jpg
basename:1.jpg
local_id:1
posicion:1
-------------Analizando en posicon_cara-------------
Tiene caras1
0:(parte izquierda cara)->215.0/263.0
16:(parte derecha cara)->463.0/259.0
7:(barbilla1)->295.0/419.0
8:(barbilla2)->333.0/427.0
9:(barbilla3)->371.0/419.0
27:(entrecejo)->337.0/242.0
30:(toxa punta)->333.0/297.0
33:(toxa abajo)->333.0/318.0
31:(izq toxa)->312.0/314.0
35:(der toxa)->354.0/314.0
36:(ojo izq fuera)->265.0/247.0
39:(ojo izq dentro)->303.0/247.0
45:(ojo der fuera)->404.0/242.0
42:(ojo der dentro)->366.0/247.0
48:(boca izq)->291.0/356.0
54:(boca der)->375.0/356.0
51:(boca arriba)->333.0/348.0
57:(boca abajo)->333.0/364.0
Numero prueba:1
La diferencia es:4.0
El margen pedido es:10
.............SUPERO prueba 1

Numero prueba:2
La diferencia es:0.0
El margen pedido es:10
.............SUPERO prueba 2

Numero prueba:3
La diferencia es:5.0
El margen pedido es:10
.............SUPERO prueba 3

Numero prueba:4
La diferencia es:0.0
El margen pedido es:10
.............SUPERO prueba 4

Numero prueba:5
La diferencia es:4.0
El margen pedido es:10
.............SUPERO prueba 5

Numero prueba:6
La diferencia es:0.0
El margen pedido es:10
.............SUPERO prueba 6

Numero prueba:7
la x1 es:265.0
la x2 es:404.0
el centro horizontal esta en:334.5
la x es:337.0
La diferencia es:2.5
El margen pedido es:10
.............SUPERO prueba 7

Numero prueba:8
la x1 es:215.0
la x2 es:463.0
el centro horizontal esta en:339.0
la x es:337.0
La diferencia es:2.0
El margen pedido es:10
.............SUPERO prueba 8

Numero prueba:9
la x1 es:215.0
la x2 es:463.0
el centro horizontal esta en:339.0
la x es:333.0
La diferencia es:6.0
El margen pedido es:10
.............SUPERO prueba 9

Numero prueba:10
La distancia es:16.0
El margen pedido es:15

Numero prueba:11
prueba de posicionado
punto 1:333.0/427.0
punto 2:295.0/419.0
minimo:0
El punto 1 tiene que estar mas abajo que el 2
Lo esta
La diferencia es > que el minimo, superaria
.............SUPERO prueba 11

Numero prueba:12
prueba de posicionado
punto 1:333.0/427.0
punto 2:371.0/419.0
minimo:0
El punto 1 tiene que estar mas abajo que el 2
Lo esta
La diferencia es > que el minimo, superaria
.............SUPERO prueba 12

puntuacion:91.66666666666666
Ruta_imagen:/var/www/html/reconocimientoFacial/proyecto_definitivo/admin/files/videos_registro/1.jpg
basename:1.jpg
local_id:1
posicion:1
-------------Analizando en posicon_cara-------------
Tiene caras1
0:(parte izquierda cara)->327.0/242.0
16:(parte derecha cara)->581.0/238.0
7:(barbilla1)->390.0/415.0
8:(barbilla2)->431.0/428.0
9:(barbilla3)->472.0/419.0
27:(entrecejo)->436.0/224.0
30:(toxa punta)->431.0/279.0
33:(toxa abajo)->431.0/301.0
31:(izq toxa)->413.0/297.0
35:(der toxa)->454.0/297.0
36:(ojo izq fuera)->368.0/224.0
39:(ojo izq dentro)->404.0/229.0
45:(ojo der fuera)->513.0/224.0
42:(ojo der dentro)->472.0/224.0
48:(boca izq)->390.0/342.0
54:(boca der)->477.0/347.0
51:(boca arriba)->431.0/328.0
57:(boca abajo)->427.0/369.0
Numero prueba:1
La diferencia es:5.0
El margen pedido es:10
.............SUPERO prueba 1

Numero prueba:2
La diferencia es:4.0
El margen pedido es:10
.............SUPERO prueba 2

Numero prueba:3
La diferencia es:0.0
El margen pedido es:10
.............SUPERO prueba 3

Numero prueba:4
La diferencia es:5.0
El margen pedido es:10
.............SUPERO prueba 4

Numero prueba:5
La diferencia es:4.0
El margen pedido es:10
.............SUPERO prueba 5

Numero prueba:6
La diferencia es:5.0
El margen pedido es:10
.............SUPERO prueba 6

Numero prueba:7
la x1 es:368.0
la x2 es:513.0
el centro horizontal esta en:440.5
la x es:436.0
La diferencia es:4.5
El margen pedido es:10
.............SUPERO prueba 7

Numero prueba:8
la x1 es:327.0
la x2 es:581.0
el centro horizontal esta en:454.0
la x es:436.0
La diferencia es:18.0
El margen pedido es:10

Numero prueba:9
la x1 es:327.0
la x2 es:581.0
el centro horizontal esta en:454.0
la x es:431.0
La diferencia es:23.0
El margen pedido es:10

Numero prueba:10
La distancia es:18.0
El margen pedido es:15

Numero prueba:11
prueba de posicionado
punto 1:431.0/428.0
punto 2:390.0/415.0
minimo:0
El punto 1 tiene que estar mas abajo que el 2
Lo esta
La diferencia es > que el minimo, superaria
.............SUPERO prueba 11

Numero prueba:12
prueba de posicionado
punto 1:431.0/428.0
punto 2:472.0/419.0
minimo:0
El punto 1 tiene que estar mas abajo que el 2
Lo esta
La diferencia es > que el minimo, superaria
.............SUPERO prueba 12

puntuacion:75.0
Ruta_imagen:/var/www/html/reconocimientoFacial/proyecto_definitivo/admin/files/videos_registro/1.jpg
basename:1.jpg
local_id:1
posicion:1
-------------Analizando en posicon_cara-------------
Tiene caras1
0:(parte izquierda cara)->226.0/247.0
16:(parte derecha cara)->473.0/239.0
7:(barbilla1)->317.0/412.0
8:(barbilla2)->356.0/421.0
9:(barbilla3)->395.0/412.0
27:(entrecejo)->356.0/234.0
30:(toxa punta)->356.0/291.0
33:(toxa abajo)->356.0/312.0
31:(izq toxa)->334.0/308.0
35:(der toxa)->377.0/308.0
36:(ojo izq fuera)->282.0/234.0
39:(ojo izq dentro)->321.0/239.0
45:(ojo der fuera)->425.0/230.0
42:(ojo der dentro)->386.0/234.0
48:(boca izq)->312.0/351.0
54:(boca der)->399.0/347.0
51:(boca arriba)->356.0/338.0
57:(boca abajo)->356.0/360.0
Numero prueba:1
La diferencia es:0.0
El margen pedido es:10
.............SUPERO prueba 1

Numero prueba:2
La diferencia es:0.0
El margen pedido es:10
.............SUPERO prueba 2

Numero prueba:3
La diferencia es:4.0
El margen pedido es:10
.............SUPERO prueba 3

Numero prueba:4
La diferencia es:5.0
El margen pedido es:10
.............SUPERO prueba 4

Numero prueba:5
La diferencia es:8.0
El margen pedido es:10
.............SUPERO prueba 5

Numero prueba:6
La diferencia es:4.0
El margen pedido es:10
.............SUPERO prueba 6

Numero prueba:7
la x1 es:282.0
la x2 es:425.0
el centro horizontal esta en:353.5
la x es:356.0
La diferencia es:2.5
El margen pedido es:10
.............SUPERO prueba 7

Numero prueba:8
la x1 es:226.0
la x2 es:473.0
el centro horizontal esta en:349.5
la x es:356.0
La diferencia es:6.5
El margen pedido es:10
.............SUPERO prueba 8

Numero prueba:9
la x1 es:226.0
la x2 es:473.0
el centro horizontal esta en:349.5
la x es:356.0
La diferencia es:6.5
El margen pedido es:10
.............SUPERO prueba 9

Numero prueba:10
La distancia es:13.0
El margen pedido es:15
.............SUPERO prueba 10

Numero prueba:11
prueba de posicionado
punto 1:356.0/421.0
punto 2:317.0/412.0
minimo:0
El punto 1 tiene que estar mas abajo que el 2
Lo esta
La diferencia es > que el minimo, superaria
.............SUPERO prueba 11

Numero prueba:12
prueba de posicionado
punto 1:356.0/421.0
punto 2:395.0/412.0
minimo:0
El punto 1 tiene que estar mas abajo que el 2
Lo esta
La diferencia es > que el minimo, superaria
.............SUPERO prueba 12

puntuacion:99.99999999999999
Ruta_imagen:/var/www/html/reconocimientoFacial/proyecto_definitivo/admin/files/videos_registro/1.jpg
basename:1.jpg
local_id:1
posicion:2
-------------Analizando en posicon_cara-------------
Tiene caras1
0:(parte izquierda cara)->272.0/266.0
16:(parte derecha cara)->518.0/245.0
7:(barbilla1)->329.0/429.0
8:(barbilla2)->364.0/433.0
9:(barbilla3)->404.0/424.0
27:(entrecejo)->351.0/249.0
30:(toxa punta)->342.0/310.0
33:(toxa abajo)->351.0/328.0
31:(izq toxa)->338.0/323.0
35:(der toxa)->373.0/323.0
36:(ojo izq fuera)->294.0/253.0
39:(ojo izq dentro)->329.0/253.0
45:(ojo der fuera)->430.0/245.0
42:(ojo der dentro)->390.0/249.0
48:(boca izq)->320.0/363.0
54:(boca der)->404.0/359.0
51:(boca arriba)->351.0/354.0
57:(boca abajo)->351.0/372.0
Numero prueba:1
La diferencia es:0.0
El margen pedido es:10
.............SUPERO prueba 1

Numero prueba:2
La diferencia es:8.0
El margen pedido es:10
.............SUPERO prueba 2

Numero prueba:3
prueba de posicionado
punto 1:342.0/310.0
punto 2:518.0/245.0
minimo:0
El punto 1 tiene que estar mas a la izquierda que el 2
Lo esta
El minimo es 0, por lo que superaria
.............SUPERO prueba 3

Numero prueba:4
prueba de posicionado
punto 1:364.0/433.0
punto 2:329.0/429.0
minimo:0
El punto 1 tiene que estar mas abajo que el 2
Lo esta
La diferencia es > que el minimo, superaria
.............SUPERO prueba 4

Numero prueba:5
prueba de posicionado
punto 1:364.0/433.0
punto 2:404.0/424.0
minimo:0
El punto 1 tiene que estar mas abajo que el 2
Lo esta
La diferencia es > que el minimo, superaria
.............SUPERO prueba 5

Numero prueba:6
La diferencia es:4.333333333333333
El margen pedido es:3
.............SUPERO prueba 6

puntuacion:100.00000000000001
Ruta_imagen:/var/www/html/reconocimientoFacial/proyecto_definitivo/admin/files/videos_registro/1.jpg
basename:1.jpg
local_id:1
posicion:1
-------------Analizando en posicon_cara-------------
Tiene caras1
0:(parte izquierda cara)->267.0/290.0
16:(parte derecha cara)->501.0/290.0
7:(barbilla1)->324.0/444.0
8:(barbilla2)->360.0/452.0
9:(barbilla3)->396.0/448.0
27:(entrecejo)->364.0/278.0
30:(toxa punta)->356.0/330.0
33:(toxa abajo)->360.0/351.0
31:(izq toxa)->344.0/347.0
35:(der toxa)->380.0/347.0
36:(ojo izq fuera)->303.0/278.0
39:(ojo izq dentro)->340.0/282.0
45:(ojo der fuera)->437.0/278.0
42:(ojo der dentro)->396.0/278.0
48:(boca izq)->324.0/383.0
54:(boca der)->400.0/387.0
51:(boca arriba)->360.0/375.0
57:(boca abajo)->360.0/391.0
Numero prueba:1
La diferencia es:4.0
El margen pedido es:10
.............SUPERO prueba 1

Numero prueba:2
La diferencia es:0.0
El margen pedido es:10
.............SUPERO prueba 2

Numero prueba:3
La diferencia es:0.0
El margen pedido es:10
.............SUPERO prueba 3

Numero prueba:4
La diferencia es:4.0
El margen pedido es:10
.............SUPERO prueba 4

Numero prueba:5
La diferencia es:0.0
El margen pedido es:10
.............SUPERO prueba 5

Numero prueba:6
La diferencia es:4.0
El margen pedido es:10
.............SUPERO prueba 6

Numero prueba:7
la x1 es:303.0
la x2 es:437.0
el centro horizontal esta en:370.0
la x es:364.0
La diferencia es:6.0
El margen pedido es:10
.............SUPERO prueba 7

Numero prueba:8
la x1 es:267.0
la x2 es:501.0
el centro horizontal esta en:384.0
la x es:364.0
La diferencia es:20.0
El margen pedido es:10

Numero prueba:9
la x1 es:267.0
la x2 es:501.0
el centro horizontal esta en:384.0
la x es:360.0
La diferencia es:24.0
El margen pedido es:10

Numero prueba:10
La distancia es:12.0
El margen pedido es:15
.............SUPERO prueba 10

Numero prueba:11
prueba de posicionado
punto 1:360.0/452.0
punto 2:324.0/444.0
minimo:0
El punto 1 tiene que estar mas abajo que el 2
Lo esta
La diferencia es > que el minimo, superaria
.............SUPERO prueba 11

Numero prueba:12
prueba de posicionado
punto 1:360.0/452.0
punto 2:396.0/448.0
minimo:0
El punto 1 tiene que estar mas abajo que el 2
Lo esta
La diferencia es > que el minimo, superaria
.............SUPERO prueba 12

puntuacion:83.33333333333333
Ruta_imagen:/var/www/html/reconocimientoFacial/proyecto_definitivo/admin/files/videos_registro/1.jpg
basename:1.jpg
local_id:1
posicion:1
-------------Analizando en posicon_cara-------------
Tiene caras1
0:(parte izquierda cara)->274.0/277.0
16:(parte derecha cara)->515.0/298.0
7:(barbilla1)->319.0/436.0
8:(barbilla2)->351.0/449.0
9:(barbilla3)->392.0/449.0
27:(entrecejo)->372.0/277.0
30:(toxa punta)->360.0/330.0
33:(toxa abajo)->360.0/351.0
31:(izq toxa)->343.0/343.0
35:(der toxa)->384.0/347.0
36:(ojo izq fuera)->311.0/269.0
39:(ojo izq dentro)->347.0/277.0
45:(ojo der fuera)->445.0/281.0
42:(ojo der dentro)->404.0/281.0
48:(boca izq)->323.0/379.0
54:(boca der)->400.0/388.0
51:(boca arriba)->360.0/371.0
57:(boca abajo)->355.0/388.0
Numero prueba:1
La diferencia es:12.0
El margen pedido es:10

Numero prueba:2
La diferencia es:4.0
El margen pedido es:10
.............SUPERO prueba 2

Numero prueba:3
La diferencia es:12.0
El margen pedido es:10

Numero prueba:4
La diferencia es:8.0
El margen pedido es:10
.............SUPERO prueba 4

Numero prueba:5
La diferencia es:21.0
El margen pedido es:10

Numero prueba:6
La diferencia es:9.0
El margen pedido es:10
.............SUPERO prueba 6

Numero prueba:7
la x1 es:311.0
la x2 es:445.0
el centro horizontal esta en:378.0
la x es:372.0
La diferencia es:6.0
El margen pedido es:10
.............SUPERO prueba 7

Numero prueba:8
la x1 es:274.0
la x2 es:515.0
el centro horizontal esta en:394.5
la x es:372.0
La diferencia es:22.5
El margen pedido es:10

Numero prueba:9
la x1 es:274.0
la x2 es:515.0
el centro horizontal esta en:394.5
la x es:360.0
La diferencia es:34.5
El margen pedido es:10

Numero prueba:10
La distancia es:8.0
El margen pedido es:15
.............SUPERO prueba 10

Numero prueba:11
prueba de posicionado
punto 1:351.0/449.0
punto 2:319.0/436.0
minimo:0
El punto 1 tiene que estar mas abajo que el 2
Lo esta
La diferencia es > que el minimo, superaria
.............SUPERO prueba 11

Numero prueba:12
prueba de posicionado
punto 1:351.0/449.0
punto 2:392.0/449.0
minimo:0
El punto 1 tiene que estar mas abajo que el 2
NO lo esta

puntuacion:50.00000000000001
Ruta_imagen:/var/www/html/reconocimientoFacial/proyecto_definitivo/admin/files/videos_registro/1.jpg
basename:1.jpg
local_id:1
posicion:1
-------------Analizando en posicon_cara-------------
Tiene caras1
0:(parte izquierda cara)->223.0/244.0
16:(parte derecha cara)->462.0/232.0
7:(barbilla1)->303.0/399.0
8:(barbilla2)->345.0/407.0
9:(barbilla3)->382.0/399.0
27:(entrecejo)->340.0/228.0
30:(toxa punta)->340.0/286.0
33:(toxa abajo)->340.0/307.0
31:(izq toxa)->324.0/299.0
35:(der toxa)->361.0/299.0
36:(ojo izq fuera)->269.0/232.0
39:(ojo izq dentro)->311.0/232.0
45:(ojo der fuera)->411.0/228.0
42:(ojo der dentro)->374.0/228.0
48:(boca izq)->303.0/340.0
54:(boca der)->382.0/340.0
51:(boca arriba)->340.0/332.0
57:(boca abajo)->340.0/349.0
Numero prueba:1
La diferencia es:0.0
El margen pedido es:10
.............SUPERO prueba 1

Numero prueba:2
La diferencia es:5.0
El margen pedido es:10
.............SUPERO prueba 2

Numero prueba:3
La diferencia es:4.0
El margen pedido es:10
.............SUPERO prueba 3

Numero prueba:4
La diferencia es:0.0
El margen pedido es:10
.............SUPERO prueba 4

Numero prueba:5
La diferencia es:12.0
El margen pedido es:10

Numero prueba:6
La diferencia es:0.0
El margen pedido es:10
.............SUPERO prueba 6

Numero prueba:7
la x1 es:269.0
la x2 es:411.0
el centro horizontal esta en:340.0
la x es:340.0
La diferencia es:0.0
El margen pedido es:10
.............SUPERO prueba 7

Numero prueba:8
la x1 es:223.0
la x2 es:462.0
el centro horizontal esta en:342.5
la x es:340.0
La diferencia es:2.5
El margen pedido es:10
.............SUPERO prueba 8

Numero prueba:9
la x1 es:223.0
la x2 es:462.0
el centro horizontal esta en:342.5
la x es:340.0
La diferencia es:2.5
El margen pedido es:10
.............SUPERO prueba 9

Numero prueba:10
La distancia es:12.0
El margen pedido es:15
.............SUPERO prueba 10

Numero prueba:11
prueba de posicionado
punto 1:345.0/407.0
punto 2:303.0/399.0
minimo:0
El punto 1 tiene que estar mas abajo que el 2
Lo esta
La diferencia es > que el minimo, superaria
.............SUPERO prueba 11

Numero prueba:12
prueba de posicionado
punto 1:345.0/407.0
punto 2:382.0/399.0
minimo:0
El punto 1 tiene que estar mas abajo que el 2
Lo esta
La diferencia es > que el minimo, superaria
.............SUPERO prueba 12

puntuacion:91.66666666666666
Ruta_imagen:/var/www/html/reconocimientoFacial/proyecto_definitivo/admin/files/videos_registro/1.jpg
basename:1.jpg
local_id:1
posicion:1
-------------Analizando en posicon_cara-------------
Tiene caras1
0:(parte izquierda cara)->212.0/261.0
16:(parte derecha cara)->443.0/253.0
7:(barbilla1)->292.0/409.0
8:(barbilla2)->331.0/417.0
9:(barbilla3)->363.0/413.0
27:(entrecejo)->331.0/249.0
30:(toxa punta)->331.0/301.0
33:(toxa abajo)->331.0/321.0
31:(izq toxa)->316.0/313.0
35:(der toxa)->351.0/317.0
36:(ojo izq fuera)->264.0/249.0
39:(ojo izq dentro)->304.0/253.0
45:(ojo der fuera)->399.0/249.0
42:(ojo der dentro)->359.0/249.0
48:(boca izq)->292.0/353.0
54:(boca der)->371.0/353.0
51:(boca arriba)->331.0/345.0
57:(boca abajo)->331.0/361.0
Numero prueba:1
La diferencia es:0.0
El margen pedido es:10
.............SUPERO prueba 1

Numero prueba:2
La diferencia es:0.0
El margen pedido es:10
.............SUPERO prueba 2

Numero prueba:3
La diferencia es:0.0
El margen pedido es:10
.............SUPERO prueba 3

Numero prueba:4
La diferencia es:4.0
El margen pedido es:10
.............SUPERO prueba 4

Numero prueba:5
La diferencia es:8.0
El margen pedido es:10
.............SUPERO prueba 5

Numero prueba:6
La diferencia es:0.0
El margen pedido es:10
.............SUPERO prueba 6

Numero prueba:7
la x1 es:264.0
la x2 es:399.0
el centro horizontal esta en:331.5
la x es:331.0
La diferencia es:0.5
El margen pedido es:10
.............SUPERO prueba 7

Numero prueba:8
la x1 es:212.0
la x2 es:443.0
el centro horizontal esta en:327.5
la x es:331.0
La diferencia es:3.5
El margen pedido es:10
.............SUPERO prueba 8

Numero prueba:9
la x1 es:212.0
la x2 es:443.0
el centro horizontal esta en:327.5
la x es:331.0
La diferencia es:3.5
El margen pedido es:10
.............SUPERO prueba 9

Numero prueba:10
La distancia es:12.0
El margen pedido es:15
.............SUPERO prueba 10

Numero prueba:11
prueba de posicionado
punto 1:331.0/417.0
punto 2:292.0/409.0
minimo:0
El punto 1 tiene que estar mas abajo que el 2
Lo esta
La diferencia es > que el minimo, superaria
.............SUPERO prueba 11

Numero prueba:12
prueba de posicionado
punto 1:331.0/417.0
punto 2:363.0/413.0
minimo:0
El punto 1 tiene que estar mas abajo que el 2
Lo esta
La diferencia es > que el minimo, superaria
.............SUPERO prueba 12

puntuacion:99.99999999999999
Ruta_imagen:/var/www/html/reconocimientoFacial/proyecto_definitivo/admin/files/videos_registro/1.jpg
basename:1.jpg
local_id:1
posicion:2
-------------Analizando en posicon_cara-------------
Tiene caras1
0:(parte izquierda cara)->212.0/276.0
16:(parte derecha cara)->440.0/239.0
7:(barbilla1)->270.0/421.0
8:(barbilla2)->299.0/421.0
9:(barbilla3)->336.0/413.0
27:(entrecejo)->274.0/252.0
30:(toxa punta)->266.0/301.0
33:(toxa abajo)->279.0/322.0
31:(izq toxa)->266.0/322.0
35:(der toxa)->299.0/314.0
36:(ojo izq fuera)->229.0/260.0
39:(ojo izq dentro)->262.0/256.0
45:(ojo der fuera)->353.0/239.0
42:(ojo der dentro)->312.0/247.0
48:(boca izq)->254.0/363.0
54:(boca der)->328.0/355.0
51:(boca arriba)->279.0/347.0
57:(boca abajo)->283.0/363.0
Numero prueba:1
La diferencia es:5.0
El margen pedido es:10
.............SUPERO prueba 1

Numero prueba:2
La diferencia es:21.0
El margen pedido es:10

Numero prueba:3
prueba de posicionado
punto 1:266.0/301.0
punto 2:440.0/239.0
minimo:0
El punto 1 tiene que estar mas a la izquierda que el 2
Lo esta
El minimo es 0, por lo que superaria
.............SUPERO prueba 3

Numero prueba:4
prueba de posicionado
punto 1:299.0/421.0
punto 2:270.0/421.0
minimo:0
El punto 1 tiene que estar mas abajo que el 2
NO lo esta

Numero prueba:5
prueba de posicionado
punto 1:299.0/421.0
punto 2:336.0/413.0
minimo:0
El punto 1 tiene que estar mas abajo que el 2
Lo esta
La diferencia es > que el minimo, superaria
.............SUPERO prueba 5

Numero prueba:6
La diferencia es:5.333333333333333
El margen pedido es:3
.............SUPERO prueba 6

puntuacion:66.66666666666667
Ruta_imagen:/var/www/html/reconocimientoFacial/proyecto_definitivo/admin/files/videos_registro/1.jpg
basename:1.jpg
local_id:1
posicion:2
-------------Analizando en posicon_cara-------------
Tiene caras1
0:(parte izquierda cara)->214.0/281.0
16:(parte derecha cara)->441.0/239.0
7:(barbilla1)->273.0/428.0
8:(barbilla2)->302.0/433.0
9:(barbilla3)->340.0/424.0
27:(entrecejo)->281.0/260.0
30:(toxa punta)->268.0/315.0
33:(toxa abajo)->281.0/332.0
31:(izq toxa)->268.0/327.0
35:(der toxa)->302.0/323.0
36:(ojo izq fuera)->231.0/264.0
39:(ojo izq dentro)->264.0/260.0
45:(ojo der fuera)->357.0/247.0
42:(ojo der dentro)->315.0/252.0
48:(boca izq)->260.0/369.0
54:(boca der)->332.0/361.0
51:(boca arriba)->285.0/357.0
57:(boca abajo)->285.0/374.0
Numero prueba:1
La diferencia es:0.0
El margen pedido es:10
.............SUPERO prueba 1

Numero prueba:2
La diferencia es:17.0
El margen pedido es:10

Numero prueba:3
prueba de posicionado
punto 1:268.0/315.0
punto 2:441.0/239.0
minimo:0
El punto 1 tiene que estar mas a la izquierda que el 2
Lo esta
El minimo es 0, por lo que superaria
.............SUPERO prueba 3

Numero prueba:4
prueba de posicionado
punto 1:302.0/433.0
punto 2:273.0/428.0
minimo:0
El punto 1 tiene que estar mas abajo que el 2
Lo esta
La diferencia es > que el minimo, superaria
.............SUPERO prueba 4

Numero prueba:5
prueba de posicionado
punto 1:302.0/433.0
punto 2:340.0/424.0
minimo:0
El punto 1 tiene que estar mas abajo que el 2
Lo esta
La diferencia es > que el minimo, superaria
.............SUPERO prueba 5

Numero prueba:6
La diferencia es:5.666666666666667
El margen pedido es:3
.............SUPERO prueba 6

puntuacion:83.33333333333334
Ruta_imagen:/var/www/html/reconocimientoFacial/proyecto_definitivo/admin/files/videos_registro/1.jpg
basename:1.jpg
local_id:1
posicion:2
-------------Analizando en posicon_cara-------------
Tiene caras1
0:(parte izquierda cara)->218.0/287.0
16:(parte derecha cara)->447.0/250.0
7:(barbilla1)->268.0/437.0
8:(barbilla2)->293.0/437.0
9:(barbilla3)->330.0/429.0
27:(entrecejo)->272.0/262.0
30:(toxa punta)->256.0/316.0
33:(toxa abajo)->272.0/333.0
31:(izq toxa)->260.0/333.0
35:(der toxa)->293.0/329.0
36:(ojo izq fuera)->231.0/271.0
39:(ojo izq dentro)->260.0/266.0
45:(ojo der fuera)->347.0/250.0
42:(ojo der dentro)->310.0/258.0
48:(boca izq)->251.0/375.0
54:(boca der)->322.0/362.0
51:(boca arriba)->272.0/358.0
57:(boca abajo)->276.0/375.0
Numero prueba:1
La diferencia es:0.0
El margen pedido es:10
.............SUPERO prueba 1

Numero prueba:2
La diferencia es:21.0
El margen pedido es:10

Numero prueba:3
prueba de posicionado
punto 1:256.0/316.0
punto 2:447.0/250.0
minimo:0
El punto 1 tiene que estar mas a la izquierda que el 2
Lo esta
El minimo es 0, por lo que superaria
.............SUPERO prueba 3

Numero prueba:4
prueba de posicionado
punto 1:293.0/437.0
punto 2:268.0/437.0
minimo:0
El punto 1 tiene que estar mas abajo que el 2
NO lo esta

Numero prueba:5
prueba de posicionado
punto 1:293.0/437.0
punto 2:330.0/429.0
minimo:0
El punto 1 tiene que estar mas abajo que el 2
Lo esta
La diferencia es > que el minimo, superaria
.............SUPERO prueba 5

Numero prueba:6
La diferencia es:5.333333333333333
El margen pedido es:3
.............SUPERO prueba 6

puntuacion:66.66666666666667
Ruta_imagen:/var/www/html/reconocimientoFacial/proyecto_definitivo/admin/files/videos_registro/1.jpg
basename:1.jpg
local_id:1
posicion:2
-------------Analizando en posicon_cara-------------
Tiene caras1
0:(parte izquierda cara)->218.0/250.0
16:(parte derecha cara)->451.0/207.0
7:(barbilla1)->270.0/401.0
8:(barbilla2)->296.0/405.0
9:(barbilla3)->331.0/397.0
27:(entrecejo)->266.0/224.0
30:(toxa punta)->253.0/280.0
33:(toxa abajo)->270.0/302.0
31:(izq toxa)->257.0/297.0
35:(der toxa)->292.0/293.0
36:(ojo izq fuera)->227.0/233.0
39:(ojo izq dentro)->257.0/228.0
45:(ojo der fuera)->348.0/211.0
42:(ojo der dentro)->309.0/220.0
48:(boca izq)->253.0/340.0
54:(boca der)->322.0/332.0
51:(boca arriba)->270.0/327.0
57:(boca abajo)->275.0/340.0
Numero prueba:1
La diferencia es:4.0
El margen pedido es:10
.............SUPERO prueba 1

Numero prueba:2
La diferencia es:22.0
El margen pedido es:10

Numero prueba:3
prueba de posicionado
punto 1:253.0/280.0
punto 2:451.0/207.0
minimo:0
El punto 1 tiene que estar mas a la izquierda que el 2
Lo esta
El minimo es 0, por lo que superaria
.............SUPERO prueba 3

Numero prueba:4
prueba de posicionado
punto 1:296.0/405.0
punto 2:270.0/401.0
minimo:0
El punto 1 tiene que estar mas abajo que el 2
Lo esta
La diferencia es > que el minimo, superaria
.............SUPERO prueba 4

Numero prueba:5
prueba de posicionado
punto 1:296.0/405.0
punto 2:331.0/397.0
minimo:0
El punto 1 tiene que estar mas abajo que el 2
Lo esta
La diferencia es > que el minimo, superaria
.............SUPERO prueba 5

Numero prueba:6
La diferencia es:5.666666666666667
El margen pedido es:3
.............SUPERO prueba 6

puntuacion:83.33333333333334
Ruta_imagen:/var/www/html/reconocimientoFacial/proyecto_definitivo/admin/files/videos_registro/1.jpg
basename:1.jpg
local_id:1
posicion:2
-------------Analizando en posicon_cara-------------
Tiene caras1
0:(parte izquierda cara)->235.0/274.0
16:(parte derecha cara)->471.0/226.0
7:(barbilla1)->296.0/426.0
8:(barbilla2)->322.0/431.0
9:(barbilla3)->361.0/422.0
27:(entrecejo)->296.0/256.0
30:(toxa punta)->283.0/313.0
33:(toxa abajo)->300.0/330.0
31:(izq toxa)->287.0/326.0
35:(der toxa)->322.0/322.0
36:(ojo izq fuera)->252.0/261.0
39:(ojo izq dentro)->283.0/261.0
45:(ojo der fuera)->370.0/243.0
42:(ojo der dentro)->331.0/248.0
48:(boca izq)->279.0/365.0
54:(boca der)->353.0/357.0
51:(boca arriba)->300.0/352.0
57:(boca abajo)->305.0/370.0
Numero prueba:1
La diferencia es:4.0
El margen pedido es:10
.............SUPERO prueba 1

Numero prueba:2
La diferencia es:18.0
El margen pedido es:10

Numero prueba:3
prueba de posicionado
punto 1:283.0/313.0
punto 2:471.0/226.0
minimo:0
El punto 1 tiene que estar mas a la izquierda que el 2
Lo esta
El minimo es 0, por lo que superaria
.............SUPERO prueba 3

Numero prueba:4
prueba de posicionado
punto 1:322.0/431.0
punto 2:296.0/426.0
minimo:0
El punto 1 tiene que estar mas abajo que el 2
Lo esta
La diferencia es > que el minimo, superaria
.............SUPERO prueba 4

Numero prueba:5
prueba de posicionado
punto 1:322.0/431.0
punto 2:361.0/422.0
minimo:0
El punto 1 tiene que estar mas abajo que el 2
Lo esta
La diferencia es > que el minimo, superaria
.............SUPERO prueba 5

Numero prueba:6
La diferencia es:4.333333333333333
El margen pedido es:3
.............SUPERO prueba 6

puntuacion:83.33333333333334
Ruta_imagen:/var/www/html/reconocimientoFacial/proyecto_definitivo/admin/files/videos_registro/1.jpg
basename:1.jpg
local_id:1
posicion:2
-------------Analizando en posicon_cara-------------
Tiene caras1
0:(parte izquierda cara)->234.0/255.0
16:(parte derecha cara)->468.0/226.0
7:(barbilla1)->275.0/402.0
8:(barbilla2)->304.0/406.0
9:(barbilla3)->341.0/398.0
27:(entrecejo)->287.0/226.0
30:(toxa punta)->271.0/279.0
33:(toxa abajo)->287.0/300.0
31:(izq toxa)->275.0/300.0
35:(der toxa)->312.0/296.0
36:(ojo izq fuera)->246.0/238.0
39:(ojo izq dentro)->279.0/234.0
45:(ojo der fuera)->369.0/222.0
42:(ojo der dentro)->328.0/226.0
48:(boca izq)->267.0/341.0
54:(boca der)->341.0/332.0
51:(boca arriba)->287.0/324.0
57:(boca abajo)->287.0/341.0
Numero prueba:1
La diferencia es:0.0
El margen pedido es:10
.............SUPERO prueba 1

Numero prueba:2
La diferencia es:16.0
El margen pedido es:10

Numero prueba:3
prueba de posicionado
punto 1:271.0/279.0
punto 2:468.0/226.0
minimo:0
El punto 1 tiene que estar mas a la izquierda que el 2
Lo esta
El minimo es 0, por lo que superaria
.............SUPERO prueba 3

Numero prueba:4
prueba de posicionado
punto 1:304.0/406.0
punto 2:275.0/402.0
minimo:0
El punto 1 tiene que estar mas abajo que el 2
Lo esta
La diferencia es > que el minimo, superaria
.............SUPERO prueba 4

Numero prueba:5
prueba de posicionado
punto 1:304.0/406.0
punto 2:341.0/398.0
minimo:0
El punto 1 tiene que estar mas abajo que el 2
Lo esta
La diferencia es > que el minimo, superaria
.............SUPERO prueba 5

Numero prueba:6
La diferencia es:5.666666666666667
El margen pedido es:3
.............SUPERO prueba 6

puntuacion:83.33333333333334
Ruta_imagen:/var/www/html/reconocimientoFacial/proyecto_definitivo/admin/files/videos_registro/1.jpg
basename:1.jpg
local_id:1
posicion:2
-------------Analizando en posicon_cara-------------
Tiene caras1
0:(parte izquierda cara)->253.0/268.0
16:(parte derecha cara)->489.0/239.0
7:(barbilla1)->296.0/420.0
8:(barbilla2)->325.0/428.0
9:(barbilla3)->363.0/420.0
27:(entrecejo)->312.0/247.0
30:(toxa punta)->296.0/306.0
33:(toxa abajo)->308.0/323.0
31:(izq toxa)->296.0/319.0
35:(der toxa)->333.0/319.0
36:(ojo izq fuera)->266.0/251.0
39:(ojo izq dentro)->300.0/251.0
45:(ojo der fuera)->392.0/243.0
42:(ojo der dentro)->350.0/247.0
48:(boca izq)->287.0/361.0
54:(boca der)->363.0/357.0
51:(boca arriba)->308.0/348.0
57:(boca abajo)->308.0/365.0
Numero prueba:1
La diferencia es:4.0
El margen pedido es:10
.............SUPERO prueba 1

Numero prueba:2
La diferencia es:8.0
El margen pedido es:10
.............SUPERO prueba 2

Numero prueba:3
prueba de posicionado
punto 1:296.0/306.0
punto 2:489.0/239.0
minimo:0
El punto 1 tiene que estar mas a la izquierda que el 2
Lo esta
El minimo es 0, por lo que superaria
.............SUPERO prueba 3

Numero prueba:4
prueba de posicionado
punto 1:325.0/428.0
punto 2:296.0/420.0
minimo:0
El punto 1 tiene que estar mas abajo que el 2
Lo esta
La diferencia es > que el minimo, superaria
.............SUPERO prueba 4

Numero prueba:5
prueba de posicionado
punto 1:325.0/428.0
punto 2:363.0/420.0
minimo:0
El punto 1 tiene que estar mas abajo que el 2
Lo esta
La diferencia es > que el minimo, superaria
.............SUPERO prueba 5

Numero prueba:6
La diferencia es:5.666666666666667
El margen pedido es:3
.............SUPERO prueba 6

puntuacion:100.00000000000001
Ruta_imagen:/var/www/html/reconocimientoFacial/proyecto_definitivo/admin/files/videos_registro/1.jpg
basename:1.jpg
local_id:1
posicion:3
-------------Analizando en posicon_cara-------------
Tiene caras1
0:(parte izquierda cara)->302.0/312.0
16:(parte derecha cara)->489.0/239.0
7:(barbilla1)->334.0/458.0
8:(barbilla2)->355.0/462.0
9:(barbilla3)->379.0/446.0
27:(entrecejo)->298.0/287.0
30:(toxa punta)->273.0/348.0
33:(toxa abajo)->306.0/365.0
31:(izq toxa)->306.0/365.0
35:(der toxa)->322.0/352.0
36:(ojo izq fuera)->306.0/304.0
39:(ojo izq dentro)->314.0/295.0
45:(ojo der fuera)->359.0/263.0
42:(ojo der dentro)->334.0/279.0
48:(boca izq)->330.0/401.0
54:(boca der)->355.0/385.0
51:(boca arriba)->314.0/389.0
57:(boca abajo)->318.0/405.0
Numero prueba:1
prueba de posicionado
punto 1:273.0/348.0
punto 2:489.0/239.0
minimo:0
El punto 1 tiene que estar mas a la derecha que el 2
NO lo esta

Numero prueba:2
La diferencia es:2.6666666666666665
El margen pedido es:3
.............SUPERO prueba 2

Numero prueba:3
La diferencia es:8.0
El margen pedido es:15
.............SUPERO prueba 3

Numero prueba:4
La diferencia es:24.0
El margen pedido es:15

Numero prueba:5
prueba de posicionado
punto 1:355.0/462.0
punto 2:334.0/458.0
minimo:0
El punto 1 tiene que estar mas abajo que el 2
Lo esta
La diferencia es > que el minimo, superaria
.............SUPERO prueba 5

Numero prueba:6
prueba de posicionado
punto 1:355.0/462.0
punto 2:379.0/446.0
minimo:0
El punto 1 tiene que estar mas abajo que el 2
Lo esta
La diferencia es > que el minimo, superaria
.............SUPERO prueba 6

puntuacion:66.66666666666667
Ruta_imagen:/var/www/html/reconocimientoFacial/proyecto_definitivo/admin/files/videos_registro/1.jpg
basename:1.jpg
local_id:1
posicion:3
-------------Analizando en posicon_cara-------------
Tiene caras1
0:(parte izquierda cara)->251.0/260.0
16:(parte derecha cara)->455.0/178.0
7:(barbilla1)->297.0/433.0
8:(barbilla2)->323.0/438.0
9:(barbilla3)->348.0/412.0
27:(entrecejo)->246.0/239.0
30:(toxa punta)->231.0/305.0
33:(toxa abajo)->262.0/316.0
31:(izq toxa)->262.0/316.0
35:(der toxa)->282.0/300.0
36:(ojo izq fuera)->256.0/250.0
39:(ojo izq dentro)->262.0/244.0
45:(ojo der fuera)->312.0/209.0
42:(ojo der dentro)->287.0/224.0
48:(boca izq)->292.0/351.0
54:(boca der)->343.0/321.0
51:(boca arriba)->272.0/331.0
57:(boca abajo)->287.0/377.0
Numero prueba:1
prueba de posicionado
punto 1:231.0/305.0
punto 2:455.0/178.0
minimo:0
El punto 1 tiene que estar mas a la derecha que el 2
NO lo esta

Numero prueba:2
La diferencia es:3.3333333333333335
El margen pedido es:3
.............SUPERO prueba 2

Numero prueba:3
La diferencia es:16.0
El margen pedido es:15

Numero prueba:4
La diferencia es:36.0
El margen pedido es:15

Numero prueba:5
prueba de posicionado
punto 1:323.0/438.0
punto 2:297.0/433.0
minimo:0
El punto 1 tiene que estar mas abajo que el 2
Lo esta
La diferencia es > que el minimo, superaria
.............SUPERO prueba 5

Numero prueba:6
prueba de posicionado
punto 1:323.0/438.0
punto 2:348.0/412.0
minimo:0
El punto 1 tiene que estar mas abajo que el 2
Lo esta
La diferencia es > que el minimo, superaria
.............SUPERO prueba 6

puntuacion:50.0
Ruta_imagen:/var/www/html/reconocimientoFacial/proyecto_definitivo/admin/files/videos_registro/1.jpg
basename:1.jpg
local_id:1
posicion:3
-------------Analizando en posicon_cara-------------
Tiene caras1
0:(parte izquierda cara)->279.0/257.0
16:(parte derecha cara)->465.0/181.0
7:(barbilla1)->292.0/409.0
8:(barbilla2)->313.0/418.0
9:(barbilla3)->338.0/397.0
27:(entrecejo)->266.0/227.0
30:(toxa punta)->237.0/291.0
33:(toxa abajo)->271.0/308.0
31:(izq toxa)->275.0/308.0
35:(der toxa)->288.0/295.0
36:(ojo izq fuera)->283.0/253.0
39:(ojo izq dentro)->288.0/240.0
45:(ojo der fuera)->330.0/202.0
42:(ojo der dentro)->309.0/219.0
48:(boca izq)->296.0/354.0
54:(boca der)->317.0/329.0
51:(boca arriba)->275.0/333.0
57:(boca abajo)->283.0/354.0
Numero prueba:1
prueba de posicionado
punto 1:237.0/291.0
punto 2:465.0/181.0
minimo:0
El punto 1 tiene que estar mas a la derecha que el 2
NO lo esta

Numero prueba:2
La diferencia es:1.3333333333333333
El margen pedido es:3
.............SUPERO prueba 2

Numero prueba:3
La diferencia es:5.0
El margen pedido es:15
.............SUPERO prueba 3

Numero prueba:4
La diferencia es:13.0
El margen pedido es:15
.............SUPERO prueba 4

Numero prueba:5
prueba de posicionado
punto 1:313.0/418.0
punto 2:292.0/409.0
minimo:0
El punto 1 tiene que estar mas abajo que el 2
Lo esta
La diferencia es > que el minimo, superaria
.............SUPERO prueba 5

Numero prueba:6
prueba de posicionado
punto 1:313.0/418.0
punto 2:338.0/397.0
minimo:0
El punto 1 tiene que estar mas abajo que el 2
Lo esta
La diferencia es > que el minimo, superaria
.............SUPERO prueba 6

puntuacion:83.33333333333334
Ruta_imagen:/var/www/html/reconocimientoFacial/proyecto_definitivo/admin/files/videos_registro/1.jpg
basename:1.jpg
local_id:1
posicion:3
-------------Analizando en posicon_cara-------------
puntuacion:0
Ruta_imagen:/var/www/html/reconocimientoFacial/proyecto_definitivo/admin/files/videos_registro/1.jpg
basename:1.jpg
local_id:1
posicion:1
-------------Analizando en posicon_cara-------------
Tiene caras1
0:(parte izquierda cara)->472.0/167.0
16:(parte derecha cara)->685.0/110.0
7:(barbilla1)->503.0/384.0
8:(barbilla2)->529.0/389.0
9:(barbilla3)->559.0/367.0
27:(entrecejo)->472.0/136.0
30:(toxa punta)->438.0/223.0
33:(toxa abajo)->472.0/245.0
31:(izq toxa)->477.0/241.0
35:(der toxa)->494.0/232.0
36:(ojo izq fuera)->472.0/158.0
39:(ojo izq dentro)->485.0/149.0
45:(ojo der fuera)->546.0/115.0
42:(ojo der dentro)->516.0/128.0
48:(boca izq)->503.0/297.0
54:(boca der)->538.0/276.0
51:(boca arriba)->481.0/280.0
57:(boca abajo)->490.0/306.0
Numero prueba:1
La diferencia es:0.0
El margen pedido es:10
.............SUPERO prueba 1

Numero prueba:2
La diferencia es:39.0
El margen pedido es:10

Numero prueba:3
La diferencia es:43.0
El margen pedido es:10

Numero prueba:4
La diferencia es:9.0
El margen pedido es:10
.............SUPERO prueba 4

Numero prueba:5
La diferencia es:57.0
El margen pedido es:10

Numero prueba:6
La diferencia es:21.0
El margen pedido es:10

Numero prueba:7
la x1 es:472.0
la x2 es:546.0
el centro horizontal esta en:509.0
la x es:472.0
La diferencia es:37.0
El margen pedido es:10

Numero prueba:8
la x1 es:472.0
la x2 es:685.0
el centro horizontal esta en:578.5
la x es:472.0
La diferencia es:106.5
El margen pedido es:10

Numero prueba:9
la x1 es:472.0
la x2 es:685.0
el centro horizontal esta en:578.5
la x es:472.0
La diferencia es:106.5
El margen pedido es:10

Numero prueba:10
La distancia es:9.0
El margen pedido es:15
.............SUPERO prueba 10

Numero prueba:11
prueba de posicionado
punto 1:529.0/389.0
punto 2:503.0/384.0
minimo:0
El punto 1 tiene que estar mas abajo que el 2
Lo esta
La diferencia es > que el minimo, superaria
.............SUPERO prueba 11

Numero prueba:12
prueba de posicionado
punto 1:529.0/389.0
punto 2:559.0/367.0
minimo:0
El punto 1 tiene que estar mas abajo que el 2
Lo esta
La diferencia es > que el minimo, superaria
.............SUPERO prueba 12

puntuacion:41.66666666666667
Ruta_imagen:/var/www/html/reconocimientoFacial/proyecto_definitivo/admin/files/videos_registro/1.jpg
basename:1.jpg
local_id:1
posicion:1
-------------Analizando en posicon_cara-------------
Tiene caras1
0:(parte izquierda cara)->421.0/219.0
16:(parte derecha cara)->667.0/162.0
7:(barbilla1)->450.0/412.0
8:(barbilla2)->478.0/417.0
9:(barbilla3)->516.0/403.0
27:(entrecejo)->431.0/190.0
30:(toxa punta)->398.0/261.0
33:(toxa abajo)->431.0/285.0
31:(izq toxa)->426.0/285.0
35:(der toxa)->454.0/271.0
36:(ojo izq fuera)->421.0/204.0
39:(ojo izq dentro)->440.0/200.0
45:(ojo der fuera)->516.0/171.0
42:(ojo der dentro)->483.0/186.0
48:(boca izq)->436.0/337.0
54:(boca der)->502.0/313.0
51:(boca arriba)->436.0/313.0
57:(boca abajo)->440.0/337.0
Numero prueba:1
La diferencia es:0.0
El margen pedido es:10
.............SUPERO prueba 1

Numero prueba:2
La diferencia es:38.0
El margen pedido es:10

Numero prueba:3
La diferencia es:33.0
El margen pedido es:10

Numero prueba:4
La diferencia es:4.0
El margen pedido es:10
.............SUPERO prueba 4

Numero prueba:5
La diferencia es:57.0
El margen pedido es:10

Numero prueba:6
La diferencia es:24.0
El margen pedido es:10

Numero prueba:7
la x1 es:421.0
la x2 es:516.0
el centro horizontal esta en:468.5
la x es:431.0
La diferencia es:37.5
El margen pedido es:10

Numero prueba:8
la x1 es:421.0
la x2 es:667.0
el centro horizontal esta en:544.0
la x es:431.0
La diferencia es:113.0
El margen pedido es:10

Numero prueba:9
la x1 es:421.0
la x2 es:667.0
el centro horizontal esta en:544.0
la x es:431.0
La diferencia es:113.0
El margen pedido es:10

Numero prueba:10
La distancia es:15.0
El margen pedido es:15
.............SUPERO prueba 10

Numero prueba:11
prueba de posicionado
punto 1:478.0/417.0
punto 2:450.0/412.0
minimo:0
El punto 1 tiene que estar mas abajo que el 2
Lo esta
La diferencia es > que el minimo, superaria
.............SUPERO prueba 11

Numero prueba:12
prueba de posicionado
punto 1:478.0/417.0
punto 2:516.0/403.0
minimo:0
El punto 1 tiene que estar mas abajo que el 2
Lo esta
La diferencia es > que el minimo, superaria
.............SUPERO prueba 12

puntuacion:41.66666666666667
Ruta_imagen:/var/www/html/reconocimientoFacial/proyecto_definitivo/admin/files/videos_registro/1.jpg
basename:1.jpg
local_id:1
posicion:1
-------------Analizando en posicon_cara-------------
Tiene caras1
0:(parte izquierda cara)->233.0/256.0
16:(parte derecha cara)->472.0/252.0
7:(barbilla1)->291.0/416.0
8:(barbilla2)->328.0/424.0
9:(barbilla3)->365.0/420.0
27:(entrecejo)->324.0/252.0
30:(toxa punta)->316.0/305.0
33:(toxa abajo)->320.0/325.0
31:(izq toxa)->303.0/321.0
35:(der toxa)->344.0/321.0
36:(ojo izq fuera)->266.0/252.0
39:(ojo izq dentro)->303.0/252.0
45:(ojo der fuera)->402.0/247.0
42:(ojo der dentro)->361.0/247.0
48:(boca izq)->287.0/358.0
54:(boca der)->365.0/358.0
51:(boca arriba)->320.0/350.0
57:(boca abajo)->320.0/367.0
Numero prueba:1
La diferencia es:4.0
El margen pedido es:10
.............SUPERO prueba 1

Numero prueba:2
La diferencia es:8.0
El margen pedido es:10
.............SUPERO prueba 2

Numero prueba:3
La diferencia es:5.0
El margen pedido es:10
.............SUPERO prueba 3

Numero prueba:4
La diferencia es:0.0
El margen pedido es:10
.............SUPERO prueba 4

Numero prueba:5
La diferencia es:4.0
El margen pedido es:10
.............SUPERO prueba 5

Numero prueba:6
La diferencia es:0.0
El margen pedido es:10
.............SUPERO prueba 6

Numero prueba:7
la x1 es:266.0
la x2 es:402.0
el centro horizontal esta en:334.0
la x es:324.0
La diferencia es:10.0
El margen pedido es:10
.............SUPERO prueba 7

Numero prueba:8
la x1 es:233.0
la x2 es:472.0
el centro horizontal esta en:352.5
la x es:324.0
La diferencia es:28.5
El margen pedido es:10

Numero prueba:9
la x1 es:233.0
la x2 es:472.0
el centro horizontal esta en:352.5
la x es:320.0
La diferencia es:32.5
El margen pedido es:10

Numero prueba:10
La distancia es:4.0
El margen pedido es:15
.............SUPERO prueba 10

Numero prueba:11
prueba de posicionado
punto 1:328.0/424.0
punto 2:291.0/416.0
minimo:0
El punto 1 tiene que estar mas abajo que el 2
Lo esta
La diferencia es > que el minimo, superaria
.............SUPERO prueba 11

Numero prueba:12
prueba de posicionado
punto 1:328.0/424.0
punto 2:365.0/420.0
minimo:0
El punto 1 tiene que estar mas abajo que el 2
Lo esta
La diferencia es > que el minimo, superaria
.............SUPERO prueba 12

puntuacion:83.33333333333333
Ruta_imagen:/var/www/html/reconocimientoFacial/proyecto_definitivo/admin/files/videos_registro/1.jpg
basename:1.jpg
local_id:1
posicion:1
-------------Analizando en posicon_cara-------------
Tiene caras1
0:(parte izquierda cara)->248.0/266.0
16:(parte derecha cara)->487.0/262.0
7:(barbilla1)->315.0/426.0
8:(barbilla2)->353.0/434.0
9:(barbilla3)->391.0/430.0
27:(entrecejo)->353.0/258.0
30:(toxa punta)->349.0/313.0
33:(toxa abajo)->353.0/334.0
31:(izq toxa)->336.0/329.0
35:(der toxa)->374.0/329.0
36:(ojo izq fuera)->290.0/258.0
39:(ojo izq dentro)->328.0/262.0
45:(ojo der fuera)->429.0/254.0
42:(ojo der dentro)->387.0/258.0
48:(boca izq)->315.0/367.0
54:(boca der)->395.0/367.0
51:(boca arriba)->353.0/359.0
57:(boca abajo)->353.0/376.0
Numero prueba:1
La diferencia es:0.0
El margen pedido es:10
.............SUPERO prueba 1

Numero prueba:2
La diferencia es:0.0
El margen pedido es:10
.............SUPERO prueba 2

Numero prueba:3
La diferencia es:4.0
El margen pedido es:10
.............SUPERO prueba 3

Numero prueba:4
La diferencia es:4.0
El margen pedido es:10
.............SUPERO prueba 4

Numero prueba:5
La diferencia es:4.0
El margen pedido es:10
.............SUPERO prueba 5

Numero prueba:6
La diferencia es:0.0
El margen pedido es:10
.............SUPERO prueba 6

Numero prueba:7
la x1 es:290.0
la x2 es:429.0
el centro horizontal esta en:359.5
la x es:353.0
La diferencia es:6.5
El margen pedido es:10
.............SUPERO prueba 7

Numero prueba:8
la x1 es:248.0
la x2 es:487.0
el centro horizontal esta en:367.5
la x es:353.0
La diferencia es:14.5
El margen pedido es:10

Numero prueba:9
la x1 es:248.0
la x2 es:487.0
el centro horizontal esta en:367.5
la x es:353.0
La diferencia es:14.5
El margen pedido es:10

Numero prueba:10
La distancia es:8.0
El margen pedido es:15
.............SUPERO prueba 10

Numero prueba:11
prueba de posicionado
punto 1:353.0/434.0
punto 2:315.0/426.0
minimo:0
El punto 1 tiene que estar mas abajo que el 2
Lo esta
La diferencia es > que el minimo, superaria
.............SUPERO prueba 11

Numero prueba:12
prueba de posicionado
punto 1:353.0/434.0
punto 2:391.0/430.0
minimo:0
El punto 1 tiene que estar mas abajo que el 2
Lo esta
La diferencia es > que el minimo, superaria
.............SUPERO prueba 12

puntuacion:83.33333333333333
Ruta_imagen:/var/www/html/reconocimientoFacial/proyecto_definitivo/admin/files/videos_registro/1.jpg
basename:1.jpg
local_id:1
posicion:1
-------------Analizando en posicon_cara-------------
Tiene caras1
0:(parte izquierda cara)->240.0/203.0
16:(parte derecha cara)->487.0/212.0
7:(barbilla1)->307.0/384.0
8:(barbilla2)->346.0/397.0
9:(barbilla3)->386.0/393.0
27:(entrecejo)->355.0/216.0
30:(toxa punta)->346.0/278.0
33:(toxa abajo)->346.0/296.0
31:(izq toxa)->329.0/287.0
35:(der toxa)->368.0/291.0
36:(ojo izq fuera)->285.0/208.0
39:(ojo izq dentro)->329.0/212.0
45:(ojo der fuera)->434.0/212.0
42:(ojo der dentro)->390.0/212.0
48:(boca izq)->307.0/327.0
54:(boca der)->390.0/331.0
51:(boca arriba)->346.0/322.0
57:(boca abajo)->346.0/340.0
Numero prueba:1
La diferencia es:9.0
El margen pedido es:10
.............SUPERO prueba 1

Numero prueba:2
La diferencia es:0.0
El margen pedido es:10
.............SUPERO prueba 2

Numero prueba:3
La diferencia es:4.0
El margen pedido es:10
.............SUPERO prueba 3

Numero prueba:4
La diferencia es:4.0
El margen pedido es:10
.............SUPERO prueba 4

Numero prueba:5
La diferencia es:9.0
El margen pedido es:10
.............SUPERO prueba 5

Numero prueba:6
La diferencia es:4.0
El margen pedido es:10
.............SUPERO prueba 6

Numero prueba:7
la x1 es:285.0
la x2 es:434.0
el centro horizontal esta en:359.5
la x es:355.0
La diferencia es:4.5
El margen pedido es:10
.............SUPERO prueba 7

Numero prueba:8
la x1 es:240.0
la x2 es:487.0
el centro horizontal esta en:363.5
la x es:355.0
La diferencia es:8.5
El margen pedido es:10
.............SUPERO prueba 8

Numero prueba:9
la x1 es:240.0
la x2 es:487.0
el centro horizontal esta en:363.5
la x es:346.0
La diferencia es:17.5
El margen pedido es:10

Numero prueba:10
La distancia es:5.0
El margen pedido es:15
.............SUPERO prueba 10

Numero prueba:11
prueba de posicionado
punto 1:346.0/397.0
punto 2:307.0/384.0
minimo:0
El punto 1 tiene que estar mas abajo que el 2
Lo esta
La diferencia es > que el minimo, superaria
.............SUPERO prueba 11

Numero prueba:12
prueba de posicionado
punto 1:346.0/397.0
punto 2:386.0/393.0
minimo:0
El punto 1 tiene que estar mas abajo que el 2
Lo esta
La diferencia es > que el minimo, superaria
.............SUPERO prueba 12

puntuacion:91.66666666666666
Ruta_imagen:/var/www/html/reconocimientoFacial/proyecto_definitivo/admin/files/videos_registro/1.jpg
basename:1.jpg
local_id:1
posicion:2
-------------Analizando en posicon_cara-------------
Tiene caras1
0:(parte izquierda cara)->224.0/246.0
16:(parte derecha cara)->457.0/206.0
7:(barbilla1)->263.0/404.0
8:(barbilla2)->290.0/409.0
9:(barbilla3)->329.0/400.0
27:(entrecejo)->268.0/228.0
30:(toxa punta)->250.0/286.0
33:(toxa abajo)->268.0/303.0
31:(izq toxa)->259.0/299.0
35:(der toxa)->290.0/294.0
36:(ojo izq fuera)->233.0/233.0
39:(ojo izq dentro)->259.0/228.0
45:(ojo der fuera)->347.0/215.0
42:(ojo der dentro)->312.0/220.0
48:(boca izq)->255.0/338.0
54:(boca der)->321.0/334.0
51:(boca arriba)->268.0/330.0
57:(boca abajo)->272.0/343.0
Numero prueba:1
La diferencia es:0.0
El margen pedido es:10
.............SUPERO prueba 1

Numero prueba:2
La diferencia es:18.0
El margen pedido es:10

Numero prueba:3
prueba de posicionado
punto 1:250.0/286.0
punto 2:457.0/206.0
minimo:0
El punto 1 tiene que estar mas a la izquierda que el 2
Lo esta
El minimo es 0, por lo que superaria
.............SUPERO prueba 3

Numero prueba:4
prueba de posicionado
punto 1:290.0/409.0
punto 2:263.0/404.0
minimo:0
El punto 1 tiene que estar mas abajo que el 2
Lo esta
La diferencia es > que el minimo, superaria
.............SUPERO prueba 4

Numero prueba:5
prueba de posicionado
punto 1:290.0/409.0
punto 2:329.0/400.0
minimo:0
El punto 1 tiene que estar mas abajo que el 2
Lo esta
La diferencia es > que el minimo, superaria
.............SUPERO prueba 5

Numero prueba:6
La diferencia es:4.333333333333333
El margen pedido es:3
.............SUPERO prueba 6

puntuacion:83.33333333333334
Ruta_imagen:/var/www/html/reconocimientoFacial/proyecto_definitivo/admin/files/videos_registro/1.jpg
basename:1.jpg
local_id:1
posicion:2
-------------Analizando en posicon_cara-------------
Tiene caras1
0:(parte izquierda cara)->232.0/235.0
16:(parte derecha cara)->463.0/210.0
7:(barbilla1)->265.0/395.0
8:(barbilla2)->291.0/399.0
9:(barbilla3)->328.0/391.0
27:(entrecejo)->274.0/214.0
30:(toxa punta)->253.0/269.0
33:(toxa abajo)->270.0/294.0
31:(izq toxa)->261.0/290.0
35:(der toxa)->295.0/286.0
36:(ojo izq fuera)->240.0/223.0
39:(ojo izq dentro)->270.0/219.0
45:(ojo der fuera)->354.0/206.0
42:(ojo der dentro)->316.0/214.0
48:(boca izq)->257.0/332.0
54:(boca der)->324.0/324.0
51:(boca arriba)->274.0/315.0
57:(boca abajo)->274.0/332.0
Numero prueba:1
La diferencia es:4.0
El margen pedido es:10
.............SUPERO prueba 1

Numero prueba:2
La diferencia es:17.0
El margen pedido es:10

Numero prueba:3
prueba de posicionado
punto 1:253.0/269.0
punto 2:463.0/210.0
minimo:0
El punto 1 tiene que estar mas a la izquierda que el 2
Lo esta
El minimo es 0, por lo que superaria
.............SUPERO prueba 3

Numero prueba:4
prueba de posicionado
punto 1:291.0/399.0
punto 2:265.0/395.0
minimo:0
El punto 1 tiene que estar mas abajo que el 2
Lo esta
La diferencia es > que el minimo, superaria
.............SUPERO prueba 4

Numero prueba:5
prueba de posicionado
punto 1:291.0/399.0
punto 2:328.0/391.0
minimo:0
El punto 1 tiene que estar mas abajo que el 2
Lo esta
La diferencia es > que el minimo, superaria
.............SUPERO prueba 5

Numero prueba:6
La diferencia es:4.0
El margen pedido es:3
.............SUPERO prueba 6

puntuacion:83.33333333333334
Ruta_imagen:/var/www/html/reconocimientoFacial/proyecto_definitivo/admin/files/videos_registro/1.jpg
basename:1.jpg
local_id:1
posicion:2
-------------Analizando en posicon_cara-------------
Tiene caras1
0:(parte izquierda cara)->239.0/246.0
16:(parte derecha cara)->472.0/210.0
7:(barbilla1)->279.0/409.0
8:(barbilla2)->305.0/413.0
9:(barbilla3)->340.0/404.0
27:(entrecejo)->283.0/224.0
30:(toxa punta)->265.0/285.0
33:(toxa abajo)->283.0/303.0
31:(izq toxa)->270.0/298.0
35:(der toxa)->305.0/298.0
36:(ojo izq fuera)->248.0/228.0
39:(ojo izq dentro)->274.0/228.0
45:(ojo der fuera)->362.0/215.0
42:(ojo der dentro)->327.0/219.0
48:(boca izq)->265.0/343.0
54:(boca der)->336.0/338.0
51:(boca arriba)->283.0/329.0
57:(boca abajo)->283.0/347.0
Numero prueba:1
La diferencia es:0.0
El margen pedido es:10
.............SUPERO prueba 1

Numero prueba:2
La diferencia es:13.0
El margen pedido es:10

Numero prueba:3
prueba de posicionado
punto 1:265.0/285.0
punto 2:472.0/210.0
minimo:0
El punto 1 tiene que estar mas a la izquierda que el 2
Lo esta
El minimo es 0, por lo que superaria
.............SUPERO prueba 3

Numero prueba:4
prueba de posicionado
punto 1:305.0/413.0
punto 2:279.0/409.0
minimo:0
El punto 1 tiene que estar mas abajo que el 2
Lo esta
La diferencia es > que el minimo, superaria
.............SUPERO prueba 4

Numero prueba:5
prueba de posicionado
punto 1:305.0/413.0
punto 2:340.0/404.0
minimo:0
El punto 1 tiene que estar mas abajo que el 2
Lo esta
La diferencia es > que el minimo, superaria
.............SUPERO prueba 5

Numero prueba:6
La diferencia es:6.0
El margen pedido es:3
.............SUPERO prueba 6

puntuacion:83.33333333333334
Ruta_imagen:/var/www/html/reconocimientoFacial/proyecto_definitivo/admin/files/videos_registro/1.jpg
basename:1.jpg
local_id:1
posicion:2
-------------Analizando en posicon_cara-------------
Tiene caras1
0:(parte izquierda cara)->237.0/239.0
16:(parte derecha cara)->473.0/209.0
7:(barbilla1)->280.0/398.0
8:(barbilla2)->306.0/402.0
9:(barbilla3)->344.0/394.0
27:(entrecejo)->284.0/217.0
30:(toxa punta)->267.0/273.0
33:(toxa abajo)->284.0/295.0
31:(izq toxa)->271.0/290.0
35:(der toxa)->306.0/286.0
36:(ojo izq fuera)->245.0/226.0
39:(ojo izq dentro)->276.0/222.0
45:(ojo der fuera)->366.0/209.0
42:(ojo der dentro)->327.0/213.0
48:(boca izq)->267.0/333.0
54:(boca der)->336.0/325.0
51:(boca arriba)->284.0/321.0
57:(boca abajo)->284.0/338.0
Numero prueba:1
La diferencia es:0.0
El margen pedido es:10
.............SUPERO prueba 1

Numero prueba:2
La diferencia es:17.0
El margen pedido es:10

Numero prueba:3
prueba de posicionado
punto 1:267.0/273.0
punto 2:473.0/209.0
minimo:0
El punto 1 tiene que estar mas a la izquierda que el 2
Lo esta
El minimo es 0, por lo que superaria
.............SUPERO prueba 3

Numero prueba:4
prueba de posicionado
punto 1:306.0/402.0
punto 2:280.0/398.0
minimo:0
El punto 1 tiene que estar mas abajo que el 2
Lo esta
La diferencia es > que el minimo, superaria
.............SUPERO prueba 4

Numero prueba:5
prueba de posicionado
punto 1:306.0/402.0
punto 2:344.0/394.0
minimo:0
El punto 1 tiene que estar mas abajo que el 2
Lo esta
La diferencia es > que el minimo, superaria
.............SUPERO prueba 5

Numero prueba:6
La diferencia es:4.333333333333333
El margen pedido es:3
.............SUPERO prueba 6

puntuacion:83.33333333333334
Ruta_imagen:/var/www/html/reconocimientoFacial/proyecto_definitivo/admin/files/videos_registro/1.jpg
basename:1.jpg
local_id:1
posicion:2
-------------Analizando en posicon_cara-------------
Tiene caras1
0:(parte izquierda cara)->255.0/229.0
16:(parte derecha cara)->492.0/216.0
7:(barbilla1)->293.0/386.0
8:(barbilla2)->318.0/395.0
9:(barbilla3)->361.0/390.0
27:(entrecejo)->314.0/208.0
30:(toxa punta)->297.0/259.0
33:(toxa abajo)->310.0/284.0
31:(izq toxa)->297.0/280.0
35:(der toxa)->335.0/280.0
36:(ojo izq fuera)->272.0/216.0
39:(ojo izq dentro)->301.0/212.0
45:(ojo der fuera)->399.0/208.0
42:(ojo der dentro)->357.0/208.0
48:(boca izq)->284.0/322.0
54:(boca der)->361.0/322.0
51:(boca arriba)->310.0/310.0
57:(boca abajo)->310.0/327.0
Numero prueba:1
La diferencia es:4.0
El margen pedido es:10
.............SUPERO prueba 1

Numero prueba:2
La diferencia es:8.0
El margen pedido es:10
.............SUPERO prueba 2

Numero prueba:3
prueba de posicionado
punto 1:297.0/259.0
punto 2:492.0/216.0
minimo:0
El punto 1 tiene que estar mas a la izquierda que el 2
Lo esta
El minimo es 0, por lo que superaria
.............SUPERO prueba 3

Numero prueba:4
prueba de posicionado
punto 1:318.0/395.0
punto 2:293.0/386.0
minimo:0
El punto 1 tiene que estar mas abajo que el 2
Lo esta
La diferencia es > que el minimo, superaria
.............SUPERO prueba 4

Numero prueba:5
prueba de posicionado
punto 1:318.0/395.0
punto 2:361.0/390.0
minimo:0
El punto 1 tiene que estar mas abajo que el 2
Lo esta
La diferencia es > que el minimo, superaria
.............SUPERO prueba 5

Numero prueba:6
La diferencia es:4.333333333333333
El margen pedido es:3
.............SUPERO prueba 6

puntuacion:100.00000000000001
Ruta_imagen:/var/www/html/reconocimientoFacial/proyecto_definitivo/admin/files/videos_registro/1.jpg
basename:1.jpg
local_id:1
posicion:3
-------------Analizando en posicon_cara-------------
Tiene caras1
0:(parte izquierda cara)->203.0/285.0
16:(parte derecha cara)->371.0/208.0
7:(barbilla1)->236.0/433.0
8:(barbilla2)->257.0/437.0
9:(barbilla3)->277.0/417.0
27:(entrecejo)->183.0/265.0
30:(toxa punta)->166.0/326.0
33:(toxa abajo)->199.0/339.0
31:(izq toxa)->203.0/339.0
35:(der toxa)->212.0/326.0
36:(ojo izq fuera)->207.0/281.0
39:(ojo izq dentro)->207.0/273.0
45:(ojo der fuera)->248.0/236.0
42:(ojo der dentro)->228.0/253.0
48:(boca izq)->228.0/376.0
54:(boca der)->248.0/359.0
51:(boca arriba)->207.0/363.0
57:(boca abajo)->216.0/380.0
Numero prueba:1
prueba de posicionado
punto 1:166.0/326.0
punto 2:371.0/208.0
minimo:0
El punto 1 tiene que estar mas a la derecha que el 2
NO lo esta

Numero prueba:2
La diferencia es:1.3333333333333333
El margen pedido es:3
.............SUPERO prueba 2

Numero prueba:3
La diferencia es:16.0
El margen pedido es:15

Numero prueba:4
La diferencia es:21.0
El margen pedido es:15

Numero prueba:5
prueba de posicionado
punto 1:257.0/437.0
punto 2:236.0/433.0
minimo:0
El punto 1 tiene que estar mas abajo que el 2
Lo esta
La diferencia es > que el minimo, superaria
.............SUPERO prueba 5

Numero prueba:6
prueba de posicionado
punto 1:257.0/437.0
punto 2:277.0/417.0
minimo:0
El punto 1 tiene que estar mas abajo que el 2
Lo esta
La diferencia es > que el minimo, superaria
.............SUPERO prueba 6

puntuacion:50.0
Ruta_imagen:/var/www/html/reconocimientoFacial/proyecto_definitivo/admin/files/videos_registro/1.jpg
basename:1.jpg
local_id:1
posicion:3
-------------Analizando en posicon_cara-------------
Tiene caras1
0:(parte izquierda cara)->224.0/263.0
16:(parte derecha cara)->400.0/186.0
7:(barbilla1)->246.0/413.0
8:(barbilla2)->263.0/418.0
9:(barbilla3)->289.0/401.0
27:(entrecejo)->207.0/237.0
30:(toxa punta)->181.0/298.0
33:(toxa abajo)->216.0/315.0
31:(izq toxa)->220.0/315.0
35:(der toxa)->229.0/302.0
36:(ojo izq fuera)->233.0/259.0
39:(ojo izq dentro)->233.0/246.0
45:(ojo der fuera)->271.0/212.0
42:(ojo der dentro)->250.0/225.0
48:(boca izq)->246.0/353.0
54:(boca der)->263.0/336.0
51:(boca arriba)->220.0/336.0
57:(boca abajo)->229.0/358.0
Numero prueba:1
prueba de posicionado
punto 1:181.0/298.0
punto 2:400.0/186.0
minimo:0
El punto 1 tiene que estar mas a la derecha que el 2
NO lo esta

Numero prueba:2
La diferencia es:1.3333333333333333
El margen pedido es:3
.............SUPERO prueba 2

Numero prueba:3
La diferencia es:9.0
El margen pedido es:15
.............SUPERO prueba 3

Numero prueba:4
La diferencia es:13.0
El margen pedido es:15
.............SUPERO prueba 4

Numero prueba:5
prueba de posicionado
punto 1:263.0/418.0
punto 2:246.0/413.0
minimo:0
El punto 1 tiene que estar mas abajo que el 2
Lo esta
La diferencia es > que el minimo, superaria
.............SUPERO prueba 5

Numero prueba:6
prueba de posicionado
punto 1:263.0/418.0
punto 2:289.0/401.0
minimo:0
El punto 1 tiene que estar mas abajo que el 2
Lo esta
La diferencia es > que el minimo, superaria
.............SUPERO prueba 6

puntuacion:83.33333333333334
Ruta_imagen:/var/www/html/reconocimientoFacial/proyecto_definitivo/admin/files/videos_registro/1.jpg
basename:1.jpg
local_id:1
posicion:3
-------------Analizando en posicon_cara-------------
Tiene caras1
0:(parte izquierda cara)->242.0/244.0
16:(parte derecha cara)->418.0/181.0
7:(barbilla1)->250.0/398.0
8:(barbilla2)->267.0/403.0
9:(barbilla3)->292.0/386.0
27:(entrecejo)->229.0/218.0
30:(toxa punta)->200.0/277.0
33:(toxa abajo)->229.0/294.0
31:(izq toxa)->233.0/294.0
35:(der toxa)->246.0/281.0
36:(ojo izq fuera)->254.0/239.0
39:(ojo izq dentro)->250.0/231.0
45:(ojo der fuera)->292.0/197.0
42:(ojo der dentro)->271.0/210.0
48:(boca izq)->254.0/336.0
54:(boca der)->271.0/319.0
51:(boca arriba)->233.0/319.0
57:(boca abajo)->233.0/336.0
Numero prueba:1
prueba de posicionado
punto 1:200.0/277.0
punto 2:418.0/181.0
minimo:0
El punto 1 tiene que estar mas a la derecha que el 2
NO lo esta

Numero prueba:2
La diferencia es:1.6666666666666667
El margen pedido es:3
.............SUPERO prueba 2

Numero prueba:3
La diferencia es:0.0
El margen pedido es:15
.............SUPERO prueba 3

Numero prueba:4
La diferencia es:0.0
El margen pedido es:15
.............SUPERO prueba 4

Numero prueba:5
prueba de posicionado
punto 1:267.0/403.0
punto 2:250.0/398.0
minimo:0
El punto 1 tiene que estar mas abajo que el 2
Lo esta
La diferencia es > que el minimo, superaria
.............SUPERO prueba 5

Numero prueba:6
prueba de posicionado
punto 1:267.0/403.0
punto 2:292.0/386.0
minimo:0
El punto 1 tiene que estar mas abajo que el 2
Lo esta
La diferencia es > que el minimo, superaria
.............SUPERO prueba 6

puntuacion:83.33333333333334
Ruta_imagen:/var/www/html/reconocimientoFacial/proyecto_definitivo/admin/files/videos_registro/1.jpg
basename:1.jpg
local_id:1
posicion:3
-------------Analizando en posicon_cara-------------
Tiene caras1
0:(parte izquierda cara)->227.0/262.0
16:(parte derecha cara)->403.0/193.0
7:(barbilla1)->248.0/417.0
8:(barbilla2)->265.0/421.0
9:(barbilla3)->291.0/404.0
27:(entrecejo)->209.0/240.0
30:(toxa punta)->188.0/301.0
33:(toxa abajo)->218.0/318.0
31:(izq toxa)->222.0/314.0
35:(der toxa)->231.0/305.0
36:(ojo izq fuera)->235.0/253.0
39:(ojo izq dentro)->235.0/244.0
45:(ojo der fuera)->274.0/214.0
42:(ojo der dentro)->252.0/227.0
48:(boca izq)->248.0/357.0
54:(boca der)->265.0/339.0
51:(boca arriba)->227.0/339.0
57:(boca abajo)->231.0/361.0
Numero prueba:1
prueba de posicionado
punto 1:188.0/301.0
punto 2:403.0/193.0
minimo:0
El punto 1 tiene que estar mas a la derecha que el 2
NO lo esta

Numero prueba:2
La diferencia es:3.0
El margen pedido es:3
.............SUPERO prueba 2

Numero prueba:3
La diferencia es:9.0
El margen pedido es:15
.............SUPERO prueba 3

Numero prueba:4
La diferencia es:13.0
El margen pedido es:15
.............SUPERO prueba 4

Numero prueba:5
prueba de posicionado
punto 1:265.0/421.0
punto 2:248.0/417.0
minimo:0
El punto 1 tiene que estar mas abajo que el 2
Lo esta
La diferencia es > que el minimo, superaria
.............SUPERO prueba 5

Numero prueba:6
prueba de posicionado
punto 1:265.0/421.0
punto 2:291.0/404.0
minimo:0
El punto 1 tiene que estar mas abajo que el 2
Lo esta
La diferencia es > que el minimo, superaria
.............SUPERO prueba 6

puntuacion:83.33333333333334
Ruta_imagen:/var/www/html/reconocimientoFacial/proyecto_definitivo/admin/files/videos_registro/1.jpg
basename:1.jpg
local_id:1
posicion:3
-------------Analizando en posicon_cara-------------
Tiene caras1
0:(parte izquierda cara)->282.0/200.0
16:(parte derecha cara)->456.0/172.0
7:(barbilla1)->262.0/354.0
8:(barbilla2)->278.0/366.0
9:(barbilla3)->306.0/354.0
27:(entrecejo)->274.0/176.0
30:(toxa punta)->237.0/229.0
33:(toxa abajo)->262.0/249.0
31:(izq toxa)->266.0/249.0
35:(der toxa)->278.0/241.0
36:(ojo izq fuera)->294.0/196.0
39:(ojo izq dentro)->294.0/188.0
45:(ojo der fuera)->335.0/168.0
42:(ojo der dentro)->314.0/176.0
48:(boca izq)->274.0/294.0
54:(boca der)->294.0/281.0
51:(boca arriba)->258.0/273.0
57:(boca abajo)->258.0/294.0
Numero prueba:1
prueba de posicionado
punto 1:237.0/229.0
punto 2:456.0/172.0
minimo:0
El punto 1 tiene que estar mas a la derecha que el 2
NO lo esta

Numero prueba:2
La diferencia es:1.3333333333333333
El margen pedido es:3
.............SUPERO prueba 2

Numero prueba:3
La diferencia es:12.0
El margen pedido es:15
.............SUPERO prueba 3

Numero prueba:4
La diferencia es:20.0
El margen pedido es:15

Numero prueba:5
prueba de posicionado
punto 1:278.0/366.0
punto 2:262.0/354.0
minimo:0
El punto 1 tiene que estar mas abajo que el 2
Lo esta
La diferencia es > que el minimo, superaria
.............SUPERO prueba 5

Numero prueba:6
prueba de posicionado
punto 1:278.0/366.0
punto 2:306.0/354.0
minimo:0
El punto 1 tiene que estar mas abajo que el 2
Lo esta
La diferencia es > que el minimo, superaria
.............SUPERO prueba 6

puntuacion:66.66666666666667
Ruta_imagen:/var/www/html/reconocimientoFacial/proyecto_definitivo/admin/files/videos_registro/1.jpg
basename:1.jpg
local_id:1
posicion:3
-------------Analizando en posicon_cara-------------
Tiene caras1
0:(parte izquierda cara)->453.0/209.0
16:(parte derecha cara)->696.0/199.0
7:(barbilla1)->478.0/456.0
8:(barbilla2)->507.0/471.0
9:(barbilla3)->541.0/456.0
27:(entrecejo)->463.0/189.0
30:(toxa punta)->424.0/277.0
33:(toxa abajo)->458.0/301.0
31:(izq toxa)->453.0/296.0
35:(der toxa)->483.0/291.0
36:(ojo izq fuera)->458.0/189.0
39:(ojo izq dentro)->473.0/194.0
45:(ojo der fuera)->550.0/185.0
42:(ojo der dentro)->516.0/189.0
48:(boca izq)->473.0/359.0
54:(boca der)->526.0/349.0
51:(boca arriba)->463.0/345.0
57:(boca abajo)->468.0/364.0
Numero prueba:1
prueba de posicionado
punto 1:424.0/277.0
punto 2:696.0/199.0
minimo:0
El punto 1 tiene que estar mas a la derecha que el 2
NO lo esta

Numero prueba:2
La diferencia es:6.666666666666667
El margen pedido es:3
.............SUPERO prueba 2

Numero prueba:3
La diferencia es:5.0
El margen pedido es:15
.............SUPERO prueba 3

Numero prueba:4
La diferencia es:15.0
El margen pedido es:15
.............SUPERO prueba 4

Numero prueba:5
prueba de posicionado
punto 1:507.0/471.0
punto 2:478.0/456.0
minimo:0
El punto 1 tiene que estar mas abajo que el 2
Lo esta
La diferencia es > que el minimo, superaria
.............SUPERO prueba 5

Numero prueba:6
prueba de posicionado
punto 1:507.0/471.0
punto 2:541.0/456.0
minimo:0
El punto 1 tiene que estar mas abajo que el 2
Lo esta
La diferencia es > que el minimo, superaria
.............SUPERO prueba 6

puntuacion:83.33333333333334
Ruta_imagen:/var/www/html/reconocimientoFacial/proyecto_definitivo/admin/files/videos_registro/1.jpg
basename:1.jpg
local_id:1
posicion:1
-------------Analizando en posicon_cara-------------
Tiene caras1
0:(parte izquierda cara)->471.0/263.0
16:(parte derecha cara)->684.0/275.0
7:(barbilla1)->540.0/468.0
8:(barbilla2)->576.0/480.0
9:(barbilla3)->608.0/464.0
27:(entrecejo)->588.0/267.0
30:(toxa punta)->580.0/335.0
33:(toxa abajo)->584.0/355.0
31:(izq toxa)->560.0/351.0
35:(der toxa)->604.0/355.0
36:(ojo izq fuera)->515.0/263.0
39:(ojo izq dentro)->560.0/267.0
45:(ojo der fuera)->660.0/267.0
42:(ojo der dentro)->620.0/267.0
48:(boca izq)->540.0/399.0
54:(boca der)->620.0/407.0
51:(boca arriba)->584.0/383.0
57:(boca abajo)->580.0/436.0
Numero prueba:1
La diferencia es:4.0
El margen pedido es:10
.............SUPERO prueba 1

Numero prueba:2
La diferencia es:4.0
El margen pedido es:10
.............SUPERO prueba 2

Numero prueba:3
La diferencia es:4.0
El margen pedido es:10
.............SUPERO prueba 3

Numero prueba:4
La diferencia es:4.0
El margen pedido es:10
.............SUPERO prueba 4

Numero prueba:5
La diferencia es:12.0
El margen pedido es:10

Numero prueba:6
La diferencia es:8.0
El margen pedido es:10
.............SUPERO prueba 6

Numero prueba:7
la x1 es:515.0
la x2 es:660.0
el centro horizontal esta en:587.5
la x es:588.0
La diferencia es:0.5
El margen pedido es:10
.............SUPERO prueba 7

Numero prueba:8
la x1 es:471.0
la x2 es:684.0
el centro horizontal esta en:577.5
la x es:588.0
La diferencia es:10.5
El margen pedido es:10

Numero prueba:9
la x1 es:471.0
la x2 es:684.0
el centro horizontal esta en:577.5
la x es:584.0
La diferencia es:6.5
El margen pedido es:10
.............SUPERO prueba 9

Numero prueba:10
La distancia es:0.0
El margen pedido es:15
.............SUPERO prueba 10

Numero prueba:11
prueba de posicionado
punto 1:576.0/480.0
punto 2:540.0/468.0
minimo:0
El punto 1 tiene que estar mas abajo que el 2
Lo esta
La diferencia es > que el minimo, superaria
.............SUPERO prueba 11

Numero prueba:12
prueba de posicionado
punto 1:576.0/480.0
punto 2:608.0/464.0
minimo:0
El punto 1 tiene que estar mas abajo que el 2
Lo esta
La diferencia es > que el minimo, superaria
.............SUPERO prueba 12

puntuacion:83.33333333333333
Ruta_imagen:/var/www/html/reconocimientoFacial/proyecto_definitivo/admin/files/videos_registro/1.jpg
basename:1.jpg
local_id:1
posicion:1
-------------Analizando en posicon_cara-------------
Tiene caras1
0:(parte izquierda cara)->441.0/259.0
16:(parte derecha cara)->694.0/205.0
7:(barbilla1)->540.0/453.0
8:(barbilla2)->585.0/458.0
9:(barbilla3)->630.0/438.0
27:(entrecejo)->555.0/224.0
30:(toxa punta)->555.0/304.0
33:(toxa abajo)->565.0/329.0
31:(izq toxa)->540.0/324.0
35:(der toxa)->595.0/319.0
36:(ojo izq fuera)->481.0/239.0
39:(ojo izq dentro)->526.0/229.0
45:(ojo der fuera)->650.0/209.0
42:(ojo der dentro)->605.0/214.0
48:(boca izq)->530.0/383.0
54:(boca der)->630.0/368.0
51:(boca arriba)->570.0/363.0
57:(boca abajo)->575.0/388.0
Numero prueba:1
La diferencia es:10.0
El margen pedido es:10
.............SUPERO prueba 1

Numero prueba:2
La diferencia es:10.0
El margen pedido es:10
.............SUPERO prueba 2

Numero prueba:3
La diferencia es:30.0
El margen pedido es:10

Numero prueba:4
La diferencia es:10.0
El margen pedido es:10
.............SUPERO prueba 4

Numero prueba:5
La diferencia es:54.0
El margen pedido es:10

Numero prueba:6
La diferencia es:15.0
El margen pedido es:10

Numero prueba:7
la x1 es:481.0
la x2 es:650.0
el centro horizontal esta en:565.5
la x es:555.0
La diferencia es:10.5
El margen pedido es:10

Numero prueba:8
la x1 es:441.0
la x2 es:694.0
el centro horizontal esta en:567.5
la x es:555.0
La diferencia es:12.5
El margen pedido es:10

Numero prueba:9
la x1 es:441.0
la x2 es:694.0
el centro horizontal esta en:567.5
la x es:565.0
La diferencia es:2.5
El margen pedido es:10
.............SUPERO prueba 9

Numero prueba:10
La distancia es:20.0
El margen pedido es:15

Numero prueba:11
prueba de posicionado
punto 1:585.0/458.0
punto 2:540.0/453.0
minimo:0
El punto 1 tiene que estar mas abajo que el 2
Lo esta
La diferencia es > que el minimo, superaria
.............SUPERO prueba 11

Numero prueba:12
prueba de posicionado
punto 1:585.0/458.0
punto 2:630.0/438.0
minimo:0
El punto 1 tiene que estar mas abajo que el 2
Lo esta
La diferencia es > que el minimo, superaria
.............SUPERO prueba 12

puntuacion:50.00000000000001
Ruta_imagen:/var/www/html/reconocimientoFacial/proyecto_definitivo/admin/files/videos_registro/1.jpg
basename:1.jpg
local_id:1
posicion:1
-------------Analizando en posicon_cara-------------
Tiene caras1
0:(parte izquierda cara)->270.0/296.0
16:(parte derecha cara)->508.0/288.0
7:(barbilla1)->335.0/441.0
8:(barbilla2)->371.0/449.0
9:(barbilla3)->407.0/445.0
27:(entrecejo)->371.0/276.0
30:(toxa punta)->367.0/329.0
33:(toxa abajo)->371.0/349.0
31:(izq toxa)->351.0/345.0
35:(der toxa)->391.0/345.0
36:(ojo izq fuera)->307.0/280.0
39:(ojo izq dentro)->343.0/280.0
45:(ojo der fuera)->444.0/276.0
42:(ojo der dentro)->403.0/276.0
48:(boca izq)->335.0/385.0
54:(boca der)->411.0/385.0
51:(boca arriba)->367.0/373.0
57:(boca abajo)->367.0/393.0
Numero prueba:1
La diferencia es:0.0
El margen pedido es:10
.............SUPERO prueba 1

Numero prueba:2
La diferencia es:4.0
El margen pedido es:10
.............SUPERO prueba 2

Numero prueba:3
La diferencia es:4.0
El margen pedido es:10
.............SUPERO prueba 3

Numero prueba:4
La diferencia es:0.0
El margen pedido es:10
.............SUPERO prueba 4

Numero prueba:5
La diferencia es:8.0
El margen pedido es:10
.............SUPERO prueba 5

Numero prueba:6
La diferencia es:0.0
El margen pedido es:10
.............SUPERO prueba 6

Numero prueba:7
la x1 es:307.0
la x2 es:444.0
el centro horizontal esta en:375.5
la x es:371.0
La diferencia es:4.5
El margen pedido es:10
.............SUPERO prueba 7

Numero prueba:8
la x1 es:270.0
la x2 es:508.0
el centro horizontal esta en:389.0
la x es:371.0
La diferencia es:18.0
El margen pedido es:10

Numero prueba:9
la x1 es:270.0
la x2 es:508.0
el centro horizontal esta en:389.0
la x es:371.0
La diferencia es:18.0
El margen pedido es:10

Numero prueba:10
La distancia es:16.0
El margen pedido es:15

Numero prueba:11
prueba de posicionado
punto 1:371.0/449.0
punto 2:335.0/441.0
minimo:0
El punto 1 tiene que estar mas abajo que el 2
Lo esta
La diferencia es > que el minimo, superaria
.............SUPERO prueba 11

Numero prueba:12
prueba de posicionado
punto 1:371.0/449.0
punto 2:407.0/445.0
minimo:0
El punto 1 tiene que estar mas abajo que el 2
Lo esta
La diferencia es > que el minimo, superaria
.............SUPERO prueba 12

puntuacion:75.0
Ruta_imagen:/var/www/html/reconocimientoFacial/proyecto_definitivo/admin/files/videos_registro/1.jpg
basename:1.jpg
local_id:1
posicion:1
-------------Analizando en posicon_cara-------------
Tiene caras1
0:(parte izquierda cara)->255.0/287.0
16:(parte derecha cara)->507.0/265.0
7:(barbilla1)->329.0/447.0
8:(barbilla2)->363.0/452.0
9:(barbilla3)->402.0/447.0
27:(entrecejo)->355.0/265.0
30:(toxa punta)->346.0/326.0
33:(toxa abajo)->355.0/348.0
31:(izq toxa)->337.0/343.0
35:(der toxa)->376.0/339.0
36:(ojo izq fuera)->290.0/269.0
39:(ojo izq dentro)->329.0/274.0
45:(ojo der fuera)->433.0/261.0
42:(ojo der dentro)->389.0/265.0
48:(boca izq)->320.0/387.0
54:(boca der)->402.0/382.0
51:(boca arriba)->355.0/374.0
57:(boca abajo)->355.0/391.0
Numero prueba:1
La diferencia es:0.0
El margen pedido es:10
.............SUPERO prueba 1

Numero prueba:2
La diferencia es:8.0
El margen pedido es:10
.............SUPERO prueba 2

Numero prueba:3
La diferencia es:8.0
El margen pedido es:10
.............SUPERO prueba 3

Numero prueba:4
La diferencia es:5.0
El margen pedido es:10
.............SUPERO prueba 4

Numero prueba:5
La diferencia es:22.0
El margen pedido es:10

Numero prueba:6
La diferencia es:5.0
El margen pedido es:10
.............SUPERO prueba 6

Numero prueba:7
la x1 es:290.0
la x2 es:433.0
el centro horizontal esta en:361.5
la x es:355.0
La diferencia es:6.5
El margen pedido es:10
.............SUPERO prueba 7

Numero prueba:8
la x1 es:255.0
la x2 es:507.0
el centro horizontal esta en:381.0
la x es:355.0
La diferencia es:26.0
El margen pedido es:10

Numero prueba:9
la x1 es:255.0
la x2 es:507.0
el centro horizontal esta en:381.0
la x es:355.0
La diferencia es:26.0
El margen pedido es:10

Numero prueba:10
La distancia es:18.0
El margen pedido es:15

Numero prueba:11
prueba de posicionado
punto 1:363.0/452.0
punto 2:329.0/447.0
minimo:0
El punto 1 tiene que estar mas abajo que el 2
Lo esta
La diferencia es > que el minimo, superaria
.............SUPERO prueba 11

Numero prueba:12
prueba de posicionado
punto 1:363.0/452.0
punto 2:402.0/447.0
minimo:0
El punto 1 tiene que estar mas abajo que el 2
Lo esta
La diferencia es > que el minimo, superaria
.............SUPERO prueba 12

puntuacion:66.66666666666667
Ruta_imagen:/var/www/html/reconocimientoFacial/proyecto_definitivo/admin/files/videos_registro/1.jpg
basename:1.jpg
local_id:1
posicion:1
-------------Analizando en posicon_cara-------------
Tiene caras1
0:(parte izquierda cara)->258.0/236.0
16:(parte derecha cara)->507.0/232.0
7:(barbilla1)->331.0/412.0
8:(barbilla2)->367.0/426.0
9:(barbilla3)->407.0/417.0
27:(entrecejo)->371.0/222.0
30:(toxa punta)->367.0/281.0
33:(toxa abajo)->367.0/304.0
31:(izq toxa)->349.0/299.0
35:(der toxa)->389.0/299.0
36:(ojo izq fuera)->303.0/222.0
39:(ojo izq dentro)->344.0/227.0
45:(ojo der fuera)->448.0/222.0
42:(ojo der dentro)->403.0/222.0
48:(boca izq)->331.0/345.0
54:(boca der)->407.0/349.0
51:(boca arriba)->367.0/331.0
57:(boca abajo)->367.0/367.0
Numero prueba:1
La diferencia es:4.0
El margen pedido es:10
.............SUPERO prueba 1

Numero prueba:2
La diferencia es:0.0
El margen pedido es:10
.............SUPERO prueba 2

Numero prueba:3
La diferencia es:0.0
El margen pedido es:10
.............SUPERO prueba 3

Numero prueba:4
La diferencia es:5.0
El margen pedido es:10
.............SUPERO prueba 4

Numero prueba:5
La diferencia es:4.0
El margen pedido es:10
.............SUPERO prueba 5

Numero prueba:6
La diferencia es:4.0
El margen pedido es:10
.............SUPERO prueba 6

Numero prueba:7
la x1 es:303.0
la x2 es:448.0
el centro horizontal esta en:375.5
la x es:371.0
La diferencia es:4.5
El margen pedido es:10
.............SUPERO prueba 7

Numero prueba:8
la x1 es:258.0
la x2 es:507.0
el centro horizontal esta en:382.5
la x es:371.0
La diferencia es:11.5
El margen pedido es:10

Numero prueba:9
la x1 es:258.0
la x2 es:507.0
el centro horizontal esta en:382.5
la x es:367.0
La diferencia es:15.5
El margen pedido es:10

Numero prueba:10
La distancia es:14.0
El margen pedido es:15
.............SUPERO prueba 10

Numero prueba:11
prueba de posicionado
punto 1:367.0/426.0
punto 2:331.0/412.0
minimo:0
El punto 1 tiene que estar mas abajo que el 2
Lo esta
La diferencia es > que el minimo, superaria
.............SUPERO prueba 11

Numero prueba:12
prueba de posicionado
punto 1:367.0/426.0
punto 2:407.0/417.0
minimo:0
El punto 1 tiene que estar mas abajo que el 2
Lo esta
La diferencia es > que el minimo, superaria
.............SUPERO prueba 12

puntuacion:83.33333333333333
Ruta_imagen:/var/www/html/reconocimientoFacial/proyecto_definitivo/admin/files/videos_registro/1.jpg
basename:1.jpg
local_id:1
posicion:1
-------------Analizando en posicon_cara-------------
Tiene caras1
0:(parte izquierda cara)->248.0/229.0
16:(parte derecha cara)->495.0/224.0
7:(barbilla1)->319.0/396.0
8:(barbilla2)->359.0/410.0
9:(barbilla3)->403.0/405.0
27:(entrecejo)->367.0/207.0
30:(toxa punta)->363.0/264.0
33:(toxa abajo)->363.0/286.0
31:(izq toxa)->345.0/282.0
35:(der toxa)->385.0/286.0
36:(ojo izq fuera)->297.0/211.0
39:(ojo izq dentro)->337.0/211.0
45:(ojo der fuera)->443.0/211.0
42:(ojo der dentro)->398.0/211.0
48:(boca izq)->323.0/330.0
54:(boca der)->403.0/330.0
51:(boca arriba)->363.0/317.0
57:(boca abajo)->359.0/348.0
Numero prueba:1
La diferencia es:4.0
El margen pedido es:10
.............SUPERO prueba 1

Numero prueba:2
La diferencia es:0.0
El margen pedido es:10
.............SUPERO prueba 2

Numero prueba:3
La diferencia es:0.0
El margen pedido es:10
.............SUPERO prueba 3

Numero prueba:4
La diferencia es:0.0
El margen pedido es:10
.............SUPERO prueba 4

Numero prueba:5
La diferencia es:5.0
El margen pedido es:10
.............SUPERO prueba 5

Numero prueba:6
La diferencia es:0.0
El margen pedido es:10
.............SUPERO prueba 6

Numero prueba:7
la x1 es:297.0
la x2 es:443.0
el centro horizontal esta en:370.0
la x es:367.0
La diferencia es:3.0
El margen pedido es:10
.............SUPERO prueba 7

Numero prueba:8
la x1 es:248.0
la x2 es:495.0
el centro horizontal esta en:371.5
la x es:367.0
La diferencia es:4.5
El margen pedido es:10
.............SUPERO prueba 8

Numero prueba:9
la x1 es:248.0
la x2 es:495.0
el centro horizontal esta en:371.5
la x es:363.0
La diferencia es:8.5
El margen pedido es:10
.............SUPERO prueba 9

Numero prueba:10
La distancia es:18.0
El margen pedido es:15

Numero prueba:11
prueba de posicionado
punto 1:359.0/410.0
punto 2:319.0/396.0
minimo:0
El punto 1 tiene que estar mas abajo que el 2
Lo esta
La diferencia es > que el minimo, superaria
.............SUPERO prueba 11

Numero prueba:12
prueba de posicionado
punto 1:359.0/410.0
punto 2:403.0/405.0
minimo:0
El punto 1 tiene que estar mas abajo que el 2
Lo esta
La diferencia es > que el minimo, superaria
.............SUPERO prueba 12

puntuacion:91.66666666666666
Ruta_imagen:/var/www/html/reconocimientoFacial/proyecto_definitivo/admin/files/videos_registro/1.jpg
basename:1.jpg
local_id:1
posicion:2
-------------Analizando en posicon_cara-------------
Tiene caras1
0:(parte izquierda cara)->279.0/245.0
16:(parte derecha cara)->524.0/210.0
7:(barbilla1)->318.0/403.0
8:(barbilla2)->349.0/412.0
9:(barbilla3)->389.0/399.0
27:(entrecejo)->332.0/215.0
30:(toxa punta)->310.0/272.0
33:(toxa abajo)->327.0/294.0
31:(izq toxa)->318.0/294.0
35:(der toxa)->354.0/289.0
36:(ojo izq fuera)->288.0/228.0
39:(ojo izq dentro)->323.0/219.0
45:(ojo der fuera)->415.0/206.0
42:(ojo der dentro)->375.0/210.0
48:(boca izq)->314.0/337.0
54:(boca der)->384.0/329.0
51:(boca arriba)->332.0/324.0
57:(boca abajo)->332.0/342.0
Numero prueba:1
La diferencia es:5.0
El margen pedido es:10
.............SUPERO prueba 1

Numero prueba:2
La diferencia es:22.0
El margen pedido es:10

Numero prueba:3
prueba de posicionado
punto 1:310.0/272.0
punto 2:524.0/210.0
minimo:0
El punto 1 tiene que estar mas a la izquierda que el 2
Lo esta
El minimo es 0, por lo que superaria
.............SUPERO prueba 3

Numero prueba:4
prueba de posicionado
punto 1:349.0/412.0
punto 2:318.0/403.0
minimo:0
El punto 1 tiene que estar mas abajo que el 2
Lo esta
La diferencia es > que el minimo, superaria
.............SUPERO prueba 4

Numero prueba:5
prueba de posicionado
punto 1:349.0/412.0
punto 2:389.0/399.0
minimo:0
El punto 1 tiene que estar mas abajo que el 2
Lo esta
La diferencia es > que el minimo, superaria
.............SUPERO prueba 5

Numero prueba:6
La diferencia es:5.666666666666667
El margen pedido es:3
.............SUPERO prueba 6

puntuacion:83.33333333333334
Ruta_imagen:/var/www/html/reconocimientoFacial/proyecto_definitivo/admin/files/videos_registro/1.jpg
basename:1.jpg
local_id:1
posicion:2
-------------Analizando en posicon_cara-------------
Tiene caras1
0:(parte izquierda cara)->272.0/239.0
16:(parte derecha cara)->516.0/207.0
7:(barbilla1)->305.0/422.0
8:(barbilla2)->333.0/431.0
9:(barbilla3)->371.0/422.0
27:(entrecejo)->310.0/221.0
30:(toxa punta)->286.0/281.0
33:(toxa abajo)->305.0/305.0
31:(izq toxa)->296.0/300.0
35:(der toxa)->333.0/300.0
36:(ojo izq fuera)->277.0/221.0
39:(ojo izq dentro)->305.0/221.0
45:(ojo der fuera)->394.0/216.0
42:(ojo der dentro)->357.0/221.0
48:(boca izq)->296.0/352.0
54:(boca der)->361.0/347.0
51:(boca arriba)->310.0/333.0
57:(boca abajo)->310.0/370.0
Numero prueba:1
La diferencia es:5.0
El margen pedido es:10
.............SUPERO prueba 1

Numero prueba:2
La diferencia es:5.0
El margen pedido es:10
.............SUPERO prueba 2

Numero prueba:3
prueba de posicionado
punto 1:286.0/281.0
punto 2:516.0/207.0
minimo:0
El punto 1 tiene que estar mas a la izquierda que el 2
Lo esta
El minimo es 0, por lo que superaria
.............SUPERO prueba 3

Numero prueba:4
prueba de posicionado
punto 1:333.0/431.0
punto 2:305.0/422.0
minimo:0
El punto 1 tiene que estar mas abajo que el 2
Lo esta
La diferencia es > que el minimo, superaria
.............SUPERO prueba 4

Numero prueba:5
prueba de posicionado
punto 1:333.0/431.0
punto 2:371.0/422.0
minimo:0
El punto 1 tiene que estar mas abajo que el 2
Lo esta
La diferencia es > que el minimo, superaria
.............SUPERO prueba 5

Numero prueba:6
La diferencia es:6.0
El margen pedido es:3
.............SUPERO prueba 6

puntuacion:100.00000000000001
Ruta_imagen:/var/www/html/reconocimientoFacial/proyecto_definitivo/admin/files/videos_registro/1.jpg
basename:1.jpg
local_id:1
posicion:3
-------------Analizando en posicon_cara-------------
Tiene caras1
0:(parte izquierda cara)->293.0/264.0
16:(parte derecha cara)->495.0/201.0
7:(barbilla1)->318.0/428.0
8:(barbilla2)->339.0/432.0
9:(barbilla3)->369.0/415.0
27:(entrecejo)->289.0/239.0
30:(toxa punta)->264.0/302.0
33:(toxa abajo)->293.0/318.0
31:(izq toxa)->293.0/318.0
35:(der toxa)->310.0/306.0
36:(ojo izq fuera)->297.0/255.0
39:(ojo izq dentro)->306.0/243.0
45:(ojo der fuera)->356.0/218.0
42:(ojo der dentro)->331.0/230.0
48:(boca izq)->314.0/360.0
54:(boca der)->348.0/344.0
51:(boca arriba)->297.0/344.0
57:(boca abajo)->306.0/365.0
Numero prueba:1
prueba de posicionado
punto 1:264.0/302.0
punto 2:495.0/201.0
minimo:0
El punto 1 tiene que estar mas a la derecha que el 2
NO lo esta

Numero prueba:2
La diferencia es:3.0
El margen pedido es:3
.............SUPERO prueba 2

Numero prueba:3
La diferencia es:4.0
El margen pedido es:15
.............SUPERO prueba 3

Numero prueba:4
La diferencia es:17.0
El margen pedido es:15

Numero prueba:5
prueba de posicionado
punto 1:339.0/432.0
punto 2:318.0/428.0
minimo:0
El punto 1 tiene que estar mas abajo que el 2
Lo esta
La diferencia es > que el minimo, superaria
.............SUPERO prueba 5

Numero prueba:6
prueba de posicionado
punto 1:339.0/432.0
punto 2:369.0/415.0
minimo:0
El punto 1 tiene que estar mas abajo que el 2
Lo esta
La diferencia es > que el minimo, superaria
.............SUPERO prueba 6

puntuacion:66.66666666666667
Ruta_imagen:/var/www/html/reconocimientoFacial/proyecto_definitivo/admin/files/videos_registro/1.jpg
basename:1.jpg
local_id:1
posicion:3
-------------Analizando en posicon_cara-------------
Tiene caras1
0:(parte izquierda cara)->268.0/253.0
16:(parte derecha cara)->445.0/193.0
7:(barbilla1)->285.0/431.0
8:(barbilla2)->307.0/435.0
9:(barbilla3)->329.0/414.0
27:(entrecejo)->255.0/223.0
30:(toxa punta)->225.0/284.0
33:(toxa abajo)->255.0/301.0
31:(izq toxa)->264.0/305.0
35:(der toxa)->272.0/292.0
36:(ojo izq fuera)->281.0/245.0
39:(ojo izq dentro)->281.0/236.0
45:(ojo der fuera)->316.0/206.0
42:(ojo der dentro)->294.0/219.0
48:(boca izq)->294.0/357.0
54:(boca der)->307.0/336.0
51:(boca arriba)->259.0/327.0
57:(boca abajo)->277.0/375.0
Numero prueba:1
prueba de posicionado
punto 1:225.0/284.0
punto 2:445.0/193.0
minimo:0
El punto 1 tiene que estar mas a la derecha que el 2
NO lo esta

Numero prueba:2
La diferencia es:2.6666666666666665
El margen pedido es:3
.............SUPERO prueba 2

Numero prueba:3
La diferencia es:0.0
El margen pedido es:15
.............SUPERO prueba 3

Numero prueba:4
La diferencia es:13.0
El margen pedido es:15
.............SUPERO prueba 4

Numero prueba:5
prueba de posicionado
punto 1:307.0/435.0
punto 2:285.0/431.0
minimo:0
El punto 1 tiene que estar mas abajo que el 2
Lo esta
La diferencia es > que el minimo, superaria
.............SUPERO prueba 5

Numero prueba:6
prueba de posicionado
punto 1:307.0/435.0
punto 2:329.0/414.0
minimo:0
El punto 1 tiene que estar mas abajo que el 2
Lo esta
La diferencia es > que el minimo, superaria
.............SUPERO prueba 6

puntuacion:83.33333333333334
Ruta_imagen:/var/www/html/reconocimientoFacial/proyecto_definitivo/admin/files/videos_registro/1.jpg
basename:1.jpg
local_id:1
posicion:3
-------------Analizando en posicon_cara-------------
Tiene caras1
0:(parte izquierda cara)->254.0/255.0
16:(parte derecha cara)->441.0/203.0
7:(barbilla1)->263.0/421.0
8:(barbilla2)->283.0/429.0
9:(barbilla3)->307.0/417.0
27:(entrecejo)->242.0/231.0
30:(toxa punta)->210.0/296.0
33:(toxa abajo)->242.0/316.0
31:(izq toxa)->246.0/312.0
35:(der toxa)->259.0/304.0
36:(ojo izq fuera)->263.0/243.0
39:(ojo izq dentro)->263.0/239.0
45:(ojo der fuera)->307.0/215.0
42:(ojo der dentro)->283.0/227.0
48:(boca izq)->271.0/352.0
54:(boca der)->291.0/344.0
51:(boca arriba)->246.0/344.0
57:(boca abajo)->250.0/361.0
Numero prueba:1
prueba de posicionado
punto 1:210.0/296.0
punto 2:441.0/203.0
minimo:0
El punto 1 tiene que estar mas a la derecha que el 2
NO lo esta

Numero prueba:2
La diferencia es:4.0
El margen pedido es:3
.............SUPERO prueba 2

Numero prueba:3
La diferencia es:0.0
El margen pedido es:15
.............SUPERO prueba 3

Numero prueba:4
La diferencia es:8.0
El margen pedido es:15
.............SUPERO prueba 4

Numero prueba:5
prueba de posicionado
punto 1:283.0/429.0
punto 2:263.0/421.0
minimo:0
El punto 1 tiene que estar mas abajo que el 2
Lo esta
La diferencia es > que el minimo, superaria
.............SUPERO prueba 5

Numero prueba:6
prueba de posicionado
punto 1:283.0/429.0
punto 2:307.0/417.0
minimo:0
El punto 1 tiene que estar mas abajo que el 2
Lo esta
La diferencia es > que el minimo, superaria
.............SUPERO prueba 6

puntuacion:83.33333333333334
Ruta_imagen:/var/www/html/reconocimientoFacial/proyecto_definitivo/admin/files/videos_registro/1.jpg
basename:1.jpg
local_id:1
posicion:3
-------------Analizando en posicon_cara-------------
Tiene caras1
0:(parte izquierda cara)->237.0/261.0
16:(parte derecha cara)->424.0/207.0
7:(barbilla1)->262.0/444.0
8:(barbilla2)->283.0/449.0
9:(barbilla3)->308.0/432.0
27:(entrecejo)->225.0/241.0
30:(toxa punta)->200.0/307.0
33:(toxa abajo)->229.0/324.0
31:(izq toxa)->233.0/324.0
35:(der toxa)->245.0/316.0
36:(ojo izq fuera)->245.0/253.0
39:(ojo izq dentro)->245.0/245.0
45:(ojo der fuera)->291.0/224.0
42:(ojo der dentro)->266.0/232.0
48:(boca izq)->258.0/370.0
54:(boca der)->275.0/353.0
51:(boca arriba)->233.0/353.0
57:(boca abajo)->245.0/386.0
Numero prueba:1
prueba de posicionado
punto 1:200.0/307.0
punto 2:424.0/207.0
minimo:0
El punto 1 tiene que estar mas a la derecha que el 2
NO lo esta

Numero prueba:2
La diferencia es:2.6666666666666665
El margen pedido es:3
.............SUPERO prueba 2

Numero prueba:3
La diferencia es:4.0
El margen pedido es:15
.............SUPERO prueba 3

Numero prueba:4
La diferencia es:13.0
El margen pedido es:15
.............SUPERO prueba 4

Numero prueba:5
prueba de posicionado
punto 1:283.0/449.0
punto 2:262.0/444.0
minimo:0
El punto 1 tiene que estar mas abajo que el 2
Lo esta
La diferencia es > que el minimo, superaria
.............SUPERO prueba 5

Numero prueba:6
prueba de posicionado
punto 1:283.0/449.0
punto 2:308.0/432.0
minimo:0
El punto 1 tiene que estar mas abajo que el 2
Lo esta
La diferencia es > que el minimo, superaria
.............SUPERO prueba 6

puntuacion:83.33333333333334
Ruta_imagen:/var/www/html/reconocimientoFacial/proyecto_definitivo/admin/files/videos_registro/1.jpg
basename:1.jpg
local_id:1
posicion:3
-------------Analizando en posicon_cara-------------
Tiene caras1
0:(parte izquierda cara)->337.0/300.0
16:(parte derecha cara)->609.0/261.0
7:(barbilla1)->409.0/471.0
8:(barbilla2)->442.0/476.0
9:(barbilla3)->485.0/462.0
27:(entrecejo)->418.0/266.0
30:(toxa punta)->409.0/328.0
33:(toxa abajo)->423.0/352.0
31:(izq toxa)->404.0/352.0
35:(der toxa)->447.0/347.0
36:(ojo izq fuera)->356.0/276.0
39:(ojo izq dentro)->399.0/271.0
45:(ojo der fuera)->509.0/257.0
42:(ojo der dentro)->461.0/261.0
48:(boca izq)->390.0/400.0
54:(boca der)->481.0/390.0
51:(boca arriba)->423.0/381.0
57:(boca abajo)->423.0/405.0
Numero prueba:1
prueba de posicionado
punto 1:409.0/328.0
punto 2:609.0/261.0
minimo:0
El punto 1 tiene que estar mas a la derecha que el 2
NO lo esta

Numero prueba:2
La diferencia es:8.0
El margen pedido es:3
.............SUPERO prueba 2

Numero prueba:3
La diferencia es:5.0
El margen pedido es:15
.............SUPERO prueba 3

Numero prueba:4
La diferencia es:34.0
El margen pedido es:15

Numero prueba:5
prueba de posicionado
punto 1:442.0/476.0
punto 2:409.0/471.0
minimo:0
El punto 1 tiene que estar mas abajo que el 2
Lo esta
La diferencia es > que el minimo, superaria
.............SUPERO prueba 5

Numero prueba:6
prueba de posicionado
punto 1:442.0/476.0
punto 2:485.0/462.0
minimo:0
El punto 1 tiene que estar mas abajo que el 2
Lo esta
La diferencia es > que el minimo, superaria
.............SUPERO prueba 6

puntuacion:66.66666666666667
Ruta_imagen:/var/www/html/reconocimientoFacial/proyecto_definitivo/admin/files/videos_registro/1.jpg
basename:1.jpg
local_id:1
posicion:3
-------------Analizando en posicon_cara-------------
Tiene caras1
0:(parte izquierda cara)->361.0/315.0
16:(parte derecha cara)->611.0/253.0
7:(barbilla1)->414.0/488.0
8:(barbilla2)->443.0/488.0
9:(barbilla3)->481.0/478.0
27:(entrecejo)->390.0/291.0
30:(toxa punta)->371.0/363.0
33:(toxa abajo)->395.0/382.0
31:(izq toxa)->390.0/382.0
35:(der toxa)->424.0/373.0
36:(ojo izq fuera)->361.0/301.0
39:(ojo izq dentro)->390.0/296.0
45:(ojo der fuera)->477.0/277.0
42:(ojo der dentro)->438.0/286.0
48:(boca izq)->390.0/430.0
54:(boca der)->462.0/416.0
51:(boca arriba)->400.0/411.0
57:(boca abajo)->409.0/445.0
Numero prueba:1
prueba de posicionado
punto 1:371.0/363.0
punto 2:611.0/253.0
minimo:0
El punto 1 tiene que estar mas a la derecha que el 2
NO lo esta

Numero prueba:2
La diferencia es:4.666666666666667
El margen pedido es:3
.............SUPERO prueba 2

Numero prueba:3
La diferencia es:5.0
El margen pedido es:15
.............SUPERO prueba 3

Numero prueba:4
La diferencia es:29.0
El margen pedido es:15

Numero prueba:5
prueba de posicionado
punto 1:443.0/488.0
punto 2:414.0/488.0
minimo:0
El punto 1 tiene que estar mas abajo que el 2
NO lo esta

Numero prueba:6
prueba de posicionado
punto 1:443.0/488.0
punto 2:481.0/478.0
minimo:0
El punto 1 tiene que estar mas abajo que el 2
Lo esta
La diferencia es > que el minimo, superaria
.............SUPERO prueba 6

puntuacion:50.0
Ruta_imagen:/var/www/html/reconocimientoFacial/proyecto_definitivo/admin/files/videos_registro/1.jpg
basename:1.jpg
local_id:1
posicion:3
-------------Analizando en posicon_cara-------------
Tiene caras1
0:(parte izquierda cara)->348.0/336.0
16:(parte derecha cara)->601.0/272.0
7:(barbilla1)->421.0/493.0
8:(barbilla2)->449.0/497.0
9:(barbilla3)->486.0/483.0
27:(entrecejo)->385.0/313.0
30:(toxa punta)->371.0/382.0
33:(toxa abajo)->394.0/401.0
31:(izq toxa)->385.0/401.0
35:(der toxa)->417.0/391.0
36:(ojo izq fuera)->352.0/318.0
39:(ojo izq dentro)->380.0/313.0
45:(ojo der fuera)->467.0/295.0
42:(ojo der dentro)->431.0/304.0
48:(boca izq)->389.0/447.0
54:(boca der)->458.0/437.0
51:(boca arriba)->398.0/428.0
57:(boca abajo)->412.0/465.0
Numero prueba:1
prueba de posicionado
punto 1:371.0/382.0
punto 2:601.0/272.0
minimo:0
El punto 1 tiene que estar mas a la derecha que el 2
NO lo esta

Numero prueba:2
La diferencia es:6.0
El margen pedido es:3
.............SUPERO prueba 2

Numero prueba:3
La diferencia es:9.0
El margen pedido es:15
.............SUPERO prueba 3

Numero prueba:4
La diferencia es:37.0
El margen pedido es:15

Numero prueba:5
prueba de posicionado
punto 1:449.0/497.0
punto 2:421.0/493.0
minimo:0
El punto 1 tiene que estar mas abajo que el 2
Lo esta
La diferencia es > que el minimo, superaria
.............SUPERO prueba 5

Numero prueba:6
prueba de posicionado
punto 1:449.0/497.0
punto 2:486.0/483.0
minimo:0
El punto 1 tiene que estar mas abajo que el 2
Lo esta
La diferencia es > que el minimo, superaria
.............SUPERO prueba 6

puntuacion:66.66666666666667
Ruta_imagen:/var/www/html/reconocimientoFacial/proyecto_definitivo/admin/files/videos_registro/1.jpg
basename:1.jpg
local_id:1
posicion:3
-------------Analizando en posicon_cara-------------
Tiene caras1
0:(parte izquierda cara)->373.0/272.0
16:(parte derecha cara)->651.0/257.0
7:(barbilla1)->423.0/465.0
8:(barbilla2)->458.0/480.0
9:(barbilla3)->502.0/470.0
27:(entrecejo)->453.0/247.0
30:(toxa punta)->433.0/316.0
33:(toxa abajo)->443.0/341.0
31:(izq toxa)->428.0/336.0
35:(der toxa)->472.0/336.0
36:(ojo izq fuera)->393.0/252.0
39:(ojo izq dentro)->433.0/252.0
45:(ojo der fuera)->547.0/247.0
42:(ojo der dentro)->497.0/252.0
48:(boca izq)->413.0/391.0
54:(boca der)->502.0/391.0
51:(boca arriba)->443.0/371.0
57:(boca abajo)->443.0/410.0
Numero prueba:1
prueba de posicionado
punto 1:433.0/316.0
punto 2:651.0/257.0
minimo:0
El punto 1 tiene que estar mas a la derecha que el 2
NO lo esta

Numero prueba:2
La diferencia es:6.666666666666667
El margen pedido es:3
.............SUPERO prueba 2

Numero prueba:3
La diferencia es:10.0
El margen pedido es:15
.............SUPERO prueba 3

Numero prueba:4
La diferencia es:20.0
El margen pedido es:15

Numero prueba:5
prueba de posicionado
punto 1:458.0/480.0
punto 2:423.0/465.0
minimo:0
El punto 1 tiene que estar mas abajo que el 2
Lo esta
La diferencia es > que el minimo, superaria
.............SUPERO prueba 5

Numero prueba:6
prueba de posicionado
punto 1:458.0/480.0
punto 2:502.0/470.0
minimo:0
El punto 1 tiene que estar mas abajo que el 2
Lo esta
La diferencia es > que el minimo, superaria
.............SUPERO prueba 6

puntuacion:66.66666666666667
Ruta_imagen:/var/www/html/reconocimientoFacial/proyecto_definitivo/admin/files/videos_registro/1.jpg
basename:1.jpg
local_id:1
posicion:3
-------------Analizando en posicon_cara-------------
Tiene caras1
0:(parte izquierda cara)->392.0/302.0
16:(parte derecha cara)->655.0/288.0
7:(barbilla1)->466.0/473.0
8:(barbilla2)->508.0/482.0
9:(barbilla3)->545.0/477.0
27:(entrecejo)->498.0/288.0
30:(toxa punta)->489.0/348.0
33:(toxa abajo)->498.0/371.0
31:(izq toxa)->475.0/367.0
35:(der toxa)->521.0/362.0
36:(ojo izq fuera)->429.0/288.0
39:(ojo izq dentro)->471.0/293.0
45:(ojo der fuera)->581.0/284.0
42:(ojo der dentro)->535.0/288.0
48:(boca izq)->462.0/413.0
54:(boca der)->540.0/413.0
51:(boca arriba)->498.0/394.0
57:(boca abajo)->498.0/431.0
Numero prueba:1
prueba de posicionado
punto 1:489.0/348.0
punto 2:655.0/288.0
minimo:0
El punto 1 tiene que estar mas a la derecha que el 2
NO lo esta

Numero prueba:2
La diferencia es:4.666666666666667
El margen pedido es:3
.............SUPERO prueba 2

Numero prueba:3
La diferencia es:0.0
El margen pedido es:15
.............SUPERO prueba 3

Numero prueba:4
La diferencia es:33.0
El margen pedido es:15

Numero prueba:5
prueba de posicionado
punto 1:508.0/482.0
punto 2:466.0/473.0
minimo:0
El punto 1 tiene que estar mas abajo que el 2
Lo esta
La diferencia es > que el minimo, superaria
.............SUPERO prueba 5

Numero prueba:6
prueba de posicionado
punto 1:508.0/482.0
punto 2:545.0/477.0
minimo:0
El punto 1 tiene que estar mas abajo que el 2
Lo esta
La diferencia es > que el minimo, superaria
.............SUPERO prueba 6

puntuacion:66.66666666666667
Ruta_imagen:/var/www/html/reconocimientoFacial/proyecto_definitivo/admin/files/videos_registro/1.jpg
basename:1.jpg
local_id:1
posicion:3
-------------Analizando en posicon_cara-------------
Tiene caras1
0:(parte izquierda cara)->341.0/340.0
16:(parte derecha cara)->587.0/269.0
7:(barbilla1)->453.0/443.0
8:(barbilla2)->484.0/443.0
9:(barbilla3)->520.0/434.0
27:(entrecejo)->413.0/282.0
30:(toxa punta)->413.0/331.0
33:(toxa abajo)->430.0/354.0
31:(izq toxa)->417.0/358.0
35:(der toxa)->453.0/349.0
36:(ojo izq fuera)->364.0/314.0
39:(ojo izq dentro)->395.0/296.0
45:(ojo der fuera)->493.0/260.0
42:(ojo der dentro)->453.0/273.0
48:(boca izq)->413.0/407.0
54:(boca der)->493.0/385.0
51:(boca arriba)->439.0/381.0
57:(boca abajo)->453.0/407.0
Numero prueba:1
prueba de posicionado
punto 1:413.0/331.0
punto 2:587.0/269.0
minimo:0
El punto 1 tiene que estar mas a la derecha que el 2
NO lo esta

Numero prueba:2
La diferencia es:8.666666666666666
El margen pedido es:3
.............SUPERO prueba 2

Numero prueba:3
La diferencia es:17.0
El margen pedido es:15

Numero prueba:4
La diferencia es:49.0
El margen pedido es:15

Numero prueba:5
prueba de posicionado
punto 1:484.0/443.0
punto 2:453.0/443.0
minimo:0
El punto 1 tiene que estar mas abajo que el 2
NO lo esta

Numero prueba:6
prueba de posicionado
punto 1:484.0/443.0
punto 2:520.0/434.0
minimo:0
El punto 1 tiene que estar mas abajo que el 2
Lo esta
La diferencia es > que el minimo, superaria
.............SUPERO prueba 6

puntuacion:33.333333333333336
Ruta_imagen:/var/www/html/reconocimientoFacial/proyecto_definitivo/admin/files/videos_registro/1.jpg
basename:1.jpg
local_id:1
posicion:3
-------------Analizando en posicon_cara-------------
Tiene caras1
0:(parte izquierda cara)->294.0/332.0
16:(parte derecha cara)->535.0/253.0
7:(barbilla1)->392.0/480.0
8:(barbilla2)->429.0/485.0
9:(barbilla3)->470.0/466.0
27:(entrecejo)->368.0/285.0
30:(toxa punta)->368.0/350.0
33:(toxa abajo)->382.0/369.0
31:(izq toxa)->368.0/369.0
35:(der toxa)->410.0/360.0
36:(ojo izq fuera)->313.0/304.0
39:(ojo izq dentro)->350.0/299.0
45:(ojo der fuera)->452.0/262.0
42:(ojo der dentro)->410.0/276.0
48:(boca izq)->364.0/420.0
54:(boca der)->447.0/402.0
51:(boca arriba)->392.0/392.0
57:(boca abajo)->401.0/439.0
Numero prueba:1
prueba de posicionado
punto 1:368.0/350.0
punto 2:535.0/253.0
minimo:0
El punto 1 tiene que estar mas a la derecha que el 2
NO lo esta

Numero prueba:2
La diferencia es:9.333333333333334
El margen pedido es:3
.............SUPERO prueba 2

Numero prueba:3
La diferencia es:14.0
El margen pedido es:15
.............SUPERO prueba 3

Numero prueba:4
La diferencia es:51.0
El margen pedido es:15

Numero prueba:5
prueba de posicionado
punto 1:429.0/485.0
punto 2:392.0/480.0
minimo:0
El punto 1 tiene que estar mas abajo que el 2
Lo esta
La diferencia es > que el minimo, superaria
.............SUPERO prueba 5

Numero prueba:6
prueba de posicionado
punto 1:429.0/485.0
punto 2:470.0/466.0
minimo:0
El punto 1 tiene que estar mas abajo que el 2
Lo esta
La diferencia es > que el minimo, superaria
.............SUPERO prueba 6

puntuacion:66.66666666666667
Ruta_imagen:/var/www/html/reconocimientoFacial/proyecto_definitivo/admin/files/videos_registro/1.jpg
basename:1.jpg
local_id:1
posicion:3
-------------Analizando en posicon_cara-------------
Tiene caras1
0:(parte izquierda cara)->230.0/337.0
16:(parte derecha cara)->497.0/261.0
7:(barbilla1)->354.0/494.0
8:(barbilla2)->397.0/494.0
9:(barbilla3)->435.0/480.0
27:(entrecejo)->335.0/308.0
30:(toxa punta)->340.0/380.0
33:(toxa abajo)->354.0/394.0
31:(izq toxa)->335.0/394.0
35:(der toxa)->378.0/385.0
36:(ojo izq fuera)->264.0/323.0
39:(ojo izq dentro)->307.0/318.0
45:(ojo der fuera)->421.0/280.0
42:(ojo der dentro)->373.0/294.0
48:(boca izq)->326.0/442.0
54:(boca der)->416.0/423.0
51:(boca arriba)->359.0/423.0
57:(boca abajo)->368.0/456.0
Numero prueba:1
prueba de posicionado
punto 1:340.0/380.0
punto 2:497.0/261.0
minimo:0
El punto 1 tiene que estar mas a la derecha que el 2
NO lo esta

Numero prueba:2
La diferencia es:4.666666666666667
El margen pedido es:3
.............SUPERO prueba 2

Numero prueba:3
La diferencia es:19.0
El margen pedido es:15

Numero prueba:4
La diferencia es:62.0
El margen pedido es:15

Numero prueba:5
prueba de posicionado
punto 1:397.0/494.0
punto 2:354.0/494.0
minimo:0
El punto 1 tiene que estar mas abajo que el 2
NO lo esta

Numero prueba:6
prueba de posicionado
punto 1:397.0/494.0
punto 2:435.0/480.0
minimo:0
El punto 1 tiene que estar mas abajo que el 2
Lo esta
La diferencia es > que el minimo, superaria
.............SUPERO prueba 6

puntuacion:33.333333333333336
Ruta_imagen:/var/www/html/reconocimientoFacial/proyecto_definitivo/admin/files/videos_registro/1.jpg
basename:1.jpg
local_id:1
posicion:3
-------------Analizando en posicon_cara-------------
Tiene caras1
0:(parte izquierda cara)->394.0/318.0
16:(parte derecha cara)->636.0/314.0
7:(barbilla1)->474.0/405.0
8:(barbilla2)->508.0/408.0
9:(barbilla3)->545.0/408.0
27:(entrecejo)->519.0/238.0
30:(toxa punta)->515.0/268.0
33:(toxa abajo)->515.0/302.0
31:(izq toxa)->500.0/302.0
35:(der toxa)->534.0/302.0
36:(ojo izq fuera)->451.0/257.0
39:(ojo izq dentro)->489.0/257.0
45:(ojo der fuera)->587.0/261.0
42:(ojo der dentro)->549.0/257.0
48:(boca izq)->474.0/348.0
54:(boca der)->553.0/352.0
51:(boca arriba)->515.0/325.0
57:(boca abajo)->511.0/359.0
Numero prueba:1
prueba de posicionado
punto 1:515.0/268.0
punto 2:636.0/314.0
minimo:0
El punto 1 tiene que estar mas a la derecha que el 2
NO lo esta

Numero prueba:2
La diferencia es:20.333333333333332
El margen pedido es:3
.............SUPERO prueba 2

Numero prueba:3
La diferencia es:4.0
El margen pedido es:15
.............SUPERO prueba 3

Numero prueba:4
La diferencia es:23.0
El margen pedido es:15

Numero prueba:5
prueba de posicionado
punto 1:508.0/408.0
punto 2:474.0/405.0
minimo:0
El punto 1 tiene que estar mas abajo que el 2
Lo esta
La diferencia es > que el minimo, superaria
.............SUPERO prueba 5

Numero prueba:6
prueba de posicionado
punto 1:508.0/408.0
punto 2:545.0/408.0
minimo:0
El punto 1 tiene que estar mas abajo que el 2
NO lo esta

puntuacion:50.0
Ruta_imagen:/var/www/html/reconocimientoFacial/proyecto_definitivo/admin/files/videos_registro/1.jpg
basename:1.jpg
local_id:1
posicion:3
-------------Analizando en posicon_cara-------------
Tiene caras1
0:(parte izquierda cara)->310.0/348.0
16:(parte derecha cara)->546.0/282.0
7:(barbilla1)->418.0/460.0
8:(barbilla2)->459.0/456.0
9:(barbilla3)->492.0/443.0
27:(entrecejo)->409.0/278.0
30:(toxa punta)->414.0/323.0
33:(toxa abajo)->422.0/348.0
31:(izq toxa)->405.0/348.0
35:(der toxa)->443.0/340.0
36:(ojo izq fuera)->347.0/307.0
39:(ojo izq dentro)->385.0/294.0
45:(ojo der fuera)->484.0/269.0
42:(ojo der dentro)->443.0/278.0
48:(boca izq)->397.0/402.0
54:(boca der)->476.0/381.0
51:(boca arriba)->430.0/373.0
57:(boca abajo)->438.0/402.0
Numero prueba:1
prueba de posicionado
punto 1:414.0/323.0
punto 2:546.0/282.0
minimo:0
El punto 1 tiene que estar mas a la derecha que el 2
NO lo esta

Numero prueba:2
La diferencia es:13.666666666666666
El margen pedido es:3
.............SUPERO prueba 2

Numero prueba:3
La diferencia es:13.0
El margen pedido es:15
.............SUPERO prueba 3

Numero prueba:4
La diferencia es:50.0
El margen pedido es:15

Numero prueba:5
prueba de posicionado
punto 1:459.0/456.0
punto 2:418.0/460.0
minimo:0
El punto 1 tiene que estar mas abajo que el 2
NO lo esta

Numero prueba:6
prueba de posicionado
punto 1:459.0/456.0
punto 2:492.0/443.0
minimo:0
El punto 1 tiene que estar mas abajo que el 2
Lo esta
La diferencia es > que el minimo, superaria
.............SUPERO prueba 6

puntuacion:50.0
Ruta_imagen:/var/www/html/reconocimientoFacial/proyecto_definitivo/admin/files/videos_registro/1.jpg
basename:1.jpg
local_id:1
posicion:3
-------------Analizando en posicon_cara-------------
Tiene caras1
0:(parte izquierda cara)->336.0/300.0
16:(parte derecha cara)->562.0/269.0
7:(barbilla1)->362.0/473.0
8:(barbilla2)->384.0/482.0
9:(barbilla3)->423.0/469.0
27:(entrecejo)->358.0/278.0
30:(toxa punta)->328.0/339.0
33:(toxa abajo)->354.0/365.0
31:(izq toxa)->349.0/360.0
35:(der toxa)->375.0/356.0
36:(ojo izq fuera)->341.0/287.0
39:(ojo izq dentro)->362.0/282.0
45:(ojo der fuera)->436.0/269.0
42:(ojo der dentro)->401.0/278.0
48:(boca izq)->354.0/408.0
54:(boca der)->410.0/399.0
51:(boca arriba)->354.0/391.0
57:(boca abajo)->358.0/413.0
Numero prueba:1
prueba de posicionado
punto 1:328.0/339.0
punto 2:562.0/269.0
minimo:0
El punto 1 tiene que estar mas a la derecha que el 2
NO lo esta

Numero prueba:2
La diferencia es:4.333333333333333
El margen pedido es:3
.............SUPERO prueba 2

Numero prueba:3
La diferencia es:4.0
El margen pedido es:15
.............SUPERO prueba 3

Numero prueba:4
La diferencia es:13.0
El margen pedido es:15
.............SUPERO prueba 4

Numero prueba:5
prueba de posicionado
punto 1:384.0/482.0
punto 2:362.0/473.0
minimo:0
El punto 1 tiene que estar mas abajo que el 2
Lo esta
La diferencia es > que el minimo, superaria
.............SUPERO prueba 5

Numero prueba:6
prueba de posicionado
punto 1:384.0/482.0
punto 2:423.0/469.0
minimo:0
El punto 1 tiene que estar mas abajo que el 2
Lo esta
La diferencia es > que el minimo, superaria
.............SUPERO prueba 6

puntuacion:83.33333333333334
Ruta_imagen:/var/www/html/reconocimientoFacial/proyecto_definitivo/admin/files/videos_registro/1.jpg
basename:1.jpg
local_id:1
posicion:1
-------------Analizando en posicon_cara-------------
Tiene caras1
0:(parte izquierda cara)->-24.0/309.0
16:(parte derecha cara)->301.0/209.0
7:(barbilla1)->93.0/505.0
8:(barbilla2)->141.0/511.0
9:(barbilla3)->188.0/493.0
27:(entrecejo)->58.0/286.0
30:(toxa punta)->46.0/380.0
33:(toxa abajo)->76.0/404.0
31:(izq toxa)->52.0/398.0
35:(der toxa)->105.0/386.0
36:(ojo izq fuera)->-6.0/292.0
39:(ojo izq dentro)->40.0/286.0
45:(ojo der fuera)->170.0/250.0
42:(ojo der dentro)->111.0/268.0
48:(boca izq)->52.0/451.0
54:(boca der)->158.0/434.0
51:(boca arriba)->82.0/440.0
57:(boca abajo)->93.0/469.0
Numero prueba:1
La diferencia es:18.0
El margen pedido es:10

Numero prueba:2
La diferencia es:48.0
El margen pedido es:10

Numero prueba:3
La diferencia es:42.0
El margen pedido es:10

Numero prueba:4
La diferencia es:6.0
El margen pedido es:10
.............SUPERO prueba 4

Numero prueba:5
La diferencia es:100.0
El margen pedido es:10

Numero prueba:6
La diferencia es:17.0
El margen pedido es:10

Numero prueba:7
la x1 es:-6.0
la x2 es:170.0
el centro horizontal esta en:82.0
la x es:58.0
La diferencia es:24.0
El margen pedido es:10

Numero prueba:8
la x1 es:-24.0
la x2 es:301.0
el centro horizontal esta en:138.5
la x es:58.0
La diferencia es:80.5
El margen pedido es:10

Numero prueba:9
la x1 es:-24.0
la x2 es:301.0
el centro horizontal esta en:138.5
la x es:76.0
La diferencia es:62.5
El margen pedido es:10

Numero prueba:10
La distancia es:17.0
El margen pedido es:15

Numero prueba:11
prueba de posicionado
punto 1:141.0/511.0
punto 2:93.0/505.0
minimo:0
El punto 1 tiene que estar mas abajo que el 2
Lo esta
La diferencia es > que el minimo, superaria
.............SUPERO prueba 11

Numero prueba:12
prueba de posicionado
punto 1:141.0/511.0
punto 2:188.0/493.0
minimo:0
El punto 1 tiene que estar mas abajo que el 2
Lo esta
La diferencia es > que el minimo, superaria
.............SUPERO prueba 12

puntuacion:25.0
Ruta_imagen:/var/www/html/reconocimientoFacial/proyecto_definitivo/admin/files/videos_registro/1.jpg
basename:1.jpg
local_id:1
posicion:1
-------------Analizando en posicon_cara-------------
Tiene caras1
0:(parte izquierda cara)->259.0/260.0
16:(parte derecha cara)->491.0/264.0
7:(barbilla1)->328.0/419.0
8:(barbilla2)->361.0/432.0
9:(barbilla3)->397.0/428.0
27:(entrecejo)->369.0/256.0
30:(toxa punta)->365.0/313.0
33:(toxa abajo)->365.0/334.0
31:(izq toxa)->348.0/326.0
35:(der toxa)->385.0/330.0
36:(ojo izq fuera)->303.0/256.0
39:(ojo izq dentro)->340.0/260.0
45:(ojo der fuera)->438.0/256.0
42:(ojo der dentro)->401.0/256.0
48:(boca izq)->324.0/362.0
54:(boca der)->405.0/366.0
51:(boca arriba)->365.0/358.0
57:(boca abajo)->361.0/374.0
Numero prueba:1
La diferencia es:4.0
El margen pedido es:10
.............SUPERO prueba 1

Numero prueba:2
La diferencia es:0.0
El margen pedido es:10
.............SUPERO prueba 2

Numero prueba:3
La diferencia es:0.0
El margen pedido es:10
.............SUPERO prueba 3

Numero prueba:4
La diferencia es:4.0
El margen pedido es:10
.............SUPERO prueba 4

Numero prueba:5
La diferencia es:4.0
El margen pedido es:10
.............SUPERO prueba 5

Numero prueba:6
La diferencia es:4.0
El margen pedido es:10
.............SUPERO prueba 6

Numero prueba:7
la x1 es:303.0
la x2 es:438.0
el centro horizontal esta en:370.5
la x es:369.0
La diferencia es:1.5
El margen pedido es:10
.............SUPERO prueba 7

Numero prueba:8
la x1 es:259.0
la x2 es:491.0
el centro horizontal esta en:375.0
la x es:369.0
La diferencia es:6.0
El margen pedido es:10
.............SUPERO prueba 8

Numero prueba:9
la x1 es:259.0
la x2 es:491.0
el centro horizontal esta en:375.0
la x es:365.0
La diferencia es:10.0
El margen pedido es:10
.............SUPERO prueba 9

Numero prueba:10
La distancia es:4.0
El margen pedido es:15
.............SUPERO prueba 10

Numero prueba:11
prueba de posicionado
punto 1:361.0/432.0
punto 2:328.0/419.0
minimo:0
El punto 1 tiene que estar mas abajo que el 2
Lo esta
La diferencia es > que el minimo, superaria
.............SUPERO prueba 11

Numero prueba:12
prueba de posicionado
punto 1:361.0/432.0
punto 2:397.0/428.0
minimo:0
El punto 1 tiene que estar mas abajo que el 2
Lo esta
La diferencia es > que el minimo, superaria
.............SUPERO prueba 12

puntuacion:99.99999999999999
Ruta_imagen:/var/www/html/reconocimientoFacial/proyecto_definitivo/admin/files/videos_registro/1.jpg
basename:1.jpg
local_id:1
posicion:2
-------------Analizando en posicon_cara-------------
Tiene caras1
0:(parte izquierda cara)->284.0/272.0
16:(parte derecha cara)->508.0/239.0
7:(barbilla1)->313.0/421.0
8:(barbilla2)->338.0/430.0
9:(barbilla3)->375.0/421.0
27:(entrecejo)->326.0/243.0
30:(toxa punta)->305.0/301.0
33:(toxa abajo)->322.0/322.0
31:(izq toxa)->309.0/318.0
35:(der toxa)->342.0/314.0
36:(ojo izq fuera)->293.0/252.0
39:(ojo izq dentro)->317.0/247.0
45:(ojo der fuera)->404.0/239.0
42:(ojo der dentro)->367.0/243.0
48:(boca izq)->305.0/359.0
54:(boca der)->371.0/355.0
51:(boca arriba)->322.0/347.0
57:(boca abajo)->322.0/367.0
Numero prueba:1
La diferencia es:4.0
El margen pedido es:10
.............SUPERO prueba 1

Numero prueba:2
La diferencia es:13.0
El margen pedido es:10

Numero prueba:3
prueba de posicionado
punto 1:305.0/301.0
punto 2:508.0/239.0
minimo:0
El punto 1 tiene que estar mas a la izquierda que el 2
Lo esta
El minimo es 0, por lo que superaria
.............SUPERO prueba 3

Numero prueba:4
prueba de posicionado
punto 1:338.0/430.0
punto 2:313.0/421.0
minimo:0
El punto 1 tiene que estar mas abajo que el 2
Lo esta
La diferencia es > que el minimo, superaria
.............SUPERO prueba 4

Numero prueba:5
prueba de posicionado
punto 1:338.0/430.0
punto 2:375.0/421.0
minimo:0
El punto 1 tiene que estar mas abajo que el 2
Lo esta
La diferencia es > que el minimo, superaria
.............SUPERO prueba 5

Numero prueba:6
La diferencia es:6.666666666666667
El margen pedido es:3
.............SUPERO prueba 6

puntuacion:83.33333333333334
Ruta_imagen:/var/www/html/reconocimientoFacial/proyecto_definitivo/admin/files/videos_registro/1.jpg
basename:1.jpg
local_id:1
posicion:3
-------------Analizando en posicon_cara-------------
Tiene caras1
0:(parte izquierda cara)->297.0/296.0
16:(parte derecha cara)->468.0/245.0
7:(barbilla1)->309.0/443.0
8:(barbilla2)->328.0/451.0
9:(barbilla3)->352.0/435.0
27:(entrecejo)->286.0/276.0
30:(toxa punta)->259.0/335.0
33:(toxa abajo)->290.0/350.0
31:(izq toxa)->293.0/346.0
35:(der toxa)->305.0/338.0
36:(ojo izq fuera)->305.0/288.0
39:(ojo izq dentro)->305.0/280.0
45:(ojo der fuera)->344.0/257.0
42:(ojo der dentro)->324.0/269.0
48:(boca izq)->313.0/385.0
54:(boca der)->332.0/373.0
51:(boca arriba)->293.0/373.0
57:(boca abajo)->297.0/389.0
Numero prueba:1
prueba de posicionado
punto 1:259.0/335.0
punto 2:468.0/245.0
minimo:0
El punto 1 tiene que estar mas a la derecha que el 2
NO lo esta

Numero prueba:2
La diferencia es:2.6666666666666665
El margen pedido es:3
.............SUPERO prueba 2

Numero prueba:3
La diferencia es:4.0
El margen pedido es:15
.............SUPERO prueba 3

Numero prueba:4
La diferencia es:8.0
El margen pedido es:15
.............SUPERO prueba 4

Numero prueba:5
prueba de posicionado
punto 1:328.0/451.0
punto 2:309.0/443.0
minimo:0
El punto 1 tiene que estar mas abajo que el 2
Lo esta
La diferencia es > que el minimo, superaria
.............SUPERO prueba 5

Numero prueba:6
prueba de posicionado
punto 1:328.0/451.0
punto 2:352.0/435.0
minimo:0
El punto 1 tiene que estar mas abajo que el 2
Lo esta
La diferencia es > que el minimo, superaria
.............SUPERO prueba 6

puntuacion:83.33333333333334
Ruta_imagen:/var/www/html/reconocimientoFacial/proyecto_definitivo/admin/files/videos_registro/1.jpg
basename:1.jpg
local_id:1
posicion:4
-------------Analizando en posicon_cara-------------
Tiene caras1
0:(parte izquierda cara)->356.0/237.0
16:(parte derecha cara)->576.0/289.0
7:(barbilla1)->444.0/409.0
8:(barbilla2)->476.0/421.0
9:(barbilla3)->508.0/425.0
27:(entrecejo)->524.0/249.0
30:(toxa punta)->532.0/301.0
33:(toxa abajo)->516.0/321.0
31:(izq toxa)->496.0/313.0
35:(der toxa)->528.0/321.0
36:(ojo izq fuera)->452.0/237.0
39:(ojo izq dentro)->484.0/245.0
45:(ojo der fuera)->564.0/269.0
42:(ojo der dentro)->536.0/261.0
48:(boca izq)->460.0/345.0
54:(boca der)->528.0/369.0
51:(boca arriba)->508.0/345.0
57:(boca abajo)->504.0/365.0
Numero prueba:1
La diferencia es:8.0
El margen pedido es:10
.............SUPERO prueba 1

Numero prueba:2
La diferencia es:6.666666666666667
El margen pedido es:3
.............SUPERO prueba 2

Numero prueba:3
La diferencia es:32.0
El margen pedido es:10

Numero prueba:4
prueba de posicionado
punto 1:532.0/301.0
punto 2:576.0/289.0
minimo:0
El punto 1 tiene que estar mas a la derecha que el 2
NO lo esta

Numero prueba:5
prueba de posicionado
punto 1:476.0/421.0
punto 2:444.0/409.0
minimo:0
El punto 1 tiene que estar mas abajo que el 2
Lo esta
La diferencia es > que el minimo, superaria
.............SUPERO prueba 5

Numero prueba:6
prueba de posicionado
punto 1:476.0/421.0
punto 2:508.0/425.0
minimo:0
El punto 1 tiene que estar mas abajo que el 2
NO lo esta

puntuacion:50.0
Ruta_imagen:/var/www/html/reconocimientoFacial/proyecto_definitivo/admin/files/videos_registro/1.jpg
basename:1.jpg
local_id:1
posicion:4
-------------Analizando en posicon_cara-------------
Tiene caras1
0:(parte izquierda cara)->289.0/260.0
16:(parte derecha cara)->526.0/242.0
7:(barbilla1)->374.0/443.0
8:(barbilla2)->414.0/452.0
9:(barbilla3)->454.0/443.0
27:(entrecejo)->409.0/256.0
30:(toxa punta)->414.0/318.0
33:(toxa abajo)->414.0/336.0
31:(izq toxa)->392.0/332.0
35:(der toxa)->432.0/332.0
36:(ojo izq fuera)->338.0/251.0
39:(ojo izq dentro)->378.0/256.0
45:(ojo der fuera)->485.0/247.0
42:(ojo der dentro)->441.0/251.0
48:(boca izq)->369.0/376.0
54:(boca der)->454.0/372.0
51:(boca arriba)->414.0/363.0
57:(boca abajo)->409.0/403.0
Numero prueba:1
La diferencia es:5.0
El margen pedido es:10
.............SUPERO prueba 1

Numero prueba:2
La diferencia es:1.6666666666666667
El margen pedido es:3
.............SUPERO prueba 2

Numero prueba:3
La diferencia es:4.0
El margen pedido es:10
.............SUPERO prueba 3

Numero prueba:4
prueba de posicionado
punto 1:414.0/318.0
punto 2:526.0/242.0
minimo:0
El punto 1 tiene que estar mas a la derecha que el 2
NO lo esta

Numero prueba:5
prueba de posicionado
punto 1:414.0/452.0
punto 2:374.0/443.0
minimo:0
El punto 1 tiene que estar mas abajo que el 2
Lo esta
La diferencia es > que el minimo, superaria
.............SUPERO prueba 5

Numero prueba:6
prueba de posicionado
punto 1:414.0/452.0
punto 2:454.0/443.0
minimo:0
El punto 1 tiene que estar mas abajo que el 2
Lo esta
La diferencia es > que el minimo, superaria
.............SUPERO prueba 6

puntuacion:83.33333333333334
Ruta_imagen:/var/www/html/reconocimientoFacial/proyecto_definitivo/admin/files/videos_registro/1.jpg
basename:1.jpg
local_id:1
posicion:5
-------------Analizando en posicon_cara-------------
Tiene caras1
0:(parte izquierda cara)->303.0/230.0
16:(parte derecha cara)->520.0/282.0
7:(barbilla1)->375.0/399.0
8:(barbilla2)->407.0/415.0
9:(barbilla3)->440.0/415.0
27:(entrecejo)->456.0/242.0
30:(toxa punta)->456.0/294.0
33:(toxa abajo)->444.0/314.0
31:(izq toxa)->423.0/306.0
35:(der toxa)->460.0/314.0
36:(ojo izq fuera)->383.0/234.0
39:(ojo izq dentro)->419.0/242.0
45:(ojo der fuera)->504.0/262.0
42:(ojo der dentro)->472.0/254.0
48:(boca izq)->391.0/338.0
54:(boca der)->464.0/359.0
51:(boca arriba)->440.0/338.0
57:(boca abajo)->432.0/359.0
Numero prueba:1
prueba de posicionado
punto 1:456.0/294.0
punto 2:303.0/230.0
minimo:0
El punto 1 tiene que estar mas a la izquierda que el 2
NO lo esta

Numero prueba:2
La diferencia es:6.666666666666667
El margen pedido es:3
.............SUPERO prueba 2

Numero prueba:3
La diferencia es:12.0
El margen pedido es:10

Numero prueba:4
La diferencia es:40.0
El margen pedido es:10

Numero prueba:5
prueba de posicionado
punto 1:407.0/415.0
punto 2:375.0/399.0
minimo:0
El punto 1 tiene que estar mas abajo que el 2
Lo esta
La diferencia es > que el minimo, superaria
.............SUPERO prueba 5

Numero prueba:6
prueba de posicionado
punto 1:407.0/415.0
punto 2:440.0/415.0
minimo:0
El punto 1 tiene que estar mas abajo que el 2
NO lo esta

puntuacion:33.333333333333336
Ruta_imagen:/var/www/html/reconocimientoFacial/proyecto_definitivo/admin/files/videos_registro/1.jpg
basename:1.jpg
local_id:1
posicion:5
-------------Analizando en posicon_cara-------------
Tiene caras1
0:(parte izquierda cara)->266.0/238.0
16:(parte derecha cara)->424.0/283.0
7:(barbilla1)->376.0/407.0
8:(barbilla2)->402.0/418.0
9:(barbilla3)->417.0/415.0
27:(entrecejo)->435.0/260.0
30:(toxa punta)->461.0/308.0
33:(toxa abajo)->435.0/327.0
31:(izq toxa)->420.0/316.0
35:(der toxa)->431.0/327.0
36:(ojo izq fuera)->376.0/246.0
39:(ojo izq dentro)->395.0/257.0
45:(ojo der fuera)->417.0/275.0
42:(ojo der dentro)->417.0/268.0
48:(boca izq)->395.0/349.0
54:(boca der)->417.0/363.0
51:(boca arriba)->431.0/349.0
57:(boca abajo)->428.0/363.0
Numero prueba:1
prueba de posicionado
punto 1:461.0/308.0
punto 2:266.0/238.0
minimo:0
El punto 1 tiene que estar mas a la izquierda que el 2
NO lo esta

Numero prueba:2
La diferencia es:2.6666666666666665
El margen pedido es:3
.............SUPERO prueba 2

Numero prueba:3
La diferencia es:0.0
El margen pedido es:10
.............SUPERO prueba 3

Numero prueba:4
La diferencia es:0.0
El margen pedido es:10
.............SUPERO prueba 4

Numero prueba:5
prueba de posicionado
punto 1:402.0/418.0
punto 2:376.0/407.0
minimo:0
El punto 1 tiene que estar mas abajo que el 2
Lo esta
La diferencia es > que el minimo, superaria
.............SUPERO prueba 5

Numero prueba:6
prueba de posicionado
punto 1:402.0/418.0
punto 2:417.0/415.0
minimo:0
El punto 1 tiene que estar mas abajo que el 2
Lo esta
La diferencia es > que el minimo, superaria
.............SUPERO prueba 6

puntuacion:83.33333333333334
Ruta_imagen:/var/www/html/reconocimientoFacial/proyecto_definitivo/admin/files/videos_registro/1.jpg
basename:1.jpg
local_id:1
posicion:6
-------------Analizando en posicon_cara-------------
Tiene caras1
0:(parte izquierda cara)->273.0/301.0
16:(parte derecha cara)->494.0/283.0
7:(barbilla1)->360.0/321.0
8:(barbilla2)->395.0/318.0
9:(barbilla3)->427.0/324.0
27:(entrecejo)->392.0/193.0
30:(toxa punta)->398.0/199.0
33:(toxa abajo)->398.0/231.0
31:(izq toxa)->380.0/234.0
35:(der toxa)->412.0/237.0
36:(ojo izq fuera)->331.0/216.0
39:(ojo izq dentro)->366.0/211.0
45:(ojo der fuera)->456.0/222.0
42:(ojo der dentro)->421.0/214.0
48:(boca izq)->363.0/272.0
54:(boca der)->430.0/278.0
51:(boca arriba)->398.0/248.0
57:(boca abajo)->398.0/266.0
Numero prueba:1
prueba de posicionado
punto 1:395.0/318.0
punto 2:360.0/321.0
minimo:0
El punto 1 tiene que estar mas arriba que el 2
Lo esta
La diferencia es > que el minimo, superaria
.............SUPERO prueba 1

Numero prueba:2
prueba de posicionado
punto 1:395.0/318.0
punto 2:427.0/324.0
minimo:0
El punto 1 tiene que estar mas arriba que el 2
Lo esta
La diferencia es > que el minimo, superaria
.............SUPERO prueba 2

Numero prueba:3
prueba de posicionado
punto 1:398.0/266.0
punto 2:363.0/272.0
minimo:0
El punto 1 tiene que estar mas arriba que el 2
Lo esta
La diferencia es > que el minimo, superaria
.............SUPERO prueba 3

Numero prueba:4
prueba de posicionado
punto 1:398.0/266.0
punto 2:430.0/278.0
minimo:0
El punto 1 tiene que estar mas arriba que el 2
Lo esta
La diferencia es > que el minimo, superaria
.............SUPERO prueba 4

Numero prueba:5
La diferencia es:3.0
El margen pedido es:10
.............SUPERO prueba 5

Numero prueba:6
La diferencia es:125.0
El margen pedido es:10

Numero prueba:7
La diferencia es:18.0
El margen pedido es:10

Numero prueba:8
prueba de posicionado
punto 1:392.0/193.0
punto 2:366.0/211.0
minimo:0
El punto 1 tiene que estar mas arriba que el 2
Lo esta
La diferencia es > que el minimo, superaria
.............SUPERO prueba 8

Numero prueba:9
prueba de posicionado
punto 1:392.0/193.0
punto 2:421.0/214.0
minimo:0
El punto 1 tiene que estar mas arriba que el 2
Lo esta
La diferencia es > que el minimo, superaria
.............SUPERO prueba 9

Numero prueba:10
prueba de posicionado
punto 1:398.0/199.0
punto 2:366.0/211.0
minimo:0
El punto 1 tiene que estar mas arriba que el 2
Lo esta
La diferencia es > que el minimo, superaria
.............SUPERO prueba 10

Numero prueba:11
prueba de posicionado
punto 1:398.0/199.0
punto 2:421.0/214.0
minimo:0
El punto 1 tiene que estar mas arriba que el 2
Lo esta
La diferencia es > que el minimo, superaria
.............SUPERO prueba 11

Numero prueba:12
La diferencia es:29.0
El margen pedido es:10

Numero prueba:13
La diferencia es:5.0
El margen pedido es:10
.............SUPERO prueba 13

Numero prueba:14
la x1 es:273.0
la x2 es:494.0
el centro horizontal esta en:383.5
la x es:398.0
La diferencia es:14.5
El margen pedido es:10

puntuacion:71.42857142857143
Ruta_imagen:/var/www/html/reconocimientoFacial/proyecto_definitivo/admin/files/videos_registro/1.jpg
basename:1.jpg
local_id:1
posicion:6
-------------Analizando en posicon_cara-------------
Tiene caras1
0:(parte izquierda cara)->287.0/316.0
16:(parte derecha cara)->520.0/312.0
7:(barbilla1)->367.0/341.0
8:(barbilla2)->398.0/344.0
9:(barbilla3)->434.0/344.0
27:(entrecejo)->402.0/210.0
30:(toxa punta)->402.0/223.0
33:(toxa abajo)->402.0/255.0
31:(izq toxa)->386.0/258.0
35:(der toxa)->421.0/258.0
36:(ojo izq fuera)->338.0/236.0
39:(ojo izq dentro)->373.0/229.0
45:(ojo der fuera)->465.0/239.0
42:(ojo der dentro)->430.0/229.0
48:(boca izq)->367.0/293.0
54:(boca der)->440.0/300.0
51:(boca arriba)->402.0/274.0
57:(boca abajo)->402.0/290.0
Numero prueba:1
prueba de posicionado
punto 1:398.0/344.0
punto 2:367.0/341.0
minimo:0
El punto 1 tiene que estar mas arriba que el 2
NO lo esta

Numero prueba:2
prueba de posicionado
punto 1:398.0/344.0
punto 2:434.0/344.0
minimo:0
El punto 1 tiene que estar mas arriba que el 2
NO lo esta

Numero prueba:3
prueba de posicionado
punto 1:402.0/290.0
punto 2:367.0/293.0
minimo:0
El punto 1 tiene que estar mas arriba que el 2
Lo esta
La diferencia es > que el minimo, superaria
.............SUPERO prueba 3

Numero prueba:4
prueba de posicionado
punto 1:402.0/290.0
punto 2:440.0/300.0
minimo:0
El punto 1 tiene que estar mas arriba que el 2
Lo esta
La diferencia es > que el minimo, superaria
.............SUPERO prueba 4

Numero prueba:5
La diferencia es:4.0
El margen pedido es:10
.............SUPERO prueba 5

Numero prueba:6
La diferencia es:127.0
El margen pedido es:10

Numero prueba:7
La diferencia es:4.0
El margen pedido es:10
.............SUPERO prueba 7

Numero prueba:8
prueba de posicionado
punto 1:402.0/210.0
punto 2:373.0/229.0
minimo:0
El punto 1 tiene que estar mas arriba que el 2
Lo esta
La diferencia es > que el minimo, superaria
.............SUPERO prueba 8

Numero prueba:9
prueba de posicionado
punto 1:402.0/210.0
punto 2:430.0/229.0
minimo:0
El punto 1 tiene que estar mas arriba que el 2
Lo esta
La diferencia es > que el minimo, superaria
.............SUPERO prueba 9

Numero prueba:10
prueba de posicionado
punto 1:402.0/223.0
punto 2:373.0/229.0
minimo:0
El punto 1 tiene que estar mas arriba que el 2
Lo esta
La diferencia es > que el minimo, superaria
.............SUPERO prueba 10

Numero prueba:11
prueba de posicionado
punto 1:402.0/223.0
punto 2:430.0/229.0
minimo:0
El punto 1 tiene que estar mas arriba que el 2
Lo esta
La diferencia es > que el minimo, superaria
.............SUPERO prueba 11

Numero prueba:12
La diferencia es:23.0
El margen pedido es:10

Numero prueba:13
La diferencia es:12.0
El margen pedido es:10

Numero prueba:14
la x1 es:287.0
la x2 es:520.0
el centro horizontal esta en:403.5
la x es:402.0
La diferencia es:1.5
El margen pedido es:10
.............SUPERO prueba 14

puntuacion:64.28571428571429
Ruta_imagen:/var/www/html/reconocimientoFacial/proyecto_definitivo/admin/files/videos_registro/1.jpg
basename:1.jpg
local_id:1
posicion:6
-------------Analizando en posicon_cara-------------
Tiene caras1
0:(parte izquierda cara)->272.0/344.0
16:(parte derecha cara)->484.0/322.0
7:(barbilla1)->361.0/364.0
8:(barbilla2)->395.0/361.0
9:(barbilla3)->425.0/364.0
27:(entrecejo)->392.0/236.0
30:(toxa punta)->397.0/247.0
33:(toxa abajo)->395.0/278.0
31:(izq toxa)->381.0/278.0
35:(der toxa)->411.0/283.0
36:(ojo izq fuera)->328.0/261.0
39:(ojo izq dentro)->364.0/253.0
45:(ojo der fuera)->447.0/264.0
42:(ojo der dentro)->417.0/255.0
48:(boca izq)->364.0/314.0
54:(boca der)->431.0/319.0
51:(boca arriba)->395.0/294.0
57:(boca abajo)->397.0/308.0
Numero prueba:1
prueba de posicionado
punto 1:395.0/361.0
punto 2:361.0/364.0
minimo:0
El punto 1 tiene que estar mas arriba que el 2
Lo esta
La diferencia es > que el minimo, superaria
.............SUPERO prueba 1

Numero prueba:2
prueba de posicionado
punto 1:395.0/361.0
punto 2:425.0/364.0
minimo:0
El punto 1 tiene que estar mas arriba que el 2
Lo esta
La diferencia es > que el minimo, superaria
.............SUPERO prueba 2

Numero prueba:3
prueba de posicionado
punto 1:397.0/308.0
punto 2:364.0/314.0
minimo:0
El punto 1 tiene que estar mas arriba que el 2
Lo esta
La diferencia es > que el minimo, superaria
.............SUPERO prueba 3

Numero prueba:4
prueba de posicionado
punto 1:397.0/308.0
punto 2:431.0/319.0
minimo:0
El punto 1 tiene que estar mas arriba que el 2
Lo esta
La diferencia es > que el minimo, superaria
.............SUPERO prueba 4

Numero prueba:5
La diferencia es:2.0
El margen pedido es:10
.............SUPERO prueba 5

Numero prueba:6
La diferencia es:119.0
El margen pedido es:10

Numero prueba:7
La diferencia es:22.0
El margen pedido es:10

Numero prueba:8
prueba de posicionado
punto 1:392.0/236.0
punto 2:364.0/253.0
minimo:0
El punto 1 tiene que estar mas arriba que el 2
Lo esta
La diferencia es > que el minimo, superaria
.............SUPERO prueba 8

Numero prueba:9
prueba de posicionado
punto 1:392.0/236.0
punto 2:417.0/255.0
minimo:0
El punto 1 tiene que estar mas arriba que el 2
Lo esta
La diferencia es > que el minimo, superaria
.............SUPERO prueba 9

Numero prueba:10
prueba de posicionado
punto 1:397.0/247.0
punto 2:364.0/253.0
minimo:0
El punto 1 tiene que estar mas arriba que el 2
Lo esta
La diferencia es > que el minimo, superaria
.............SUPERO prueba 10

Numero prueba:11
prueba de posicionado
punto 1:397.0/247.0
punto 2:417.0/255.0
minimo:0
El punto 1 tiene que estar mas arriba que el 2
Lo esta
La diferencia es > que el minimo, superaria
.............SUPERO prueba 11

Numero prueba:12
La diferencia es:30.0
El margen pedido es:10

Numero prueba:13
La diferencia es:3.0
El margen pedido es:10
.............SUPERO prueba 13

Numero prueba:14
la x1 es:272.0
la x2 es:484.0
el centro horizontal esta en:378.0
la x es:397.0
La diferencia es:19.0
El margen pedido es:10

puntuacion:71.42857142857143
Ruta_imagen:/var/www/html/reconocimientoFacial/proyecto_definitivo/admin/files/videos_registro/1.jpg
basename:1.jpg
local_id:1
posicion:6
-------------Analizando en posicon_cara-------------
Tiene caras1
0:(parte izquierda cara)->244.0/276.0
16:(parte derecha cara)->472.0/265.0
7:(barbilla1)->332.0/302.0
8:(barbilla2)->367.0/302.0
9:(barbilla3)->401.0/308.0
27:(entrecejo)->370.0/162.0
30:(toxa punta)->375.0/176.0
33:(toxa abajo)->372.0/211.0
31:(izq toxa)->355.0/211.0
35:(der toxa)->387.0/216.0
36:(ojo izq fuera)->307.0/188.0
39:(ojo izq dentro)->341.0/185.0
45:(ojo der fuera)->430.0/199.0
42:(ojo der dentro)->395.0/188.0
48:(boca izq)->335.0/251.0
54:(boca der)->407.0/259.0
51:(boca arriba)->372.0/228.0
57:(boca abajo)->372.0/245.0
Numero prueba:1
prueba de posicionado
punto 1:367.0/302.0
punto 2:332.0/302.0
minimo:0
El punto 1 tiene que estar mas arriba que el 2
NO lo esta

Numero prueba:2
prueba de posicionado
punto 1:367.0/302.0
punto 2:401.0/308.0
minimo:0
El punto 1 tiene que estar mas arriba que el 2
Lo esta
La diferencia es > que el minimo, superaria
.............SUPERO prueba 2

Numero prueba:3
prueba de posicionado
punto 1:372.0/245.0
punto 2:335.0/251.0
minimo:0
El punto 1 tiene que estar mas arriba que el 2
Lo esta
La diferencia es > que el minimo, superaria
.............SUPERO prueba 3

Numero prueba:4
prueba de posicionado
punto 1:372.0/245.0
punto 2:407.0/259.0
minimo:0
El punto 1 tiene que estar mas arriba que el 2
Lo esta
La diferencia es > que el minimo, superaria
.............SUPERO prueba 4

Numero prueba:5
La diferencia es:5.0
El margen pedido es:10
.............SUPERO prueba 5

Numero prueba:6
La diferencia es:123.0
El margen pedido es:10

Numero prueba:7
La diferencia es:11.0
El margen pedido es:10

Numero prueba:8
prueba de posicionado
punto 1:370.0/162.0
punto 2:341.0/185.0
minimo:0
El punto 1 tiene que estar mas arriba que el 2
Lo esta
La diferencia es > que el minimo, superaria
.............SUPERO prueba 8

Numero prueba:9
prueba de posicionado
punto 1:370.0/162.0
punto 2:395.0/188.0
minimo:0
El punto 1 tiene que estar mas arriba que el 2
Lo esta
La diferencia es > que el minimo, superaria
.............SUPERO prueba 9

Numero prueba:10
prueba de posicionado
punto 1:375.0/176.0
punto 2:341.0/185.0
minimo:0
El punto 1 tiene que estar mas arriba que el 2
Lo esta
La diferencia es > que el minimo, superaria
.............SUPERO prueba 10

Numero prueba:11
prueba de posicionado
punto 1:375.0/176.0
punto 2:395.0/188.0
minimo:0
El punto 1 tiene que estar mas arriba que el 2
Lo esta
La diferencia es > que el minimo, superaria
.............SUPERO prueba 11

Numero prueba:12
La diferencia es:25.0
El margen pedido es:10

Numero prueba:13
La diferencia es:6.0
El margen pedido es:10
.............SUPERO prueba 13

Numero prueba:14
la x1 es:244.0
la x2 es:472.0
el centro horizontal esta en:358.0
la x es:372.0
La diferencia es:14.0
El margen pedido es:10

puntuacion:64.28571428571429
Ruta_imagen:/var/www/html/reconocimientoFacial/proyecto_definitivo/admin/files/videos_registro/1.jpg
basename:1.jpg
local_id:1
posicion:6
-------------Analizando en posicon_cara-------------
Tiene caras1
0:(parte izquierda cara)->346.0/293.0
16:(parte derecha cara)->593.0/266.0
7:(barbilla1)->401.0/472.0
8:(barbilla2)->428.0/481.0
9:(barbilla3)->469.0/472.0
27:(entrecejo)->405.0/280.0
30:(toxa punta)->387.0/344.0
33:(toxa abajo)->405.0/362.0
31:(izq toxa)->391.0/357.0
35:(der toxa)->428.0/357.0
36:(ojo izq fuera)->359.0/280.0
39:(ojo izq dentro)->391.0/280.0
45:(ojo der fuera)->487.0/271.0
42:(ojo der dentro)->446.0/275.0
48:(boca izq)->387.0/403.0
54:(boca der)->460.0/403.0
51:(boca arriba)->405.0/389.0
57:(boca abajo)->410.0/426.0
Numero prueba:1
prueba de posicionado
punto 1:428.0/481.0
punto 2:401.0/472.0
minimo:0
El punto 1 tiene que estar mas arriba que el 2
NO lo esta

Numero prueba:2
prueba de posicionado
punto 1:428.0/481.0
punto 2:469.0/472.0
minimo:0
El punto 1 tiene que estar mas arriba que el 2
NO lo esta

Numero prueba:3
prueba de posicionado
punto 1:410.0/426.0
punto 2:387.0/403.0
minimo:0
El punto 1 tiene que estar mas arriba que el 2
NO lo esta

Numero prueba:4
prueba de posicionado
punto 1:410.0/426.0
punto 2:460.0/403.0
minimo:0
El punto 1 tiene que estar mas arriba que el 2
NO lo esta

Numero prueba:5
La diferencia es:18.0
El margen pedido es:10

Numero prueba:6
La diferencia es:128.0
El margen pedido es:10

Numero prueba:7
La diferencia es:27.0
El margen pedido es:10

Numero prueba:8
prueba de posicionado
punto 1:405.0/280.0
punto 2:391.0/280.0
minimo:0
El punto 1 tiene que estar mas arriba que el 2
NO lo esta

Numero prueba:9
prueba de posicionado
punto 1:405.0/280.0
punto 2:446.0/275.0
minimo:0
El punto 1 tiene que estar mas arriba que el 2
NO lo esta

Numero prueba:10
prueba de posicionado
punto 1:387.0/344.0
punto 2:391.0/280.0
minimo:0
El punto 1 tiene que estar mas arriba que el 2
NO lo esta

Numero prueba:11
prueba de posicionado
punto 1:387.0/344.0
punto 2:446.0/275.0
minimo:0
El punto 1 tiene que estar mas arriba que el 2
NO lo esta

Numero prueba:12
La diferencia es:110.0
El margen pedido es:10

Numero prueba:13
La diferencia es:137.0
El margen pedido es:10

Numero prueba:14
la x1 es:346.0
la x2 es:593.0
el centro horizontal esta en:469.5
la x es:410.0
La diferencia es:59.5
El margen pedido es:10

puntuacion:0
Ruta_imagen:/var/www/html/reconocimientoFacial/proyecto_definitivo/admin/files/videos_registro/1.jpg
basename:1.jpg
local_id:1
posicion:6
-------------Analizando en posicon_cara-------------
Tiene caras1
0:(parte izquierda cara)->326.0/312.0
16:(parte derecha cara)->576.0/321.0
7:(barbilla1)->389.0/490.0
8:(barbilla2)->427.0/499.0
9:(barbilla3)->465.0/499.0
27:(entrecejo)->427.0/350.0
30:(toxa punta)->419.0/418.0
33:(toxa abajo)->423.0/427.0
31:(izq toxa)->406.0/418.0
35:(der toxa)->444.0/422.0
36:(ojo izq fuera)->364.0/334.0
39:(ojo izq dentro)->402.0/342.0
45:(ojo der fuera)->504.0/346.0
42:(ojo der dentro)->465.0/346.0
48:(boca izq)->385.0/448.0
54:(boca der)->465.0/456.0
51:(boca arriba)->423.0/452.0
57:(boca abajo)->423.0/469.0
Numero prueba:1
prueba de posicionado
punto 1:427.0/499.0
punto 2:389.0/490.0
minimo:0
El punto 1 tiene que estar mas arriba que el 2
NO lo esta

Numero prueba:2
prueba de posicionado
punto 1:427.0/499.0
punto 2:465.0/499.0
minimo:0
El punto 1 tiene que estar mas arriba que el 2
NO lo esta

Numero prueba:3
prueba de posicionado
punto 1:423.0/469.0
punto 2:385.0/448.0
minimo:0
El punto 1 tiene que estar mas arriba que el 2
NO lo esta

Numero prueba:4
prueba de posicionado
punto 1:423.0/469.0
punto 2:465.0/456.0
minimo:0
El punto 1 tiene que estar mas arriba que el 2
NO lo esta

Numero prueba:5
La diferencia es:4.0
El margen pedido es:10
.............SUPERO prueba 5

Numero prueba:6
La diferencia es:140.0
El margen pedido es:10

Numero prueba:7
La diferencia es:9.0
El margen pedido es:10
.............SUPERO prueba 7

Numero prueba:8
prueba de posicionado
punto 1:427.0/350.0
punto 2:402.0/342.0
minimo:0
El punto 1 tiene que estar mas arriba que el 2
NO lo esta

Numero prueba:9
prueba de posicionado
punto 1:427.0/350.0
punto 2:465.0/346.0
minimo:0
El punto 1 tiene que estar mas arriba que el 2
NO lo esta

Numero prueba:10
prueba de posicionado
punto 1:419.0/418.0
punto 2:402.0/342.0
minimo:0
El punto 1 tiene que estar mas arriba que el 2
NO lo esta

Numero prueba:11
prueba de posicionado
punto 1:419.0/418.0
punto 2:465.0/346.0
minimo:0
El punto 1 tiene que estar mas arriba que el 2
NO lo esta

Numero prueba:12
La diferencia es:136.0
El margen pedido es:10

Numero prueba:13
La diferencia es:135.0
El margen pedido es:10

Numero prueba:14
la x1 es:326.0
la x2 es:576.0
el centro horizontal esta en:451.0
la x es:423.0
La diferencia es:28.0
El margen pedido es:10

puntuacion:14.285714285714286
