paso0
00000000000000000000000000000000000000000000000000000
/home/camaras/Descargas/caretos/a_frente/
00000000000000000000000000000000000000000000000000000
analizando:istockphoto-682897825-612x612.jpg
-------------Analizando en posicon_cara-------------
Tiene caras1
0:(parte izquierda cara)->232.0/149.0
16:(parte derecha cara)->373.0/147.0
7:(barbilla1)->283.0/257.0
8:(barbilla2)->307.0/262.0
9:(barbilla3)->327.0/257.0
27:(entrecejo)->304.0/160.0
30:(toxa punta)->307.0/198.0
33:(toxa abajo)->307.0/206.0
31:(izq toxa)->294.0/201.0
35:(der toxa)->317.0/201.0
36:(ojo izq fuera)->260.0/155.0
39:(ojo izq dentro)->286.0/157.0
45:(ojo der fuera)->348.0/155.0
42:(ojo der dentro)->322.0/157.0
48:(boca izq)->278.0/221.0
54:(boca der)->332.0/219.0
51:(boca arriba)->307.0/219.0
57:(boca abajo)->307.0/234.0
Numero prueba:1
La diferencia es:3.0
El margen pedido es:10
.............SUPERO prueba 1

Numero prueba:2
La diferencia es:0.0
El margen pedido es:10
.............SUPERO prueba 2

Numero prueba:3
La diferencia es:0.0
El margen pedido es:10
.............SUPERO prueba 3

Numero prueba:5
La diferencia es:2.0
El margen pedido es:10
.............SUPERO prueba 5

Numero prueba:6
La diferencia es:2.0
El margen pedido es:10
.............SUPERO prueba 6

Numero prueba:7
la x1 es:260.0
la x2 es:348.0
el centro horizontal esta en:304.0
la x es:304.0
La diferencia es:0.0
El margen pedido es:10
.............SUPERO prueba 7

Numero prueba:8
la x1 es:232.0
la x2 es:373.0
el centro horizontal esta en:302.5
la x es:304.0
La diferencia es:1.5
El margen pedido es:10
.............SUPERO prueba 8

Numero prueba:9
la x1 es:232.0
la x2 es:373.0
el centro horizontal esta en:302.5
la x es:307.0
La diferencia es:4.5
El margen pedido es:10
.............SUPERO prueba 9

Numero prueba:10
La distancia es:6.0
El margen pedido es:12
.............SUPERO prueba 10

Numero prueba:11
prueba de posicionado
punto 1:307.0/262.0
punto 2:283.0/257.0
minimo:0
El punto 1 tiene que estar mas abajo que el 2
Lo esta
La diferencia es > que el minimo, superaria
.............SUPERO prueba 11

Numero prueba:13
La diferencia es:6.0
El margen pedido es:10
.............SUPERO prueba 13

Numero prueba:14
La diferencia es:8.0
El margen pedido es:10
.............SUPERO prueba 14

-------------------_>Puntuacion final(1):99.99999999999999
-----------------
-----------------
######################################################
######################################################
######################################################
######################################################



analizando:istockphoto-1090878494-612x612.jpg
-------------Analizando en posicon_cara-------------
Tiene caras1
0:(parte izquierda cara)->242.0/131.0
16:(parte derecha cara)->377.0/136.0
7:(barbilla1)->289.0/240.0
8:(barbilla2)->311.0/247.0
9:(barbilla3)->335.0/242.0
27:(entrecejo)->313.0/134.0
30:(toxa punta)->313.0/171.0
33:(toxa abajo)->313.0/178.0
31:(izq toxa)->298.0/173.0
35:(der toxa)->326.0/173.0
36:(ojo izq fuera)->271.0/131.0
39:(ojo izq dentro)->296.0/131.0
45:(ojo der fuera)->355.0/134.0
42:(ojo der dentro)->330.0/134.0
48:(boca izq)->279.0/191.0
54:(boca der)->345.0/191.0
51:(boca arriba)->313.0/188.0
57:(boca abajo)->311.0/210.0
Numero prueba:1
La diferencia es:0.0
El margen pedido es:10
.............SUPERO prueba 1

Numero prueba:2
La diferencia es:0.0
El margen pedido es:10
.............SUPERO prueba 2

Numero prueba:3
La diferencia es:3.0
El margen pedido es:10
.............SUPERO prueba 3

Numero prueba:5
La diferencia es:5.0
El margen pedido es:10
.............SUPERO prueba 5

Numero prueba:6
La diferencia es:0.0
El margen pedido es:10
.............SUPERO prueba 6

Numero prueba:7
la x1 es:271.0
la x2 es:355.0
el centro horizontal esta en:313.0
la x es:313.0
La diferencia es:0.0
El margen pedido es:10
.............SUPERO prueba 7

Numero prueba:8
la x1 es:242.0
la x2 es:377.0
el centro horizontal esta en:309.5
la x es:313.0
La diferencia es:3.5
El margen pedido es:10
.............SUPERO prueba 8

Numero prueba:9
la x1 es:242.0
la x2 es:377.0
el centro horizontal esta en:309.5
la x es:313.0
La diferencia es:3.5
El margen pedido es:10
.............SUPERO prueba 9

Numero prueba:10
La distancia es:0.0
El margen pedido es:12
.............SUPERO prueba 10

Numero prueba:11
prueba de posicionado
punto 1:311.0/247.0
punto 2:289.0/240.0
minimo:0
El punto 1 tiene que estar mas abajo que el 2
Lo esta
La diferencia es > que el minimo, superaria
.............SUPERO prueba 11

Numero prueba:13
La diferencia es:0.0
El margen pedido es:10
.............SUPERO prueba 13

Numero prueba:14
La diferencia es:2.0
El margen pedido es:10
.............SUPERO prueba 14

-------------------_>Puntuacion final(1):99.99999999999999
-----------------
-----------------
######################################################
######################################################
######################################################
######################################################



analizando:istockphoto-939103628-612x612.jpg
-------------Analizando en posicon_cara-------------
Tiene caras1
0:(parte izquierda cara)->245.0/137.0
16:(parte derecha cara)->358.0/132.0
7:(barbilla1)->289.0/227.0
8:(barbilla2)->308.0/231.0
9:(barbilla3)->327.0/225.0
27:(entrecejo)->304.0/141.0
30:(toxa punta)->306.0/170.0
33:(toxa abajo)->306.0/177.0
31:(izq toxa)->295.0/172.0
35:(der toxa)->316.0/172.0
36:(ojo izq fuera)->270.0/141.0
39:(ojo izq dentro)->289.0/141.0
45:(ojo der fuera)->337.0/137.0
42:(ojo der dentro)->318.0/139.0
48:(boca izq)->281.0/189.0
54:(boca der)->331.0/187.0
51:(boca arriba)->306.0/185.0
57:(boca abajo)->306.0/204.0
Numero prueba:1
La diferencia es:2.0
El margen pedido es:10
.............SUPERO prueba 1

Numero prueba:2
La diferencia es:2.0
El margen pedido es:10
.............SUPERO prueba 2

Numero prueba:3
La diferencia es:4.0
El margen pedido es:10
.............SUPERO prueba 3

Numero prueba:5
La diferencia es:5.0
El margen pedido es:10
.............SUPERO prueba 5

Numero prueba:6
La diferencia es:2.0
El margen pedido es:10
.............SUPERO prueba 6

Numero prueba:7
la x1 es:270.0
la x2 es:337.0
el centro horizontal esta en:303.5
la x es:304.0
La diferencia es:0.5
El margen pedido es:10
.............SUPERO prueba 7

Numero prueba:8
la x1 es:245.0
la x2 es:358.0
el centro horizontal esta en:301.5
la x es:304.0
La diferencia es:2.5
El margen pedido es:10
.............SUPERO prueba 8

Numero prueba:9
la x1 es:245.0
la x2 es:358.0
el centro horizontal esta en:301.5
la x es:306.0
La diferencia es:4.5
El margen pedido es:10
.............SUPERO prueba 9

Numero prueba:10
La distancia es:4.0
El margen pedido es:12
.............SUPERO prueba 10

Numero prueba:11
prueba de posicionado
punto 1:308.0/231.0
punto 2:289.0/227.0
minimo:0
El punto 1 tiene que estar mas abajo que el 2
Lo esta
La diferencia es > que el minimo, superaria
.............SUPERO prueba 11

Numero prueba:13
La diferencia es:4.0
El margen pedido es:10
.............SUPERO prueba 13

Numero prueba:14
La diferencia es:5.0
El margen pedido es:10
.............SUPERO prueba 14

-------------------_>Puntuacion final(1):99.99999999999999
-----------------
-----------------
######################################################
######################################################
######################################################
######################################################



analizando:istockphoto-492654062-612x612.jpg
-------------Analizando en posicon_cara-------------
Tiene caras1
0:(parte izquierda cara)->201.0/152.0
16:(parte derecha cara)->351.0/147.0
7:(barbilla1)->250.0/257.0
8:(barbilla2)->274.0/265.0
9:(barbilla3)->297.0/257.0
27:(entrecejo)->274.0/144.0
30:(toxa punta)->274.0/183.0
33:(toxa abajo)->274.0/193.0
31:(izq toxa)->261.0/190.0
35:(der toxa)->287.0/190.0
36:(ojo izq fuera)->227.0/144.0
39:(ojo izq dentro)->253.0/147.0
45:(ojo der fuera)->320.0/141.0
42:(ojo der dentro)->294.0/144.0
48:(boca izq)->248.0/219.0
54:(boca der)->299.0/219.0
51:(boca arriba)->274.0/211.0
57:(boca abajo)->274.0/227.0
Numero prueba:1
La diferencia es:0.0
El margen pedido es:10
.............SUPERO prueba 1

Numero prueba:2
La diferencia es:0.0
El margen pedido es:10
.............SUPERO prueba 2

Numero prueba:3
La diferencia es:3.0
El margen pedido es:10
.............SUPERO prueba 3

Numero prueba:5
La diferencia es:5.0
El margen pedido es:10
.............SUPERO prueba 5

Numero prueba:6
La diferencia es:0.0
El margen pedido es:10
.............SUPERO prueba 6

Numero prueba:7
la x1 es:227.0
la x2 es:320.0
el centro horizontal esta en:273.5
la x es:274.0
La diferencia es:0.5
El margen pedido es:10
.............SUPERO prueba 7

Numero prueba:8
la x1 es:201.0
la x2 es:351.0
el centro horizontal esta en:276.0
la x es:274.0
La diferencia es:2.0
El margen pedido es:10
.............SUPERO prueba 8

Numero prueba:9
la x1 es:201.0
la x2 es:351.0
el centro horizontal esta en:276.0
la x es:274.0
La diferencia es:2.0
El margen pedido es:10
.............SUPERO prueba 9

Numero prueba:10
La distancia es:8.0
El margen pedido es:12
.............SUPERO prueba 10

Numero prueba:11
prueba de posicionado
punto 1:274.0/265.0
punto 2:250.0/257.0
minimo:0
El punto 1 tiene que estar mas abajo que el 2
Lo esta
La diferencia es > que el minimo, superaria
.............SUPERO prueba 11

Numero prueba:13
La diferencia es:8.0
El margen pedido es:10
.............SUPERO prueba 13

Numero prueba:14
La diferencia es:6.0
El margen pedido es:10
.............SUPERO prueba 14

-------------------_>Puntuacion final(1):99.99999999999999
-----------------
-----------------
######################################################
######################################################
######################################################
######################################################



analizando:istockphoto-1013019256-612x612.jpg
-------------Analizando en posicon_cara-------------
Tiene caras1
0:(parte izquierda cara)->231.0/155.0
16:(parte derecha cara)->370.0/164.0
7:(barbilla1)->273.0/252.0
8:(barbilla2)->294.0/259.0
9:(barbilla3)->316.0/254.0
27:(entrecejo)->302.0/155.0
30:(toxa punta)->297.0/185.0
33:(toxa abajo)->297.0/195.0
31:(izq toxa)->287.0/192.0
35:(der toxa)->311.0/192.0
36:(ojo izq fuera)->259.0/152.0
39:(ojo izq dentro)->283.0/155.0
45:(ojo der fuera)->342.0/157.0
42:(ojo der dentro)->318.0/157.0
48:(boca izq)->273.0/214.0
54:(boca der)->320.0/218.0
51:(boca arriba)->297.0/209.0
57:(boca abajo)->297.0/223.0
Numero prueba:1
La diferencia es:5.0
El margen pedido es:10
.............SUPERO prueba 1

Numero prueba:2
La diferencia es:3.0
El margen pedido es:10
.............SUPERO prueba 2

Numero prueba:3
La diferencia es:5.0
El margen pedido es:10
.............SUPERO prueba 3

Numero prueba:5
La diferencia es:9.0
El margen pedido es:10
.............SUPERO prueba 5

Numero prueba:6
La diferencia es:4.0
El margen pedido es:10
.............SUPERO prueba 6

Numero prueba:7
la x1 es:259.0
la x2 es:342.0
el centro horizontal esta en:300.5
la x es:302.0
La diferencia es:1.5
El margen pedido es:10
.............SUPERO prueba 7

Numero prueba:8
la x1 es:231.0
la x2 es:370.0
el centro horizontal esta en:300.5
la x es:302.0
La diferencia es:1.5
El margen pedido es:10
.............SUPERO prueba 8

Numero prueba:9
la x1 es:231.0
la x2 es:370.0
el centro horizontal esta en:300.5
la x es:297.0
La diferencia es:3.5
El margen pedido es:10
.............SUPERO prueba 9

Numero prueba:10
La distancia es:3.0
El margen pedido es:12
.............SUPERO prueba 10

Numero prueba:11
prueba de posicionado
punto 1:294.0/259.0
punto 2:273.0/252.0
minimo:0
El punto 1 tiene que estar mas abajo que el 2
Lo esta
La diferencia es > que el minimo, superaria
.............SUPERO prueba 11

Numero prueba:13
La diferencia es:3.0
El margen pedido es:10
.............SUPERO prueba 13

Numero prueba:14
La diferencia es:7.0
El margen pedido es:10
.............SUPERO prueba 14

-------------------_>Puntuacion final(1):99.99999999999999
-----------------
-----------------
######################################################
######################################################
######################################################
######################################################



analizando:istockphoto-1194465673-612x612.jpg
-------------Analizando en posicon_cara-------------
Tiene caras1
0:(parte izquierda cara)->202.0/237.0
16:(parte derecha cara)->411.0/233.0
7:(barbilla1)->274.0/385.0
8:(barbilla2)->305.0/397.0
9:(barbilla3)->339.0/389.0
27:(entrecejo)->308.0/229.0
30:(toxa punta)->305.0/283.0
33:(toxa abajo)->305.0/298.0
31:(izq toxa)->289.0/294.0
35:(der toxa)->324.0/294.0
36:(ojo izq fuera)->244.0/229.0
39:(ojo izq dentro)->278.0/229.0
45:(ojo der fuera)->369.0/226.0
42:(ojo der dentro)->331.0/229.0
48:(boca izq)->270.0/328.0
54:(boca der)->343.0/328.0
51:(boca arriba)->308.0/321.0
57:(boca abajo)->305.0/343.0
Numero prueba:1
La diferencia es:3.0
El margen pedido es:10
.............SUPERO prueba 1

Numero prueba:2
La diferencia es:0.0
El margen pedido es:10
.............SUPERO prueba 2

Numero prueba:3
La diferencia es:3.0
El margen pedido es:10
.............SUPERO prueba 3

Numero prueba:5
La diferencia es:4.0
El margen pedido es:10
.............SUPERO prueba 5

Numero prueba:6
La diferencia es:0.0
El margen pedido es:10
.............SUPERO prueba 6

Numero prueba:7
la x1 es:244.0
la x2 es:369.0
el centro horizontal esta en:306.5
la x es:308.0
La diferencia es:1.5
El margen pedido es:10
.............SUPERO prueba 7

Numero prueba:8
la x1 es:202.0
la x2 es:411.0
el centro horizontal esta en:306.5
la x es:308.0
La diferencia es:1.5
El margen pedido es:10
.............SUPERO prueba 8

Numero prueba:9
la x1 es:202.0
la x2 es:411.0
el centro horizontal esta en:306.5
la x es:305.0
La diferencia es:1.5
El margen pedido es:10
.............SUPERO prueba 9

Numero prueba:10
La distancia es:8.0
El margen pedido es:12
.............SUPERO prueba 10

Numero prueba:11
prueba de posicionado
punto 1:305.0/397.0
punto 2:274.0/385.0
minimo:0
El punto 1 tiene que estar mas abajo que el 2
Lo esta
La diferencia es > que el minimo, superaria
.............SUPERO prueba 11

Numero prueba:13
La diferencia es:8.0
El margen pedido es:10
.............SUPERO prueba 13

Numero prueba:14
La diferencia es:7.0
El margen pedido es:10
.............SUPERO prueba 14

-------------------_>Puntuacion final(1):99.99999999999999
-----------------
-----------------
######################################################
######################################################
######################################################
######################################################



analizando:istockphoto-971067106-612x612.jpg
-------------Analizando en posicon_cara-------------
Tiene caras1
0:(parte izquierda cara)->246.0/127.0
16:(parte derecha cara)->366.0/130.0
7:(barbilla1)->282.0/218.0
8:(barbilla2)->302.0/223.0
9:(barbilla3)->319.0/218.0
27:(entrecejo)->304.0/119.0
30:(toxa punta)->302.0/150.0
33:(toxa abajo)->302.0/161.0
31:(izq toxa)->293.0/158.0
35:(der toxa)->313.0/161.0
36:(ojo izq fuera)->266.0/119.0
39:(ojo izq dentro)->288.0/121.0
45:(ojo der fuera)->339.0/121.0
42:(ojo der dentro)->319.0/121.0
48:(boca izq)->282.0/183.0
54:(boca der)->322.0/183.0
51:(boca arriba)->302.0/176.0
57:(boca abajo)->302.0/190.0
Numero prueba:1
La diferencia es:2.0
El margen pedido es:10
.............SUPERO prueba 1

Numero prueba:2
La diferencia es:0.0
El margen pedido es:10
.............SUPERO prueba 2

Numero prueba:3
La diferencia es:2.0
El margen pedido es:10
.............SUPERO prueba 3

Numero prueba:5
La diferencia es:3.0
El margen pedido es:10
.............SUPERO prueba 5

Numero prueba:6
La diferencia es:0.0
El margen pedido es:10
.............SUPERO prueba 6

Numero prueba:7
la x1 es:266.0
la x2 es:339.0
el centro horizontal esta en:302.5
la x es:304.0
La diferencia es:1.5
El margen pedido es:10
.............SUPERO prueba 7

Numero prueba:8
la x1 es:246.0
la x2 es:366.0
el centro horizontal esta en:306.0
la x es:304.0
La diferencia es:2.0
El margen pedido es:10
.............SUPERO prueba 8

Numero prueba:9
la x1 es:246.0
la x2 es:366.0
el centro horizontal esta en:306.0
la x es:302.0
La diferencia es:4.0
El margen pedido es:10
.............SUPERO prueba 9

Numero prueba:10
La distancia es:8.0
El margen pedido es:12
.............SUPERO prueba 10

Numero prueba:11
prueba de posicionado
punto 1:302.0/223.0
punto 2:282.0/218.0
minimo:0
El punto 1 tiene que estar mas abajo que el 2
Lo esta
La diferencia es > que el minimo, superaria
.............SUPERO prueba 11

Numero prueba:13
La diferencia es:8.0
El margen pedido es:10
.............SUPERO prueba 13

Numero prueba:14
La diferencia es:9.0
El margen pedido es:10
.............SUPERO prueba 14

-------------------_>Puntuacion final(1):99.99999999999999
-----------------
-----------------
######################################################
######################################################
######################################################
######################################################



analizando:istockphoto-669888024-612x612.jpg
-------------Analizando en posicon_cara-------------
Tiene caras1
0:(parte izquierda cara)->248.0/163.0
16:(parte derecha cara)->404.0/152.0
7:(barbilla1)->306.0/269.0
8:(barbilla2)->330.0/272.0
9:(barbilla3)->355.0/267.0
27:(entrecejo)->328.0/152.0
30:(toxa punta)->328.0/190.0
33:(toxa abajo)->328.0/201.0
31:(izq toxa)->314.0/198.0
35:(der toxa)->341.0/198.0
36:(ojo izq fuera)->279.0/154.0
39:(ojo izq dentro)->306.0/154.0
45:(ojo der fuera)->371.0/149.0
42:(ojo der dentro)->347.0/152.0
48:(boca izq)->300.0/226.0
54:(boca der)->358.0/223.0
51:(boca arriba)->330.0/217.0
57:(boca abajo)->330.0/234.0
Numero prueba:1
La diferencia es:0.0
El margen pedido es:10
.............SUPERO prueba 1

Numero prueba:2
La diferencia es:0.0
El margen pedido es:10
.............SUPERO prueba 2

Numero prueba:3
La diferencia es:5.0
El margen pedido es:10
.............SUPERO prueba 3

Numero prueba:5
La diferencia es:11.0
El margen pedido es:10

Numero prueba:6
La diferencia es:3.0
El margen pedido es:10
.............SUPERO prueba 6

Numero prueba:7
la x1 es:279.0
la x2 es:371.0
el centro horizontal esta en:325.0
la x es:328.0
La diferencia es:3.0
El margen pedido es:10
.............SUPERO prueba 7

Numero prueba:8
la x1 es:248.0
la x2 es:404.0
el centro horizontal esta en:326.0
la x es:328.0
La diferencia es:2.0
El margen pedido es:10
.............SUPERO prueba 8

Numero prueba:9
la x1 es:248.0
la x2 es:404.0
el centro horizontal esta en:326.0
la x es:328.0
La diferencia es:2.0
El margen pedido es:10
.............SUPERO prueba 9

Numero prueba:10
La distancia es:9.0
El margen pedido es:12
.............SUPERO prueba 10

Numero prueba:11
prueba de posicionado
punto 1:330.0/272.0
punto 2:306.0/269.0
minimo:0
El punto 1 tiene que estar mas abajo que el 2
Lo esta
La diferencia es > que el minimo, superaria
.............SUPERO prueba 11

Numero prueba:13
La diferencia es:9.0
El margen pedido es:10
.............SUPERO prueba 13

Numero prueba:14
La diferencia es:3.0
El margen pedido es:10
.............SUPERO prueba 14

-------------------_>Puntuacion final(1):91.66666666666666
-----------------
-----------------
######################################################
######################################################
######################################################
######################################################



analizando:istockphoto-1194465593-612x612.jpg
-------------Analizando en posicon_cara-------------
Tiene caras1
0:(parte izquierda cara)->204.0/220.0
16:(parte derecha cara)->422.0/208.0
7:(barbilla1)->271.0/374.0
8:(barbilla2)->307.0/386.0
9:(barbilla3)->343.0/378.0
27:(entrecejo)->303.0/224.0
30:(toxa punta)->303.0/279.0
33:(toxa abajo)->303.0/291.0
31:(izq toxa)->283.0/287.0
35:(der toxa)->323.0/287.0
36:(ojo izq fuera)->236.0/216.0
39:(ojo izq dentro)->275.0/220.0
45:(ojo der fuera)->374.0/216.0
42:(ojo der dentro)->335.0/220.0
48:(boca izq)->260.0/311.0
54:(boca der)->350.0/311.0
51:(boca arriba)->303.0/307.0
57:(boca abajo)->303.0/342.0
Numero prueba:1
La diferencia es:0.0
El margen pedido es:10
.............SUPERO prueba 1

Numero prueba:2
La diferencia es:4.0
El margen pedido es:10
.............SUPERO prueba 2

Numero prueba:3
La diferencia es:0.0
El margen pedido es:10
.............SUPERO prueba 3

Numero prueba:5
La diferencia es:12.0
El margen pedido es:10

Numero prueba:6
La diferencia es:0.0
El margen pedido es:10
.............SUPERO prueba 6

Numero prueba:7
la x1 es:236.0
la x2 es:374.0
el centro horizontal esta en:305.0
la x es:303.0
La diferencia es:2.0
El margen pedido es:10
.............SUPERO prueba 7

Numero prueba:8
la x1 es:204.0
la x2 es:422.0
el centro horizontal esta en:313.0
la x es:303.0
La diferencia es:10.0
El margen pedido es:10
.............SUPERO prueba 8

Numero prueba:9
la x1 es:204.0
la x2 es:422.0
el centro horizontal esta en:313.0
la x es:303.0
La diferencia es:10.0
El margen pedido es:10
.............SUPERO prueba 9

Numero prueba:10
La distancia es:4.0
El margen pedido es:12
.............SUPERO prueba 10

Numero prueba:11
prueba de posicionado
punto 1:307.0/386.0
punto 2:271.0/374.0
minimo:0
El punto 1 tiene que estar mas abajo que el 2
Lo esta
La diferencia es > que el minimo, superaria
.............SUPERO prueba 11

Numero prueba:13
La diferencia es:4.0
El margen pedido es:10
.............SUPERO prueba 13

Numero prueba:14
La diferencia es:8.0
El margen pedido es:10
.............SUPERO prueba 14

-------------------_>Puntuacion final(1):91.66666666666666
-----------------
-----------------
######################################################
######################################################
######################################################
######################################################



analizando:istockphoto-960216824-612x612.jpg
-------------Analizando en posicon_cara-------------
Tiene caras1
0:(parte izquierda cara)->272.0/103.0
16:(parte derecha cara)->373.0/99.0
7:(barbilla1)->305.0/176.0
8:(barbilla2)->324.0/181.0
9:(barbilla3)->341.0/176.0
27:(entrecejo)->322.0/105.0
30:(toxa punta)->322.0/131.0
33:(toxa abajo)->322.0/136.0
31:(izq toxa)->313.0/133.0
35:(der toxa)->333.0/133.0
36:(ojo izq fuera)->290.0/101.0
39:(ojo izq dentro)->309.0/103.0
45:(ojo der fuera)->354.0/101.0
42:(ojo der dentro)->335.0/101.0
48:(boca izq)->300.0/146.0
54:(boca der)->346.0/146.0
51:(boca arriba)->324.0/144.0
57:(boca abajo)->322.0/161.0
Numero prueba:1
La diferencia es:0.0
El margen pedido es:10
.............SUPERO prueba 1

Numero prueba:2
La diferencia es:2.0
El margen pedido es:10
.............SUPERO prueba 2

Numero prueba:3
La diferencia es:0.0
El margen pedido es:10
.............SUPERO prueba 3

Numero prueba:5
La diferencia es:4.0
El margen pedido es:10
.............SUPERO prueba 5

Numero prueba:6
La diferencia es:0.0
El margen pedido es:10
.............SUPERO prueba 6

Numero prueba:7
la x1 es:290.0
la x2 es:354.0
el centro horizontal esta en:322.0
la x es:322.0
La diferencia es:0.0
El margen pedido es:10
.............SUPERO prueba 7

Numero prueba:8
la x1 es:272.0
la x2 es:373.0
el centro horizontal esta en:322.5
la x es:322.0
La diferencia es:0.5
El margen pedido es:10
.............SUPERO prueba 8

Numero prueba:9
la x1 es:272.0
la x2 es:373.0
el centro horizontal esta en:322.5
la x es:322.0
La diferencia es:0.5
El margen pedido es:10
.............SUPERO prueba 9

Numero prueba:10
La distancia es:2.0
El margen pedido es:12
.............SUPERO prueba 10

Numero prueba:11
prueba de posicionado
punto 1:324.0/181.0
punto 2:305.0/176.0
minimo:0
El punto 1 tiene que estar mas abajo que el 2
Lo esta
La diferencia es > que el minimo, superaria
.............SUPERO prueba 11

Numero prueba:13
La diferencia es:2.0
El margen pedido es:10
.............SUPERO prueba 13

Numero prueba:14
La diferencia es:2.0
El margen pedido es:10
.............SUPERO prueba 14

-------------------_>Puntuacion final(1):99.99999999999999
-----------------
-----------------
######################################################
######################################################
######################################################
######################################################



analizando:istockphoto-1181860679-612x612.jpg
-------------Analizando en posicon_cara-------------
Tiene caras1
0:(parte izquierda cara)->236.0/127.0
16:(parte derecha cara)->378.0/127.0
7:(barbilla1)->284.0/234.0
8:(barbilla2)->306.0/239.0
9:(barbilla3)->330.0/234.0
27:(entrecejo)->306.0/122.0
30:(toxa punta)->303.0/154.0
33:(toxa abajo)->306.0/167.0
31:(izq toxa)->292.0/164.0
35:(der toxa)->319.0/164.0
36:(ojo izq fuera)->258.0/122.0
39:(ojo izq dentro)->284.0/122.0
45:(ojo der fuera)->351.0/122.0
42:(ojo der dentro)->324.0/122.0
48:(boca izq)->276.0/194.0
54:(boca der)->332.0/194.0
51:(boca arriba)->306.0/180.0
57:(boca abajo)->306.0/204.0
Numero prueba:1
La diferencia es:0.0
El margen pedido es:10
.............SUPERO prueba 1

Numero prueba:2
La diferencia es:0.0
El margen pedido es:10
.............SUPERO prueba 2

Numero prueba:3
La diferencia es:0.0
El margen pedido es:10
.............SUPERO prueba 3

Numero prueba:5
La diferencia es:0.0
El margen pedido es:10
.............SUPERO prueba 5

Numero prueba:6
La diferencia es:0.0
El margen pedido es:10
.............SUPERO prueba 6

Numero prueba:7
la x1 es:258.0
la x2 es:351.0
el centro horizontal esta en:304.5
la x es:306.0
La diferencia es:1.5
El margen pedido es:10
.............SUPERO prueba 7

Numero prueba:8
la x1 es:236.0
la x2 es:378.0
el centro horizontal esta en:307.0
la x es:306.0
La diferencia es:1.0
El margen pedido es:10
.............SUPERO prueba 8

Numero prueba:9
la x1 es:236.0
la x2 es:378.0
el centro horizontal esta en:307.0
la x es:306.0
La diferencia es:1.0
El margen pedido es:10
.............SUPERO prueba 9

Numero prueba:10
La distancia es:5.0
El margen pedido es:12
.............SUPERO prueba 10

Numero prueba:11
prueba de posicionado
punto 1:306.0/239.0
punto 2:284.0/234.0
minimo:0
El punto 1 tiene que estar mas abajo que el 2
Lo esta
La diferencia es > que el minimo, superaria
.............SUPERO prueba 11

Numero prueba:13
La diferencia es:5.0
El margen pedido es:10
.............SUPERO prueba 13

Numero prueba:14
La diferencia es:5.0
El margen pedido es:10
.............SUPERO prueba 14

-------------------_>Puntuacion final(1):99.99999999999999
-----------------
-----------------
######################################################
######################################################
######################################################
######################################################



analizando:istockphoto-1335941248-612x612.jpg
-------------Analizando en posicon_cara-------------
Tiene caras1
0:(parte izquierda cara)->249.0/123.0
16:(parte derecha cara)->358.0/125.0
7:(barbilla1)->287.0/197.0
8:(barbilla2)->304.0/203.0
9:(barbilla3)->322.0/199.0
27:(entrecejo)->306.0/117.0
30:(toxa punta)->306.0/142.0
33:(toxa abajo)->306.0/151.0
31:(izq toxa)->297.0/148.0
35:(der toxa)->316.0/148.0
36:(ojo izq fuera)->274.0/117.0
39:(ojo izq dentro)->291.0/117.0
45:(ojo der fuera)->337.0/117.0
42:(ojo der dentro)->320.0/117.0
48:(boca izq)->285.0/167.0
54:(boca der)->327.0/165.0
51:(boca arriba)->306.0/161.0
57:(boca abajo)->306.0/172.0
Numero prueba:1
La diferencia es:0.0
El margen pedido es:10
.............SUPERO prueba 1

Numero prueba:2
La diferencia es:2.0
El margen pedido es:10
.............SUPERO prueba 2

Numero prueba:3
La diferencia es:0.0
El margen pedido es:10
.............SUPERO prueba 3

Numero prueba:5
La diferencia es:2.0
El margen pedido es:10
.............SUPERO prueba 5

Numero prueba:6
La diferencia es:2.0
El margen pedido es:10
.............SUPERO prueba 6

Numero prueba:7
la x1 es:274.0
la x2 es:337.0
el centro horizontal esta en:305.5
la x es:306.0
La diferencia es:0.5
El margen pedido es:10
.............SUPERO prueba 7

Numero prueba:8
la x1 es:249.0
la x2 es:358.0
el centro horizontal esta en:303.5
la x es:306.0
La diferencia es:2.5
El margen pedido es:10
.............SUPERO prueba 8

Numero prueba:9
la x1 es:249.0
la x2 es:358.0
el centro horizontal esta en:303.5
la x es:306.0
La diferencia es:2.5
El margen pedido es:10
.............SUPERO prueba 9

Numero prueba:10
La distancia es:6.0
El margen pedido es:12
.............SUPERO prueba 10

Numero prueba:11
prueba de posicionado
punto 1:304.0/203.0
punto 2:287.0/197.0
minimo:0
El punto 1 tiene que estar mas abajo que el 2
Lo esta
La diferencia es > que el minimo, superaria
.............SUPERO prueba 11

Numero prueba:13
La diferencia es:6.0
El margen pedido es:10
.............SUPERO prueba 13

Numero prueba:14
La diferencia es:8.0
El margen pedido es:10
.............SUPERO prueba 14

-------------------_>Puntuacion final(1):99.99999999999999
-----------------
-----------------
######################################################
######################################################
######################################################
######################################################



analizando:istockphoto-1165537173-612x612.jpg
-------------Analizando en posicon_cara-------------
Tiene caras1
0:(parte izquierda cara)->254.0/121.0
16:(parte derecha cara)->361.0/107.0
7:(barbilla1)->299.0/203.0
8:(barbilla2)->319.0/209.0
9:(barbilla3)->337.0/201.0
27:(entrecejo)->307.0/119.0
30:(toxa punta)->311.0/151.0
33:(toxa abajo)->313.0/155.0
31:(izq toxa)->301.0/153.0
35:(der toxa)->323.0/151.0
36:(ojo izq fuera)->272.0/119.0
39:(ojo izq dentro)->292.0/117.0
45:(ojo der fuera)->341.0/113.0
42:(ojo der dentro)->323.0/115.0
48:(boca izq)->288.0/167.0
54:(boca der)->337.0/163.0
51:(boca arriba)->313.0/163.0
57:(boca abajo)->315.0/181.0
Numero prueba:1
La diferencia es:6.0
El margen pedido es:10
.............SUPERO prueba 1

Numero prueba:2
La diferencia es:4.0
El margen pedido es:10
.............SUPERO prueba 2

Numero prueba:3
La diferencia es:6.0
El margen pedido es:10
.............SUPERO prueba 3

Numero prueba:5
La diferencia es:14.0
El margen pedido es:10

Numero prueba:6
La diferencia es:4.0
El margen pedido es:10
.............SUPERO prueba 6

Numero prueba:7
la x1 es:272.0
la x2 es:341.0
el centro horizontal esta en:306.5
la x es:307.0
La diferencia es:0.5
El margen pedido es:10
.............SUPERO prueba 7

Numero prueba:8
la x1 es:254.0
la x2 es:361.0
el centro horizontal esta en:307.5
la x es:307.0
La diferencia es:0.5
El margen pedido es:10
.............SUPERO prueba 8

Numero prueba:9
la x1 es:254.0
la x2 es:361.0
el centro horizontal esta en:307.5
la x es:313.0
La diferencia es:5.5
El margen pedido es:10
.............SUPERO prueba 9

Numero prueba:10
La distancia es:2.0
El margen pedido es:12
.............SUPERO prueba 10

Numero prueba:11
prueba de posicionado
punto 1:319.0/209.0
punto 2:299.0/203.0
minimo:0
El punto 1 tiene que estar mas abajo que el 2
Lo esta
La diferencia es > que el minimo, superaria
.............SUPERO prueba 11

Numero prueba:13
La diferencia es:2.0
El margen pedido es:10
.............SUPERO prueba 13

Numero prueba:14
La diferencia es:6.0
El margen pedido es:10
.............SUPERO prueba 14

-------------------_>Puntuacion final(1):91.66666666666666
-----------------
-----------------
######################################################
######################################################
######################################################
######################################################



analizando:istockphoto-943522060-612x612.jpg
-------------Analizando en posicon_cara-------------
Tiene caras1
0:(parte izquierda cara)->284.0/105.0
16:(parte derecha cara)->356.0/90.0
7:(barbilla1)->312.0/153.0
8:(barbilla2)->323.0/155.0
9:(barbilla3)->334.0/150.0
27:(entrecejo)->311.0/102.0
30:(toxa punta)->312.0/120.0
33:(toxa abajo)->315.0/124.0
31:(izq toxa)->310.0/123.0
35:(der toxa)->322.0/120.0
36:(ojo izq fuera)->292.0/104.0
39:(ojo izq dentro)->303.0/102.0
45:(ojo der fuera)->334.0/95.0
42:(ojo der dentro)->322.0/100.0
48:(boca izq)->304.0/132.0
54:(boca der)->334.0/127.0
51:(boca arriba)->316.0/128.0
57:(boca abajo)->319.0/140.0
Numero prueba:1
La diferencia es:4.0
El margen pedido es:10
.............SUPERO prueba 1

Numero prueba:2
La diferencia es:4.0
El margen pedido es:10
.............SUPERO prueba 2

Numero prueba:3
La diferencia es:9.0
El margen pedido es:10
.............SUPERO prueba 3

Numero prueba:5
La diferencia es:15.0
El margen pedido es:10

Numero prueba:6
La diferencia es:5.0
El margen pedido es:10
.............SUPERO prueba 6

Numero prueba:7
la x1 es:292.0
la x2 es:334.0
el centro horizontal esta en:313.0
la x es:311.0
La diferencia es:2.0
El margen pedido es:10
.............SUPERO prueba 7

Numero prueba:8
la x1 es:284.0
la x2 es:356.0
el centro horizontal esta en:320.0
la x es:311.0
La diferencia es:9.0
El margen pedido es:10
.............SUPERO prueba 8

Numero prueba:9
la x1 es:284.0
la x2 es:356.0
el centro horizontal esta en:320.0
la x es:315.0
La diferencia es:5.0
El margen pedido es:10
.............SUPERO prueba 9

Numero prueba:10
La distancia es:1.0
El margen pedido es:12
.............SUPERO prueba 10

Numero prueba:11
prueba de posicionado
punto 1:323.0/155.0
punto 2:312.0/153.0
minimo:0
El punto 1 tiene que estar mas abajo que el 2
Lo esta
La diferencia es > que el minimo, superaria
.............SUPERO prueba 11

Numero prueba:13
La diferencia es:1.0
El margen pedido es:10
.............SUPERO prueba 13

Numero prueba:14
La diferencia es:5.0
El margen pedido es:10
.............SUPERO prueba 14

-------------------_>Puntuacion final(1):91.66666666666666
-----------------
-----------------
######################################################
######################################################
######################################################
######################################################



analizando:istockphoto-1180926773-612x612.jpg
-------------Analizando en posicon_cara-------------
Tiene caras1
0:(parte izquierda cara)->219.0/93.0
16:(parte derecha cara)->306.0/93.0
7:(barbilla1)->248.0/160.0
8:(barbilla2)->262.0/165.0
9:(barbilla3)->276.0/161.0
27:(entrecejo)->262.0/95.0
30:(toxa punta)->263.0/117.0
33:(toxa abajo)->262.0/123.0
31:(izq toxa)->254.0/120.0
35:(der toxa)->270.0/122.0
36:(ojo izq fuera)->235.0/92.0
39:(ojo izq dentro)->251.0/93.0
45:(ojo der fuera)->289.0/93.0
42:(ojo der dentro)->273.0/93.0
48:(boca izq)->244.0/135.0
54:(boca der)->279.0/135.0
51:(boca arriba)->262.0/131.0
57:(boca abajo)->262.0/142.0
Numero prueba:1
La diferencia es:0.0
El margen pedido es:10
.............SUPERO prueba 1

Numero prueba:2
La diferencia es:0.0
El margen pedido es:10
.............SUPERO prueba 2

Numero prueba:3
La diferencia es:1.0
El margen pedido es:10
.............SUPERO prueba 3

Numero prueba:5
La diferencia es:0.0
El margen pedido es:10
.............SUPERO prueba 5

Numero prueba:6
La diferencia es:0.0
El margen pedido es:10
.............SUPERO prueba 6

Numero prueba:7
la x1 es:235.0
la x2 es:289.0
el centro horizontal esta en:262.0
la x es:262.0
La diferencia es:0.0
El margen pedido es:10
.............SUPERO prueba 7

Numero prueba:8
la x1 es:219.0
la x2 es:306.0
el centro horizontal esta en:262.5
la x es:262.0
La diferencia es:0.5
El margen pedido es:10
.............SUPERO prueba 8

Numero prueba:9
la x1 es:219.0
la x2 es:306.0
el centro horizontal esta en:262.5
la x es:262.0
La diferencia es:0.5
El margen pedido es:10
.............SUPERO prueba 9

Numero prueba:10
La distancia es:1.0
El margen pedido es:12
.............SUPERO prueba 10

Numero prueba:11
prueba de posicionado
punto 1:262.0/165.0
punto 2:248.0/160.0
minimo:0
El punto 1 tiene que estar mas abajo que el 2
Lo esta
La diferencia es > que el minimo, superaria
.............SUPERO prueba 11

Numero prueba:13
La diferencia es:1.0
El margen pedido es:10
.............SUPERO prueba 13

Numero prueba:14
La diferencia es:0.0
El margen pedido es:10
.............SUPERO prueba 14

-------------------_>Puntuacion final(1):99.99999999999999
-----------------
-----------------
######################################################
######################################################
######################################################
######################################################



analizando:istockphoto-685132235-612x612.jpg
-------------Analizando en posicon_cara-------------
Tiene caras1
0:(parte izquierda cara)->248.0/125.0
16:(parte derecha cara)->373.0/125.0
7:(barbilla1)->292.0/221.0
8:(barbilla2)->311.0/228.0
9:(barbilla3)->331.0/221.0
27:(entrecejo)->311.0/129.0
30:(toxa punta)->311.0/161.0
33:(toxa abajo)->311.0/171.0
31:(izq toxa)->301.0/166.0
35:(der toxa)->322.0/166.0
36:(ojo izq fuera)->274.0/125.0
39:(ojo izq dentro)->294.0/127.0
45:(ojo der fuera)->350.0/125.0
42:(ojo der dentro)->327.0/127.0
48:(boca izq)->290.0/187.0
54:(boca der)->334.0/189.0
51:(boca arriba)->311.0/184.0
57:(boca abajo)->311.0/196.0
Numero prueba:1
La diferencia es:0.0
El margen pedido es:10
.............SUPERO prueba 1

Numero prueba:2
La diferencia es:0.0
El margen pedido es:10
.............SUPERO prueba 2

Numero prueba:3
La diferencia es:0.0
El margen pedido es:10
.............SUPERO prueba 3

Numero prueba:5
La diferencia es:0.0
El margen pedido es:10
.............SUPERO prueba 5

Numero prueba:6
La diferencia es:2.0
El margen pedido es:10
.............SUPERO prueba 6

Numero prueba:7
la x1 es:274.0
la x2 es:350.0
el centro horizontal esta en:312.0
la x es:311.0
La diferencia es:1.0
El margen pedido es:10
.............SUPERO prueba 7

Numero prueba:8
la x1 es:248.0
la x2 es:373.0
el centro horizontal esta en:310.5
la x es:311.0
La diferencia es:0.5
El margen pedido es:10
.............SUPERO prueba 8

Numero prueba:9
la x1 es:248.0
la x2 es:373.0
el centro horizontal esta en:310.5
la x es:311.0
La diferencia es:0.5
El margen pedido es:10
.............SUPERO prueba 9

Numero prueba:10
La distancia es:0.0
El margen pedido es:12
.............SUPERO prueba 10

Numero prueba:11
prueba de posicionado
punto 1:311.0/228.0
punto 2:292.0/221.0
minimo:0
El punto 1 tiene que estar mas abajo que el 2
Lo esta
La diferencia es > que el minimo, superaria
.............SUPERO prueba 11

Numero prueba:13
La diferencia es:0.0
El margen pedido es:10
.............SUPERO prueba 13

Numero prueba:14
La diferencia es:0.0
El margen pedido es:10
.............SUPERO prueba 14

-------------------_>Puntuacion final(1):99.99999999999999
-----------------
-----------------
######################################################
######################################################
######################################################
######################################################



analizando:istockphoto-1124733003-612x612.jpg
-------------Analizando en posicon_cara-------------
Tiene caras1
0:(parte izquierda cara)->289.0/123.0
16:(parte derecha cara)->404.0/102.0
7:(barbilla1)->341.0/204.0
8:(barbilla2)->358.0/209.0
9:(barbilla3)->376.0/200.0
27:(entrecejo)->343.0/119.0
30:(toxa punta)->347.0/152.0
33:(toxa abajo)->347.0/158.0
31:(izq toxa)->339.0/158.0
35:(der toxa)->358.0/154.0
36:(ojo izq fuera)->306.0/119.0
39:(ojo izq dentro)->328.0/119.0
45:(ojo der fuera)->382.0/108.0
42:(ojo der dentro)->361.0/115.0
48:(boca izq)->337.0/180.0
54:(boca der)->367.0/176.0
51:(boca arriba)->350.0/169.0
57:(boca abajo)->354.0/191.0
Numero prueba:1
La diferencia es:4.0
El margen pedido es:10
.............SUPERO prueba 1

Numero prueba:2
La diferencia es:4.0
El margen pedido es:10
.............SUPERO prueba 2

Numero prueba:3
La diferencia es:11.0
El margen pedido es:10

Numero prueba:5
La diferencia es:21.0
El margen pedido es:10

Numero prueba:6
La diferencia es:4.0
El margen pedido es:10
.............SUPERO prueba 6

Numero prueba:7
la x1 es:306.0
la x2 es:382.0
el centro horizontal esta en:344.0
la x es:343.0
La diferencia es:1.0
El margen pedido es:10
.............SUPERO prueba 7

Numero prueba:8
la x1 es:289.0
la x2 es:404.0
el centro horizontal esta en:346.5
la x es:343.0
La diferencia es:3.5
El margen pedido es:10
.............SUPERO prueba 8

Numero prueba:9
la x1 es:289.0
la x2 es:404.0
el centro horizontal esta en:346.5
la x es:347.0
La diferencia es:0.5
El margen pedido es:10
.............SUPERO prueba 9

Numero prueba:10
La distancia es:4.0
El margen pedido es:12
.............SUPERO prueba 10

Numero prueba:11
prueba de posicionado
punto 1:358.0/209.0
punto 2:341.0/204.0
minimo:0
El punto 1 tiene que estar mas abajo que el 2
Lo esta
La diferencia es > que el minimo, superaria
.............SUPERO prueba 11

Numero prueba:13
La diferencia es:4.0
El margen pedido es:10
.............SUPERO prueba 13

Numero prueba:14
La diferencia es:6.0
El margen pedido es:10
.............SUPERO prueba 14

-------------------_>Puntuacion final(1):83.33333333333333
-----------------
-----------------
######################################################
######################################################
######################################################
######################################################



analizando:istockphoto-1075369092-612x612.jpg
-------------Analizando en posicon_cara-------------
Tiene caras1
0:(parte izquierda cara)->329.0/82.0
16:(parte derecha cara)->422.0/72.0
7:(barbilla1)->362.0/149.0
8:(barbilla2)->377.0/152.0
9:(barbilla3)->393.0/147.0
27:(entrecejo)->370.0/79.0
30:(toxa punta)->370.0/103.0
33:(toxa abajo)->372.0/108.0
31:(izq toxa)->364.0/105.0
35:(der toxa)->381.0/105.0
36:(ojo izq fuera)->345.0/79.0
39:(ojo izq dentro)->360.0/79.0
45:(ojo der fuera)->399.0/74.0
42:(ojo der dentro)->382.0/75.0
48:(boca izq)->353.0/118.0
54:(boca der)->396.0/113.0
51:(boca arriba)->372.0/113.0
57:(boca abajo)->374.0/130.0
Numero prueba:1
La diferencia es:2.0
El margen pedido es:10
.............SUPERO prueba 1

Numero prueba:2
La diferencia es:3.0
El margen pedido es:10
.............SUPERO prueba 2

Numero prueba:3
La diferencia es:5.0
El margen pedido es:10
.............SUPERO prueba 3

Numero prueba:5
La diferencia es:10.0
El margen pedido es:10
.............SUPERO prueba 5

Numero prueba:6
La diferencia es:5.0
El margen pedido es:10
.............SUPERO prueba 6

Numero prueba:7
la x1 es:345.0
la x2 es:399.0
el centro horizontal esta en:372.0
la x es:370.0
La diferencia es:2.0
El margen pedido es:10
.............SUPERO prueba 7

Numero prueba:8
la x1 es:329.0
la x2 es:422.0
el centro horizontal esta en:375.5
la x es:370.0
La diferencia es:5.5
El margen pedido es:10
.............SUPERO prueba 8

Numero prueba:9
la x1 es:329.0
la x2 es:422.0
el centro horizontal esta en:375.5
la x es:372.0
La diferencia es:3.5
El margen pedido es:10
.............SUPERO prueba 9

Numero prueba:10
La distancia es:3.0
El margen pedido es:12
.............SUPERO prueba 10

Numero prueba:11
prueba de posicionado
punto 1:377.0/152.0
punto 2:362.0/149.0
minimo:0
El punto 1 tiene que estar mas abajo que el 2
Lo esta
La diferencia es > que el minimo, superaria
.............SUPERO prueba 11

Numero prueba:13
La diferencia es:3.0
El margen pedido es:10
.............SUPERO prueba 13

Numero prueba:14
La diferencia es:2.0
El margen pedido es:10
.............SUPERO prueba 14

-------------------_>Puntuacion final(1):99.99999999999999
-----------------
-----------------
######################################################
######################################################
######################################################
######################################################



analizando:istockphoto-1332972396-612x612.jpg
-------------Analizando en posicon_cara-------------
Tiene caras1
0:(parte izquierda cara)->257.0/96.0
16:(parte derecha cara)->346.0/90.0
7:(barbilla1)->291.0/167.0
8:(barbilla2)->307.0/170.0
9:(barbilla3)->322.0/165.0
27:(entrecejo)->302.0/95.0
30:(toxa punta)->302.0/119.0
33:(toxa abajo)->303.0/126.0
31:(izq toxa)->295.0/124.0
35:(der toxa)->312.0/122.0
36:(ojo izq fuera)->274.0/93.0
39:(ojo izq dentro)->288.0/95.0
45:(ojo der fuera)->329.0/90.0
42:(ojo der dentro)->314.0/93.0
48:(boca izq)->284.0/139.0
54:(boca der)->324.0/136.0
51:(boca arriba)->303.0/132.0
57:(boca abajo)->305.0/148.0
Numero prueba:1
La diferencia es:1.0
El margen pedido es:10
.............SUPERO prueba 1

Numero prueba:2
La diferencia es:2.0
El margen pedido es:10
.............SUPERO prueba 2

Numero prueba:3
La diferencia es:3.0
El margen pedido es:10
.............SUPERO prueba 3

Numero prueba:5
La diferencia es:6.0
El margen pedido es:10
.............SUPERO prueba 5

Numero prueba:6
La diferencia es:3.0
El margen pedido es:10
.............SUPERO prueba 6

Numero prueba:7
la x1 es:274.0
la x2 es:329.0
el centro horizontal esta en:301.5
la x es:302.0
La diferencia es:0.5
El margen pedido es:10
.............SUPERO prueba 7

Numero prueba:8
la x1 es:257.0
la x2 es:346.0
el centro horizontal esta en:301.5
la x es:302.0
La diferencia es:0.5
El margen pedido es:10
.............SUPERO prueba 8

Numero prueba:9
la x1 es:257.0
la x2 es:346.0
el centro horizontal esta en:301.5
la x es:303.0
La diferencia es:1.5
El margen pedido es:10
.............SUPERO prueba 9

Numero prueba:10
La distancia es:3.0
El margen pedido es:12
.............SUPERO prueba 10

Numero prueba:11
prueba de posicionado
punto 1:307.0/170.0
punto 2:291.0/167.0
minimo:0
El punto 1 tiene que estar mas abajo que el 2
Lo esta
La diferencia es > que el minimo, superaria
.............SUPERO prueba 11

Numero prueba:13
La diferencia es:3.0
El margen pedido es:10
.............SUPERO prueba 13

Numero prueba:14
La diferencia es:0.0
El margen pedido es:10
.............SUPERO prueba 14

-------------------_>Puntuacion final(1):99.99999999999999
-----------------
-----------------
######################################################
######################################################
######################################################
######################################################



analizando:istockphoto-168525741-612x612.jpg
-------------Analizando en posicon_cara-------------
Tiene caras1
0:(parte izquierda cara)->241.0/145.0
16:(parte derecha cara)->392.0/150.0
7:(barbilla1)->300.0/255.0
8:(barbilla2)->323.0/263.0
9:(barbilla3)->346.0/258.0
27:(entrecejo)->326.0/153.0
30:(toxa punta)->328.0/194.0
33:(toxa abajo)->326.0/202.0
31:(izq toxa)->313.0/196.0
35:(der toxa)->338.0/196.0
36:(ojo izq fuera)->282.0/145.0
39:(ojo izq dentro)->305.0/148.0
45:(ojo der fuera)->369.0/148.0
42:(ojo der dentro)->344.0/148.0
48:(boca izq)->298.0/217.0
54:(boca der)->351.0/217.0
51:(boca arriba)->326.0/214.0
57:(boca abajo)->326.0/224.0
Numero prueba:1
La diferencia es:0.0
El margen pedido es:10
.............SUPERO prueba 1

Numero prueba:2
La diferencia es:3.0
El margen pedido es:10
.............SUPERO prueba 2

Numero prueba:3
La diferencia es:3.0
El margen pedido es:10
.............SUPERO prueba 3

Numero prueba:5
La diferencia es:5.0
El margen pedido es:10
.............SUPERO prueba 5

Numero prueba:6
La diferencia es:0.0
El margen pedido es:10
.............SUPERO prueba 6

Numero prueba:7
la x1 es:282.0
la x2 es:369.0
el centro horizontal esta en:325.5
la x es:326.0
La diferencia es:0.5
El margen pedido es:10
.............SUPERO prueba 7

Numero prueba:8
la x1 es:241.0
la x2 es:392.0
el centro horizontal esta en:316.5
la x es:326.0
La diferencia es:9.5
El margen pedido es:10
.............SUPERO prueba 8

Numero prueba:9
la x1 es:241.0
la x2 es:392.0
el centro horizontal esta en:316.5
la x es:326.0
La diferencia es:9.5
El margen pedido es:10
.............SUPERO prueba 9

Numero prueba:10
La distancia es:0.0
El margen pedido es:12
.............SUPERO prueba 10

Numero prueba:11
prueba de posicionado
punto 1:323.0/263.0
punto 2:300.0/255.0
minimo:0
El punto 1 tiene que estar mas abajo que el 2
Lo esta
La diferencia es > que el minimo, superaria
.............SUPERO prueba 11

Numero prueba:13
La diferencia es:0.0
El margen pedido es:10
.............SUPERO prueba 13

Numero prueba:14
La diferencia es:2.0
El margen pedido es:10
.............SUPERO prueba 14

-------------------_>Puntuacion final(1):99.99999999999999
-----------------
-----------------
######################################################
######################################################
######################################################
######################################################



analizando:istockphoto-644430914-612x612.jpg
-------------Analizando en posicon_cara-------------
Tiene caras1
0:(parte izquierda cara)->211.0/115.0
16:(parte derecha cara)->312.0/118.0
7:(barbilla1)->243.0/193.0
8:(barbilla2)->260.0/199.0
9:(barbilla3)->275.0/195.0
27:(entrecejo)->262.0/122.0
30:(toxa punta)->260.0/148.0
33:(toxa abajo)->260.0/154.0
31:(izq toxa)->253.0/152.0
35:(der toxa)->269.0/152.0
36:(ojo izq fuera)->232.0/117.0
39:(ojo izq dentro)->249.0/118.0
45:(ojo der fuera)->292.0/120.0
42:(ojo der dentro)->275.0/120.0
48:(boca izq)->241.0/165.0
54:(boca der)->279.0/169.0
51:(boca arriba)->260.0/163.0
57:(boca abajo)->260.0/178.0
Numero prueba:1
La diferencia es:2.0
El margen pedido es:10
.............SUPERO prueba 1

Numero prueba:2
La diferencia es:0.0
El margen pedido es:10
.............SUPERO prueba 2

Numero prueba:3
La diferencia es:3.0
El margen pedido es:10
.............SUPERO prueba 3

Numero prueba:5
La diferencia es:3.0
El margen pedido es:10
.............SUPERO prueba 5

Numero prueba:6
La diferencia es:4.0
El margen pedido es:10
.............SUPERO prueba 6

Numero prueba:7
la x1 es:232.0
la x2 es:292.0
el centro horizontal esta en:262.0
la x es:262.0
La diferencia es:0.0
El margen pedido es:10
.............SUPERO prueba 7

Numero prueba:8
la x1 es:211.0
la x2 es:312.0
el centro horizontal esta en:261.5
la x es:262.0
La diferencia es:0.5
El margen pedido es:10
.............SUPERO prueba 8

Numero prueba:9
la x1 es:211.0
la x2 es:312.0
el centro horizontal esta en:261.5
la x es:260.0
La diferencia es:1.5
El margen pedido es:10
.............SUPERO prueba 9

Numero prueba:10
La distancia es:2.0
El margen pedido es:12
.............SUPERO prueba 10

Numero prueba:11
prueba de posicionado
punto 1:260.0/199.0
punto 2:243.0/193.0
minimo:0
El punto 1 tiene que estar mas abajo que el 2
Lo esta
La diferencia es > que el minimo, superaria
.............SUPERO prueba 11

Numero prueba:13
La diferencia es:2.0
El margen pedido es:10
.............SUPERO prueba 13

Numero prueba:14
La diferencia es:2.0
El margen pedido es:10
.............SUPERO prueba 14

-------------------_>Puntuacion final(1):99.99999999999999
-----------------
-----------------
######################################################
######################################################
######################################################
######################################################



00000000000000000000000000000000000000000000000000000
/home/camaras/Descargas/caretos/a_45/der/
00000000000000000000000000000000000000000000000000000
analizando:istockphoto-163174954-612x612.jpg
-------------Analizando en posicon_cara-------------
Tiene caras1
0:(parte izquierda cara)->163.0/196.0
16:(parte derecha cara)->331.0/189.0
7:(barbilla1)->282.0/315.0
8:(barbilla2)->308.0/319.0
9:(barbilla3)->325.0/312.0
27:(entrecejo)->312.0/183.0
30:(toxa punta)->331.0/222.0
33:(toxa abajo)->318.0/238.0
31:(izq toxa)->302.0/235.0
35:(der toxa)->325.0/235.0
36:(ojo izq fuera)->253.0/183.0
39:(ojo izq dentro)->276.0/183.0
45:(ojo der fuera)->328.0/179.0
42:(ojo der dentro)->312.0/183.0
48:(boca izq)->279.0/264.0
54:(boca der)->328.0/264.0
51:(boca arriba)->318.0/257.0
57:(boca abajo)->318.0/270.0
Numero prueba:1
La diferencia es:6.0
El margen pedido es:10
.............SUPERO prueba 1

Numero prueba:2
La diferencia es:4.0
El margen pedido es:10
.............SUPERO prueba 2

Numero prueba:3
prueba de posicionado
punto 1:331.0/222.0
punto 2:331.0/189.0
minimo:0
El punto 1 tiene que estar mas a la izquierda que el 2
NO lo esta

Numero prueba:4
prueba de posicionado
punto 1:308.0/319.0
punto 2:282.0/315.0
minimo:0
El punto 1 tiene que estar mas abajo que el 2
Lo esta
La diferencia es > que el minimo, superaria
.............SUPERO prueba 4

Numero prueba:5
prueba de posicionado
punto 1:308.0/319.0
punto 2:325.0/312.0
minimo:0
El punto 1 tiene que estar mas abajo que el 2
Lo esta
La diferencia es > que el minimo, superaria
.............SUPERO prueba 5

Numero prueba:6
La diferencia es:4.333333333333333
El margen pedido es:3
.............SUPERO prueba 6

Numero prueba:7
La diferencia es:0.0
El margen pedido es:1.5

Numero prueba:8
La diferencia es:10.833333333333334
El margen pedido es:1.2
.............SUPERO prueba 8

Numero prueba:9
La diferencia es:5.833333333333334
El margen pedido es:1.2
.............SUPERO prueba 9

Numero prueba:10
La diferencia es:3.3333333333333335
El margen pedido es:1.2
.............SUPERO prueba 10

Numero prueba:11
La diferencia es:34.0
El margen pedido es:2
.............SUPERO prueba 11

-------------------_>Puntuacion final(2):81.81818181818183
-----------------
-----------------
######################################################
######################################################
######################################################
######################################################



analizando:istockphoto-1011166590-612x612.jpg
-------------Analizando en posicon_cara-------------
Tiene caras1
0:(parte izquierda cara)->362.0/176.0
16:(parte derecha cara)->446.0/163.0
7:(barbilla1)->384.0/237.0
8:(barbilla2)->393.0/241.0
9:(barbilla3)->406.0/236.0
27:(entrecejo)->378.0/176.0
30:(toxa punta)->373.0/198.0
33:(toxa abajo)->381.0/201.0
31:(izq toxa)->375.0/200.0
35:(der toxa)->390.0/200.0
36:(ojo izq fuera)->365.0/173.0
39:(ojo izq dentro)->375.0/174.0
45:(ojo der fuera)->408.0/169.0
42:(ojo der dentro)->393.0/173.0
48:(boca izq)->375.0/209.0
54:(boca der)->409.0/209.0
51:(boca arriba)->382.0/207.0
57:(boca abajo)->385.0/224.0
Numero prueba:1
La diferencia es:3.0
El margen pedido es:10
.............SUPERO prueba 1

Numero prueba:2
La diferencia es:4.0
El margen pedido es:10
.............SUPERO prueba 2

Numero prueba:3
prueba de posicionado
punto 1:373.0/198.0
punto 2:446.0/163.0
minimo:0
El punto 1 tiene que estar mas a la izquierda que el 2
Lo esta
El minimo es 0, por lo que superaria
.............SUPERO prueba 3

Numero prueba:4
prueba de posicionado
punto 1:393.0/241.0
punto 2:384.0/237.0
minimo:0
El punto 1 tiene que estar mas abajo que el 2
Lo esta
La diferencia es > que el minimo, superaria
.............SUPERO prueba 4

Numero prueba:5
prueba de posicionado
punto 1:393.0/241.0
punto 2:406.0/236.0
minimo:0
El punto 1 tiene que estar mas abajo que el 2
Lo esta
La diferencia es > que el minimo, superaria
.............SUPERO prueba 5

Numero prueba:6
La diferencia es:1.0
El margen pedido es:3
.............SUPERO prueba 6

Numero prueba:7
La diferencia es:0.6666666666666666
El margen pedido es:1.5
.............SUPERO prueba 7

Numero prueba:8
La diferencia es:1.6666666666666667
El margen pedido es:1.2
.............SUPERO prueba 8

Numero prueba:9
La diferencia es:1.6666666666666667
El margen pedido es:1.2
.............SUPERO prueba 9

Numero prueba:10
La diferencia es:3.3333333333333335
El margen pedido es:1.2
.............SUPERO prueba 10

Numero prueba:11
La diferencia es:16.5
El margen pedido es:2
.............SUPERO prueba 11

-------------------_>Puntuacion final(2):100.00000000000001
-----------------
-----------------
######################################################
######################################################
######################################################
######################################################



analizando:istockphoto-1152348890-612x612.jpg
-------------Analizando en posicon_cara-------------
Tiene caras1
0:(parte izquierda cara)->132.0/82.0
16:(parte derecha cara)->218.0/70.0
7:(barbilla1)->186.0/138.0
8:(barbilla2)->202.0/140.0
9:(barbilla3)->212.0/133.0
27:(entrecejo)->194.0/71.0
30:(toxa punta)->204.0/89.0
33:(toxa abajo)->201.0/97.0
31:(izq toxa)->191.0/95.0
35:(der toxa)->205.0/94.0
36:(ojo izq fuera)->166.0/76.0
39:(ojo izq dentro)->180.0/74.0
45:(ojo der fuera)->212.0/70.0
42:(ojo der dentro)->201.0/71.0
48:(boca izq)->175.0/109.0
54:(boca der)->212.0/105.0
51:(boca arriba)->201.0/103.0
57:(boca abajo)->201.0/119.0
Numero prueba:1
La diferencia es:7.0
El margen pedido es:10
.............SUPERO prueba 1

Numero prueba:2
La diferencia es:6.0
El margen pedido es:10
.............SUPERO prueba 2

Numero prueba:3
prueba de posicionado
punto 1:204.0/89.0
punto 2:218.0/70.0
minimo:0
El punto 1 tiene que estar mas a la izquierda que el 2
Lo esta
El minimo es 0, por lo que superaria
.............SUPERO prueba 3

Numero prueba:4
prueba de posicionado
punto 1:202.0/140.0
punto 2:186.0/138.0
minimo:0
El punto 1 tiene que estar mas abajo que el 2
Lo esta
La diferencia es > que el minimo, superaria
.............SUPERO prueba 4

Numero prueba:5
prueba de posicionado
punto 1:202.0/140.0
punto 2:212.0/133.0
minimo:0
El punto 1 tiene que estar mas abajo que el 2
Lo esta
La diferencia es > que el minimo, superaria
.............SUPERO prueba 5

Numero prueba:6
La diferencia es:2.0
El margen pedido es:3
.............SUPERO prueba 6

Numero prueba:7
La diferencia es:1.3333333333333333
El margen pedido es:1.5
.............SUPERO prueba 7

Numero prueba:8
La diferencia es:5.0
El margen pedido es:1.2
.............SUPERO prueba 8

Numero prueba:9
La diferencia es:5.0
El margen pedido es:1.2
.............SUPERO prueba 9

Numero prueba:10
La diferencia es:1.6666666666666667
El margen pedido es:1.2
.............SUPERO prueba 10

Numero prueba:11
La diferencia es:13.5
El margen pedido es:2
.............SUPERO prueba 11

-------------------_>Puntuacion final(2):100.00000000000001
-----------------
-----------------
######################################################
######################################################
######################################################
######################################################



analizando:istockphoto-1146790659-612x612.jpg
-------------Analizando en posicon_cara-------------
Tiene caras1
0:(parte izquierda cara)->239.0/119.0
16:(parte derecha cara)->322.0/106.0
7:(barbilla1)->282.0/175.0
8:(barbilla2)->298.0/177.0
9:(barbilla3)->310.0/172.0
27:(entrecejo)->291.0/111.0
30:(toxa punta)->298.0/131.0
33:(toxa abajo)->296.0/137.0
31:(izq toxa)->287.0/136.0
35:(der toxa)->302.0/134.0
36:(ojo izq fuera)->265.0/114.0
39:(ojo izq dentro)->279.0/112.0
45:(ojo der fuera)->313.0/106.0
42:(ojo der dentro)->301.0/109.0
48:(boca izq)->273.0/151.0
54:(boca der)->311.0/145.0
51:(boca arriba)->296.0/145.0
57:(boca abajo)->298.0/159.0
Numero prueba:1
La diferencia es:5.0
El margen pedido es:10
.............SUPERO prueba 1

Numero prueba:2
La diferencia es:8.0
El margen pedido es:10
.............SUPERO prueba 2

Numero prueba:3
prueba de posicionado
punto 1:298.0/131.0
punto 2:322.0/106.0
minimo:0
El punto 1 tiene que estar mas a la izquierda que el 2
Lo esta
El minimo es 0, por lo que superaria
.............SUPERO prueba 3

Numero prueba:4
prueba de posicionado
punto 1:298.0/177.0
punto 2:282.0/175.0
minimo:0
El punto 1 tiene que estar mas abajo que el 2
Lo esta
La diferencia es > que el minimo, superaria
.............SUPERO prueba 4

Numero prueba:5
prueba de posicionado
punto 1:298.0/177.0
punto 2:310.0/172.0
minimo:0
El punto 1 tiene que estar mas abajo que el 2
Lo esta
La diferencia es > que el minimo, superaria
.............SUPERO prueba 5

Numero prueba:6
La diferencia es:1.6666666666666667
El margen pedido es:3
.............SUPERO prueba 6

Numero prueba:7
La diferencia es:1.3333333333333333
El margen pedido es:1.5
.............SUPERO prueba 7

Numero prueba:8
La diferencia es:4.166666666666667
El margen pedido es:1.2
.............SUPERO prueba 8

Numero prueba:9
La diferencia es:5.0
El margen pedido es:1.2
.............SUPERO prueba 9

Numero prueba:10
La diferencia es:1.6666666666666667
El margen pedido es:1.2
.............SUPERO prueba 10

Numero prueba:11
La diferencia es:16.0
El margen pedido es:2
.............SUPERO prueba 11

-------------------_>Puntuacion final(2):100.00000000000001
-----------------
-----------------
######################################################
######################################################
######################################################
######################################################



analizando:istockphoto-1215575999-612x612.jpg
-------------Analizando en posicon_cara-------------
Tiene caras1
0:(parte izquierda cara)->125.0/117.0
16:(parte derecha cara)->215.0/118.0
7:(barbilla1)->170.0/178.0
8:(barbilla2)->185.0/182.0
9:(barbilla3)->196.0/177.0
27:(entrecejo)->186.0/115.0
30:(toxa punta)->193.0/135.0
33:(toxa abajo)->190.0/143.0
31:(izq toxa)->180.0/141.0
35:(der toxa)->194.0/141.0
36:(ojo izq fuera)->157.0/115.0
39:(ojo izq dentro)->172.0/115.0
45:(ojo der fuera)->204.0/114.0
42:(ojo der dentro)->193.0/115.0
48:(boca izq)->172.0/156.0
54:(boca der)->201.0/156.0
51:(boca arriba)->191.0/151.0
57:(boca abajo)->191.0/162.0
Numero prueba:1
La diferencia es:4.0
El margen pedido es:10
.............SUPERO prueba 1

Numero prueba:2
La diferencia es:1.0
El margen pedido es:10
.............SUPERO prueba 2

Numero prueba:3
prueba de posicionado
punto 1:193.0/135.0
punto 2:215.0/118.0
minimo:0
El punto 1 tiene que estar mas a la izquierda que el 2
Lo esta
El minimo es 0, por lo que superaria
.............SUPERO prueba 3

Numero prueba:4
prueba de posicionado
punto 1:185.0/182.0
punto 2:170.0/178.0
minimo:0
El punto 1 tiene que estar mas abajo que el 2
Lo esta
La diferencia es > que el minimo, superaria
.............SUPERO prueba 4

Numero prueba:5
prueba de posicionado
punto 1:185.0/182.0
punto 2:196.0/177.0
minimo:0
El punto 1 tiene que estar mas abajo que el 2
Lo esta
La diferencia es > que el minimo, superaria
.............SUPERO prueba 5

Numero prueba:6
La diferencia es:0.6666666666666666
El margen pedido es:3
.............SUPERO prueba 6

Numero prueba:7
La diferencia es:0.0
El margen pedido es:1.5

Numero prueba:8
La diferencia es:5.0
El margen pedido es:1.2
.............SUPERO prueba 8

Numero prueba:9
La diferencia es:4.166666666666667
El margen pedido es:1.2
.............SUPERO prueba 9

Numero prueba:10
La diferencia es:3.3333333333333335
El margen pedido es:1.2
.............SUPERO prueba 10

Numero prueba:11
La diferencia es:19.5
El margen pedido es:2
.............SUPERO prueba 11

-------------------_>Puntuacion final(2):90.90909090909092
-----------------
-----------------
######################################################
######################################################
######################################################
######################################################



analizando:istockphoto-984019004-612x612.jpg
-------------Analizando en posicon_cara-------------
Tiene caras1
0:(parte izquierda cara)->238.0/123.0
16:(parte derecha cara)->326.0/115.0
7:(barbilla1)->293.0/189.0
8:(barbilla2)->309.0/191.0
9:(barbilla3)->321.0/184.0
27:(entrecejo)->302.0/115.0
30:(toxa punta)->311.0/138.0
33:(toxa abajo)->307.0/145.0
31:(izq toxa)->297.0/143.0
35:(der toxa)->312.0/141.0
36:(ojo izq fuera)->273.0/118.0
39:(ojo izq dentro)->288.0/117.0
45:(ojo der fuera)->319.0/112.0
42:(ojo der dentro)->309.0/113.0
48:(boca izq)->284.0/158.0
54:(boca der)->321.0/153.0
51:(boca arriba)->307.0/151.0
57:(boca abajo)->309.0/168.0
Numero prueba:1
La diferencia es:5.0
El margen pedido es:10
.............SUPERO prueba 1

Numero prueba:2
La diferencia es:6.0
El margen pedido es:10
.............SUPERO prueba 2

Numero prueba:3
prueba de posicionado
punto 1:311.0/138.0
punto 2:326.0/115.0
minimo:0
El punto 1 tiene que estar mas a la izquierda que el 2
Lo esta
El minimo es 0, por lo que superaria
.............SUPERO prueba 3

Numero prueba:4
prueba de posicionado
punto 1:309.0/191.0
punto 2:293.0/189.0
minimo:0
El punto 1 tiene que estar mas abajo que el 2
Lo esta
La diferencia es > que el minimo, superaria
.............SUPERO prueba 4

Numero prueba:5
prueba de posicionado
punto 1:309.0/191.0
punto 2:321.0/184.0
minimo:0
El punto 1 tiene que estar mas abajo que el 2
Lo esta
La diferencia es > que el minimo, superaria
.............SUPERO prueba 5

Numero prueba:6
La diferencia es:1.6666666666666667
El margen pedido es:3
.............SUPERO prueba 6

Numero prueba:7
La diferencia es:0.6666666666666666
El margen pedido es:1.5
.............SUPERO prueba 7

Numero prueba:8
La diferencia es:4.166666666666667
El margen pedido es:1.2
.............SUPERO prueba 8

Numero prueba:9
La diferencia es:5.833333333333334
El margen pedido es:1.2
.............SUPERO prueba 9

Numero prueba:10
La diferencia es:1.6666666666666667
El margen pedido es:1.2
.............SUPERO prueba 10

Numero prueba:11
La diferencia es:17.5
El margen pedido es:2
.............SUPERO prueba 11

-------------------_>Puntuacion final(2):100.00000000000001
-----------------
-----------------
######################################################
######################################################
######################################################
######################################################



00000000000000000000000000000000000000000000000000000
/home/camaras/Descargas/caretos/a_90/der/
00000000000000000000000000000000000000000000000000000
analizando:istockphoto-1127540849-612x612.jpg
-------------Analizando en posicon_cara-------------
Tiene caras1
0:(parte izquierda cara)->131.0/185.0
16:(parte derecha cara)->227.0/196.0
7:(barbilla1)->196.0/285.0
8:(barbilla2)->209.0/290.0
9:(barbilla3)->218.0/287.0
27:(entrecejo)->231.0/192.0
30:(toxa punta)->245.0/223.0
33:(toxa abajo)->231.0/230.0
31:(izq toxa)->222.0/227.0
35:(der toxa)->231.0/227.0
36:(ojo izq fuera)->205.0/187.0
39:(ojo izq dentro)->213.0/189.0
45:(ojo der fuera)->225.0/189.0
42:(ojo der dentro)->222.0/189.0
48:(boca izq)->202.0/243.0
54:(boca der)->220.0/245.0
51:(boca arriba)->231.0/238.0
57:(boca abajo)->225.0/261.0
Numero prueba:1
prueba de posicionado
punto 1:245.0/223.0
punto 2:227.0/196.0
minimo:0
El punto 1 tiene que estar mas a la derecha que el 2
Lo esta
El minimo es 0, por lo que superaria
.............SUPERO prueba 1

Numero prueba:2
La diferencia es:0.5
El margen pedido es:4
.............SUPERO prueba 2

Numero prueba:3
La diferencia es:0.0
El margen pedido es:12
.............SUPERO prueba 3

Numero prueba:4
La diferencia es:3.0
El margen pedido es:15
.............SUPERO prueba 4

Numero prueba:5
prueba de posicionado
punto 1:209.0/290.0
punto 2:196.0/285.0
minimo:0
El punto 1 tiene que estar mas abajo que el 2
Lo esta
La diferencia es > que el minimo, superaria
.............SUPERO prueba 5

Numero prueba:6
prueba de posicionado
punto 1:209.0/290.0
punto 2:218.0/287.0
minimo:0
El punto 1 tiene que estar mas abajo que el 2
Lo esta
La diferencia es > que el minimo, superaria
.............SUPERO prueba 6

Numero prueba:7
prueba de posicionado
punto 1:227.0/196.0
punto 2:231.0/192.0
minimo:0
El punto 1 tiene que estar mas a la izquierda que el 2
Lo esta
El minimo es 0, por lo que superaria
.............SUPERO prueba 7

Numero prueba:8
prueba de posicionado
punto 1:220.0/245.0
punto 2:231.0/238.0
minimo:0
El punto 1 tiene que estar mas a la izquierda que el 2
Lo esta
El minimo es 0, por lo que superaria
.............SUPERO prueba 8

Numero prueba:9
La diferencia es:1.3333333333333333
El margen pedido es:1.5
.............SUPERO prueba 9

Numero prueba:10
La diferencia es:3.0
El margen pedido es:10
.............SUPERO prueba 10

Numero prueba:11
prueba de posicionado
punto 1:225.0/261.0
punto 2:209.0/290.0
minimo:0
El punto 1 tiene que estar mas a la derecha que el 2
Lo esta
El minimo es 0, por lo que superaria
.............SUPERO prueba 11

-------------------_>Puntuacion final(3):100.00000000000001
-----------------
-----------------
######################################################
######################################################
######################################################
######################################################



analizando:istockphoto-183364932-612x612.jpg
-------------Analizando en posicon_cara-------------
Tiene caras1
0:(parte izquierda cara)->250.0/155.0
16:(parte derecha cara)->339.0/168.0
7:(barbilla1)->306.0/277.0
8:(barbilla2)->313.0/285.0
9:(barbilla3)->324.0/280.0
27:(entrecejo)->346.0/163.0
30:(toxa punta)->362.0/198.0
33:(toxa abajo)->349.0/211.0
31:(izq toxa)->341.0/209.0
35:(der toxa)->344.0/209.0
36:(ojo izq fuera)->326.0/160.0
39:(ojo izq dentro)->334.0/160.0
45:(ojo der fuera)->331.0/160.0
42:(ojo der dentro)->336.0/160.0
48:(boca izq)->334.0/237.0
54:(boca der)->339.0/237.0
51:(boca arriba)->354.0/226.0
57:(boca abajo)->344.0/249.0
Numero prueba:1
prueba de posicionado
punto 1:362.0/198.0
punto 2:339.0/168.0
minimo:0
El punto 1 tiene que estar mas a la derecha que el 2
Lo esta
El minimo es 0, por lo que superaria
.............SUPERO prueba 1

Numero prueba:2
La diferencia es:1.25
El margen pedido es:4
.............SUPERO prueba 2

Numero prueba:3
La diferencia es:3.0
El margen pedido es:12
.............SUPERO prueba 3

Numero prueba:4
La diferencia es:8.0
El margen pedido es:15
.............SUPERO prueba 4

Numero prueba:5
prueba de posicionado
punto 1:313.0/285.0
punto 2:306.0/277.0
minimo:0
El punto 1 tiene que estar mas abajo que el 2
Lo esta
La diferencia es > que el minimo, superaria
.............SUPERO prueba 5

Numero prueba:6
prueba de posicionado
punto 1:313.0/285.0
punto 2:324.0/280.0
minimo:0
El punto 1 tiene que estar mas abajo que el 2
Lo esta
La diferencia es > que el minimo, superaria
.............SUPERO prueba 6

Numero prueba:7
prueba de posicionado
punto 1:339.0/168.0
punto 2:346.0/163.0
minimo:0
El punto 1 tiene que estar mas a la izquierda que el 2
Lo esta
El minimo es 0, por lo que superaria
.............SUPERO prueba 7

Numero prueba:8
prueba de posicionado
punto 1:339.0/237.0
punto 2:354.0/226.0
minimo:0
El punto 1 tiene que estar mas a la izquierda que el 2
Lo esta
El minimo es 0, por lo que superaria
.............SUPERO prueba 8

Numero prueba:9
La diferencia es:0.0
El margen pedido es:1.5

Numero prueba:10
La diferencia es:7.0
El margen pedido es:10
.............SUPERO prueba 10

Numero prueba:11
prueba de posicionado
punto 1:344.0/249.0
punto 2:313.0/285.0
minimo:0
El punto 1 tiene que estar mas a la derecha que el 2
Lo esta
El minimo es 0, por lo que superaria
.............SUPERO prueba 11

-------------------_>Puntuacion final(3):90.90909090909092
-----------------
-----------------
######################################################
######################################################
######################################################
######################################################



analizando:istockphoto-184147789-612x612.jpg
-------------Analizando en posicon_cara-------------
Tiene caras1
0:(parte izquierda cara)->191.0/173.0
16:(parte derecha cara)->319.0/198.0
7:(barbilla1)->273.0/341.0
8:(barbilla2)->291.0/351.0
9:(barbilla3)->305.0/344.0
27:(entrecejo)->333.0/191.0
30:(toxa punta)->355.0/244.0
33:(toxa abajo)->330.0/255.0
31:(izq toxa)->319.0/251.0
35:(der toxa)->326.0/251.0
36:(ojo izq fuera)->298.0/187.0
39:(ojo izq dentro)->308.0/187.0
45:(ojo der fuera)->301.0/187.0
42:(ojo der dentro)->308.0/187.0
48:(boca izq)->294.0/283.0
54:(boca der)->301.0/283.0
51:(boca arriba)->326.0/280.0
57:(boca abajo)->319.0/301.0
Numero prueba:1
prueba de posicionado
punto 1:355.0/244.0
punto 2:319.0/198.0
minimo:0
El punto 1 tiene que estar mas a la derecha que el 2
Lo esta
El minimo es 0, por lo que superaria
.............SUPERO prueba 1

Numero prueba:2
La diferencia es:3.5
El margen pedido es:4
.............SUPERO prueba 2

Numero prueba:3
La diferencia es:3.0
El margen pedido es:12
.............SUPERO prueba 3

Numero prueba:4
La diferencia es:4.0
El margen pedido es:15
.............SUPERO prueba 4

Numero prueba:5
prueba de posicionado
punto 1:291.0/351.0
punto 2:273.0/341.0
minimo:0
El punto 1 tiene que estar mas abajo que el 2
Lo esta
La diferencia es > que el minimo, superaria
.............SUPERO prueba 5

Numero prueba:6
prueba de posicionado
punto 1:291.0/351.0
punto 2:305.0/344.0
minimo:0
El punto 1 tiene que estar mas abajo que el 2
Lo esta
La diferencia es > que el minimo, superaria
.............SUPERO prueba 6

Numero prueba:7
prueba de posicionado
punto 1:319.0/198.0
punto 2:333.0/191.0
minimo:0
El punto 1 tiene que estar mas a la izquierda que el 2
Lo esta
El minimo es 0, por lo que superaria
.............SUPERO prueba 7

Numero prueba:8
prueba de posicionado
punto 1:301.0/283.0
punto 2:326.0/280.0
minimo:0
El punto 1 tiene que estar mas a la izquierda que el 2
Lo esta
El minimo es 0, por lo que superaria
.............SUPERO prueba 8

Numero prueba:9
La diferencia es:0.0
El margen pedido es:1.5

Numero prueba:10
La diferencia es:8.0
El margen pedido es:10
.............SUPERO prueba 10

Numero prueba:11
prueba de posicionado
punto 1:319.0/301.0
punto 2:291.0/351.0
minimo:0
El punto 1 tiene que estar mas a la derecha que el 2
Lo esta
El minimo es 0, por lo que superaria
.............SUPERO prueba 11

-------------------_>Puntuacion final(3):90.90909090909092
-----------------
-----------------
######################################################
######################################################
######################################################
######################################################



analizando:istockphoto-155125905-612x612.jpg
-------------Analizando en posicon_cara-------------
Tiene caras1
0:(parte izquierda cara)->235.0/253.0
16:(parte derecha cara)->368.0/276.0
7:(barbilla1)->334.0/429.0
8:(barbilla2)->349.0/440.0
9:(barbilla3)->361.0/436.0
27:(entrecejo)->384.0/261.0
30:(toxa punta)->410.0/314.0
33:(toxa abajo)->384.0/333.0
31:(izq toxa)->376.0/326.0
35:(der toxa)->380.0/333.0
36:(ojo izq fuera)->349.0/250.0
39:(ojo izq dentro)->361.0/253.0
45:(ojo der fuera)->357.0/269.0
42:(ojo der dentro)->365.0/265.0
48:(boca izq)->357.0/364.0
54:(boca der)->361.0/372.0
51:(boca arriba)->384.0/356.0
57:(boca abajo)->380.0/375.0
Numero prueba:1
prueba de posicionado
punto 1:410.0/314.0
punto 2:368.0/276.0
minimo:0
El punto 1 tiene que estar mas a la derecha que el 2
Lo esta
El minimo es 0, por lo que superaria
.............SUPERO prueba 1

Numero prueba:2
La diferencia es:0.75
El margen pedido es:4
.............SUPERO prueba 2

Numero prueba:3
La diferencia es:0.0
El margen pedido es:12
.............SUPERO prueba 3

Numero prueba:4
La diferencia es:8.0
El margen pedido es:15
.............SUPERO prueba 4

Numero prueba:5
prueba de posicionado
punto 1:349.0/440.0
punto 2:334.0/429.0
minimo:0
El punto 1 tiene que estar mas abajo que el 2
Lo esta
La diferencia es > que el minimo, superaria
.............SUPERO prueba 5

Numero prueba:6
prueba de posicionado
punto 1:349.0/440.0
punto 2:361.0/436.0
minimo:0
El punto 1 tiene que estar mas abajo que el 2
Lo esta
La diferencia es > que el minimo, superaria
.............SUPERO prueba 6

Numero prueba:7
prueba de posicionado
punto 1:368.0/276.0
punto 2:384.0/261.0
minimo:0
El punto 1 tiene que estar mas a la izquierda que el 2
Lo esta
El minimo es 0, por lo que superaria
.............SUPERO prueba 7

Numero prueba:8
prueba de posicionado
punto 1:361.0/372.0
punto 2:384.0/356.0
minimo:0
El punto 1 tiene que estar mas a la izquierda que el 2
Lo esta
El minimo es 0, por lo que superaria
.............SUPERO prueba 8

Numero prueba:9
La diferencia es:2.0
El margen pedido es:1.5
.............SUPERO prueba 9

Numero prueba:10
La diferencia es:4.0
El margen pedido es:10
.............SUPERO prueba 10

Numero prueba:11
prueba de posicionado
punto 1:380.0/375.0
punto 2:349.0/440.0
minimo:0
El punto 1 tiene que estar mas a la derecha que el 2
Lo esta
El minimo es 0, por lo que superaria
.............SUPERO prueba 11

-------------------_>Puntuacion final(3):100.00000000000001
-----------------
-----------------
######################################################
######################################################
######################################################
######################################################



analizando:istockphoto-155443290-612x612.jpg
-------------Analizando en posicon_cara-------------
Tiene caras1
0:(parte izquierda cara)->210.0/188.0
16:(parte derecha cara)->325.0/188.0
7:(barbilla1)->316.0/309.0
8:(barbilla2)->331.0/315.0
9:(barbilla3)->344.0/309.0
27:(entrecejo)->335.0/175.0
30:(toxa punta)->367.0/217.0
33:(toxa abajo)->347.0/232.0
31:(izq toxa)->338.0/229.0
35:(der toxa)->344.0/232.0
36:(ojo izq fuera)->296.0/175.0
39:(ojo izq dentro)->309.0/178.0
45:(ojo der fuera)->309.0/181.0
42:(ojo der dentro)->316.0/178.0
48:(boca izq)->322.0/261.0
54:(boca der)->338.0/264.0
51:(boca arriba)->351.0/252.0
57:(boca abajo)->347.0/271.0
Numero prueba:1
prueba de posicionado
punto 1:367.0/217.0
punto 2:325.0/188.0
minimo:0
El punto 1 tiene que estar mas a la derecha que el 2
Lo esta
El minimo es 0, por lo que superaria
.............SUPERO prueba 1

Numero prueba:2
La diferencia es:3.25
El margen pedido es:4
.............SUPERO prueba 2

Numero prueba:3
La diferencia es:12.0
El margen pedido es:12
.............SUPERO prueba 3

Numero prueba:4
La diferencia es:26.0
El margen pedido es:15

Numero prueba:5
prueba de posicionado
punto 1:331.0/315.0
punto 2:316.0/309.0
minimo:0
El punto 1 tiene que estar mas abajo que el 2
Lo esta
La diferencia es > que el minimo, superaria
.............SUPERO prueba 5

Numero prueba:6
prueba de posicionado
punto 1:331.0/315.0
punto 2:344.0/309.0
minimo:0
El punto 1 tiene que estar mas abajo que el 2
Lo esta
La diferencia es > que el minimo, superaria
.............SUPERO prueba 6

Numero prueba:7
prueba de posicionado
punto 1:325.0/188.0
punto 2:335.0/175.0
minimo:0
El punto 1 tiene que estar mas a la izquierda que el 2
Lo esta
El minimo es 0, por lo que superaria
.............SUPERO prueba 7

Numero prueba:8
prueba de posicionado
punto 1:338.0/264.0
punto 2:351.0/252.0
minimo:0
El punto 1 tiene que estar mas a la izquierda que el 2
Lo esta
El minimo es 0, por lo que superaria
.............SUPERO prueba 8

Numero prueba:9
La diferencia es:2.0
El margen pedido es:1.5
.............SUPERO prueba 9

Numero prueba:10
La diferencia es:3.0
El margen pedido es:10
.............SUPERO prueba 10

Numero prueba:11
prueba de posicionado
punto 1:347.0/271.0
punto 2:331.0/315.0
minimo:0
El punto 1 tiene que estar mas a la derecha que el 2
Lo esta
El minimo es 0, por lo que superaria
.............SUPERO prueba 11

-------------------_>Puntuacion final(3):90.90909090909092
-----------------
-----------------
######################################################
######################################################
######################################################
######################################################



analizando:istockphoto-1281998519-612x612.jpg
-------------Analizando en posicon_cara-------------
Tiene caras1
0:(parte izquierda cara)->225.0/155.0
16:(parte derecha cara)->321.0/155.0
7:(barbilla1)->299.0/252.0
8:(barbilla2)->312.0/257.0
9:(barbilla3)->321.0/254.0
27:(entrecejo)->326.0/148.0
30:(toxa punta)->346.0/180.0
33:(toxa abajo)->331.0/188.0
31:(izq toxa)->324.0/185.0
35:(der toxa)->329.0/188.0
36:(ojo izq fuera)->307.0/146.0
39:(ojo izq dentro)->312.0/148.0
45:(ojo der fuera)->314.0/151.0
42:(ojo der dentro)->317.0/151.0
48:(boca izq)->309.0/207.0
54:(boca der)->319.0/207.0
51:(boca arriba)->334.0/198.0
57:(boca abajo)->329.0/225.0
Numero prueba:1
prueba de posicionado
punto 1:346.0/180.0
punto 2:321.0/155.0
minimo:0
El punto 1 tiene que estar mas a la derecha que el 2
Lo esta
El minimo es 0, por lo que superaria
.............SUPERO prueba 1

Numero prueba:2
La diferencia es:2.25
El margen pedido es:4
.............SUPERO prueba 2

Numero prueba:3
La diferencia es:5.0
El margen pedido es:12
.............SUPERO prueba 3

Numero prueba:4
La diferencia es:2.0
El margen pedido es:15
.............SUPERO prueba 4

Numero prueba:5
prueba de posicionado
punto 1:312.0/257.0
punto 2:299.0/252.0
minimo:0
El punto 1 tiene que estar mas abajo que el 2
Lo esta
La diferencia es > que el minimo, superaria
.............SUPERO prueba 5

Numero prueba:6
prueba de posicionado
punto 1:312.0/257.0
punto 2:321.0/254.0
minimo:0
El punto 1 tiene que estar mas abajo que el 2
Lo esta
La diferencia es > que el minimo, superaria
.............SUPERO prueba 6

Numero prueba:7
prueba de posicionado
punto 1:321.0/155.0
punto 2:326.0/148.0
minimo:0
El punto 1 tiene que estar mas a la izquierda que el 2
Lo esta
El minimo es 0, por lo que superaria
.............SUPERO prueba 7

Numero prueba:8
prueba de posicionado
punto 1:319.0/207.0
punto 2:334.0/198.0
minimo:0
El punto 1 tiene que estar mas a la izquierda que el 2
Lo esta
El minimo es 0, por lo que superaria
.............SUPERO prueba 8

Numero prueba:9
La diferencia es:1.3333333333333333
El margen pedido es:1.5
.............SUPERO prueba 9

Numero prueba:10
La diferencia es:2.0
El margen pedido es:10
.............SUPERO prueba 10

Numero prueba:11
prueba de posicionado
punto 1:329.0/225.0
punto 2:312.0/257.0
minimo:0
El punto 1 tiene que estar mas a la derecha que el 2
Lo esta
El minimo es 0, por lo que superaria
.............SUPERO prueba 11

-------------------_>Puntuacion final(3):100.00000000000001
-----------------
-----------------
######################################################
######################################################
######################################################
######################################################



analizando:istockphoto-531523093-612x612.jpg
-------------Analizando en posicon_cara-------------
Tiene caras1
0:(parte izquierda cara)->223.0/102.0
16:(parte derecha cara)->288.0/108.0
7:(barbilla1)->272.0/157.0
8:(barbilla2)->281.0/161.0
9:(barbilla3)->288.0/158.0
27:(entrecejo)->286.0/100.0
30:(toxa punta)->296.0/118.0
33:(toxa abajo)->289.0/124.0
31:(izq toxa)->282.0/123.0
35:(der toxa)->288.0/124.0
36:(ojo izq fuera)->265.0/98.0
39:(ojo izq dentro)->273.0/100.0
45:(ojo der fuera)->286.0/104.0
42:(ojo der dentro)->284.0/103.0
48:(boca izq)->274.0/135.0
54:(boca der)->286.0/139.0
51:(boca arriba)->289.0/132.0
57:(boca abajo)->288.0/140.0
Numero prueba:1
prueba de posicionado
punto 1:296.0/118.0
punto 2:288.0/108.0
minimo:0
El punto 1 tiene que estar mas a la derecha que el 2
Lo esta
El minimo es 0, por lo que superaria
.............SUPERO prueba 1

Numero prueba:2
La diferencia es:1.0
El margen pedido es:4
.............SUPERO prueba 2

Numero prueba:3
La diferencia es:3.0
El margen pedido es:12
.............SUPERO prueba 3

Numero prueba:4
La diferencia es:9.0
El margen pedido es:15
.............SUPERO prueba 4

Numero prueba:5
prueba de posicionado
punto 1:281.0/161.0
punto 2:272.0/157.0
minimo:0
El punto 1 tiene que estar mas abajo que el 2
Lo esta
La diferencia es > que el minimo, superaria
.............SUPERO prueba 5

Numero prueba:6
prueba de posicionado
punto 1:281.0/161.0
punto 2:288.0/158.0
minimo:0
El punto 1 tiene que estar mas abajo que el 2
Lo esta
La diferencia es > que el minimo, superaria
.............SUPERO prueba 6

Numero prueba:7
prueba de posicionado
punto 1:288.0/108.0
punto 2:286.0/100.0
minimo:0
El punto 1 tiene que estar mas a la izquierda que el 2
NO lo esta

Numero prueba:8
prueba de posicionado
punto 1:286.0/139.0
punto 2:289.0/132.0
minimo:0
El punto 1 tiene que estar mas a la izquierda que el 2
Lo esta
El minimo es 0, por lo que superaria
.............SUPERO prueba 8

Numero prueba:9
La diferencia es:1.3333333333333333
El margen pedido es:1.5
.............SUPERO prueba 9

Numero prueba:10
La diferencia es:1.0
El margen pedido es:10
.............SUPERO prueba 10

Numero prueba:11
prueba de posicionado
punto 1:288.0/140.0
punto 2:281.0/161.0
minimo:0
El punto 1 tiene que estar mas a la derecha que el 2
Lo esta
El minimo es 0, por lo que superaria
.............SUPERO prueba 11

-------------------_>Puntuacion final(3):90.90909090909092
-----------------
-----------------
######################################################
######################################################
######################################################
######################################################



00000000000000000000000000000000000000000000000000000
/home/camaras/Descargas/caretos/a_45/izq/
00000000000000000000000000000000000000000000000000000
analizando:istockphoto-1159388663-612x612.jpg
-------------Analizando en posicon_cara-------------
Tiene caras1
0:(parte izquierda cara)->360.0/133.0
16:(parte derecha cara)->428.0/126.0
7:(barbilla1)->376.0/175.0
8:(barbilla2)->384.0/177.0
9:(barbilla3)->395.0/175.0
27:(entrecejo)->381.0/129.0
30:(toxa punta)->378.0/144.0
33:(toxa abajo)->380.0/149.0
31:(izq toxa)->376.0/147.0
35:(der toxa)->387.0/147.0
36:(ojo izq fuera)->365.0/129.0
39:(ojo izq dentro)->376.0/129.0
45:(ojo der fuera)->404.0/127.0
42:(ojo der dentro)->392.0/128.0
48:(boca izq)->372.0/159.0
54:(boca der)->394.0/158.0
51:(boca arriba)->380.0/154.0
57:(boca abajo)->380.0/163.0
Numero prueba:1
La diferencia es:1.0
El margen pedido es:10
.............SUPERO prueba 1

Numero prueba:2
La diferencia es:2.0
El margen pedido es:10
.............SUPERO prueba 2

Numero prueba:3
prueba de posicionado
punto 1:378.0/144.0
punto 2:360.0/133.0
minimo:0
El punto 1 tiene que estar mas a la derecha que el 2
Lo esta
El minimo es 0, por lo que superaria
.............SUPERO prueba 3

Numero prueba:4
prueba de posicionado
punto 1:384.0/177.0
punto 2:376.0/175.0
minimo:0
El punto 1 tiene que estar mas abajo que el 2
Lo esta
La diferencia es > que el minimo, superaria
.............SUPERO prueba 4

Numero prueba:5
prueba de posicionado
punto 1:384.0/177.0
punto 2:395.0/175.0
minimo:0
El punto 1 tiene que estar mas abajo que el 2
Lo esta
La diferencia es > que el minimo, superaria
.............SUPERO prueba 5

Numero prueba:6
La diferencia es:0.3333333333333333
El margen pedido es:3
.............SUPERO prueba 6

Numero prueba:7
La diferencia es:0.6666666666666666
El margen pedido es:1.5
.............SUPERO prueba 7

Numero prueba:8
La diferencia es:2.5
El margen pedido es:1.2
.............SUPERO prueba 8

Numero prueba:9
La diferencia es:3.3333333333333335
El margen pedido es:1.2
.............SUPERO prueba 9

Numero prueba:10
La diferencia es:1.6666666666666667
El margen pedido es:1.2
.............SUPERO prueba 10

Numero prueba:11
La diferencia es:16.0
El margen pedido es:2
.............SUPERO prueba 11

-------------------_>Puntuacion final(4):100.00000000000001
-----------------
-----------------
######################################################
######################################################
######################################################
######################################################



analizando:istockphoto-1305462732-612x612.jpg
-------------Analizando en posicon_cara-------------
Tiene caras1
0:(parte izquierda cara)->302.0/149.0
16:(parte derecha cara)->432.0/144.0
7:(barbilla1)->323.0/242.0
8:(barbilla2)->340.0/246.0
9:(barbilla3)->360.0/242.0
27:(entrecejo)->333.0/142.0
30:(toxa punta)->326.0/172.0
33:(toxa abajo)->330.0/184.0
31:(izq toxa)->323.0/181.0
35:(der toxa)->344.0/179.0
36:(ojo izq fuera)->309.0/142.0
39:(ojo izq dentro)->326.0/142.0
45:(ojo der fuera)->381.0/140.0
42:(ojo der dentro)->356.0/142.0
48:(boca izq)->316.0/202.0
54:(boca der)->363.0/205.0
51:(boca arriba)->330.0/195.0
57:(boca abajo)->330.0/209.0
Numero prueba:1
La diferencia es:3.0
El margen pedido es:10
.............SUPERO prueba 1

Numero prueba:2
La diferencia es:2.0
El margen pedido es:10
.............SUPERO prueba 2

Numero prueba:3
prueba de posicionado
punto 1:326.0/172.0
punto 2:302.0/149.0
minimo:0
El punto 1 tiene que estar mas a la derecha que el 2
Lo esta
El minimo es 0, por lo que superaria
.............SUPERO prueba 3

Numero prueba:4
prueba de posicionado
punto 1:340.0/246.0
punto 2:323.0/242.0
minimo:0
El punto 1 tiene que estar mas abajo que el 2
Lo esta
La diferencia es > que el minimo, superaria
.............SUPERO prueba 4

Numero prueba:5
prueba de posicionado
punto 1:340.0/246.0
punto 2:360.0/242.0
minimo:0
El punto 1 tiene que estar mas abajo que el 2
Lo esta
La diferencia es > que el minimo, superaria
.............SUPERO prueba 5

Numero prueba:6
La diferencia es:1.3333333333333333
El margen pedido es:3
.............SUPERO prueba 6

Numero prueba:7
La diferencia es:1.3333333333333333
El margen pedido es:1.5
.............SUPERO prueba 7

Numero prueba:8
La diferencia es:5.833333333333334
El margen pedido es:1.2
.............SUPERO prueba 8

Numero prueba:9
La diferencia es:8.333333333333334
El margen pedido es:1.2
.............SUPERO prueba 9

Numero prueba:10
La diferencia es:3.3333333333333335
El margen pedido es:1.2
.............SUPERO prueba 10

Numero prueba:11
La diferencia es:30.5
El margen pedido es:2
.............SUPERO prueba 11

-------------------_>Puntuacion final(4):100.00000000000001
-----------------
-----------------
######################################################
######################################################
######################################################
######################################################



analizando:istockphoto-1344459312-612x612.jpg
-------------Analizando en posicon_cara-------------
Tiene caras1
0:(parte izquierda cara)->315.0/107.0
16:(parte derecha cara)->388.0/117.0
7:(barbilla1)->322.0/165.0
8:(barbilla2)->332.0/171.0
9:(barbilla3)->343.0/170.0
27:(entrecejo)->336.0/112.0
30:(toxa punta)->329.0/130.0
33:(toxa abajo)->333.0/134.0
31:(izq toxa)->327.0/132.0
35:(der toxa)->340.0/134.0
36:(ojo izq fuera)->320.0/107.0
39:(ojo izq dentro)->330.0/110.0
45:(ojo der fuera)->363.0/113.0
42:(ojo der dentro)->349.0/113.0
48:(boca izq)->320.0/139.0
54:(boca der)->353.0/146.0
51:(boca arriba)->332.0/140.0
57:(boca abajo)->330.0/153.0
Numero prueba:1
La diferencia es:3.0
El margen pedido es:10
.............SUPERO prueba 1

Numero prueba:2
La diferencia es:6.0
El margen pedido es:10
.............SUPERO prueba 2

Numero prueba:3
prueba de posicionado
punto 1:329.0/130.0
punto 2:315.0/107.0
minimo:0
El punto 1 tiene que estar mas a la derecha que el 2
Lo esta
El minimo es 0, por lo que superaria
.............SUPERO prueba 3

Numero prueba:4
prueba de posicionado
punto 1:332.0/171.0
punto 2:322.0/165.0
minimo:0
El punto 1 tiene que estar mas abajo que el 2
Lo esta
La diferencia es > que el minimo, superaria
.............SUPERO prueba 4

Numero prueba:5
prueba de posicionado
punto 1:332.0/171.0
punto 2:343.0/170.0
minimo:0
El punto 1 tiene que estar mas abajo que el 2
Lo esta
La diferencia es > que el minimo, superaria
.............SUPERO prueba 5

Numero prueba:6
La diferencia es:1.3333333333333333
El margen pedido es:3
.............SUPERO prueba 6

Numero prueba:7
La diferencia es:0.0
El margen pedido es:1.5

Numero prueba:8
La diferencia es:3.3333333333333335
El margen pedido es:1.2
.............SUPERO prueba 8

Numero prueba:9
La diferencia es:5.0
El margen pedido es:1.2
.............SUPERO prueba 9

Numero prueba:10
La diferencia es:0.8333333333333334
El margen pedido es:1.2
.............SUPERO prueba 10

Numero prueba:11
La diferencia es:14.5
El margen pedido es:2
.............SUPERO prueba 11

-------------------_>Puntuacion final(4):90.90909090909092
-----------------
-----------------
######################################################
######################################################
######################################################
######################################################



analizando:istockphoto-1209165252-612x612.jpg
-------------Analizando en posicon_cara-------------
Tiene caras1
0:(parte izquierda cara)->369.0/120.0
16:(parte derecha cara)->473.0/115.0
7:(barbilla1)->386.0/192.0
8:(barbilla2)->399.0/194.0
9:(barbilla3)->414.0/192.0
27:(entrecejo)->393.0/111.0
30:(toxa punta)->388.0/133.0
33:(toxa abajo)->393.0/142.0
31:(izq toxa)->386.0/142.0
35:(der toxa)->403.0/141.0
36:(ojo izq fuera)->375.0/111.0
39:(ojo izq dentro)->388.0/111.0
45:(ojo der fuera)->430.0/109.0
42:(ojo der dentro)->412.0/111.0
48:(boca izq)->380.0/161.0
54:(boca der)->416.0/159.0
51:(boca arriba)->392.0/154.0
57:(boca abajo)->392.0/166.0
Numero prueba:1
La diferencia es:0.0
El margen pedido es:10
.............SUPERO prueba 1

Numero prueba:2
La diferencia es:2.0
El margen pedido es:10
.............SUPERO prueba 2

Numero prueba:3
prueba de posicionado
punto 1:388.0/133.0
punto 2:369.0/120.0
minimo:0
El punto 1 tiene que estar mas a la derecha que el 2
Lo esta
El minimo es 0, por lo que superaria
.............SUPERO prueba 3

Numero prueba:4
prueba de posicionado
punto 1:399.0/194.0
punto 2:386.0/192.0
minimo:0
El punto 1 tiene que estar mas abajo que el 2
Lo esta
La diferencia es > que el minimo, superaria
.............SUPERO prueba 4

Numero prueba:5
prueba de posicionado
punto 1:399.0/194.0
punto 2:414.0/192.0
minimo:0
El punto 1 tiene que estar mas abajo que el 2
Lo esta
La diferencia es > que el minimo, superaria
.............SUPERO prueba 5

Numero prueba:6
La diferencia es:2.0
El margen pedido es:3
.............SUPERO prueba 6

Numero prueba:7
La diferencia es:1.3333333333333333
El margen pedido es:1.5
.............SUPERO prueba 7

Numero prueba:8
La diferencia es:6.666666666666667
El margen pedido es:1.2
.............SUPERO prueba 8

Numero prueba:9
La diferencia es:4.166666666666667
El margen pedido es:1.2
.............SUPERO prueba 9

Numero prueba:10
La diferencia es:1.6666666666666667
El margen pedido es:1.2
.............SUPERO prueba 10

Numero prueba:11
La diferencia es:22.0
El margen pedido es:2
.............SUPERO prueba 11

-------------------_>Puntuacion final(4):100.00000000000001
-----------------
-----------------
######################################################
######################################################
######################################################
######################################################



analizando:istockphoto-1336681265-612x612.jpg
-------------Analizando en posicon_cara-------------
Tiene caras1
0:(parte izquierda cara)->396.0/89.0
16:(parte derecha cara)->477.0/66.0
7:(barbilla1)->425.0/142.0
8:(barbilla2)->435.0/143.0
9:(barbilla3)->449.0/139.0
27:(entrecejo)->417.0/85.0
30:(toxa punta)->416.0/106.0
33:(toxa abajo)->422.0/110.0
31:(izq toxa)->417.0/109.0
35:(der toxa)->429.0/107.0
36:(ojo izq fuera)->401.0/86.0
39:(ojo izq dentro)->413.0/85.0
45:(ojo der fuera)->446.0/77.0
42:(ojo der dentro)->432.0/82.0
48:(boca izq)->416.0/122.0
54:(boca der)->441.0/118.0
51:(boca arriba)->423.0/118.0
57:(boca abajo)->426.0/125.0
Numero prueba:1
La diferencia es:5.0
El margen pedido es:10
.............SUPERO prueba 1

Numero prueba:2
La diferencia es:9.0
El margen pedido es:10
.............SUPERO prueba 2

Numero prueba:3
prueba de posicionado
punto 1:416.0/106.0
punto 2:396.0/89.0
minimo:0
El punto 1 tiene que estar mas a la derecha que el 2
Lo esta
El minimo es 0, por lo que superaria
.............SUPERO prueba 3

Numero prueba:4
prueba de posicionado
punto 1:435.0/143.0
punto 2:425.0/142.0
minimo:0
El punto 1 tiene que estar mas abajo que el 2
Lo esta
La diferencia es > que el minimo, superaria
.............SUPERO prueba 4

Numero prueba:5
prueba de posicionado
punto 1:435.0/143.0
punto 2:449.0/139.0
minimo:0
El punto 1 tiene que estar mas abajo que el 2
Lo esta
La diferencia es > que el minimo, superaria
.............SUPERO prueba 5

Numero prueba:6
La diferencia es:3.6666666666666665
El margen pedido es:3
.............SUPERO prueba 6

Numero prueba:7
La diferencia es:3.3333333333333335
El margen pedido es:1.5
.............SUPERO prueba 7

Numero prueba:8
La diferencia es:0.8333333333333334
El margen pedido es:1.2
.............SUPERO prueba 8

Numero prueba:9
La diferencia es:0.0
El margen pedido es:1.2

Numero prueba:10
La diferencia es:3.3333333333333335
El margen pedido es:1.2
.............SUPERO prueba 10

Numero prueba:11
La diferencia es:26.0
El margen pedido es:2
.............SUPERO prueba 11

-------------------_>Puntuacion final(4):90.90909090909092
-----------------
-----------------
######################################################
######################################################
######################################################
######################################################



analizando:istockphoto-1289568060-612x612.jpg
-------------Analizando en posicon_cara-------------
Tiene caras1
0:(parte izquierda cara)->368.0/166.0
16:(parte derecha cara)->481.0/158.0
7:(barbilla1)->392.0/247.0
8:(barbilla2)->404.0/251.0
9:(barbilla3)->422.0/247.0
27:(entrecejo)->392.0/162.0
30:(toxa punta)->386.0/188.0
33:(toxa abajo)->394.0/196.0
31:(izq toxa)->388.0/194.0
35:(der toxa)->406.0/194.0
36:(ojo izq fuera)->374.0/160.0
39:(ojo izq dentro)->388.0/162.0
45:(ojo der fuera)->433.0/158.0
42:(ojo der dentro)->412.0/160.0
48:(boca izq)->386.0/211.0
54:(boca der)->426.0/209.0
51:(boca arriba)->396.0/204.0
57:(boca abajo)->398.0/225.0
Numero prueba:1
La diferencia es:2.0
El margen pedido es:10
.............SUPERO prueba 1

Numero prueba:2
La diferencia es:2.0
El margen pedido es:10
.............SUPERO prueba 2

Numero prueba:3
prueba de posicionado
punto 1:386.0/188.0
punto 2:368.0/166.0
minimo:0
El punto 1 tiene que estar mas a la derecha que el 2
Lo esta
El minimo es 0, por lo que superaria
.............SUPERO prueba 3

Numero prueba:4
prueba de posicionado
punto 1:404.0/251.0
punto 2:392.0/247.0
minimo:0
El punto 1 tiene que estar mas abajo que el 2
Lo esta
La diferencia es > que el minimo, superaria
.............SUPERO prueba 4

Numero prueba:5
prueba de posicionado
punto 1:404.0/251.0
punto 2:422.0/247.0
minimo:0
El punto 1 tiene que estar mas abajo que el 2
Lo esta
La diferencia es > que el minimo, superaria
.............SUPERO prueba 5

Numero prueba:6
La diferencia es:0.0
El margen pedido es:3

Numero prueba:7
La diferencia es:1.3333333333333333
El margen pedido es:1.5
.............SUPERO prueba 7

Numero prueba:8
La diferencia es:5.0
El margen pedido es:1.2
.............SUPERO prueba 8

Numero prueba:9
La diferencia es:4.166666666666667
El margen pedido es:1.2
.............SUPERO prueba 9

Numero prueba:10
La diferencia es:3.3333333333333335
El margen pedido es:1.2
.............SUPERO prueba 10

Numero prueba:11
La diferencia es:25.5
El margen pedido es:2
.............SUPERO prueba 11

-------------------_>Puntuacion final(4):90.90909090909092
-----------------
-----------------
######################################################
######################################################
######################################################
######################################################



analizando:istockphoto-1303539316-612x612.jpg
-------------Analizando en posicon_cara-------------
Tiene caras1
0:(parte izquierda cara)->227.0/171.0
16:(parte derecha cara)->375.0/168.0
7:(barbilla1)->250.0/273.0
8:(barbilla2)->268.0/278.0
9:(barbilla3)->292.0/273.0
27:(entrecejo)->260.0/155.0
30:(toxa punta)->250.0/189.0
33:(toxa abajo)->260.0/202.0
31:(izq toxa)->250.0/202.0
35:(der toxa)->274.0/200.0
36:(ojo izq fuera)->234.0/158.0
39:(ojo izq dentro)->253.0/158.0
45:(ojo der fuera)->313.0/155.0
42:(ojo der dentro)->287.0/158.0
48:(boca izq)->245.0/228.0
54:(boca der)->294.0/226.0
51:(boca arriba)->258.0/218.0
57:(boca abajo)->260.0/234.0
Numero prueba:1
La diferencia es:0.0
El margen pedido es:10
.............SUPERO prueba 1

Numero prueba:2
La diferencia es:3.0
El margen pedido es:10
.............SUPERO prueba 2

Numero prueba:3
prueba de posicionado
punto 1:250.0/189.0
punto 2:227.0/171.0
minimo:0
El punto 1 tiene que estar mas a la derecha que el 2
Lo esta
El minimo es 0, por lo que superaria
.............SUPERO prueba 3

Numero prueba:4
prueba de posicionado
punto 1:268.0/278.0
punto 2:250.0/273.0
minimo:0
El punto 1 tiene que estar mas abajo que el 2
Lo esta
La diferencia es > que el minimo, superaria
.............SUPERO prueba 4

Numero prueba:5
prueba de posicionado
punto 1:268.0/278.0
punto 2:292.0/273.0
minimo:0
El punto 1 tiene que estar mas abajo que el 2
Lo esta
La diferencia es > que el minimo, superaria
.............SUPERO prueba 5

Numero prueba:6
La diferencia es:4.333333333333333
El margen pedido es:3
.............SUPERO prueba 6

Numero prueba:7
La diferencia es:2.0
El margen pedido es:1.5
.............SUPERO prueba 7

Numero prueba:8
La diferencia es:9.166666666666668
El margen pedido es:1.2
.............SUPERO prueba 8

Numero prueba:9
La diferencia es:6.666666666666667
El margen pedido es:1.2
.............SUPERO prueba 9

Numero prueba:10
La diferencia es:4.166666666666667
El margen pedido es:1.2
.............SUPERO prueba 10

Numero prueba:11
La diferencia es:29.0
El margen pedido es:2
.............SUPERO prueba 11

-------------------_>Puntuacion final(4):100.00000000000001
-----------------
-----------------
######################################################
######################################################
######################################################
######################################################



analizando:istockphoto-184941752-612x612.jpg
-------------Analizando en posicon_cara-------------
Tiene caras1
0:(parte izquierda cara)->232.0/269.0
16:(parte derecha cara)->431.0/238.0
7:(barbilla1)->274.0/409.0
8:(barbilla2)->298.0/416.0
9:(barbilla3)->330.0/409.0
27:(entrecejo)->267.0/259.0
30:(toxa punta)->253.0/315.0
33:(toxa abajo)->267.0/329.0
31:(izq toxa)->260.0/322.0
35:(der toxa)->288.0/322.0
36:(ojo izq fuera)->236.0/256.0
39:(ojo izq dentro)->260.0/259.0
45:(ojo der fuera)->337.0/249.0
42:(ojo der dentro)->298.0/252.0
48:(boca izq)->260.0/353.0
54:(boca der)->326.0/346.0
51:(boca arriba)->271.0/343.0
57:(boca abajo)->278.0/367.0
Numero prueba:1
La diferencia es:0.0
El margen pedido es:10
.............SUPERO prueba 1

Numero prueba:2
La diferencia es:7.0
El margen pedido es:10
.............SUPERO prueba 2

Numero prueba:3
prueba de posicionado
punto 1:253.0/315.0
punto 2:232.0/269.0
minimo:0
El punto 1 tiene que estar mas a la derecha que el 2
Lo esta
El minimo es 0, por lo que superaria
.............SUPERO prueba 3

Numero prueba:4
prueba de posicionado
punto 1:298.0/416.0
punto 2:274.0/409.0
minimo:0
El punto 1 tiene que estar mas abajo que el 2
Lo esta
La diferencia es > que el minimo, superaria
.............SUPERO prueba 4

Numero prueba:5
prueba de posicionado
punto 1:298.0/416.0
punto 2:330.0/409.0
minimo:0
El punto 1 tiene que estar mas abajo que el 2
Lo esta
La diferencia es > que el minimo, superaria
.............SUPERO prueba 5

Numero prueba:6
La diferencia es:3.6666666666666665
El margen pedido es:3
.............SUPERO prueba 6

Numero prueba:7
La diferencia es:2.0
El margen pedido es:1.5
.............SUPERO prueba 7

Numero prueba:8
La diferencia es:5.833333333333334
El margen pedido es:1.2
.............SUPERO prueba 8

Numero prueba:9
La diferencia es:2.5
El margen pedido es:1.2
.............SUPERO prueba 9

Numero prueba:10
La diferencia es:5.833333333333334
El margen pedido es:1.2
.............SUPERO prueba 10

Numero prueba:11
La diferencia es:54.0
El margen pedido es:2
.............SUPERO prueba 11

-------------------_>Puntuacion final(4):100.00000000000001
-----------------
-----------------
######################################################
######################################################
######################################################
######################################################



analizando:istockphoto-937265846-612x612.jpg
-------------Analizando en posicon_cara-------------
Tiene caras1
0:(parte izquierda cara)->280.0/135.0
16:(parte derecha cara)->436.0/122.0
7:(barbilla1)->304.0/254.0
8:(barbilla2)->319.0/258.0
9:(barbilla3)->344.0/251.0
27:(entrecejo)->304.0/119.0
30:(toxa punta)->289.0/156.0
33:(toxa abajo)->301.0/172.0
31:(izq toxa)->292.0/172.0
35:(der toxa)->316.0/168.0
36:(ojo izq fuera)->283.0/122.0
39:(ojo izq dentro)->298.0/122.0
45:(ojo der fuera)->363.0/113.0
42:(ojo der dentro)->335.0/116.0
48:(boca izq)->289.0/205.0
54:(boca der)->341.0/199.0
51:(boca arriba)->298.0/187.0
57:(boca abajo)->301.0/218.0
Numero prueba:1
La diferencia es:3.0
El margen pedido es:10
.............SUPERO prueba 1

Numero prueba:2
La diferencia es:9.0
El margen pedido es:10
.............SUPERO prueba 2

Numero prueba:3
prueba de posicionado
punto 1:289.0/156.0
punto 2:280.0/135.0
minimo:0
El punto 1 tiene que estar mas a la derecha que el 2
Lo esta
El minimo es 0, por lo que superaria
.............SUPERO prueba 3

Numero prueba:4
prueba de posicionado
punto 1:319.0/258.0
punto 2:304.0/254.0
minimo:0
El punto 1 tiene que estar mas abajo que el 2
Lo esta
La diferencia es > que el minimo, superaria
.............SUPERO prueba 4

Numero prueba:5
prueba de posicionado
punto 1:319.0/258.0
punto 2:344.0/251.0
minimo:0
El punto 1 tiene que estar mas abajo que el 2
Lo esta
La diferencia es > que el minimo, superaria
.............SUPERO prueba 5

Numero prueba:6
La diferencia es:3.0
El margen pedido es:3
.............SUPERO prueba 6

Numero prueba:7
La diferencia es:2.0
El margen pedido es:1.5
.............SUPERO prueba 7

Numero prueba:8
La diferencia es:10.0
El margen pedido es:1.2
.............SUPERO prueba 8

Numero prueba:9
La diferencia es:10.0
El margen pedido es:1.2
.............SUPERO prueba 9

Numero prueba:10
La diferencia es:5.833333333333334
El margen pedido es:1.2
.............SUPERO prueba 10

Numero prueba:11
La diferencia es:38.5
El margen pedido es:2
.............SUPERO prueba 11

-------------------_>Puntuacion final(4):100.00000000000001
-----------------
-----------------
######################################################
######################################################
######################################################
######################################################



analizando:istockphoto-618033536-612x612.jpg
-------------Analizando en posicon_cara-------------
Tiene caras1
0:(parte izquierda cara)->281.0/178.0
16:(parte derecha cara)->442.0/161.0
7:(barbilla1)->308.0/292.0
8:(barbilla2)->325.0/298.0
9:(barbilla3)->348.0/292.0
27:(entrecejo)->308.0/167.0
30:(toxa punta)->296.0/207.0
33:(toxa abajo)->308.0/219.0
31:(izq toxa)->302.0/219.0
35:(der toxa)->322.0/216.0
36:(ojo izq fuera)->287.0/170.0
39:(ojo izq dentro)->305.0/167.0
45:(ojo der fuera)->366.0/161.0
42:(ojo der dentro)->337.0/164.0
48:(boca izq)->299.0/248.0
54:(boca der)->340.0/242.0
51:(boca arriba)->308.0/234.0
57:(boca abajo)->308.0/254.0
Numero prueba:1
La diferencia es:0.0
El margen pedido es:10
.............SUPERO prueba 1

Numero prueba:2
La diferencia es:9.0
El margen pedido es:10
.............SUPERO prueba 2

Numero prueba:3
prueba de posicionado
punto 1:296.0/207.0
punto 2:281.0/178.0
minimo:0
El punto 1 tiene que estar mas a la derecha que el 2
Lo esta
El minimo es 0, por lo que superaria
.............SUPERO prueba 3

Numero prueba:4
prueba de posicionado
punto 1:325.0/298.0
punto 2:308.0/292.0
minimo:0
El punto 1 tiene que estar mas abajo que el 2
Lo esta
La diferencia es > que el minimo, superaria
.............SUPERO prueba 4

Numero prueba:5
prueba de posicionado
punto 1:325.0/298.0
punto 2:348.0/292.0
minimo:0
El punto 1 tiene que estar mas abajo que el 2
Lo esta
La diferencia es > que el minimo, superaria
.............SUPERO prueba 5

Numero prueba:6
La diferencia es:0.0
El margen pedido es:3

Numero prueba:7
La diferencia es:2.0
El margen pedido es:1.5
.............SUPERO prueba 7

Numero prueba:8
La diferencia es:7.5
El margen pedido es:1.2
.............SUPERO prueba 8

Numero prueba:9
La diferencia es:6.666666666666667
El margen pedido es:1.2
.............SUPERO prueba 9

Numero prueba:10
La diferencia es:5.0
El margen pedido es:1.2
.............SUPERO prueba 10

Numero prueba:11
La diferencia es:40.5
El margen pedido es:2
.............SUPERO prueba 11

-------------------_>Puntuacion final(4):90.90909090909092
-----------------
-----------------
######################################################
######################################################
######################################################
######################################################



analizando:istockphoto-875756666-612x612.jpg
-------------Analizando en posicon_cara-------------
Tiene caras1
0:(parte izquierda cara)->346.0/140.0
16:(parte derecha cara)->419.0/140.0
7:(barbilla1)->358.0/194.0
8:(barbilla2)->368.0/200.0
9:(barbilla3)->379.0/197.0
27:(entrecejo)->360.0/143.0
30:(toxa punta)->354.0/163.0
33:(toxa abajo)->360.0/166.0
31:(izq toxa)->356.0/163.0
35:(der toxa)->368.0/164.0
36:(ojo izq fuera)->349.0/137.0
39:(ojo izq dentro)->358.0/140.0
45:(ojo der fuera)->387.0/141.0
42:(ojo der dentro)->373.0/141.0
48:(boca izq)->354.0/170.0
54:(boca der)->383.0/174.0
51:(boca arriba)->361.0/170.0
57:(boca abajo)->362.0/183.0
Numero prueba:1
La diferencia es:0.0
El margen pedido es:10
.............SUPERO prueba 1

Numero prueba:2
La diferencia es:4.0
El margen pedido es:10
.............SUPERO prueba 2

Numero prueba:3
prueba de posicionado
punto 1:354.0/163.0
punto 2:346.0/140.0
minimo:0
El punto 1 tiene que estar mas a la derecha que el 2
Lo esta
El minimo es 0, por lo que superaria
.............SUPERO prueba 3

Numero prueba:4
prueba de posicionado
punto 1:368.0/200.0
punto 2:358.0/194.0
minimo:0
El punto 1 tiene que estar mas abajo que el 2
Lo esta
La diferencia es > que el minimo, superaria
.............SUPERO prueba 4

Numero prueba:5
prueba de posicionado
punto 1:368.0/200.0
punto 2:379.0/197.0
minimo:0
El punto 1 tiene que estar mas abajo que el 2
Lo esta
La diferencia es > que el minimo, superaria
.............SUPERO prueba 5

Numero prueba:6
La diferencia es:0.3333333333333333
El margen pedido es:3
.............SUPERO prueba 6

Numero prueba:7
La diferencia es:0.0
El margen pedido es:1.5

Numero prueba:8
La diferencia es:0.8333333333333334
El margen pedido es:1.2
.............SUPERO prueba 8

Numero prueba:9
La diferencia es:3.3333333333333335
El margen pedido es:1.2
.............SUPERO prueba 9

Numero prueba:10
La diferencia es:2.5
El margen pedido es:1.2
.............SUPERO prueba 10

Numero prueba:11
La diferencia es:17.0
El margen pedido es:2
.............SUPERO prueba 11

-------------------_>Puntuacion final(4):90.90909090909092
-----------------
-----------------
######################################################
######################################################
######################################################
######################################################



analizando:istockphoto-1254203230-612x612.jpg
-------------Analizando en posicon_cara-------------
Tiene caras1
0:(parte izquierda cara)->378.0/141.0
16:(parte derecha cara)->440.0/136.0
7:(barbilla1)->394.0/181.0
8:(barbilla2)->403.0/183.0
9:(barbilla3)->413.0/179.0
27:(entrecejo)->398.0/136.0
30:(toxa punta)->396.0/150.0
33:(toxa abajo)->399.0/154.0
31:(izq toxa)->393.0/153.0
35:(der toxa)->404.0/153.0
36:(ojo izq fuera)->384.0/137.0
39:(ojo izq dentro)->392.0/137.0
45:(ojo der fuera)->418.0/134.0
42:(ojo der dentro)->408.0/135.0
48:(boca izq)->391.0/163.0
54:(boca der)->413.0/160.0
51:(boca arriba)->399.0/159.0
57:(boca abajo)->400.0/168.0
Numero prueba:1
La diferencia es:1.0
El margen pedido es:10
.............SUPERO prueba 1

Numero prueba:2
La diferencia es:3.0
El margen pedido es:10
.............SUPERO prueba 2

Numero prueba:3
prueba de posicionado
punto 1:396.0/150.0
punto 2:378.0/141.0
minimo:0
El punto 1 tiene que estar mas a la derecha que el 2
Lo esta
El minimo es 0, por lo que superaria
.............SUPERO prueba 3

Numero prueba:4
prueba de posicionado
punto 1:403.0/183.0
punto 2:394.0/181.0
minimo:0
El punto 1 tiene que estar mas abajo que el 2
Lo esta
La diferencia es > que el minimo, superaria
.............SUPERO prueba 4

Numero prueba:5
prueba de posicionado
punto 1:403.0/183.0
punto 2:413.0/179.0
minimo:0
El punto 1 tiene que estar mas abajo que el 2
Lo esta
La diferencia es > que el minimo, superaria
.............SUPERO prueba 5

Numero prueba:6
La diferencia es:0.6666666666666666
El margen pedido es:3
.............SUPERO prueba 6

Numero prueba:7
La diferencia es:0.6666666666666666
El margen pedido es:1.5
.............SUPERO prueba 7

Numero prueba:8
La diferencia es:2.5
El margen pedido es:1.2
.............SUPERO prueba 8

Numero prueba:9
La diferencia es:0.8333333333333334
El margen pedido es:1.2
.............SUPERO prueba 9

Numero prueba:10
La diferencia es:3.3333333333333335
El margen pedido es:1.2
.............SUPERO prueba 10

Numero prueba:11
La diferencia es:12.0
El margen pedido es:2
.............SUPERO prueba 11

-------------------_>Puntuacion final(4):100.00000000000001
-----------------
-----------------
######################################################
######################################################
######################################################
######################################################



00000000000000000000000000000000000000000000000000000
/home/camaras/Descargas/caretos/a_90/izq/
00000000000000000000000000000000000000000000000000000
analizando:istockphoto-1282881793-612x612.jpg
-------------Analizando en posicon_cara-------------
Tiene caras1
0:(parte izquierda cara)->333.0/93.0
16:(parte derecha cara)->409.0/82.0
7:(barbilla1)->345.0/157.0
8:(barbilla2)->353.0/160.0
9:(barbilla3)->364.0/155.0
27:(entrecejo)->334.0/88.0
30:(toxa punta)->325.0/110.0
33:(toxa abajo)->336.0/115.0
31:(izq toxa)->334.0/115.0
35:(der toxa)->344.0/112.0
36:(ojo izq fuera)->334.0/88.0
39:(ojo izq dentro)->339.0/88.0
45:(ojo der fuera)->361.0/84.0
42:(ojo der dentro)->350.0/85.0
48:(boca izq)->340.0/127.0
54:(boca der)->365.0/121.0
51:(boca arriba)->337.0/121.0
57:(boca abajo)->344.0/141.0
Numero prueba:1
prueba de posicionado
punto 1:325.0/110.0
punto 2:333.0/93.0
minimo:0
El punto 1 tiene que estar mas a la izquierda que el 2
Lo esta
El minimo es 0, por lo que superaria
.............SUPERO prueba 1

Numero prueba:2
La diferencia es:0.5
El margen pedido es:4
.............SUPERO prueba 2

Numero prueba:3
La diferencia es:2.0
El margen pedido es:12
.............SUPERO prueba 3

Numero prueba:4
La diferencia es:4.0
El margen pedido es:15
.............SUPERO prueba 4

Numero prueba:5
prueba de posicionado
punto 1:353.0/160.0
punto 2:345.0/157.0
minimo:0
El punto 1 tiene que estar mas abajo que el 2
Lo esta
La diferencia es > que el minimo, superaria
.............SUPERO prueba 5

Numero prueba:6
prueba de posicionado
punto 1:353.0/160.0
punto 2:364.0/155.0
minimo:0
El punto 1 tiene que estar mas abajo que el 2
Lo esta
La diferencia es > que el minimo, superaria
.............SUPERO prueba 6

Numero prueba:7
prueba de posicionado
punto 1:333.0/93.0
punto 2:334.0/88.0
minimo:0
El punto 1 tiene que estar mas a la derecha que el 2
NO lo esta

Numero prueba:8
prueba de posicionado
punto 1:340.0/127.0
punto 2:337.0/121.0
minimo:0
El punto 1 tiene que estar mas a la derecha que el 2
Lo esta
El minimo es 0, por lo que superaria
.............SUPERO prueba 8

Numero prueba:9
La diferencia es:0.6666666666666666
El margen pedido es:1.5
.............SUPERO prueba 9

Numero prueba:10
La diferencia es:11.0
El margen pedido es:10

Numero prueba:11
prueba de posicionado
punto 1:344.0/141.0
punto 2:353.0/160.0
minimo:0
El punto 1 tiene que estar mas a la izquierda que el 2
Lo esta
El minimo es 0, por lo que superaria
.............SUPERO prueba 11

-------------------_>Puntuacion final(5):81.81818181818183
-----------------
-----------------
######################################################
######################################################
######################################################
######################################################



analizando:istockphoto-1296194991-612x612.jpg
-------------Analizando en posicon_cara-------------
Tiene caras1
0:(parte izquierda cara)->289.0/158.0
16:(parte derecha cara)->377.0/127.0
7:(barbilla1)->318.0/237.0
8:(barbilla2)->327.0/239.0
9:(barbilla3)->339.0/231.0
27:(entrecejo)->289.0/154.0
30:(toxa punta)->283.0/187.0
33:(toxa abajo)->295.0/191.0
31:(izq toxa)->293.0/189.0
35:(der toxa)->304.0/187.0
36:(ojo izq fuera)->291.0/152.0
39:(ojo izq dentro)->293.0/152.0
45:(ojo der fuera)->318.0/143.0
42:(ojo der dentro)->306.0/147.0
48:(boca izq)->304.0/208.0
54:(boca der)->322.0/202.0
51:(boca arriba)->297.0/204.0
57:(boca abajo)->304.0/216.0
Numero prueba:1
prueba de posicionado
punto 1:283.0/187.0
punto 2:289.0/158.0
minimo:0
El punto 1 tiene que estar mas a la izquierda que el 2
Lo esta
El minimo es 0, por lo que superaria
.............SUPERO prueba 1

Numero prueba:2
La diferencia es:4.0
El margen pedido es:4
.............SUPERO prueba 2

Numero prueba:3
La diferencia es:6.0
El margen pedido es:12
.............SUPERO prueba 3

Numero prueba:4
La diferencia es:4.0
El margen pedido es:15
.............SUPERO prueba 4

Numero prueba:5
prueba de posicionado
punto 1:327.0/239.0
punto 2:318.0/237.0
minimo:0
El punto 1 tiene que estar mas abajo que el 2
Lo esta
La diferencia es > que el minimo, superaria
.............SUPERO prueba 5

Numero prueba:6
prueba de posicionado
punto 1:327.0/239.0
punto 2:339.0/231.0
minimo:0
El punto 1 tiene que estar mas abajo que el 2
Lo esta
La diferencia es > que el minimo, superaria
.............SUPERO prueba 6

Numero prueba:7
prueba de posicionado
punto 1:289.0/158.0
punto 2:289.0/154.0
minimo:0
El punto 1 tiene que estar mas a la derecha que el 2
NO lo esta

Numero prueba:8
prueba de posicionado
punto 1:304.0/208.0
punto 2:297.0/204.0
minimo:0
El punto 1 tiene que estar mas a la derecha que el 2
Lo esta
El minimo es 0, por lo que superaria
.............SUPERO prueba 8

Numero prueba:9
La diferencia es:2.6666666666666665
El margen pedido es:1.5
.............SUPERO prueba 9

Numero prueba:10
La diferencia es:13.0
El margen pedido es:10

Numero prueba:11
prueba de posicionado
punto 1:304.0/216.0
punto 2:327.0/239.0
minimo:0
El punto 1 tiene que estar mas a la izquierda que el 2
Lo esta
El minimo es 0, por lo que superaria
.............SUPERO prueba 11

-------------------_>Puntuacion final(5):81.81818181818183
-----------------
-----------------
######################################################
######################################################
######################################################
######################################################



analizando:istockphoto-1351341505-612x612.jpg
-------------Analizando en posicon_cara-------------
Tiene caras1
0:(parte izquierda cara)->285.0/128.0
16:(parte derecha cara)->353.0/119.0
7:(barbilla1)->298.0/199.0
8:(barbilla2)->307.0/201.0
9:(barbilla3)->313.0/197.0
27:(entrecejo)->280.0/124.0
30:(toxa punta)->269.0/151.0
33:(toxa abajo)->280.0/159.0
31:(izq toxa)->284.0/155.0
35:(der toxa)->285.0/157.0
36:(ojo izq fuera)->293.0/121.0
39:(ojo izq dentro)->291.0/122.0
45:(ojo der fuera)->298.0/122.0
42:(ojo der dentro)->293.0/122.0
48:(boca izq)->293.0/171.0
54:(boca der)->295.0/173.0
51:(boca arriba)->282.0/168.0
57:(boca abajo)->285.0/181.0
Numero prueba:1
prueba de posicionado
punto 1:269.0/151.0
punto 2:285.0/128.0
minimo:0
El punto 1 tiene que estar mas a la izquierda que el 2
Lo esta
El minimo es 0, por lo que superaria
.............SUPERO prueba 1

Numero prueba:2
La diferencia es:0.75
El margen pedido es:4
.............SUPERO prueba 2

Numero prueba:3
La diferencia es:0.0
El margen pedido es:12
.............SUPERO prueba 3

Numero prueba:4
La diferencia es:3.0
El margen pedido es:15
.............SUPERO prueba 4

Numero prueba:5
prueba de posicionado
punto 1:307.0/201.0
punto 2:298.0/199.0
minimo:0
El punto 1 tiene que estar mas abajo que el 2
Lo esta
La diferencia es > que el minimo, superaria
.............SUPERO prueba 5

Numero prueba:6
prueba de posicionado
punto 1:307.0/201.0
punto 2:313.0/197.0
minimo:0
El punto 1 tiene que estar mas abajo que el 2
Lo esta
La diferencia es > que el minimo, superaria
.............SUPERO prueba 6

Numero prueba:7
prueba de posicionado
punto 1:285.0/128.0
punto 2:280.0/124.0
minimo:0
El punto 1 tiene que estar mas a la derecha que el 2
Lo esta
El minimo es 0, por lo que superaria
.............SUPERO prueba 7

Numero prueba:8
prueba de posicionado
punto 1:293.0/171.0
punto 2:282.0/168.0
minimo:0
El punto 1 tiene que estar mas a la derecha que el 2
Lo esta
El minimo es 0, por lo que superaria
.............SUPERO prueba 8

Numero prueba:9
La diferencia es:0.0
El margen pedido es:1.5

Numero prueba:10
La diferencia es:7.0
El margen pedido es:10
.............SUPERO prueba 10

Numero prueba:11
prueba de posicionado
punto 1:285.0/181.0
punto 2:307.0/201.0
minimo:0
El punto 1 tiene que estar mas a la izquierda que el 2
Lo esta
El minimo es 0, por lo que superaria
.............SUPERO prueba 11

-------------------_>Puntuacion final(5):90.90909090909092
-----------------
-----------------
######################################################
######################################################
######################################################
######################################################



analizando:istockphoto-1295120027-612x612.jpg
-------------Analizando en posicon_cara-------------
Tiene caras1
0:(parte izquierda cara)->298.0/170.0
16:(parte derecha cara)->383.0/170.0
7:(barbilla1)->298.0/255.0
8:(barbilla2)->307.0/257.0
9:(barbilla3)->318.0/255.0
27:(entrecejo)->294.0/164.0
30:(toxa punta)->274.0/194.0
33:(toxa abajo)->288.0/203.0
31:(izq toxa)->290.0/201.0
35:(der toxa)->296.0/201.0
36:(ojo izq fuera)->307.0/166.0
39:(ojo izq dentro)->305.0/166.0
45:(ojo der fuera)->320.0/164.0
42:(ojo der dentro)->312.0/164.0
48:(boca izq)->298.0/220.0
54:(boca der)->309.0/220.0
51:(boca arriba)->288.0/214.0
57:(boca abajo)->290.0/231.0
Numero prueba:1
prueba de posicionado
punto 1:274.0/194.0
punto 2:298.0/170.0
minimo:0
El punto 1 tiene que estar mas a la izquierda que el 2
Lo esta
El minimo es 0, por lo que superaria
.............SUPERO prueba 1

Numero prueba:2
La diferencia es:1.5
El margen pedido es:4
.............SUPERO prueba 2

Numero prueba:3
La diferencia es:6.0
El margen pedido es:12
.............SUPERO prueba 3

Numero prueba:4
La diferencia es:11.0
El margen pedido es:15
.............SUPERO prueba 4

Numero prueba:5
prueba de posicionado
punto 1:307.0/257.0
punto 2:298.0/255.0
minimo:0
El punto 1 tiene que estar mas abajo que el 2
Lo esta
La diferencia es > que el minimo, superaria
.............SUPERO prueba 5

Numero prueba:6
prueba de posicionado
punto 1:307.0/257.0
punto 2:318.0/255.0
minimo:0
El punto 1 tiene que estar mas abajo que el 2
Lo esta
La diferencia es > que el minimo, superaria
.............SUPERO prueba 6

Numero prueba:7
prueba de posicionado
punto 1:298.0/170.0
punto 2:294.0/164.0
minimo:0
El punto 1 tiene que estar mas a la derecha que el 2
Lo esta
El minimo es 0, por lo que superaria
.............SUPERO prueba 7

Numero prueba:8
prueba de posicionado
punto 1:298.0/220.0
punto 2:288.0/214.0
minimo:0
El punto 1 tiene que estar mas a la derecha que el 2
Lo esta
El minimo es 0, por lo que superaria
.............SUPERO prueba 8

Numero prueba:9
La diferencia es:0.0
El margen pedido es:1.5

Numero prueba:10
La diferencia es:10.0
El margen pedido es:10
.............SUPERO prueba 10

Numero prueba:11
prueba de posicionado
punto 1:290.0/231.0
punto 2:307.0/257.0
minimo:0
El punto 1 tiene que estar mas a la izquierda que el 2
Lo esta
El minimo es 0, por lo que superaria
.............SUPERO prueba 11

-------------------_>Puntuacion final(5):90.90909090909092
-----------------
-----------------
######################################################
######################################################
######################################################
######################################################



analizando:istockphoto-930148076-612x612.jpg
-------------Analizando en posicon_cara-------------
Tiene caras1
0:(parte izquierda cara)->308.0/173.0
16:(parte derecha cara)->370.0/158.0
7:(barbilla1)->313.0/248.0
8:(barbilla2)->320.0/251.0
9:(barbilla3)->328.0/245.0
27:(entrecejo)->302.0/168.0
30:(toxa punta)->292.0/196.0
33:(toxa abajo)->302.0/203.0
31:(izq toxa)->304.0/201.0
35:(der toxa)->308.0/199.0
36:(ojo izq fuera)->313.0/170.0
39:(ojo izq dentro)->313.0/170.0
45:(ojo der fuera)->321.0/161.0
42:(ojo der dentro)->314.0/165.0
48:(boca izq)->313.0/217.0
54:(boca der)->318.0/213.0
51:(boca arriba)->302.0/212.0
57:(boca abajo)->306.0/225.0
Numero prueba:1
prueba de posicionado
punto 1:292.0/196.0
punto 2:308.0/173.0
minimo:0
El punto 1 tiene que estar mas a la izquierda que el 2
Lo esta
El minimo es 0, por lo que superaria
.............SUPERO prueba 1

Numero prueba:2
La diferencia es:0.75
El margen pedido es:4
.............SUPERO prueba 2

Numero prueba:3
La diferencia es:0.0
El margen pedido es:12
.............SUPERO prueba 3

Numero prueba:4
La diferencia es:3.0
El margen pedido es:15
.............SUPERO prueba 4

Numero prueba:5
prueba de posicionado
punto 1:320.0/251.0
punto 2:313.0/248.0
minimo:0
El punto 1 tiene que estar mas abajo que el 2
Lo esta
La diferencia es > que el minimo, superaria
.............SUPERO prueba 5

Numero prueba:6
prueba de posicionado
punto 1:320.0/251.0
punto 2:328.0/245.0
minimo:0
El punto 1 tiene que estar mas abajo que el 2
Lo esta
La diferencia es > que el minimo, superaria
.............SUPERO prueba 6

Numero prueba:7
prueba de posicionado
punto 1:308.0/173.0
punto 2:302.0/168.0
minimo:0
El punto 1 tiene que estar mas a la derecha que el 2
Lo esta
El minimo es 0, por lo que superaria
.............SUPERO prueba 7

Numero prueba:8
prueba de posicionado
punto 1:313.0/217.0
punto 2:302.0/212.0
minimo:0
El punto 1 tiene que estar mas a la derecha que el 2
Lo esta
El minimo es 0, por lo que superaria
.............SUPERO prueba 8

Numero prueba:9
La diferencia es:2.6666666666666665
El margen pedido es:1.5
.............SUPERO prueba 9

Numero prueba:10
La diferencia es:10.0
El margen pedido es:10
.............SUPERO prueba 10

Numero prueba:11
prueba de posicionado
punto 1:306.0/225.0
punto 2:320.0/251.0
minimo:0
El punto 1 tiene que estar mas a la izquierda que el 2
Lo esta
El minimo es 0, por lo que superaria
.............SUPERO prueba 11

-------------------_>Puntuacion final(5):100.00000000000001
-----------------
-----------------
######################################################
######################################################
######################################################
######################################################



analizando:istockphoto-1142003969-612x612.jpg
-------------Analizando en posicon_cara-------------
Tiene caras1
0:(parte izquierda cara)->222.0/152.0
16:(parte derecha cara)->315.0/121.0
7:(barbilla1)->234.0/250.0
8:(barbilla2)->246.0/253.0
9:(barbilla3)->255.0/246.0
27:(entrecejo)->217.0/143.0
30:(toxa punta)->200.0/176.0
33:(toxa abajo)->215.0/186.0
31:(izq toxa)->217.0/186.0
35:(der toxa)->222.0/181.0
36:(ojo izq fuera)->229.0/145.0
39:(ojo izq dentro)->227.0/143.0
45:(ojo der fuera)->241.0/131.0
42:(ojo der dentro)->231.0/135.0
48:(boca izq)->224.0/214.0
54:(boca der)->231.0/207.0
51:(boca arriba)->210.0/203.0
57:(boca abajo)->217.0/224.0
Numero prueba:1
prueba de posicionado
punto 1:200.0/176.0
punto 2:222.0/152.0
minimo:0
El punto 1 tiene que estar mas a la izquierda que el 2
Lo esta
El minimo es 0, por lo que superaria
.............SUPERO prueba 1

Numero prueba:2
La diferencia es:2.5
El margen pedido es:4
.............SUPERO prueba 2

Numero prueba:3
La diferencia es:2.0
El margen pedido es:12
.............SUPERO prueba 3

Numero prueba:4
La diferencia es:10.0
El margen pedido es:15
.............SUPERO prueba 4

Numero prueba:5
prueba de posicionado
punto 1:246.0/253.0
punto 2:234.0/250.0
minimo:0
El punto 1 tiene que estar mas abajo que el 2
Lo esta
La diferencia es > que el minimo, superaria
.............SUPERO prueba 5

Numero prueba:6
prueba de posicionado
punto 1:246.0/253.0
punto 2:255.0/246.0
minimo:0
El punto 1 tiene que estar mas abajo que el 2
Lo esta
La diferencia es > que el minimo, superaria
.............SUPERO prueba 6

Numero prueba:7
prueba de posicionado
punto 1:222.0/152.0
punto 2:217.0/143.0
minimo:0
El punto 1 tiene que estar mas a la derecha que el 2
Lo esta
El minimo es 0, por lo que superaria
.............SUPERO prueba 7

Numero prueba:8
prueba de posicionado
punto 1:224.0/214.0
punto 2:210.0/203.0
minimo:0
El punto 1 tiene que estar mas a la derecha que el 2
Lo esta
El minimo es 0, por lo que superaria
.............SUPERO prueba 8

Numero prueba:9
La diferencia es:2.6666666666666665
El margen pedido es:1.5
.............SUPERO prueba 9

Numero prueba:10
La diferencia es:12.0
El margen pedido es:10

Numero prueba:11
prueba de posicionado
punto 1:217.0/224.0
punto 2:246.0/253.0
minimo:0
El punto 1 tiene que estar mas a la izquierda que el 2
Lo esta
El minimo es 0, por lo que superaria
.............SUPERO prueba 11

-------------------_>Puntuacion final(5):90.90909090909092
-----------------
-----------------
######################################################
######################################################
######################################################
######################################################



analizando:istockphoto-534880122-612x612.jpg
-------------Analizando en posicon_cara-------------
Tiene caras1
0:(parte izquierda cara)->274.0/160.0
16:(parte derecha cara)->353.0/141.0
7:(barbilla1)->283.0/249.0
8:(barbilla2)->294.0/253.0
9:(barbilla3)->302.0/247.0
27:(entrecejo)->270.0/154.0
30:(toxa punta)->255.0/187.0
33:(toxa abajo)->268.0/194.0
31:(izq toxa)->270.0/192.0
35:(der toxa)->277.0/190.0
36:(ojo izq fuera)->281.0/156.0
39:(ojo izq dentro)->279.0/154.0
45:(ojo der fuera)->291.0/145.0
42:(ojo der dentro)->283.0/149.0
48:(boca izq)->281.0/213.0
54:(boca der)->289.0/211.0
51:(boca arriba)->268.0/204.0
57:(boca abajo)->274.0/221.0
Numero prueba:1
prueba de posicionado
punto 1:255.0/187.0
punto 2:274.0/160.0
minimo:0
El punto 1 tiene que estar mas a la izquierda que el 2
Lo esta
El minimo es 0, por lo que superaria
.............SUPERO prueba 1

Numero prueba:2
La diferencia es:1.0
El margen pedido es:4
.............SUPERO prueba 2

Numero prueba:3
La diferencia es:2.0
El margen pedido es:12
.............SUPERO prueba 3

Numero prueba:4
La diferencia es:2.0
El margen pedido es:15
.............SUPERO prueba 4

Numero prueba:5
prueba de posicionado
punto 1:294.0/253.0
punto 2:283.0/249.0
minimo:0
El punto 1 tiene que estar mas abajo que el 2
Lo esta
La diferencia es > que el minimo, superaria
.............SUPERO prueba 5

Numero prueba:6
prueba de posicionado
punto 1:294.0/253.0
punto 2:302.0/247.0
minimo:0
El punto 1 tiene que estar mas abajo que el 2
Lo esta
La diferencia es > que el minimo, superaria
.............SUPERO prueba 6

Numero prueba:7
prueba de posicionado
punto 1:274.0/160.0
punto 2:270.0/154.0
minimo:0
El punto 1 tiene que estar mas a la derecha que el 2
Lo esta
El minimo es 0, por lo que superaria
.............SUPERO prueba 7

Numero prueba:8
prueba de posicionado
punto 1:281.0/213.0
punto 2:268.0/204.0
minimo:0
El punto 1 tiene que estar mas a la derecha que el 2
Lo esta
El minimo es 0, por lo que superaria
.............SUPERO prueba 8

Numero prueba:9
La diferencia es:2.6666666666666665
El margen pedido es:1.5
.............SUPERO prueba 9

Numero prueba:10
La diferencia es:13.0
El margen pedido es:10

Numero prueba:11
prueba de posicionado
punto 1:274.0/221.0
punto 2:294.0/253.0
minimo:0
El punto 1 tiene que estar mas a la izquierda que el 2
Lo esta
El minimo es 0, por lo que superaria
.............SUPERO prueba 11

-------------------_>Puntuacion final(5):90.90909090909092
-----------------
-----------------
######################################################
######################################################
######################################################
######################################################



analizando:istockphoto-174810353-612x612.jpg
-------------Analizando en posicon_cara-------------
Tiene caras1
0:(parte izquierda cara)->247.0/215.0
16:(parte derecha cara)->384.0/195.0
7:(barbilla1)->274.0/362.0
8:(barbilla2)->290.0/369.0
9:(barbilla3)->307.0/362.0
27:(entrecejo)->247.0/208.0
30:(toxa punta)->227.0/262.0
33:(toxa abajo)->244.0/275.0
31:(izq toxa)->247.0/272.0
35:(der toxa)->257.0/272.0
36:(ojo izq fuera)->254.0/202.0
39:(ojo izq dentro)->257.0/205.0
45:(ojo der fuera)->277.0/202.0
42:(ojo der dentro)->264.0/205.0
48:(boca izq)->257.0/305.0
54:(boca der)->274.0/305.0
51:(boca arriba)->240.0/292.0
57:(boca abajo)->247.0/325.0
Numero prueba:1
prueba de posicionado
punto 1:227.0/262.0
punto 2:247.0/215.0
minimo:0
El punto 1 tiene que estar mas a la izquierda que el 2
Lo esta
El minimo es 0, por lo que superaria
.............SUPERO prueba 1

Numero prueba:2
La diferencia es:1.75
El margen pedido es:4
.............SUPERO prueba 2

Numero prueba:3
La diferencia es:3.0
El margen pedido es:12
.............SUPERO prueba 3

Numero prueba:4
La diferencia es:3.0
El margen pedido es:15
.............SUPERO prueba 4

Numero prueba:5
prueba de posicionado
punto 1:290.0/369.0
punto 2:274.0/362.0
minimo:0
El punto 1 tiene que estar mas abajo que el 2
Lo esta
La diferencia es > que el minimo, superaria
.............SUPERO prueba 5

Numero prueba:6
prueba de posicionado
punto 1:290.0/369.0
punto 2:307.0/362.0
minimo:0
El punto 1 tiene que estar mas abajo que el 2
Lo esta
La diferencia es > que el minimo, superaria
.............SUPERO prueba 6

Numero prueba:7
prueba de posicionado
punto 1:247.0/215.0
punto 2:247.0/208.0
minimo:0
El punto 1 tiene que estar mas a la derecha que el 2
NO lo esta

Numero prueba:8
prueba de posicionado
punto 1:257.0/305.0
punto 2:240.0/292.0
minimo:0
El punto 1 tiene que estar mas a la derecha que el 2
Lo esta
El minimo es 0, por lo que superaria
.............SUPERO prueba 8

Numero prueba:9
La diferencia es:2.0
El margen pedido es:1.5
.............SUPERO prueba 9

Numero prueba:10
La diferencia es:16.0
El margen pedido es:10

Numero prueba:11
prueba de posicionado
punto 1:247.0/325.0
punto 2:290.0/369.0
minimo:0
El punto 1 tiene que estar mas a la izquierda que el 2
Lo esta
El minimo es 0, por lo que superaria
.............SUPERO prueba 11

-------------------_>Puntuacion final(5):81.81818181818183
-----------------
-----------------
######################################################
######################################################
######################################################
######################################################



analizando:istockphoto-1272950678-612x612.jpg
-------------Analizando en posicon_cara-------------
Tiene caras1
0:(parte izquierda cara)->283.0/145.0
16:(parte derecha cara)->347.0/147.0
7:(barbilla1)->286.0/212.0
8:(barbilla2)->293.0/215.0
9:(barbilla3)->301.0/212.0
27:(entrecejo)->278.0/142.0
30:(toxa punta)->266.0/167.0
33:(toxa abajo)->276.0/172.0
31:(izq toxa)->278.0/169.0
35:(der toxa)->283.0/169.0
36:(ojo izq fuera)->288.0/139.0
39:(ojo izq dentro)->286.0/140.0
45:(ojo der fuera)->298.0/140.0
42:(ojo der dentro)->291.0/140.0
48:(boca izq)->286.0/182.0
54:(boca der)->294.0/184.0
51:(boca arriba)->278.0/179.0
57:(boca abajo)->279.0/190.0
Numero prueba:1
prueba de posicionado
punto 1:266.0/167.0
punto 2:283.0/145.0
minimo:0
El punto 1 tiene que estar mas a la izquierda que el 2
Lo esta
El minimo es 0, por lo que superaria
.............SUPERO prueba 1

Numero prueba:2
La diferencia es:1.75
El margen pedido es:4
.............SUPERO prueba 2

Numero prueba:3
La diferencia es:2.0
El margen pedido es:12
.............SUPERO prueba 3

Numero prueba:4
La diferencia es:4.0
El margen pedido es:15
.............SUPERO prueba 4

Numero prueba:5
prueba de posicionado
punto 1:293.0/215.0
punto 2:286.0/212.0
minimo:0
El punto 1 tiene que estar mas abajo que el 2
Lo esta
La diferencia es > que el minimo, superaria
.............SUPERO prueba 5

Numero prueba:6
prueba de posicionado
punto 1:293.0/215.0
punto 2:301.0/212.0
minimo:0
El punto 1 tiene que estar mas abajo que el 2
Lo esta
La diferencia es > que el minimo, superaria
.............SUPERO prueba 6

Numero prueba:7
prueba de posicionado
punto 1:283.0/145.0
punto 2:278.0/142.0
minimo:0
El punto 1 tiene que estar mas a la derecha que el 2
Lo esta
El minimo es 0, por lo que superaria
.............SUPERO prueba 7

Numero prueba:8
prueba de posicionado
punto 1:286.0/182.0
punto 2:278.0/179.0
minimo:0
El punto 1 tiene que estar mas a la derecha que el 2
Lo esta
El minimo es 0, por lo que superaria
.............SUPERO prueba 8

Numero prueba:9
La diferencia es:0.0
El margen pedido es:1.5

Numero prueba:10
La diferencia es:10.0
El margen pedido es:10
.............SUPERO prueba 10

Numero prueba:11
prueba de posicionado
punto 1:279.0/190.0
punto 2:293.0/215.0
minimo:0
El punto 1 tiene que estar mas a la izquierda que el 2
Lo esta
El minimo es 0, por lo que superaria
.............SUPERO prueba 11

-------------------_>Puntuacion final(5):90.90909090909092
-----------------
-----------------
######################################################
######################################################
######################################################
######################################################



00000000000000000000000000000000000000000000000000000
/home/camaras/Descargas/caretos/a_arriba/
00000000000000000000000000000000000000000000000000000
analizando:istockphoto-114281258-612x612.jpg
-------------Analizando en posicon_cara-------------
Tiene caras1
0:(parte izquierda cara)->104.0/259.0
16:(parte derecha cara)->288.0/276.0
7:(barbilla1)->168.0/303.0
8:(barbilla2)->196.0/303.0
9:(barbilla3)->226.0/306.0
27:(entrecejo)->196.0/186.0
30:(toxa punta)->193.0/203.0
33:(toxa abajo)->193.0/225.0
31:(izq toxa)->179.0/228.0
35:(der toxa)->210.0/228.0
36:(ojo izq fuera)->140.0/212.0
39:(ojo izq dentro)->168.0/203.0
45:(ojo der fuera)->249.0/206.0
42:(ojo der dentro)->221.0/203.0
48:(boca izq)->165.0/259.0
54:(boca der)->226.0/262.0
51:(boca arriba)->193.0/239.0
57:(boca abajo)->196.0/262.0
Numero prueba:5
La diferencia es:0.0
El margen pedido es:10
.............SUPERO prueba 5

Numero prueba:6
La diferencia es:6.0
El margen pedido es:10
.............SUPERO prueba 6

Numero prueba:7
La diferencia es:17.0
El margen pedido es:10

Numero prueba:8
prueba de posicionado
punto 1:196.0/186.0
punto 2:168.0/203.0
minimo:0
El punto 1 tiene que estar mas arriba que el 2
Lo esta
La diferencia es > que el minimo, superaria
.............SUPERO prueba 8

Numero prueba:9
prueba de posicionado
punto 1:196.0/186.0
punto 2:221.0/203.0
minimo:0
El punto 1 tiene que estar mas arriba que el 2
Lo esta
La diferencia es > que el minimo, superaria
.............SUPERO prueba 9

Numero prueba:14
la x1 es:104.0
la x2 es:288.0
el centro horizontal esta en:196.0
la x es:196.0
La diferencia es:0.0
El margen pedido es:10
.............SUPERO prueba 14

Numero prueba:15
prueba de posicionado
punto 1:193.0/203.0
punto 2:104.0/259.0
minimo:15
El punto 1 tiene que estar mas arriba que el 2
Lo esta
Como el minimo es > 0
La diferencia es:56.0
La diferencia es > que el minimo, superaria
.............SUPERO prueba 15

Numero prueba:16
prueba de posicionado
punto 1:193.0/203.0
punto 2:288.0/276.0
minimo:15
El punto 1 tiene que estar mas arriba que el 2
Lo esta
Como el minimo es > 0
La diferencia es:73.0
La diferencia es > que el minimo, superaria
.............SUPERO prueba 16

Numero prueba:17
prueba de posicionado
punto 1:196.0/186.0
punto 2:168.0/203.0
minimo:0
El punto 1 tiene que estar mas arriba que el 2
Lo esta
La diferencia es > que el minimo, superaria
.............SUPERO prueba 17

Numero prueba:18
prueba de posicionado
punto 1:196.0/186.0
punto 2:221.0/203.0
minimo:0
El punto 1 tiene que estar mas arriba que el 2
Lo esta
La diferencia es > que el minimo, superaria
.............SUPERO prueba 18

Numero prueba:19
prueba de posicionado
punto 1:104.0/259.0
punto 2:140.0/212.0
minimo:0
El punto 1 tiene que estar mas abajo que el 2
Lo esta
La diferencia es > que el minimo, superaria
.............SUPERO prueba 19

Numero prueba:20
prueba de posicionado
punto 1:288.0/276.0
punto 2:249.0/206.0
minimo:0
El punto 1 tiene que estar mas abajo que el 2
Lo esta
La diferencia es > que el minimo, superaria
.............SUPERO prueba 20

-------------------_>Puntuacion final(6):91.66666666666666
-----------------
-----------------
######################################################
######################################################
######################################################
######################################################



analizando:istockphoto-1147122384-612x612.jpg
-------------Analizando en posicon_cara-------------
Tiene caras1
0:(parte izquierda cara)->128.0/146.0
16:(parte derecha cara)->275.0/143.0
7:(barbilla1)->181.0/218.0
8:(barbilla2)->205.0/221.0
9:(barbilla3)->227.0/218.0
27:(entrecejo)->201.0/102.0
30:(toxa punta)->203.0/126.0
33:(toxa abajo)->203.0/141.0
31:(izq toxa)->188.0/141.0
35:(der toxa)->217.0/141.0
36:(ojo izq fuera)->159.0/114.0
39:(ojo izq dentro)->181.0/112.0
45:(ojo der fuera)->244.0/112.0
42:(ojo der dentro)->220.0/112.0
48:(boca izq)->172.0/175.0
54:(boca der)->234.0/175.0
51:(boca arriba)->203.0/155.0
57:(boca abajo)->205.0/184.0
Numero prueba:5
La diferencia es:0.0
El margen pedido es:10
.............SUPERO prueba 5

Numero prueba:6
La diferencia es:2.0
El margen pedido es:10
.............SUPERO prueba 6

Numero prueba:7
La diferencia es:3.0
El margen pedido es:10
.............SUPERO prueba 7

Numero prueba:8
prueba de posicionado
punto 1:201.0/102.0
punto 2:181.0/112.0
minimo:0
El punto 1 tiene que estar mas arriba que el 2
Lo esta
La diferencia es > que el minimo, superaria
.............SUPERO prueba 8

Numero prueba:9
prueba de posicionado
punto 1:201.0/102.0
punto 2:220.0/112.0
minimo:0
El punto 1 tiene que estar mas arriba que el 2
Lo esta
La diferencia es > que el minimo, superaria
.............SUPERO prueba 9

Numero prueba:14
la x1 es:128.0
la x2 es:275.0
el centro horizontal esta en:201.5
la x es:205.0
La diferencia es:3.5
El margen pedido es:10
.............SUPERO prueba 14

Numero prueba:15
prueba de posicionado
punto 1:203.0/126.0
punto 2:128.0/146.0
minimo:15
El punto 1 tiene que estar mas arriba que el 2
Lo esta
Como el minimo es > 0
La diferencia es:20.0
La diferencia es > que el minimo, superaria
.............SUPERO prueba 15

Numero prueba:16
prueba de posicionado
punto 1:203.0/126.0
punto 2:275.0/143.0
minimo:15
El punto 1 tiene que estar mas arriba que el 2
Lo esta
Como el minimo es > 0
La diferencia es:17.0
La diferencia es > que el minimo, superaria
.............SUPERO prueba 16

Numero prueba:17
prueba de posicionado
punto 1:201.0/102.0
punto 2:181.0/112.0
minimo:0
El punto 1 tiene que estar mas arriba que el 2
Lo esta
La diferencia es > que el minimo, superaria
.............SUPERO prueba 17

Numero prueba:18
prueba de posicionado
punto 1:201.0/102.0
punto 2:220.0/112.0
minimo:0
El punto 1 tiene que estar mas arriba que el 2
Lo esta
La diferencia es > que el minimo, superaria
.............SUPERO prueba 18

Numero prueba:19
prueba de posicionado
punto 1:128.0/146.0
punto 2:159.0/114.0
minimo:0
El punto 1 tiene que estar mas abajo que el 2
Lo esta
La diferencia es > que el minimo, superaria
.............SUPERO prueba 19

Numero prueba:20
prueba de posicionado
punto 1:275.0/143.0
punto 2:244.0/112.0
minimo:0
El punto 1 tiene que estar mas abajo que el 2
Lo esta
La diferencia es > que el minimo, superaria
.............SUPERO prueba 20

-------------------_>Puntuacion final(6):99.99999999999999
-----------------
-----------------
######################################################
######################################################
######################################################
######################################################



analizando:istockphoto-182374225-612x612.jpg
-------------Analizando en posicon_cara-------------
Tiene caras1
0:(parte izquierda cara)->85.0/157.0
16:(parte derecha cara)->294.0/197.0
7:(barbilla1)->141.0/252.0
8:(barbilla2)->170.0/256.0
9:(barbilla3)->203.0/256.0
27:(entrecejo)->177.0/108.0
30:(toxa punta)->173.0/138.0
33:(toxa abajo)->173.0/164.0
31:(izq toxa)->157.0/164.0
35:(der toxa)->193.0/164.0
36:(ojo izq fuera)->118.0/128.0
39:(ojo izq dentro)->154.0/125.0
45:(ojo der fuera)->245.0/131.0
42:(ojo der dentro)->209.0/125.0
48:(boca izq)->137.0/200.0
54:(boca der)->213.0/200.0
51:(boca arriba)->173.0/180.0
57:(boca abajo)->170.0/206.0
Numero prueba:5
La diferencia es:0.0
El margen pedido es:10
.............SUPERO prueba 5

Numero prueba:6
La diferencia es:3.0
El margen pedido es:10
.............SUPERO prueba 6

Numero prueba:7
La diferencia es:40.0
El margen pedido es:10

Numero prueba:8
prueba de posicionado
punto 1:177.0/108.0
punto 2:154.0/125.0
minimo:0
El punto 1 tiene que estar mas arriba que el 2
Lo esta
La diferencia es > que el minimo, superaria
.............SUPERO prueba 8

Numero prueba:9
prueba de posicionado
punto 1:177.0/108.0
punto 2:209.0/125.0
minimo:0
El punto 1 tiene que estar mas arriba que el 2
Lo esta
La diferencia es > que el minimo, superaria
.............SUPERO prueba 9

Numero prueba:14
la x1 es:85.0
la x2 es:294.0
el centro horizontal esta en:189.5
la x es:170.0
La diferencia es:19.5
El margen pedido es:10

Numero prueba:15
prueba de posicionado
punto 1:173.0/138.0
punto 2:85.0/157.0
minimo:15
El punto 1 tiene que estar mas arriba que el 2
Lo esta
Como el minimo es > 0
La diferencia es:19.0
La diferencia es > que el minimo, superaria
.............SUPERO prueba 15

Numero prueba:16
prueba de posicionado
punto 1:173.0/138.0
punto 2:294.0/197.0
minimo:15
El punto 1 tiene que estar mas arriba que el 2
Lo esta
Como el minimo es > 0
La diferencia es:59.0
La diferencia es > que el minimo, superaria
.............SUPERO prueba 16

Numero prueba:17
prueba de posicionado
punto 1:177.0/108.0
punto 2:154.0/125.0
minimo:0
El punto 1 tiene que estar mas arriba que el 2
Lo esta
La diferencia es > que el minimo, superaria
.............SUPERO prueba 17

Numero prueba:18
prueba de posicionado
punto 1:177.0/108.0
punto 2:209.0/125.0
minimo:0
El punto 1 tiene que estar mas arriba que el 2
Lo esta
La diferencia es > que el minimo, superaria
.............SUPERO prueba 18

Numero prueba:19
prueba de posicionado
punto 1:85.0/157.0
punto 2:118.0/128.0
minimo:0
El punto 1 tiene que estar mas abajo que el 2
Lo esta
La diferencia es > que el minimo, superaria
.............SUPERO prueba 19

Numero prueba:20
prueba de posicionado
punto 1:294.0/197.0
punto 2:245.0/131.0
minimo:0
El punto 1 tiene que estar mas abajo que el 2
Lo esta
La diferencia es > que el minimo, superaria
.............SUPERO prueba 20

-------------------_>Puntuacion final(6):83.33333333333333
-----------------
-----------------
######################################################
######################################################
######################################################
######################################################



analizando:istockphoto-831926286-612x612.jpg
-------------Analizando en posicon_cara-------------
Tiene caras1
0:(parte izquierda cara)->287.0/177.0
16:(parte derecha cara)->441.0/167.0
7:(barbilla1)->347.0/248.0
8:(barbilla2)->373.0/251.0
9:(barbilla3)->395.0/251.0
27:(entrecejo)->365.0/132.0
30:(toxa punta)->367.0/155.0
33:(toxa abajo)->367.0/172.0
31:(izq toxa)->355.0/172.0
35:(der toxa)->383.0/172.0
36:(ojo izq fuera)->319.0/142.0
39:(ojo izq dentro)->345.0/142.0
45:(ojo der fuera)->410.0/142.0
42:(ojo der dentro)->385.0/139.0
48:(boca izq)->332.0/205.0
54:(boca der)->403.0/203.0
51:(boca arriba)->370.0/185.0
57:(boca abajo)->370.0/218.0
Numero prueba:5
La diferencia es:3.0
El margen pedido es:10
.............SUPERO prueba 5

Numero prueba:6
La diferencia es:0.0
El margen pedido es:10
.............SUPERO prueba 6

Numero prueba:7
La diferencia es:10.0
El margen pedido es:10
.............SUPERO prueba 7

Numero prueba:8
prueba de posicionado
punto 1:365.0/132.0
punto 2:345.0/142.0
minimo:0
El punto 1 tiene que estar mas arriba que el 2
Lo esta
La diferencia es > que el minimo, superaria
.............SUPERO prueba 8

Numero prueba:9
prueba de posicionado
punto 1:365.0/132.0
punto 2:385.0/139.0
minimo:0
El punto 1 tiene que estar mas arriba que el 2
Lo esta
La diferencia es > que el minimo, superaria
.............SUPERO prueba 9

Numero prueba:14
la x1 es:287.0
la x2 es:441.0
el centro horizontal esta en:364.0
la x es:370.0
La diferencia es:6.0
El margen pedido es:10
.............SUPERO prueba 14

Numero prueba:15
prueba de posicionado
punto 1:367.0/155.0
punto 2:287.0/177.0
minimo:15
El punto 1 tiene que estar mas arriba que el 2
Lo esta
Como el minimo es > 0
La diferencia es:22.0
La diferencia es > que el minimo, superaria
.............SUPERO prueba 15

Numero prueba:16
prueba de posicionado
punto 1:367.0/155.0
punto 2:441.0/167.0
minimo:15
El punto 1 tiene que estar mas arriba que el 2
Lo esta
Como el minimo es > 0
La diferencia es:12.0
La diferencia es < que minimo. NO supera

Numero prueba:17
prueba de posicionado
punto 1:365.0/132.0
punto 2:345.0/142.0
minimo:0
El punto 1 tiene que estar mas arriba que el 2
Lo esta
La diferencia es > que el minimo, superaria
.............SUPERO prueba 17

Numero prueba:18
prueba de posicionado
punto 1:365.0/132.0
punto 2:385.0/139.0
minimo:0
El punto 1 tiene que estar mas arriba que el 2
Lo esta
La diferencia es > que el minimo, superaria
.............SUPERO prueba 18

Numero prueba:19
prueba de posicionado
punto 1:287.0/177.0
punto 2:319.0/142.0
minimo:0
El punto 1 tiene que estar mas abajo que el 2
Lo esta
La diferencia es > que el minimo, superaria
.............SUPERO prueba 19

Numero prueba:20
prueba de posicionado
punto 1:441.0/167.0
punto 2:410.0/142.0
minimo:0
El punto 1 tiene que estar mas abajo que el 2
Lo esta
La diferencia es > que el minimo, superaria
.............SUPERO prueba 20

-------------------_>Puntuacion final(6):91.66666666666666
-----------------
-----------------
######################################################
######################################################
######################################################
######################################################



analizando:istockphoto-1135785922-612x612.jpg
-------------Analizando en posicon_cara-------------
Tiene caras1
0:(parte izquierda cara)->236.0/160.0
16:(parte derecha cara)->391.0/158.0
7:(barbilla1)->287.0/187.0
8:(barbilla2)->309.0/187.0
9:(barbilla3)->334.0/187.0
27:(entrecejo)->311.0/93.0
30:(toxa punta)->311.0/102.0
33:(toxa abajo)->311.0/122.0
31:(izq toxa)->300.0/124.0
35:(der toxa)->325.0/124.0
36:(ojo izq fuera)->269.0/111.0
39:(ojo izq dentro)->291.0/107.0
45:(ojo der fuera)->353.0/109.0
42:(ojo der dentro)->331.0/107.0
48:(boca izq)->283.0/153.0
54:(boca der)->340.0/153.0
51:(boca arriba)->311.0/133.0
57:(boca abajo)->311.0/153.0
Numero prueba:5
La diferencia es:2.0
El margen pedido es:10
.............SUPERO prueba 5

Numero prueba:6
La diferencia es:2.0
El margen pedido es:10
.............SUPERO prueba 6

Numero prueba:7
La diferencia es:2.0
El margen pedido es:10
.............SUPERO prueba 7

Numero prueba:8
prueba de posicionado
punto 1:311.0/93.0
punto 2:291.0/107.0
minimo:0
El punto 1 tiene que estar mas arriba que el 2
Lo esta
La diferencia es > que el minimo, superaria
.............SUPERO prueba 8

Numero prueba:9
prueba de posicionado
punto 1:311.0/93.0
punto 2:331.0/107.0
minimo:0
El punto 1 tiene que estar mas arriba que el 2
Lo esta
La diferencia es > que el minimo, superaria
.............SUPERO prueba 9

Numero prueba:14
la x1 es:236.0
la x2 es:391.0
el centro horizontal esta en:313.5
la x es:311.0
La diferencia es:2.5
El margen pedido es:10
.............SUPERO prueba 14

Numero prueba:15
prueba de posicionado
punto 1:311.0/102.0
punto 2:236.0/160.0
minimo:15
El punto 1 tiene que estar mas arriba que el 2
Lo esta
Como el minimo es > 0
La diferencia es:58.0
La diferencia es > que el minimo, superaria
.............SUPERO prueba 15

Numero prueba:16
prueba de posicionado
punto 1:311.0/102.0
punto 2:391.0/158.0
minimo:15
El punto 1 tiene que estar mas arriba que el 2
Lo esta
Como el minimo es > 0
La diferencia es:56.0
La diferencia es > que el minimo, superaria
.............SUPERO prueba 16

Numero prueba:17
prueba de posicionado
punto 1:311.0/93.0
punto 2:291.0/107.0
minimo:0
El punto 1 tiene que estar mas arriba que el 2
Lo esta
La diferencia es > que el minimo, superaria
.............SUPERO prueba 17

Numero prueba:18
prueba de posicionado
punto 1:311.0/93.0
punto 2:331.0/107.0
minimo:0
El punto 1 tiene que estar mas arriba que el 2
Lo esta
La diferencia es > que el minimo, superaria
.............SUPERO prueba 18

Numero prueba:19
prueba de posicionado
punto 1:236.0/160.0
punto 2:269.0/111.0
minimo:0
El punto 1 tiene que estar mas abajo que el 2
Lo esta
La diferencia es > que el minimo, superaria
.............SUPERO prueba 19

Numero prueba:20
prueba de posicionado
punto 1:391.0/158.0
punto 2:353.0/109.0
minimo:0
El punto 1 tiene que estar mas abajo que el 2
Lo esta
La diferencia es > que el minimo, superaria
.............SUPERO prueba 20

-------------------_>Puntuacion final(6):99.99999999999999
-----------------
-----------------
######################################################
######################################################
######################################################
######################################################



analizando:istockphoto-1192304271-612x612.jpg
-------------Analizando en posicon_cara-------------
Tiene caras1
0:(parte izquierda cara)->233.0/204.0
16:(parte derecha cara)->394.0/206.0
7:(barbilla1)->290.0/265.0
8:(barbilla2)->316.0/265.0
9:(barbilla3)->341.0/267.0
27:(entrecejo)->314.0/155.0
30:(toxa punta)->314.0/175.0
33:(toxa abajo)->314.0/194.0
31:(izq toxa)->302.0/194.0
35:(der toxa)->329.0/194.0
36:(ojo izq fuera)->268.0/165.0
39:(ojo izq dentro)->292.0/162.0
45:(ojo der fuera)->360.0/165.0
42:(ojo der dentro)->333.0/162.0
48:(boca izq)->287.0/223.0
54:(boca der)->343.0/226.0
51:(boca arriba)->316.0/206.0
57:(boca abajo)->316.0/226.0
Numero prueba:5
La diferencia es:0.0
El margen pedido es:10
.............SUPERO prueba 5

Numero prueba:6
La diferencia es:0.0
El margen pedido es:10
.............SUPERO prueba 6

Numero prueba:7
La diferencia es:2.0
El margen pedido es:10
.............SUPERO prueba 7

Numero prueba:8
prueba de posicionado
punto 1:314.0/155.0
punto 2:292.0/162.0
minimo:0
El punto 1 tiene que estar mas arriba que el 2
Lo esta
La diferencia es > que el minimo, superaria
.............SUPERO prueba 8

Numero prueba:9
prueba de posicionado
punto 1:314.0/155.0
punto 2:333.0/162.0
minimo:0
El punto 1 tiene que estar mas arriba que el 2
Lo esta
La diferencia es > que el minimo, superaria
.............SUPERO prueba 9

Numero prueba:14
la x1 es:233.0
la x2 es:394.0
el centro horizontal esta en:313.5
la x es:316.0
La diferencia es:2.5
El margen pedido es:10
.............SUPERO prueba 14

Numero prueba:15
prueba de posicionado
punto 1:314.0/175.0
punto 2:233.0/204.0
minimo:15
El punto 1 tiene que estar mas arriba que el 2
Lo esta
Como el minimo es > 0
La diferencia es:29.0
La diferencia es > que el minimo, superaria
.............SUPERO prueba 15

Numero prueba:16
prueba de posicionado
punto 1:314.0/175.0
punto 2:394.0/206.0
minimo:15
El punto 1 tiene que estar mas arriba que el 2
Lo esta
Como el minimo es > 0
La diferencia es:31.0
La diferencia es > que el minimo, superaria
.............SUPERO prueba 16

Numero prueba:17
prueba de posicionado
punto 1:314.0/155.0
punto 2:292.0/162.0
minimo:0
El punto 1 tiene que estar mas arriba que el 2
Lo esta
La diferencia es > que el minimo, superaria
.............SUPERO prueba 17

Numero prueba:18
prueba de posicionado
punto 1:314.0/155.0
punto 2:333.0/162.0
minimo:0
El punto 1 tiene que estar mas arriba que el 2
Lo esta
La diferencia es > que el minimo, superaria
.............SUPERO prueba 18

Numero prueba:19
prueba de posicionado
punto 1:233.0/204.0
punto 2:268.0/165.0
minimo:0
El punto 1 tiene que estar mas abajo que el 2
Lo esta
La diferencia es > que el minimo, superaria
.............SUPERO prueba 19

Numero prueba:20
prueba de posicionado
punto 1:394.0/206.0
punto 2:360.0/165.0
minimo:0
El punto 1 tiene que estar mas abajo que el 2
Lo esta
La diferencia es > que el minimo, superaria
.............SUPERO prueba 20

-------------------_>Puntuacion final(6):99.99999999999999
-----------------
-----------------
######################################################
######################################################
######################################################
######################################################



analizando:istockphoto-600684152-612x612.jpg
-------------Analizando en posicon_cara-------------
Tiene caras1
0:(parte izquierda cara)->245.0/137.0
16:(parte derecha cara)->357.0/133.0
7:(barbilla1)->286.0/191.0
8:(barbilla2)->304.0/193.0
9:(barbilla3)->322.0/189.0
27:(entrecejo)->299.0/108.0
30:(toxa punta)->301.0/130.0
33:(toxa abajo)->301.0/139.0
31:(izq toxa)->292.0/139.0
35:(der toxa)->312.0/139.0
36:(ojo izq fuera)->267.0/115.0
39:(ojo izq dentro)->285.0/113.0
45:(ojo der fuera)->331.0/112.0
42:(ojo der dentro)->313.0/112.0
48:(boca izq)->281.0/160.0
54:(boca der)->324.0/157.0
51:(boca arriba)->303.0/149.0
57:(boca abajo)->303.0/167.0
Numero prueba:5
La diferencia es:1.0
El margen pedido es:10
.............SUPERO prueba 5

Numero prueba:6
La diferencia es:3.0
El margen pedido es:10
.............SUPERO prueba 6

Numero prueba:7
La diferencia es:4.0
El margen pedido es:10
.............SUPERO prueba 7

Numero prueba:8
prueba de posicionado
punto 1:299.0/108.0
punto 2:285.0/113.0
minimo:0
El punto 1 tiene que estar mas arriba que el 2
Lo esta
La diferencia es > que el minimo, superaria
.............SUPERO prueba 8

Numero prueba:9
prueba de posicionado
punto 1:299.0/108.0
punto 2:313.0/112.0
minimo:0
El punto 1 tiene que estar mas arriba que el 2
Lo esta
La diferencia es > que el minimo, superaria
.............SUPERO prueba 9

Numero prueba:14
la x1 es:245.0
la x2 es:357.0
el centro horizontal esta en:301.0
la x es:303.0
La diferencia es:2.0
El margen pedido es:10
.............SUPERO prueba 14

Numero prueba:15
prueba de posicionado
punto 1:301.0/130.0
punto 2:245.0/137.0
minimo:15
El punto 1 tiene que estar mas arriba que el 2
Lo esta
Como el minimo es > 0
La diferencia es:7.0
La diferencia es < que minimo. NO supera

Numero prueba:16
prueba de posicionado
punto 1:301.0/130.0
punto 2:357.0/133.0
minimo:15
El punto 1 tiene que estar mas arriba que el 2
Lo esta
Como el minimo es > 0
La diferencia es:3.0
La diferencia es < que minimo. NO supera

Numero prueba:17
prueba de posicionado
punto 1:299.0/108.0
punto 2:285.0/113.0
minimo:0
El punto 1 tiene que estar mas arriba que el 2
Lo esta
La diferencia es > que el minimo, superaria
.............SUPERO prueba 17

Numero prueba:18
prueba de posicionado
punto 1:299.0/108.0
punto 2:313.0/112.0
minimo:0
El punto 1 tiene que estar mas arriba que el 2
Lo esta
La diferencia es > que el minimo, superaria
.............SUPERO prueba 18

Numero prueba:19
prueba de posicionado
punto 1:245.0/137.0
punto 2:267.0/115.0
minimo:0
El punto 1 tiene que estar mas abajo que el 2
Lo esta
La diferencia es > que el minimo, superaria
.............SUPERO prueba 19

Numero prueba:20
prueba de posicionado
punto 1:357.0/133.0
punto 2:331.0/112.0
minimo:0
El punto 1 tiene que estar mas abajo que el 2
Lo esta
La diferencia es > que el minimo, superaria
.............SUPERO prueba 20

-------------------_>Puntuacion final(6):83.33333333333333
-----------------
-----------------
######################################################
######################################################
######################################################
######################################################



analizando:istockphoto-521072353-612x612.jpg
-------------Analizando en posicon_cara-------------
Tiene caras1
0:(parte izquierda cara)->206.0/133.0
16:(parte derecha cara)->364.0/153.0
7:(barbilla1)->249.0/207.0
8:(barbilla2)->275.0/212.0
9:(barbilla3)->300.0/212.0
27:(entrecejo)->285.0/97.0
30:(toxa punta)->283.0/115.0
33:(toxa abajo)->283.0/133.0
31:(izq toxa)->267.0/130.0
35:(der toxa)->298.0/135.0
36:(ojo izq fuera)->239.0/105.0
39:(ojo izq dentro)->265.0/105.0
45:(ojo der fuera)->334.0/115.0
42:(ojo der dentro)->308.0/110.0
48:(boca izq)->244.0/161.0
54:(boca der)->316.0/166.0
51:(boca arriba)->280.0/143.0
57:(boca abajo)->277.0/171.0
Numero prueba:5
La diferencia es:2.0
El margen pedido es:10
.............SUPERO prueba 5

Numero prueba:6
La diferencia es:10.0
El margen pedido es:10
.............SUPERO prueba 6

Numero prueba:7
La diferencia es:20.0
El margen pedido es:10

Numero prueba:8
prueba de posicionado
punto 1:285.0/97.0
punto 2:265.0/105.0
minimo:0
El punto 1 tiene que estar mas arriba que el 2
Lo esta
La diferencia es > que el minimo, superaria
.............SUPERO prueba 8

Numero prueba:9
prueba de posicionado
punto 1:285.0/97.0
punto 2:308.0/110.0
minimo:0
El punto 1 tiene que estar mas arriba que el 2
Lo esta
La diferencia es > que el minimo, superaria
.............SUPERO prueba 9

Numero prueba:14
la x1 es:206.0
la x2 es:364.0
el centro horizontal esta en:285.0
la x es:277.0
La diferencia es:8.0
El margen pedido es:10
.............SUPERO prueba 14

Numero prueba:15
prueba de posicionado
punto 1:283.0/115.0
punto 2:206.0/133.0
minimo:15
El punto 1 tiene que estar mas arriba que el 2
Lo esta
Como el minimo es > 0
La diferencia es:18.0
La diferencia es > que el minimo, superaria
.............SUPERO prueba 15

Numero prueba:16
prueba de posicionado
punto 1:283.0/115.0
punto 2:364.0/153.0
minimo:15
El punto 1 tiene que estar mas arriba que el 2
Lo esta
Como el minimo es > 0
La diferencia es:38.0
La diferencia es > que el minimo, superaria
.............SUPERO prueba 16

Numero prueba:17
prueba de posicionado
punto 1:285.0/97.0
punto 2:265.0/105.0
minimo:0
El punto 1 tiene que estar mas arriba que el 2
Lo esta
La diferencia es > que el minimo, superaria
.............SUPERO prueba 17

Numero prueba:18
prueba de posicionado
punto 1:285.0/97.0
punto 2:308.0/110.0
minimo:0
El punto 1 tiene que estar mas arriba que el 2
Lo esta
La diferencia es > que el minimo, superaria
.............SUPERO prueba 18

Numero prueba:19
prueba de posicionado
punto 1:206.0/133.0
punto 2:239.0/105.0
minimo:0
El punto 1 tiene que estar mas abajo que el 2
Lo esta
La diferencia es > que el minimo, superaria
.............SUPERO prueba 19

Numero prueba:20
prueba de posicionado
punto 1:364.0/153.0
punto 2:334.0/115.0
minimo:0
El punto 1 tiene que estar mas abajo que el 2
Lo esta
La diferencia es > que el minimo, superaria
.............SUPERO prueba 20

-------------------_>Puntuacion final(6):91.66666666666666
-----------------
-----------------
######################################################
######################################################
######################################################
######################################################



00000000000000000000000000000000000000000000000000000
/home/camaras/Descargas/caretos/a_abajo/
00000000000000000000000000000000000000000000000000000
analizando:istockphoto-911955596-612x612.jpg
-------------Analizando en posicon_cara-------------
Tiene caras1
0:(parte izquierda cara)->278.0/130.0
16:(parte derecha cara)->362.0/156.0
7:(barbilla1)->296.0/206.0
8:(barbilla2)->310.0/213.0
9:(barbilla3)->323.0/212.0
27:(entrecejo)->326.0/158.0
30:(toxa punta)->321.0/180.0
33:(toxa abajo)->318.0/183.0
31:(izq toxa)->312.0/178.0
35:(der toxa)->326.0/181.0
36:(ojo izq fuera)->298.0/149.0
39:(ojo izq dentro)->313.0/153.0
45:(ojo der fuera)->349.0/160.0
42:(ojo der dentro)->335.0/158.0
48:(boca izq)->296.0/183.0
54:(boca der)->333.0/190.0
51:(boca arriba)->318.0/187.0
57:(boca abajo)->313.0/201.0
Numero prueba:1
prueba de posicionado
punto 1:310.0/213.0
punto 2:296.0/206.0
minimo:0
El punto 1 tiene que estar mas abajo que el 2
Lo esta
La diferencia es > que el minimo, superaria
.............SUPERO prueba 1

Numero prueba:2
prueba de posicionado
punto 1:310.0/213.0
punto 2:323.0/212.0
minimo:0
El punto 1 tiene que estar mas abajo que el 2
Lo esta
La diferencia es > que el minimo, superaria
.............SUPERO prueba 2

Numero prueba:3
La diferencia es:11.0
El margen pedido es:10

Numero prueba:4
La diferencia es:3.0
El margen pedido es:10
.............SUPERO prueba 4

Numero prueba:5
prueba de posicionado
punto 1:278.0/130.0
punto 2:298.0/149.0
minimo:15
El punto 1 tiene que estar mas arriba que el 2
Lo esta
Como el minimo es > 0
La diferencia es:19.0
La diferencia es > que el minimo, superaria
.............SUPERO prueba 5

Numero prueba:6
prueba de posicionado
punto 1:362.0/156.0
punto 2:349.0/160.0
minimo:15
El punto 1 tiene que estar mas arriba que el 2
Lo esta
Como el minimo es > 0
La diferencia es:4.0
La diferencia es < que minimo. NO supera

Numero prueba:7
La diferencia es:26.0
El margen pedido es:10

Numero prueba:8
la x1 es:278.0
la x2 es:362.0
el centro horizontal esta en:320.0
la x es:313.0
La diferencia es:7.0
El margen pedido es:10
.............SUPERO prueba 8

Numero prueba:9
La diferencia es:6.0
El margen pedido es:10
.............SUPERO prueba 9

Numero prueba:10
prueba de posicionado
punto 1:326.0/158.0
punto 2:313.0/153.0
minimo:0
El punto 1 tiene que estar mas abajo que el 2
Lo esta
La diferencia es > que el minimo, superaria
.............SUPERO prueba 10

Numero prueba:11
prueba de posicionado
punto 1:326.0/158.0
punto 2:335.0/158.0
minimo:0
El punto 1 tiene que estar mas abajo que el 2
NO lo esta

-------------------_>Puntuacion final(7):63.63636363636365
-----------------
-----------------
######################################################
######################################################
######################################################
######################################################



analizando:istockphoto-685675600-612x612.jpg
-------------Analizando en posicon_cara-------------
Tiene caras1
0:(parte izquierda cara)->234.0/171.0
16:(parte derecha cara)->373.0/168.0
7:(barbilla1)->286.0/284.0
8:(barbilla2)->307.0/291.0
9:(barbilla3)->328.0/284.0
27:(entrecejo)->305.0/201.0
30:(toxa punta)->305.0/239.0
33:(toxa abajo)->305.0/244.0
31:(izq toxa)->293.0/239.0
35:(der toxa)->314.0/239.0
36:(ojo izq fuera)->260.0/194.0
39:(ojo izq dentro)->283.0/197.0
45:(ojo der fuera)->345.0/192.0
42:(ojo der dentro)->321.0/197.0
48:(boca izq)->283.0/258.0
54:(boca der)->328.0/258.0
51:(boca arriba)->305.0/258.0
57:(boca abajo)->305.0/269.0
Numero prueba:1
prueba de posicionado
punto 1:307.0/291.0
punto 2:286.0/284.0
minimo:0
El punto 1 tiene que estar mas abajo que el 2
Lo esta
La diferencia es > que el minimo, superaria
.............SUPERO prueba 1

Numero prueba:2
prueba de posicionado
punto 1:307.0/291.0
punto 2:328.0/284.0
minimo:0
El punto 1 tiene que estar mas abajo que el 2
Lo esta
La diferencia es > que el minimo, superaria
.............SUPERO prueba 2

Numero prueba:3
La diferencia es:2.0
El margen pedido es:10
.............SUPERO prueba 3

Numero prueba:4
La diferencia es:2.0
El margen pedido es:10
.............SUPERO prueba 4

Numero prueba:5
prueba de posicionado
punto 1:234.0/171.0
punto 2:260.0/194.0
minimo:15
El punto 1 tiene que estar mas arriba que el 2
Lo esta
Como el minimo es > 0
La diferencia es:23.0
La diferencia es > que el minimo, superaria
.............SUPERO prueba 5

Numero prueba:6
prueba de posicionado
punto 1:373.0/168.0
punto 2:345.0/192.0
minimo:15
El punto 1 tiene que estar mas arriba que el 2
Lo esta
Como el minimo es > 0
La diferencia es:24.0
La diferencia es > que el minimo, superaria
.............SUPERO prueba 6

Numero prueba:7
La diferencia es:3.0
El margen pedido es:10
.............SUPERO prueba 7

Numero prueba:8
la x1 es:234.0
la x2 es:373.0
el centro horizontal esta en:303.5
la x es:305.0
La diferencia es:1.5
El margen pedido es:10
.............SUPERO prueba 8

Numero prueba:9
La diferencia es:5.0
El margen pedido es:10
.............SUPERO prueba 9

Numero prueba:10
prueba de posicionado
punto 1:305.0/201.0
punto 2:283.0/197.0
minimo:0
El punto 1 tiene que estar mas abajo que el 2
Lo esta
La diferencia es > que el minimo, superaria
.............SUPERO prueba 10

Numero prueba:11
prueba de posicionado
punto 1:305.0/201.0
punto 2:321.0/197.0
minimo:0
El punto 1 tiene que estar mas abajo que el 2
Lo esta
La diferencia es > que el minimo, superaria
.............SUPERO prueba 11

-------------------_>Puntuacion final(7):100.00000000000001
-----------------
-----------------
######################################################
######################################################
######################################################
######################################################



analizando:istockphoto-1140550171-612x612.jpg
-------------Analizando en posicon_cara-------------
Tiene caras1
0:(parte izquierda cara)->237.0/112.0
16:(parte derecha cara)->347.0/108.0
7:(barbilla1)->279.0/195.0
8:(barbilla2)->296.0/203.0
9:(barbilla3)->313.0/197.0
27:(entrecejo)->291.0/151.0
30:(toxa punta)->291.0/178.0
33:(toxa abajo)->293.0/178.0
31:(izq toxa)->285.0/173.0
35:(der toxa)->302.0/173.0
36:(ojo izq fuera)->261.0/139.0
39:(ojo izq dentro)->278.0/144.0
45:(ojo der fuera)->324.0/141.0
42:(ojo der dentro)->305.0/144.0
48:(boca izq)->276.0/178.0
54:(boca der)->315.0/180.0
51:(boca arriba)->295.0/185.0
57:(boca abajo)->296.0/192.0
Numero prueba:1
prueba de posicionado
punto 1:296.0/203.0
punto 2:279.0/195.0
minimo:0
El punto 1 tiene que estar mas abajo que el 2
Lo esta
La diferencia es > que el minimo, superaria
.............SUPERO prueba 1

Numero prueba:2
prueba de posicionado
punto 1:296.0/203.0
punto 2:313.0/197.0
minimo:0
El punto 1 tiene que estar mas abajo que el 2
Lo esta
La diferencia es > que el minimo, superaria
.............SUPERO prueba 2

Numero prueba:3
La diferencia es:2.0
El margen pedido es:10
.............SUPERO prueba 3

Numero prueba:4
La diferencia es:0.0
El margen pedido es:10
.............SUPERO prueba 4

Numero prueba:5
prueba de posicionado
punto 1:237.0/112.0
punto 2:261.0/139.0
minimo:15
El punto 1 tiene que estar mas arriba que el 2
Lo esta
Como el minimo es > 0
La diferencia es:27.0
La diferencia es > que el minimo, superaria
.............SUPERO prueba 5

Numero prueba:6
prueba de posicionado
punto 1:347.0/108.0
punto 2:324.0/141.0
minimo:15
El punto 1 tiene que estar mas arriba que el 2
Lo esta
Como el minimo es > 0
La diferencia es:33.0
La diferencia es > que el minimo, superaria
.............SUPERO prueba 6

Numero prueba:7
La diferencia es:4.0
El margen pedido es:10
.............SUPERO prueba 7

Numero prueba:8
la x1 es:237.0
la x2 es:347.0
el centro horizontal esta en:292.0
la x es:296.0
La diferencia es:4.0
El margen pedido es:10
.............SUPERO prueba 8

Numero prueba:9
La diferencia es:2.0
El margen pedido es:10
.............SUPERO prueba 9

Numero prueba:10
prueba de posicionado
punto 1:291.0/151.0
punto 2:278.0/144.0
minimo:0
El punto 1 tiene que estar mas abajo que el 2
Lo esta
La diferencia es > que el minimo, superaria
.............SUPERO prueba 10

Numero prueba:11
prueba de posicionado
punto 1:291.0/151.0
punto 2:305.0/144.0
minimo:0
El punto 1 tiene que estar mas abajo que el 2
Lo esta
La diferencia es > que el minimo, superaria
.............SUPERO prueba 11

-------------------_>Puntuacion final(7):100.00000000000001
-----------------
-----------------
######################################################
######################################################
######################################################
######################################################



analizando:istockphoto-1353377373-612x612.jpg
-------------Analizando en posicon_cara-------------
Tiene caras1
0:(parte izquierda cara)->278.0/97.0
16:(parte derecha cara)->379.0/106.0
7:(barbilla1)->308.0/177.0
8:(barbilla2)->323.0/185.0
9:(barbilla3)->339.0/180.0
27:(entrecejo)->330.0/123.0
30:(toxa punta)->328.0/149.0
33:(toxa abajo)->327.0/151.0
31:(izq toxa)->318.0/146.0
35:(der toxa)->335.0/147.0
36:(ojo izq fuera)->299.0/114.0
39:(ojo izq dentro)->316.0/120.0
45:(ojo der fuera)->358.0/120.0
42:(ojo der dentro)->341.0/121.0
48:(boca izq)->306.0/151.0
54:(boca der)->349.0/154.0
51:(boca arriba)->327.0/156.0
57:(boca abajo)->325.0/166.0
Numero prueba:1
prueba de posicionado
punto 1:323.0/185.0
punto 2:308.0/177.0
minimo:0
El punto 1 tiene que estar mas abajo que el 2
Lo esta
La diferencia es > que el minimo, superaria
.............SUPERO prueba 1

Numero prueba:2
prueba de posicionado
punto 1:323.0/185.0
punto 2:339.0/180.0
minimo:0
El punto 1 tiene que estar mas abajo que el 2
Lo esta
La diferencia es > que el minimo, superaria
.............SUPERO prueba 2

Numero prueba:3
La diferencia es:6.0
El margen pedido es:10
.............SUPERO prueba 3

Numero prueba:4
La diferencia es:2.0
El margen pedido es:10
.............SUPERO prueba 4

Numero prueba:5
prueba de posicionado
punto 1:278.0/97.0
punto 2:299.0/114.0
minimo:15
El punto 1 tiene que estar mas arriba que el 2
Lo esta
Como el minimo es > 0
La diferencia es:17.0
La diferencia es > que el minimo, superaria
.............SUPERO prueba 5

Numero prueba:6
prueba de posicionado
punto 1:379.0/106.0
punto 2:358.0/120.0
minimo:15
El punto 1 tiene que estar mas arriba que el 2
Lo esta
Como el minimo es > 0
La diferencia es:14.0
La diferencia es < que minimo. NO supera

Numero prueba:7
La diferencia es:9.0
El margen pedido es:10
.............SUPERO prueba 7

Numero prueba:8
la x1 es:278.0
la x2 es:379.0
el centro horizontal esta en:328.5
la x es:325.0
La diferencia es:3.5
El margen pedido es:10
.............SUPERO prueba 8

Numero prueba:9
La diferencia es:3.0
El margen pedido es:10
.............SUPERO prueba 9

Numero prueba:10
prueba de posicionado
punto 1:330.0/123.0
punto 2:316.0/120.0
minimo:0
El punto 1 tiene que estar mas abajo que el 2
Lo esta
La diferencia es > que el minimo, superaria
.............SUPERO prueba 10

Numero prueba:11
prueba de posicionado
punto 1:330.0/123.0
punto 2:341.0/121.0
minimo:0
El punto 1 tiene que estar mas abajo que el 2
Lo esta
La diferencia es > que el minimo, superaria
.............SUPERO prueba 11

-------------------_>Puntuacion final(7):90.90909090909092
-----------------
-----------------
######################################################
######################################################
######################################################
######################################################



analizando:istockphoto-155427889-612x612.jpg
-------------Analizando en posicon_cara-------------
Tiene caras1
0:(parte izquierda cara)->260.0/121.0
16:(parte derecha cara)->368.0/127.0
7:(barbilla1)->300.0/211.0
8:(barbilla2)->315.0/217.0
9:(barbilla3)->332.0/209.0
27:(entrecejo)->324.0/149.0
30:(toxa punta)->324.0/181.0
33:(toxa abajo)->322.0/181.0
31:(izq toxa)->311.0/177.0
35:(der toxa)->332.0/176.0
36:(ojo izq fuera)->288.0/144.0
39:(ojo izq dentro)->307.0/145.0
45:(ojo der fuera)->354.0/142.0
42:(ojo der dentro)->335.0/145.0
48:(boca izq)->294.0/181.0
54:(boca der)->341.0/181.0
51:(boca arriba)->320.0/187.0
57:(boca abajo)->320.0/200.0
Numero prueba:1
prueba de posicionado
punto 1:315.0/217.0
punto 2:300.0/211.0
minimo:0
El punto 1 tiene que estar mas abajo que el 2
Lo esta
La diferencia es > que el minimo, superaria
.............SUPERO prueba 1

Numero prueba:2
prueba de posicionado
punto 1:315.0/217.0
punto 2:332.0/209.0
minimo:0
El punto 1 tiene que estar mas abajo que el 2
Lo esta
La diferencia es > que el minimo, superaria
.............SUPERO prueba 2

Numero prueba:3
La diferencia es:2.0
El margen pedido es:10
.............SUPERO prueba 3

Numero prueba:4
La diferencia es:5.0
El margen pedido es:10
.............SUPERO prueba 4

Numero prueba:5
prueba de posicionado
punto 1:260.0/121.0
punto 2:288.0/144.0
minimo:15
El punto 1 tiene que estar mas arriba que el 2
Lo esta
Como el minimo es > 0
La diferencia es:23.0
La diferencia es > que el minimo, superaria
.............SUPERO prueba 5

Numero prueba:6
prueba de posicionado
punto 1:368.0/127.0
punto 2:354.0/142.0
minimo:15
El punto 1 tiene que estar mas arriba que el 2
Lo esta
Como el minimo es > 0
La diferencia es:15.0
La diferencia es < que minimo. NO supera

Numero prueba:7
La diferencia es:6.0
El margen pedido es:10
.............SUPERO prueba 7

Numero prueba:8
la x1 es:260.0
la x2 es:368.0
el centro horizontal esta en:314.0
la x es:320.0
La diferencia es:6.0
El margen pedido es:10
.............SUPERO prueba 8

Numero prueba:9
La diferencia es:2.0
El margen pedido es:10
.............SUPERO prueba 9

Numero prueba:10
prueba de posicionado
punto 1:324.0/149.0
punto 2:307.0/145.0
minimo:0
El punto 1 tiene que estar mas abajo que el 2
Lo esta
La diferencia es > que el minimo, superaria
.............SUPERO prueba 10

Numero prueba:11
prueba de posicionado
punto 1:324.0/149.0
punto 2:335.0/145.0
minimo:0
El punto 1 tiene que estar mas abajo que el 2
Lo esta
La diferencia es > que el minimo, superaria
.............SUPERO prueba 11

-------------------_>Puntuacion final(7):90.90909090909092
-----------------
-----------------
######################################################
######################################################
######################################################
######################################################



analizando:istockphoto-154961395-612x612.jpg
-------------Analizando en posicon_cara-------------
Tiene caras1
0:(parte izquierda cara)->133.0/187.0
16:(parte derecha cara)->309.0/170.0
7:(barbilla1)->200.0/333.0
8:(barbilla2)->231.0/343.0
9:(barbilla3)->258.0/330.0
27:(entrecejo)->217.0/231.0
30:(toxa punta)->217.0/279.0
33:(toxa abajo)->221.0/279.0
31:(izq toxa)->204.0/272.0
35:(der toxa)->238.0/272.0
36:(ojo izq fuera)->167.0/218.0
39:(ojo izq dentro)->197.0/221.0
45:(ojo der fuera)->268.0/214.0
42:(ojo der dentro)->241.0/221.0
48:(boca izq)->187.0/286.0
54:(boca der)->265.0/279.0
51:(boca arriba)->224.0/289.0
57:(boca abajo)->228.0/313.0
Numero prueba:1
prueba de posicionado
punto 1:231.0/343.0
punto 2:200.0/333.0
minimo:0
El punto 1 tiene que estar mas abajo que el 2
Lo esta
La diferencia es > que el minimo, superaria
.............SUPERO prueba 1

Numero prueba:2
prueba de posicionado
punto 1:231.0/343.0
punto 2:258.0/330.0
minimo:0
El punto 1 tiene que estar mas abajo que el 2
Lo esta
La diferencia es > que el minimo, superaria
.............SUPERO prueba 2

Numero prueba:3
La diferencia es:4.0
El margen pedido es:10
.............SUPERO prueba 3

Numero prueba:4
La diferencia es:3.0
El margen pedido es:10
.............SUPERO prueba 4

Numero prueba:5
prueba de posicionado
punto 1:133.0/187.0
punto 2:167.0/218.0
minimo:15
El punto 1 tiene que estar mas arriba que el 2
Lo esta
Como el minimo es > 0
La diferencia es:31.0
La diferencia es > que el minimo, superaria
.............SUPERO prueba 5

Numero prueba:6
prueba de posicionado
punto 1:309.0/170.0
punto 2:268.0/214.0
minimo:15
El punto 1 tiene que estar mas arriba que el 2
Lo esta
Como el minimo es > 0
La diferencia es:44.0
La diferencia es > que el minimo, superaria
.............SUPERO prueba 6

Numero prueba:7
La diferencia es:17.0
El margen pedido es:10

Numero prueba:8
la x1 es:133.0
la x2 es:309.0
el centro horizontal esta en:221.0
la x es:228.0
La diferencia es:7.0
El margen pedido es:10
.............SUPERO prueba 8

Numero prueba:9
La diferencia es:4.0
El margen pedido es:10
.............SUPERO prueba 9

Numero prueba:10
prueba de posicionado
punto 1:217.0/231.0
punto 2:197.0/221.0
minimo:0
El punto 1 tiene que estar mas abajo que el 2
Lo esta
La diferencia es > que el minimo, superaria
.............SUPERO prueba 10

Numero prueba:11
prueba de posicionado
punto 1:217.0/231.0
punto 2:241.0/221.0
minimo:0
El punto 1 tiene que estar mas abajo que el 2
Lo esta
La diferencia es > que el minimo, superaria
.............SUPERO prueba 11

-------------------_>Puntuacion final(7):90.90909090909092
-----------------
-----------------
######################################################
######################################################
######################################################
######################################################



analizando:istockphoto-1226663802-612x612.jpg
-------------Analizando en posicon_cara-------------
Tiene caras1
0:(parte izquierda cara)->171.0/76.0
16:(parte derecha cara)->221.0/73.0
7:(barbilla1)->189.0/118.0
8:(barbilla2)->197.0/121.0
9:(barbilla3)->205.0/117.0
27:(entrecejo)->196.0/97.0
30:(toxa punta)->196.0/109.0
33:(toxa abajo)->196.0/107.0
31:(izq toxa)->192.0/106.0
35:(der toxa)->201.0/106.0
36:(ojo izq fuera)->181.0/91.0
39:(ojo izq dentro)->189.0/92.0
45:(ojo der fuera)->210.0/90.0
42:(ojo der dentro)->202.0/93.0
48:(boca izq)->186.0/106.0
54:(boca der)->207.0/105.0
51:(boca arriba)->196.0/110.0
57:(boca abajo)->197.0/113.0
Numero prueba:1
prueba de posicionado
punto 1:197.0/121.0
punto 2:189.0/118.0
minimo:0
El punto 1 tiene que estar mas abajo que el 2
Lo esta
La diferencia es > que el minimo, superaria
.............SUPERO prueba 1

Numero prueba:2
prueba de posicionado
punto 1:197.0/121.0
punto 2:205.0/117.0
minimo:0
El punto 1 tiene que estar mas abajo que el 2
Lo esta
La diferencia es > que el minimo, superaria
.............SUPERO prueba 2

Numero prueba:3
La diferencia es:1.0
El margen pedido es:10
.............SUPERO prueba 3

Numero prueba:4
La diferencia es:0.0
El margen pedido es:10
.............SUPERO prueba 4

Numero prueba:5
prueba de posicionado
punto 1:171.0/76.0
punto 2:181.0/91.0
minimo:15
El punto 1 tiene que estar mas arriba que el 2
Lo esta
Como el minimo es > 0
La diferencia es:15.0
La diferencia es < que minimo. NO supera

Numero prueba:6
prueba de posicionado
punto 1:221.0/73.0
punto 2:210.0/90.0
minimo:15
El punto 1 tiene que estar mas arriba que el 2
Lo esta
Como el minimo es > 0
La diferencia es:17.0
La diferencia es > que el minimo, superaria
.............SUPERO prueba 6

Numero prueba:7
La diferencia es:3.0
El margen pedido es:10
.............SUPERO prueba 7

Numero prueba:8
la x1 es:171.0
la x2 es:221.0
el centro horizontal esta en:196.0
la x es:197.0
La diferencia es:1.0
El margen pedido es:10
.............SUPERO prueba 8

Numero prueba:9
La diferencia es:2.0
El margen pedido es:10
.............SUPERO prueba 9

Numero prueba:10
prueba de posicionado
punto 1:196.0/97.0
punto 2:189.0/92.0
minimo:0
El punto 1 tiene que estar mas abajo que el 2
Lo esta
La diferencia es > que el minimo, superaria
.............SUPERO prueba 10

Numero prueba:11
prueba de posicionado
punto 1:196.0/97.0
punto 2:202.0/93.0
minimo:0
El punto 1 tiene que estar mas abajo que el 2
Lo esta
La diferencia es > que el minimo, superaria
.............SUPERO prueba 11

-------------------_>Puntuacion final(7):90.90909090909092
-----------------
-----------------
######################################################
######################################################
######################################################
######################################################



analizando:istockphoto-119066243-612x612.jpg
-------------Analizando en posicon_cara-------------
Tiene caras1
0:(parte izquierda cara)->145.0/179.0
16:(parte derecha cara)->303.0/176.0
7:(barbilla1)->202.0/312.0
8:(barbilla2)->227.0/323.0
9:(barbilla3)->251.0/312.0
27:(entrecejo)->224.0/220.0
30:(toxa punta)->224.0/260.0
33:(toxa abajo)->224.0/263.0
31:(izq toxa)->213.0/258.0
35:(der toxa)->238.0/258.0
36:(ojo izq fuera)->175.0/211.0
39:(ojo izq dentro)->202.0/214.0
45:(ojo der fuera)->271.0/211.0
42:(ojo der dentro)->246.0/217.0
48:(boca izq)->200.0/279.0
54:(boca der)->254.0/277.0
51:(boca arriba)->227.0/274.0
57:(boca abajo)->227.0/304.0
Numero prueba:1
prueba de posicionado
punto 1:227.0/323.0
punto 2:202.0/312.0
minimo:0
El punto 1 tiene que estar mas abajo que el 2
Lo esta
La diferencia es > que el minimo, superaria
.............SUPERO prueba 1

Numero prueba:2
prueba de posicionado
punto 1:227.0/323.0
punto 2:251.0/312.0
minimo:0
El punto 1 tiene que estar mas abajo que el 2
Lo esta
La diferencia es > que el minimo, superaria
.............SUPERO prueba 2

Numero prueba:3
La diferencia es:0.0
El margen pedido es:10
.............SUPERO prueba 3

Numero prueba:4
La diferencia es:0.0
El margen pedido es:10
.............SUPERO prueba 4

Numero prueba:5
prueba de posicionado
punto 1:145.0/179.0
punto 2:175.0/211.0
minimo:15
El punto 1 tiene que estar mas arriba que el 2
Lo esta
Como el minimo es > 0
La diferencia es:32.0
La diferencia es > que el minimo, superaria
.............SUPERO prueba 5

Numero prueba:6
prueba de posicionado
punto 1:303.0/176.0
punto 2:271.0/211.0
minimo:15
El punto 1 tiene que estar mas arriba que el 2
Lo esta
Como el minimo es > 0
La diferencia es:35.0
La diferencia es > que el minimo, superaria
.............SUPERO prueba 6

Numero prueba:7
La diferencia es:3.0
El margen pedido es:10
.............SUPERO prueba 7

Numero prueba:8
la x1 es:145.0
la x2 es:303.0
el centro horizontal esta en:224.0
la x es:227.0
La diferencia es:3.0
El margen pedido es:10
.............SUPERO prueba 8

Numero prueba:9
La diferencia es:3.0
El margen pedido es:10
.............SUPERO prueba 9

Numero prueba:10
prueba de posicionado
punto 1:224.0/220.0
punto 2:202.0/214.0
minimo:0
El punto 1 tiene que estar mas abajo que el 2
Lo esta
La diferencia es > que el minimo, superaria
.............SUPERO prueba 10

Numero prueba:11
prueba de posicionado
punto 1:224.0/220.0
punto 2:246.0/217.0
minimo:0
El punto 1 tiene que estar mas abajo que el 2
Lo esta
La diferencia es > que el minimo, superaria
.............SUPERO prueba 11

-------------------_>Puntuacion final(7):100.00000000000001
-----------------
-----------------
######################################################
######################################################
######################################################
######################################################



paso0
paso0
pinta25_mas_1
pinta25_mas_2
pinta25_mas_3
pinta25_mas_4
pinta25_mas_5
paso0
pinta25_mas_1
pinta25_mas_2
pinta25_mas_3
pinta25_mas_4
pinta25_mas_5
paso0
pinta25_mas_1
pinta25_mas_2
pinta25_mas_3
pinta25_mas_4
pinta25_mas_5
