tenemos este video:/var/www/html/reconocimientoFacial/proyecto_definitivo/admin/files/videos_registro_videos/otraprueba_6.avi
voy(6) leyendo el video..
tenemos(6) frame k lo guardo ..
voy(6) leyendo el video..
tenemos(6) frame k lo guardo ..
voy(6) leyendo el video..
tenemos(6) frame k lo guardo ..
cara encontrada en: /var/www/html/reconocimientoFacial/proyecto_definitivo/admin/files/videos_registro_videos/otraprueba_6.avi
OpenCV(4.5.3) /tmp/pip-req-build-dwj9trv5/opencv/modules/imgproc/src/resize.cpp:4051: error: (-215:Assertion failed) !ssize.empty() in function 'resize'

cara encontrada en: /var/www/html/reconocimientoFacial/proyecto_definitivo/admin/files/videos_registro_videos/otraprueba_6.avi
OpenCV(4.5.3) /tmp/pip-req-build-dwj9trv5/opencv/modules/imgproc/src/resize.cpp:4051: error: (-215:Assertion failed) !ssize.empty() in function 'resize'

cara encontrada en: /var/www/html/reconocimientoFacial/proyecto_definitivo/admin/files/videos_registro_videos/otraprueba_6.avi
OpenCV(4.5.3) /tmp/pip-req-build-dwj9trv5/opencv/modules/imgproc/src/resize.cpp:4051: error: (-215:Assertion failed) !ssize.empty() in function 'resize'

cara encontrada en: /var/www/html/reconocimientoFacial/proyecto_definitivo/admin/files/videos_registro_videos/otraprueba_6.avi
cara guardada en /otraprueba_6.avi_6_1.429880142211914.jpg con esta confidence:0.99832207
cara encontrada en: /var/www/html/reconocimientoFacial/proyecto_definitivo/admin/files/videos_registro_videos/otraprueba_6.avi
OpenCV(4.5.3) /tmp/pip-req-build-dwj9trv5/opencv/modules/imgproc/src/resize.cpp:4051: error: (-215:Assertion failed) !ssize.empty() in function 'resize'

cara encontrada en: /var/www/html/reconocimientoFacial/proyecto_definitivo/admin/files/videos_registro_videos/otraprueba_6.avi
OpenCV(4.5.3) /tmp/pip-req-build-dwj9trv5/opencv/modules/imgproc/src/resize.cpp:4051: error: (-215:Assertion failed) !ssize.empty() in function 'resize'

cara encontrada en: /var/www/html/reconocimientoFacial/proyecto_definitivo/admin/files/videos_registro_videos/otraprueba_6.avi
OpenCV(4.5.3) /tmp/pip-req-build-dwj9trv5/opencv/modules/imgproc/src/resize.cpp:4051: error: (-215:Assertion failed) !ssize.empty() in function 'resize'

cara encontrada en: /var/www/html/reconocimientoFacial/proyecto_definitivo/admin/files/videos_registro_videos/otraprueba_6.avi
OpenCV(4.5.3) /tmp/pip-req-build-dwj9trv5/opencv/modules/imgproc/src/resize.cpp:4051: error: (-215:Assertion failed) !ssize.empty() in function 'resize'

cara encontrada en: /var/www/html/reconocimientoFacial/proyecto_definitivo/admin/files/videos_registro_videos/otraprueba_6.avi
OpenCV(4.5.3) /tmp/pip-req-build-dwj9trv5/opencv/modules/imgproc/src/resize.cpp:4051: error: (-215:Assertion failed) !ssize.empty() in function 'resize'

cara encontrada en: /var/www/html/reconocimientoFacial/proyecto_definitivo/admin/files/videos_registro_videos/otraprueba_6.avi
OpenCV(4.5.3) /tmp/pip-req-build-dwj9trv5/opencv/modules/imgproc/src/resize.cpp:4051: error: (-215:Assertion failed) !ssize.empty() in function 'resize'

voy(6) leyendo el video..
tenemos(6) frame k lo guardo ..
voy(6) leyendo el video..
tenemos(6) frame k lo guardo ..
voy(6) leyendo el video..
tenemos(6) frame k lo guardo ..
cara encontrada en: /var/www/html/reconocimientoFacial/proyecto_definitivo/admin/files/videos_registro_videos/otraprueba_6.avi
OpenCV(4.5.3) /tmp/pip-req-build-dwj9trv5/opencv/modules/imgproc/src/resize.cpp:4051: error: (-215:Assertion failed) !ssize.empty() in function 'resize'

cara encontrada en: /var/www/html/reconocimientoFacial/proyecto_definitivo/admin/files/videos_registro_videos/otraprueba_6.avi
OpenCV(4.5.3) /tmp/pip-req-build-dwj9trv5/opencv/modules/imgproc/src/resize.cpp:4051: error: (-215:Assertion failed) !ssize.empty() in function 'resize'

cara encontrada en: /var/www/html/reconocimientoFacial/proyecto_definitivo/admin/files/videos_registro_videos/otraprueba_6.avi
OpenCV(4.5.3) /tmp/pip-req-build-dwj9trv5/opencv/modules/imgproc/src/resize.cpp:4051: error: (-215:Assertion failed) !ssize.empty() in function 'resize'

cara encontrada en: /var/www/html/reconocimientoFacial/proyecto_definitivo/admin/files/videos_registro_videos/otraprueba_6.avi
cara guardada en /otraprueba_6.avi_6_2.784665107727051.jpg con esta confidence:0.9981822
cara encontrada en: /var/www/html/reconocimientoFacial/proyecto_definitivo/admin/files/videos_registro_videos/otraprueba_6.avi
OpenCV(4.5.3) /tmp/pip-req-build-dwj9trv5/opencv/modules/imgproc/src/resize.cpp:4051: error: (-215:Assertion failed) !ssize.empty() in function 'resize'

cara encontrada en: /var/www/html/reconocimientoFacial/proyecto_definitivo/admin/files/videos_registro_videos/otraprueba_6.avi
OpenCV(4.5.3) /tmp/pip-req-build-dwj9trv5/opencv/modules/imgproc/src/resize.cpp:4051: error: (-215:Assertion failed) !ssize.empty() in function 'resize'

cara encontrada en: /var/www/html/reconocimientoFacial/proyecto_definitivo/admin/files/videos_registro_videos/otraprueba_6.avi
OpenCV(4.5.3) /tmp/pip-req-build-dwj9trv5/opencv/modules/imgproc/src/resize.cpp:4051: error: (-215:Assertion failed) !ssize.empty() in function 'resize'

cara encontrada en: /var/www/html/reconocimientoFacial/proyecto_definitivo/admin/files/videos_registro_videos/otraprueba_6.avi
OpenCV(4.5.3) /tmp/pip-req-build-dwj9trv5/opencv/modules/imgproc/src/resize.cpp:4051: error: (-215:Assertion failed) !ssize.empty() in function 'resize'

cara encontrada en: /var/www/html/reconocimientoFacial/proyecto_definitivo/admin/files/videos_registro_videos/otraprueba_6.avi
OpenCV(4.5.3) /tmp/pip-req-build-dwj9trv5/opencv/modules/imgproc/src/resize.cpp:4051: error: (-215:Assertion failed) !ssize.empty() in function 'resize'

cara encontrada en: /var/www/html/reconocimientoFacial/proyecto_definitivo/admin/files/videos_registro_videos/otraprueba_6.avi
OpenCV(4.5.3) /tmp/pip-req-build-dwj9trv5/opencv/modules/imgproc/src/resize.cpp:4051: error: (-215:Assertion failed) !ssize.empty() in function 'resize'

voy(6) leyendo el video..
tenemos(6) frame k lo guardo ..
voy(6) leyendo el video..
tenemos(6) frame k lo guardo ..
voy(6) leyendo el video..
tenemos(6) frame k lo guardo ..
cara encontrada en: /var/www/html/reconocimientoFacial/proyecto_definitivo/admin/files/videos_registro_videos/otraprueba_6.avi
OpenCV(4.5.3) /tmp/pip-req-build-dwj9trv5/opencv/modules/imgproc/src/resize.cpp:4051: error: (-215:Assertion failed) !ssize.empty() in function 'resize'

cara encontrada en: /var/www/html/reconocimientoFacial/proyecto_definitivo/admin/files/videos_registro_videos/otraprueba_6.avi
OpenCV(4.5.3) /tmp/pip-req-build-dwj9trv5/opencv/modules/imgproc/src/resize.cpp:4051: error: (-215:Assertion failed) !ssize.empty() in function 'resize'

cara encontrada en: /var/www/html/reconocimientoFacial/proyecto_definitivo/admin/files/videos_registro_videos/otraprueba_6.avi
OpenCV(4.5.3) /tmp/pip-req-build-dwj9trv5/opencv/modules/imgproc/src/resize.cpp:4051: error: (-215:Assertion failed) !ssize.empty() in function 'resize'

cara encontrada en: /var/www/html/reconocimientoFacial/proyecto_definitivo/admin/files/videos_registro_videos/otraprueba_6.avi
OpenCV(4.5.3) /tmp/pip-req-build-dwj9trv5/opencv/modules/imgproc/src/resize.cpp:4051: error: (-215:Assertion failed) !ssize.empty() in function 'resize'

cara encontrada en: /var/www/html/reconocimientoFacial/proyecto_definitivo/admin/files/videos_registro_videos/otraprueba_6.avi
cara guardada en /otraprueba_6.avi_6_4.396379709243774.jpg con esta confidence:0.99737227
cara encontrada en: /var/www/html/reconocimientoFacial/proyecto_definitivo/admin/files/videos_registro_videos/otraprueba_6.avi
OpenCV(4.5.3) /tmp/pip-req-build-dwj9trv5/opencv/modules/imgproc/src/resize.cpp:4051: error: (-215:Assertion failed) !ssize.empty() in function 'resize'

cara encontrada en: /var/www/html/reconocimientoFacial/proyecto_definitivo/admin/files/videos_registro_videos/otraprueba_6.avi
OpenCV(4.5.3) /tmp/pip-req-build-dwj9trv5/opencv/modules/imgproc/src/resize.cpp:4051: error: (-215:Assertion failed) !ssize.empty() in function 'resize'

cara encontrada en: /var/www/html/reconocimientoFacial/proyecto_definitivo/admin/files/videos_registro_videos/otraprueba_6.avi
OpenCV(4.5.3) /tmp/pip-req-build-dwj9trv5/opencv/modules/imgproc/src/resize.cpp:4051: error: (-215:Assertion failed) !ssize.empty() in function 'resize'

cara encontrada en: /var/www/html/reconocimientoFacial/proyecto_definitivo/admin/files/videos_registro_videos/otraprueba_6.avi
OpenCV(4.5.3) /tmp/pip-req-build-dwj9trv5/opencv/modules/imgproc/src/resize.cpp:4051: error: (-215:Assertion failed) !ssize.empty() in function 'resize'

cara encontrada en: /var/www/html/reconocimientoFacial/proyecto_definitivo/admin/files/videos_registro_videos/otraprueba_6.avi
OpenCV(4.5.3) /tmp/pip-req-build-dwj9trv5/opencv/modules/imgproc/src/resize.cpp:4051: error: (-215:Assertion failed) !ssize.empty() in function 'resize'

voy(6) leyendo el video..
tenemos(6) frame k lo guardo ..
voy(6) leyendo el video..
tenemos(6) frame k lo guardo ..
voy(6) leyendo el video..
tenemos(6) frame k lo guardo ..
cara encontrada en: /var/www/html/reconocimientoFacial/proyecto_definitivo/admin/files/videos_registro_videos/otraprueba_6.avi
OpenCV(4.5.3) /tmp/pip-req-build-dwj9trv5/opencv/modules/imgproc/src/resize.cpp:4051: error: (-215:Assertion failed) !ssize.empty() in function 'resize'

cara encontrada en: /var/www/html/reconocimientoFacial/proyecto_definitivo/admin/files/videos_registro_videos/otraprueba_6.avi
OpenCV(4.5.3) /tmp/pip-req-build-dwj9trv5/opencv/modules/imgproc/src/resize.cpp:4051: error: (-215:Assertion failed) !ssize.empty() in function 'resize'

cara encontrada en: /var/www/html/reconocimientoFacial/proyecto_definitivo/admin/files/videos_registro_videos/otraprueba_6.avi
OpenCV(4.5.3) /tmp/pip-req-build-dwj9trv5/opencv/modules/imgproc/src/resize.cpp:4051: error: (-215:Assertion failed) !ssize.empty() in function 'resize'

cara encontrada en: /var/www/html/reconocimientoFacial/proyecto_definitivo/admin/files/videos_registro_videos/otraprueba_6.avi
OpenCV(4.5.3) /tmp/pip-req-build-dwj9trv5/opencv/modules/imgproc/src/resize.cpp:4051: error: (-215:Assertion failed) !ssize.empty() in function 'resize'

cara encontrada en: /var/www/html/reconocimientoFacial/proyecto_definitivo/admin/files/videos_registro_videos/otraprueba_6.avi
cara guardada en /otraprueba_6.avi_6_6.092778205871582.jpg con esta confidence:0.9956032
cara encontrada en: /var/www/html/reconocimientoFacial/proyecto_definitivo/admin/files/videos_registro_videos/otraprueba_6.avi
OpenCV(4.5.3) /tmp/pip-req-build-dwj9trv5/opencv/modules/imgproc/src/resize.cpp:4051: error: (-215:Assertion failed) !ssize.empty() in function 'resize'

cara encontrada en: /var/www/html/reconocimientoFacial/proyecto_definitivo/admin/files/videos_registro_videos/otraprueba_6.avi
OpenCV(4.5.3) /tmp/pip-req-build-dwj9trv5/opencv/modules/imgproc/src/resize.cpp:4051: error: (-215:Assertion failed) !ssize.empty() in function 'resize'

cara encontrada en: /var/www/html/reconocimientoFacial/proyecto_definitivo/admin/files/videos_registro_videos/otraprueba_6.avi
OpenCV(4.5.3) /tmp/pip-req-build-dwj9trv5/opencv/modules/imgproc/src/resize.cpp:4051: error: (-215:Assertion failed) !ssize.empty() in function 'resize'

cara encontrada en: /var/www/html/reconocimientoFacial/proyecto_definitivo/admin/files/videos_registro_videos/otraprueba_6.avi
OpenCV(4.5.3) /tmp/pip-req-build-dwj9trv5/opencv/modules/imgproc/src/resize.cpp:4051: error: (-215:Assertion failed) !ssize.empty() in function 'resize'

cara encontrada en: /var/www/html/reconocimientoFacial/proyecto_definitivo/admin/files/videos_registro_videos/otraprueba_6.avi
OpenCV(4.5.3) /tmp/pip-req-build-dwj9trv5/opencv/modules/imgproc/src/resize.cpp:4051: error: (-215:Assertion failed) !ssize.empty() in function 'resize'

voy(6) leyendo el video..
tenemos(6) frame k lo guardo ..
voy(6) leyendo el video..
tenemos(6) frame k lo guardo ..
voy(6) leyendo el video..
tenemos(6) frame k lo guardo ..
cara encontrada en: /var/www/html/reconocimientoFacial/proyecto_definitivo/admin/files/videos_registro_videos/otraprueba_6.avi
OpenCV(4.5.3) /tmp/pip-req-build-dwj9trv5/opencv/modules/imgproc/src/resize.cpp:4051: error: (-215:Assertion failed) !ssize.empty() in function 'resize'

cara encontrada en: /var/www/html/reconocimientoFacial/proyecto_definitivo/admin/files/videos_registro_videos/otraprueba_6.avi
OpenCV(4.5.3) /tmp/pip-req-build-dwj9trv5/opencv/modules/imgproc/src/resize.cpp:4051: error: (-215:Assertion failed) !ssize.empty() in function 'resize'

cara encontrada en: /var/www/html/reconocimientoFacial/proyecto_definitivo/admin/files/videos_registro_videos/otraprueba_6.avi
OpenCV(4.5.3) /tmp/pip-req-build-dwj9trv5/opencv/modules/imgproc/src/resize.cpp:4051: error: (-215:Assertion failed) !ssize.empty() in function 'resize'

cara encontrada en: /var/www/html/reconocimientoFacial/proyecto_definitivo/admin/files/videos_registro_videos/otraprueba_6.avi
OpenCV(4.5.3) /tmp/pip-req-build-dwj9trv5/opencv/modules/imgproc/src/resize.cpp:4051: error: (-215:Assertion failed) !ssize.empty() in function 'resize'

cara encontrada en: /var/www/html/reconocimientoFacial/proyecto_definitivo/admin/files/videos_registro_videos/otraprueba_6.avi
OpenCV(4.5.3) /tmp/pip-req-build-dwj9trv5/opencv/modules/imgproc/src/resize.cpp:4051: error: (-215:Assertion failed) !ssize.empty() in function 'resize'

cara encontrada en: /var/www/html/reconocimientoFacial/proyecto_definitivo/admin/files/videos_registro_videos/otraprueba_6.avi
cara guardada en /otraprueba_6.avi_6_7.8735246658325195.jpg con esta confidence:0.99391806
cara encontrada en: /var/www/html/reconocimientoFacial/proyecto_definitivo/admin/files/videos_registro_videos/otraprueba_6.avi
OpenCV(4.5.3) /tmp/pip-req-build-dwj9trv5/opencv/modules/imgproc/src/resize.cpp:4051: error: (-215:Assertion failed) !ssize.empty() in function 'resize'

cara encontrada en: /var/www/html/reconocimientoFacial/proyecto_definitivo/admin/files/videos_registro_videos/otraprueba_6.avi
OpenCV(4.5.3) /tmp/pip-req-build-dwj9trv5/opencv/modules/imgproc/src/resize.cpp:4051: error: (-215:Assertion failed) !ssize.empty() in function 'resize'

cara encontrada en: /var/www/html/reconocimientoFacial/proyecto_definitivo/admin/files/videos_registro_videos/otraprueba_6.avi
OpenCV(4.5.3) /tmp/pip-req-build-dwj9trv5/opencv/modules/imgproc/src/resize.cpp:4051: error: (-215:Assertion failed) !ssize.empty() in function 'resize'

cara encontrada en: /var/www/html/reconocimientoFacial/proyecto_definitivo/admin/files/videos_registro_videos/otraprueba_6.avi
OpenCV(4.5.3) /tmp/pip-req-build-dwj9trv5/opencv/modules/imgproc/src/resize.cpp:4051: error: (-215:Assertion failed) !ssize.empty() in function 'resize'

voy(6) leyendo el video..
tenemos(6) frame k lo guardo ..
voy(6) leyendo el video..
tenemos(6) frame k lo guardo ..
voy(6) leyendo el video..
tenemos(6) frame k lo guardo ..
cara encontrada en: /var/www/html/reconocimientoFacial/proyecto_definitivo/admin/files/videos_registro_videos/otraprueba_6.avi
OpenCV(4.5.3) /tmp/pip-req-build-dwj9trv5/opencv/modules/imgproc/src/resize.cpp:4051: error: (-215:Assertion failed) !ssize.empty() in function 'resize'

cara encontrada en: /var/www/html/reconocimientoFacial/proyecto_definitivo/admin/files/videos_registro_videos/otraprueba_6.avi
OpenCV(4.5.3) /tmp/pip-req-build-dwj9trv5/opencv/modules/imgproc/src/resize.cpp:4051: error: (-215:Assertion failed) !ssize.empty() in function 'resize'

cara encontrada en: /var/www/html/reconocimientoFacial/proyecto_definitivo/admin/files/videos_registro_videos/otraprueba_6.avi
OpenCV(4.5.3) /tmp/pip-req-build-dwj9trv5/opencv/modules/imgproc/src/resize.cpp:4051: error: (-215:Assertion failed) !ssize.empty() in function 'resize'

cara encontrada en: /var/www/html/reconocimientoFacial/proyecto_definitivo/admin/files/videos_registro_videos/otraprueba_6.avi
OpenCV(4.5.3) /tmp/pip-req-build-dwj9trv5/opencv/modules/imgproc/src/resize.cpp:4051: error: (-215:Assertion failed) !ssize.empty() in function 'resize'

cara encontrada en: /var/www/html/reconocimientoFacial/proyecto_definitivo/admin/files/videos_registro_videos/otraprueba_6.avi
OpenCV(4.5.3) /tmp/pip-req-build-dwj9trv5/opencv/modules/imgproc/src/resize.cpp:4051: error: (-215:Assertion failed) !ssize.empty() in function 'resize'

cara encontrada en: /var/www/html/reconocimientoFacial/proyecto_definitivo/admin/files/videos_registro_videos/otraprueba_6.avi
cara guardada en /otraprueba_6.avi_6_10.156958818435669.jpg con esta confidence:0.99094427
cara encontrada en: /var/www/html/reconocimientoFacial/proyecto_definitivo/admin/files/videos_registro_videos/otraprueba_6.avi
OpenCV(4.5.3) /tmp/pip-req-build-dwj9trv5/opencv/modules/imgproc/src/resize.cpp:4051: error: (-215:Assertion failed) !ssize.empty() in function 'resize'

cara encontrada en: /var/www/html/reconocimientoFacial/proyecto_definitivo/admin/files/videos_registro_videos/otraprueba_6.avi
OpenCV(4.5.3) /tmp/pip-req-build-dwj9trv5/opencv/modules/imgproc/src/resize.cpp:4051: error: (-215:Assertion failed) !ssize.empty() in function 'resize'

cara encontrada en: /var/www/html/reconocimientoFacial/proyecto_definitivo/admin/files/videos_registro_videos/otraprueba_6.avi
OpenCV(4.5.3) /tmp/pip-req-build-dwj9trv5/opencv/modules/imgproc/src/resize.cpp:4051: error: (-215:Assertion failed) !ssize.empty() in function 'resize'

voy(6) leyendo el video..
tenemos(6) frame k lo guardo ..
voy(6) leyendo el video..
tenemos(6) frame k lo guardo ..
voy(6) leyendo el video..
tenemos(6) frame k lo guardo ..
cara encontrada en: /var/www/html/reconocimientoFacial/proyecto_definitivo/admin/files/videos_registro_videos/otraprueba_6.avi
OpenCV(4.5.3) /tmp/pip-req-build-dwj9trv5/opencv/modules/imgproc/src/resize.cpp:4051: error: (-215:Assertion failed) !ssize.empty() in function 'resize'

cara encontrada en: /var/www/html/reconocimientoFacial/proyecto_definitivo/admin/files/videos_registro_videos/otraprueba_6.avi
OpenCV(4.5.3) /tmp/pip-req-build-dwj9trv5/opencv/modules/imgproc/src/resize.cpp:4051: error: (-215:Assertion failed) !ssize.empty() in function 'resize'

cara encontrada en: /var/www/html/reconocimientoFacial/proyecto_definitivo/admin/files/videos_registro_videos/otraprueba_6.avi
OpenCV(4.5.3) /tmp/pip-req-build-dwj9trv5/opencv/modules/imgproc/src/resize.cpp:4051: error: (-215:Assertion failed) !ssize.empty() in function 'resize'

cara encontrada en: /var/www/html/reconocimientoFacial/proyecto_definitivo/admin/files/videos_registro_videos/otraprueba_6.avi
OpenCV(4.5.3) /tmp/pip-req-build-dwj9trv5/opencv/modules/imgproc/src/resize.cpp:4051: error: (-215:Assertion failed) !ssize.empty() in function 'resize'

cara encontrada en: /var/www/html/reconocimientoFacial/proyecto_definitivo/admin/files/videos_registro_videos/otraprueba_6.avi
OpenCV(4.5.3) /tmp/pip-req-build-dwj9trv5/opencv/modules/imgproc/src/resize.cpp:4051: error: (-215:Assertion failed) !ssize.empty() in function 'resize'

cara encontrada en: /var/www/html/reconocimientoFacial/proyecto_definitivo/admin/files/videos_registro_videos/otraprueba_6.avi
cara guardada en /otraprueba_6.avi_6_12.31281304359436.jpg con esta confidence:0.99108243
cara encontrada en: /var/www/html/reconocimientoFacial/proyecto_definitivo/admin/files/videos_registro_videos/otraprueba_6.avi
OpenCV(4.5.3) /tmp/pip-req-build-dwj9trv5/opencv/modules/imgproc/src/resize.cpp:4051: error: (-215:Assertion failed) !ssize.empty() in function 'resize'

cara encontrada en: /var/www/html/reconocimientoFacial/proyecto_definitivo/admin/files/videos_registro_videos/otraprueba_6.avi
OpenCV(4.5.3) /tmp/pip-req-build-dwj9trv5/opencv/modules/imgproc/src/resize.cpp:4051: error: (-215:Assertion failed) !ssize.empty() in function 'resize'

cara encontrada en: /var/www/html/reconocimientoFacial/proyecto_definitivo/admin/files/videos_registro_videos/otraprueba_6.avi
OpenCV(4.5.3) /tmp/pip-req-build-dwj9trv5/opencv/modules/imgproc/src/resize.cpp:4051: error: (-215:Assertion failed) !ssize.empty() in function 'resize'

voy(6) leyendo el video..
tenemos(6) frame k lo guardo ..
voy(6) leyendo el video..
tenemos(6) frame k lo guardo ..
voy(6) leyendo el video..
tenemos(6) frame k lo guardo ..
cara encontrada en: /var/www/html/reconocimientoFacial/proyecto_definitivo/admin/files/videos_registro_videos/otraprueba_6.avi
OpenCV(4.5.3) /tmp/pip-req-build-dwj9trv5/opencv/modules/imgproc/src/resize.cpp:4051: error: (-215:Assertion failed) !ssize.empty() in function 'resize'

cara encontrada en: /var/www/html/reconocimientoFacial/proyecto_definitivo/admin/files/videos_registro_videos/otraprueba_6.avi
OpenCV(4.5.3) /tmp/pip-req-build-dwj9trv5/opencv/modules/imgproc/src/resize.cpp:4051: error: (-215:Assertion failed) !ssize.empty() in function 'resize'

cara encontrada en: /var/www/html/reconocimientoFacial/proyecto_definitivo/admin/files/videos_registro_videos/otraprueba_6.avi
OpenCV(4.5.3) /tmp/pip-req-build-dwj9trv5/opencv/modules/imgproc/src/resize.cpp:4051: error: (-215:Assertion failed) !ssize.empty() in function 'resize'

cara encontrada en: /var/www/html/reconocimientoFacial/proyecto_definitivo/admin/files/videos_registro_videos/otraprueba_6.avi
OpenCV(4.5.3) /tmp/pip-req-build-dwj9trv5/opencv/modules/imgproc/src/resize.cpp:4051: error: (-215:Assertion failed) !ssize.empty() in function 'resize'

cara encontrada en: /var/www/html/reconocimientoFacial/proyecto_definitivo/admin/files/videos_registro_videos/otraprueba_6.avi
OpenCV(4.5.3) /tmp/pip-req-build-dwj9trv5/opencv/modules/imgproc/src/resize.cpp:4051: error: (-215:Assertion failed) !ssize.empty() in function 'resize'

cara encontrada en: /var/www/html/reconocimientoFacial/proyecto_definitivo/admin/files/videos_registro_videos/otraprueba_6.avi
cara guardada en /otraprueba_6.avi_6_14.511051416397095.jpg con esta confidence:0.99213225
cara encontrada en: /var/www/html/reconocimientoFacial/proyecto_definitivo/admin/files/videos_registro_videos/otraprueba_6.avi
OpenCV(4.5.3) /tmp/pip-req-build-dwj9trv5/opencv/modules/imgproc/src/resize.cpp:4051: error: (-215:Assertion failed) !ssize.empty() in function 'resize'

cara encontrada en: /var/www/html/reconocimientoFacial/proyecto_definitivo/admin/files/videos_registro_videos/otraprueba_6.avi
OpenCV(4.5.3) /tmp/pip-req-build-dwj9trv5/opencv/modules/imgproc/src/resize.cpp:4051: error: (-215:Assertion failed) !ssize.empty() in function 'resize'

cara encontrada en: /var/www/html/reconocimientoFacial/proyecto_definitivo/admin/files/videos_registro_videos/otraprueba_6.avi
OpenCV(4.5.3) /tmp/pip-req-build-dwj9trv5/opencv/modules/imgproc/src/resize.cpp:4051: error: (-215:Assertion failed) !ssize.empty() in function 'resize'

cara encontrada en: /var/www/html/reconocimientoFacial/proyecto_definitivo/admin/files/videos_registro_videos/otraprueba_6.avi
OpenCV(4.5.3) /tmp/pip-req-build-dwj9trv5/opencv/modules/imgproc/src/resize.cpp:4051: error: (-215:Assertion failed) !ssize.empty() in function 'resize'

voy(6) leyendo el video..
tenemos(6) frame k lo guardo ..
voy(6) leyendo el video..
tenemos(6) frame k lo guardo ..
voy(6) leyendo el video..
tenemos(6) frame k lo guardo ..
cara encontrada en: /var/www/html/reconocimientoFacial/proyecto_definitivo/admin/files/videos_registro_videos/otraprueba_6.avi
OpenCV(4.5.3) /tmp/pip-req-build-dwj9trv5/opencv/modules/imgproc/src/resize.cpp:4051: error: (-215:Assertion failed) !ssize.empty() in function 'resize'

cara encontrada en: /var/www/html/reconocimientoFacial/proyecto_definitivo/admin/files/videos_registro_videos/otraprueba_6.avi
OpenCV(4.5.3) /tmp/pip-req-build-dwj9trv5/opencv/modules/imgproc/src/resize.cpp:4051: error: (-215:Assertion failed) !ssize.empty() in function 'resize'

cara encontrada en: /var/www/html/reconocimientoFacial/proyecto_definitivo/admin/files/videos_registro_videos/otraprueba_6.avi
OpenCV(4.5.3) /tmp/pip-req-build-dwj9trv5/opencv/modules/imgproc/src/resize.cpp:4051: error: (-215:Assertion failed) !ssize.empty() in function 'resize'

cara encontrada en: /var/www/html/reconocimientoFacial/proyecto_definitivo/admin/files/videos_registro_videos/otraprueba_6.avi
OpenCV(4.5.3) /tmp/pip-req-build-dwj9trv5/opencv/modules/imgproc/src/resize.cpp:4051: error: (-215:Assertion failed) !ssize.empty() in function 'resize'

cara encontrada en: /var/www/html/reconocimientoFacial/proyecto_definitivo/admin/files/videos_registro_videos/otraprueba_6.avi
cara guardada en /otraprueba_6.avi_6_17.133347511291504.jpg con esta confidence:0.9949126
cara encontrada en: /var/www/html/reconocimientoFacial/proyecto_definitivo/admin/files/videos_registro_videos/otraprueba_6.avi
OpenCV(4.5.3) /tmp/pip-req-build-dwj9trv5/opencv/modules/imgproc/src/resize.cpp:4051: error: (-215:Assertion failed) !ssize.empty() in function 'resize'

cara encontrada en: /var/www/html/reconocimientoFacial/proyecto_definitivo/admin/files/videos_registro_videos/otraprueba_6.avi
OpenCV(4.5.3) /tmp/pip-req-build-dwj9trv5/opencv/modules/imgproc/src/resize.cpp:4051: error: (-215:Assertion failed) !ssize.empty() in function 'resize'

cara encontrada en: /var/www/html/reconocimientoFacial/proyecto_definitivo/admin/files/videos_registro_videos/otraprueba_6.avi
OpenCV(4.5.3) /tmp/pip-req-build-dwj9trv5/opencv/modules/imgproc/src/resize.cpp:4051: error: (-215:Assertion failed) !ssize.empty() in function 'resize'

cara encontrada en: /var/www/html/reconocimientoFacial/proyecto_definitivo/admin/files/videos_registro_videos/otraprueba_6.avi
OpenCV(4.5.3) /tmp/pip-req-build-dwj9trv5/opencv/modules/imgproc/src/resize.cpp:4051: error: (-215:Assertion failed) !ssize.empty() in function 'resize'

cara encontrada en: /var/www/html/reconocimientoFacial/proyecto_definitivo/admin/files/videos_registro_videos/otraprueba_6.avi
OpenCV(4.5.3) /tmp/pip-req-build-dwj9trv5/opencv/modules/imgproc/src/resize.cpp:4051: error: (-215:Assertion failed) !ssize.empty() in function 'resize'

voy(6) leyendo el video..
tenemos(6) frame k lo guardo ..
voy(6) leyendo el video..
tenemos(6) frame k lo guardo ..
voy(6) leyendo el video..
tenemos(6) frame k lo guardo ..
cara encontrada en: /var/www/html/reconocimientoFacial/proyecto_definitivo/admin/files/videos_registro_videos/otraprueba_6.avi
OpenCV(4.5.3) /tmp/pip-req-build-dwj9trv5/opencv/modules/imgproc/src/resize.cpp:4051: error: (-215:Assertion failed) !ssize.empty() in function 'resize'

cara encontrada en: /var/www/html/reconocimientoFacial/proyecto_definitivo/admin/files/videos_registro_videos/otraprueba_6.avi
OpenCV(4.5.3) /tmp/pip-req-build-dwj9trv5/opencv/modules/imgproc/src/resize.cpp:4051: error: (-215:Assertion failed) !ssize.empty() in function 'resize'

cara encontrada en: /var/www/html/reconocimientoFacial/proyecto_definitivo/admin/files/videos_registro_videos/otraprueba_6.avi
OpenCV(4.5.3) /tmp/pip-req-build-dwj9trv5/opencv/modules/imgproc/src/resize.cpp:4051: error: (-215:Assertion failed) !ssize.empty() in function 'resize'

cara encontrada en: /var/www/html/reconocimientoFacial/proyecto_definitivo/admin/files/videos_registro_videos/otraprueba_6.avi
OpenCV(4.5.3) /tmp/pip-req-build-dwj9trv5/opencv/modules/imgproc/src/resize.cpp:4051: error: (-215:Assertion failed) !ssize.empty() in function 'resize'

cara encontrada en: /var/www/html/reconocimientoFacial/proyecto_definitivo/admin/files/videos_registro_videos/otraprueba_6.avi
cara guardada en /otraprueba_6.avi_6_20.00531244277954.jpg con esta confidence:0.9974565
cara encontrada en: /var/www/html/reconocimientoFacial/proyecto_definitivo/admin/files/videos_registro_videos/otraprueba_6.avi
OpenCV(4.5.3) /tmp/pip-req-build-dwj9trv5/opencv/modules/imgproc/src/resize.cpp:4051: error: (-215:Assertion failed) !ssize.empty() in function 'resize'

cara encontrada en: /var/www/html/reconocimientoFacial/proyecto_definitivo/admin/files/videos_registro_videos/otraprueba_6.avi
OpenCV(4.5.3) /tmp/pip-req-build-dwj9trv5/opencv/modules/imgproc/src/resize.cpp:4051: error: (-215:Assertion failed) !ssize.empty() in function 'resize'

cara encontrada en: /var/www/html/reconocimientoFacial/proyecto_definitivo/admin/files/videos_registro_videos/otraprueba_6.avi
OpenCV(4.5.3) /tmp/pip-req-build-dwj9trv5/opencv/modules/imgproc/src/resize.cpp:4051: error: (-215:Assertion failed) !ssize.empty() in function 'resize'

cara encontrada en: /var/www/html/reconocimientoFacial/proyecto_definitivo/admin/files/videos_registro_videos/otraprueba_6.avi
OpenCV(4.5.3) /tmp/pip-req-build-dwj9trv5/opencv/modules/imgproc/src/resize.cpp:4051: error: (-215:Assertion failed) !ssize.empty() in function 'resize'

cara encontrada en: /var/www/html/reconocimientoFacial/proyecto_definitivo/admin/files/videos_registro_videos/otraprueba_6.avi
OpenCV(4.5.3) /tmp/pip-req-build-dwj9trv5/opencv/modules/imgproc/src/resize.cpp:4051: error: (-215:Assertion failed) !ssize.empty() in function 'resize'

voy(6) leyendo el video..
tenemos(6) frame k lo guardo ..
voy(6) leyendo el video..
tenemos(6) frame k lo guardo ..
voy(6) leyendo el video..
tenemos(6) frame k lo guardo ..
cara encontrada en: /var/www/html/reconocimientoFacial/proyecto_definitivo/admin/files/videos_registro_videos/otraprueba_6.avi
OpenCV(4.5.3) /tmp/pip-req-build-dwj9trv5/opencv/modules/imgproc/src/resize.cpp:4051: error: (-215:Assertion failed) !ssize.empty() in function 'resize'

cara encontrada en: /var/www/html/reconocimientoFacial/proyecto_definitivo/admin/files/videos_registro_videos/otraprueba_6.avi
OpenCV(4.5.3) /tmp/pip-req-build-dwj9trv5/opencv/modules/imgproc/src/resize.cpp:4051: error: (-215:Assertion failed) !ssize.empty() in function 'resize'

cara encontrada en: /var/www/html/reconocimientoFacial/proyecto_definitivo/admin/files/videos_registro_videos/otraprueba_6.avi
OpenCV(4.5.3) /tmp/pip-req-build-dwj9trv5/opencv/modules/imgproc/src/resize.cpp:4051: error: (-215:Assertion failed) !ssize.empty() in function 'resize'

cara encontrada en: /var/www/html/reconocimientoFacial/proyecto_definitivo/admin/files/videos_registro_videos/otraprueba_6.avi
cara guardada en /otraprueba_6.avi_6_22.717276334762573.jpg con esta confidence:0.99867034
cara encontrada en: /var/www/html/reconocimientoFacial/proyecto_definitivo/admin/files/videos_registro_videos/otraprueba_6.avi
OpenCV(4.5.3) /tmp/pip-req-build-dwj9trv5/opencv/modules/imgproc/src/resize.cpp:4051: error: (-215:Assertion failed) !ssize.empty() in function 'resize'

cara encontrada en: /var/www/html/reconocimientoFacial/proyecto_definitivo/admin/files/videos_registro_videos/otraprueba_6.avi
OpenCV(4.5.3) /tmp/pip-req-build-dwj9trv5/opencv/modules/imgproc/src/resize.cpp:4051: error: (-215:Assertion failed) !ssize.empty() in function 'resize'

cara encontrada en: /var/www/html/reconocimientoFacial/proyecto_definitivo/admin/files/videos_registro_videos/otraprueba_6.avi
OpenCV(4.5.3) /tmp/pip-req-build-dwj9trv5/opencv/modules/imgproc/src/resize.cpp:4051: error: (-215:Assertion failed) !ssize.empty() in function 'resize'

cara encontrada en: /var/www/html/reconocimientoFacial/proyecto_definitivo/admin/files/videos_registro_videos/otraprueba_6.avi
OpenCV(4.5.3) /tmp/pip-req-build-dwj9trv5/opencv/modules/imgproc/src/resize.cpp:4051: error: (-215:Assertion failed) !ssize.empty() in function 'resize'

cara encontrada en: /var/www/html/reconocimientoFacial/proyecto_definitivo/admin/files/videos_registro_videos/otraprueba_6.avi
OpenCV(4.5.3) /tmp/pip-req-build-dwj9trv5/opencv/modules/imgproc/src/resize.cpp:4051: error: (-215:Assertion failed) !ssize.empty() in function 'resize'

cara encontrada en: /var/www/html/reconocimientoFacial/proyecto_definitivo/admin/files/videos_registro_videos/otraprueba_6.avi
OpenCV(4.5.3) /tmp/pip-req-build-dwj9trv5/opencv/modules/imgproc/src/resize.cpp:4051: error: (-215:Assertion failed) !ssize.empty() in function 'resize'

voy(6) leyendo el video..
tenemos(6) frame k lo guardo ..
voy(6) leyendo el video..
tenemos(6) frame k lo guardo ..
voy(6) leyendo el video..
tenemos(6) frame k lo guardo ..
cara encontrada en: /var/www/html/reconocimientoFacial/proyecto_definitivo/admin/files/videos_registro_videos/otraprueba_6.avi
OpenCV(4.5.3) /tmp/pip-req-build-dwj9trv5/opencv/modules/imgproc/src/resize.cpp:4051: error: (-215:Assertion failed) !ssize.empty() in function 'resize'

cara encontrada en: /var/www/html/reconocimientoFacial/proyecto_definitivo/admin/files/videos_registro_videos/otraprueba_6.avi
OpenCV(4.5.3) /tmp/pip-req-build-dwj9trv5/opencv/modules/imgproc/src/resize.cpp:4051: error: (-215:Assertion failed) !ssize.empty() in function 'resize'

cara encontrada en: /var/www/html/reconocimientoFacial/proyecto_definitivo/admin/files/videos_registro_videos/otraprueba_6.avi
OpenCV(4.5.3) /tmp/pip-req-build-dwj9trv5/opencv/modules/imgproc/src/resize.cpp:4051: error: (-215:Assertion failed) !ssize.empty() in function 'resize'

cara encontrada en: /var/www/html/reconocimientoFacial/proyecto_definitivo/admin/files/videos_registro_videos/otraprueba_6.avi
cara guardada en /otraprueba_6.avi_6_25.42667555809021.jpg con esta confidence:0.9987846
cara encontrada en: /var/www/html/reconocimientoFacial/proyecto_definitivo/admin/files/videos_registro_videos/otraprueba_6.avi
OpenCV(4.5.3) /tmp/pip-req-build-dwj9trv5/opencv/modules/imgproc/src/resize.cpp:4051: error: (-215:Assertion failed) !ssize.empty() in function 'resize'

cara encontrada en: /var/www/html/reconocimientoFacial/proyecto_definitivo/admin/files/videos_registro_videos/otraprueba_6.avi
OpenCV(4.5.3) /tmp/pip-req-build-dwj9trv5/opencv/modules/imgproc/src/resize.cpp:4051: error: (-215:Assertion failed) !ssize.empty() in function 'resize'

cara encontrada en: /var/www/html/reconocimientoFacial/proyecto_definitivo/admin/files/videos_registro_videos/otraprueba_6.avi
OpenCV(4.5.3) /tmp/pip-req-build-dwj9trv5/opencv/modules/imgproc/src/resize.cpp:4051: error: (-215:Assertion failed) !ssize.empty() in function 'resize'

cara encontrada en: /var/www/html/reconocimientoFacial/proyecto_definitivo/admin/files/videos_registro_videos/otraprueba_6.avi
OpenCV(4.5.3) /tmp/pip-req-build-dwj9trv5/opencv/modules/imgproc/src/resize.cpp:4051: error: (-215:Assertion failed) !ssize.empty() in function 'resize'

cara encontrada en: /var/www/html/reconocimientoFacial/proyecto_definitivo/admin/files/videos_registro_videos/otraprueba_6.avi
OpenCV(4.5.3) /tmp/pip-req-build-dwj9trv5/opencv/modules/imgproc/src/resize.cpp:4051: error: (-215:Assertion failed) !ssize.empty() in function 'resize'

cara encontrada en: /var/www/html/reconocimientoFacial/proyecto_definitivo/admin/files/videos_registro_videos/otraprueba_6.avi
OpenCV(4.5.3) /tmp/pip-req-build-dwj9trv5/opencv/modules/imgproc/src/resize.cpp:4051: error: (-215:Assertion failed) !ssize.empty() in function 'resize'

voy(6) leyendo el video..
tenemos(6) frame k lo guardo ..
voy(6) leyendo el video..
tenemos(6) frame k lo guardo ..
voy(6) leyendo el video..
tenemos(6) frame k lo guardo ..
cara encontrada en: /var/www/html/reconocimientoFacial/proyecto_definitivo/admin/files/videos_registro_videos/otraprueba_6.avi
OpenCV(4.5.3) /tmp/pip-req-build-dwj9trv5/opencv/modules/imgproc/src/resize.cpp:4051: error: (-215:Assertion failed) !ssize.empty() in function 'resize'

cara encontrada en: /var/www/html/reconocimientoFacial/proyecto_definitivo/admin/files/videos_registro_videos/otraprueba_6.avi
OpenCV(4.5.3) /tmp/pip-req-build-dwj9trv5/opencv/modules/imgproc/src/resize.cpp:4051: error: (-215:Assertion failed) !ssize.empty() in function 'resize'

cara encontrada en: /var/www/html/reconocimientoFacial/proyecto_definitivo/admin/files/videos_registro_videos/otraprueba_6.avi
OpenCV(4.5.3) /tmp/pip-req-build-dwj9trv5/opencv/modules/imgproc/src/resize.cpp:4051: error: (-215:Assertion failed) !ssize.empty() in function 'resize'

cara encontrada en: /var/www/html/reconocimientoFacial/proyecto_definitivo/admin/files/videos_registro_videos/otraprueba_6.avi
cara guardada en /otraprueba_6.avi_6_27.977291107177734.jpg con esta confidence:0.99889886
cara encontrada en: /var/www/html/reconocimientoFacial/proyecto_definitivo/admin/files/videos_registro_videos/otraprueba_6.avi
OpenCV(4.5.3) /tmp/pip-req-build-dwj9trv5/opencv/modules/imgproc/src/resize.cpp:4051: error: (-215:Assertion failed) !ssize.empty() in function 'resize'

cara encontrada en: /var/www/html/reconocimientoFacial/proyecto_definitivo/admin/files/videos_registro_videos/otraprueba_6.avi
OpenCV(4.5.3) /tmp/pip-req-build-dwj9trv5/opencv/modules/imgproc/src/resize.cpp:4051: error: (-215:Assertion failed) !ssize.empty() in function 'resize'

cara encontrada en: /var/www/html/reconocimientoFacial/proyecto_definitivo/admin/files/videos_registro_videos/otraprueba_6.avi
OpenCV(4.5.3) /tmp/pip-req-build-dwj9trv5/opencv/modules/imgproc/src/resize.cpp:4051: error: (-215:Assertion failed) !ssize.empty() in function 'resize'

cara encontrada en: /var/www/html/reconocimientoFacial/proyecto_definitivo/admin/files/videos_registro_videos/otraprueba_6.avi
OpenCV(4.5.3) /tmp/pip-req-build-dwj9trv5/opencv/modules/imgproc/src/resize.cpp:4051: error: (-215:Assertion failed) !ssize.empty() in function 'resize'

cara encontrada en: /var/www/html/reconocimientoFacial/proyecto_definitivo/admin/files/videos_registro_videos/otraprueba_6.avi
OpenCV(4.5.3) /tmp/pip-req-build-dwj9trv5/opencv/modules/imgproc/src/resize.cpp:4051: error: (-215:Assertion failed) !ssize.empty() in function 'resize'

cara encontrada en: /var/www/html/reconocimientoFacial/proyecto_definitivo/admin/files/videos_registro_videos/otraprueba_6.avi
OpenCV(4.5.3) /tmp/pip-req-build-dwj9trv5/opencv/modules/imgproc/src/resize.cpp:4051: error: (-215:Assertion failed) !ssize.empty() in function 'resize'

voy(6) leyendo el video..
tenemos(6) frame k lo guardo ..
voy(6) leyendo el video..
tenemos(6) frame k lo guardo ..
voy(6) leyendo el video..
tenemos(6) frame k lo guardo ..
cara encontrada en: /var/www/html/reconocimientoFacial/proyecto_definitivo/admin/files/videos_registro_videos/otraprueba_6.avi
OpenCV(4.5.3) /tmp/pip-req-build-dwj9trv5/opencv/modules/imgproc/src/resize.cpp:4051: error: (-215:Assertion failed) !ssize.empty() in function 'resize'

cara encontrada en: /var/www/html/reconocimientoFacial/proyecto_definitivo/admin/files/videos_registro_videos/otraprueba_6.avi
OpenCV(4.5.3) /tmp/pip-req-build-dwj9trv5/opencv/modules/imgproc/src/resize.cpp:4051: error: (-215:Assertion failed) !ssize.empty() in function 'resize'

cara encontrada en: /var/www/html/reconocimientoFacial/proyecto_definitivo/admin/files/videos_registro_videos/otraprueba_6.avi
OpenCV(4.5.3) /tmp/pip-req-build-dwj9trv5/opencv/modules/imgproc/src/resize.cpp:4051: error: (-215:Assertion failed) !ssize.empty() in function 'resize'

cara encontrada en: /var/www/html/reconocimientoFacial/proyecto_definitivo/admin/files/videos_registro_videos/otraprueba_6.avi
cara guardada en /otraprueba_6.avi_6_30.5167236328125.jpg con esta confidence:0.9985524
cara encontrada en: /var/www/html/reconocimientoFacial/proyecto_definitivo/admin/files/videos_registro_videos/otraprueba_6.avi
OpenCV(4.5.3) /tmp/pip-req-build-dwj9trv5/opencv/modules/imgproc/src/resize.cpp:4051: error: (-215:Assertion failed) !ssize.empty() in function 'resize'

cara encontrada en: /var/www/html/reconocimientoFacial/proyecto_definitivo/admin/files/videos_registro_videos/otraprueba_6.avi
OpenCV(4.5.3) /tmp/pip-req-build-dwj9trv5/opencv/modules/imgproc/src/resize.cpp:4051: error: (-215:Assertion failed) !ssize.empty() in function 'resize'

cara encontrada en: /var/www/html/reconocimientoFacial/proyecto_definitivo/admin/files/videos_registro_videos/otraprueba_6.avi
OpenCV(4.5.3) /tmp/pip-req-build-dwj9trv5/opencv/modules/imgproc/src/resize.cpp:4051: error: (-215:Assertion failed) !ssize.empty() in function 'resize'

cara encontrada en: /var/www/html/reconocimientoFacial/proyecto_definitivo/admin/files/videos_registro_videos/otraprueba_6.avi
OpenCV(4.5.3) /tmp/pip-req-build-dwj9trv5/opencv/modules/imgproc/src/resize.cpp:4051: error: (-215:Assertion failed) !ssize.empty() in function 'resize'

cara encontrada en: /var/www/html/reconocimientoFacial/proyecto_definitivo/admin/files/videos_registro_videos/otraprueba_6.avi
OpenCV(4.5.3) /tmp/pip-req-build-dwj9trv5/opencv/modules/imgproc/src/resize.cpp:4051: error: (-215:Assertion failed) !ssize.empty() in function 'resize'

cara encontrada en: /var/www/html/reconocimientoFacial/proyecto_definitivo/admin/files/videos_registro_videos/otraprueba_6.avi
OpenCV(4.5.3) /tmp/pip-req-build-dwj9trv5/opencv/modules/imgproc/src/resize.cpp:4051: error: (-215:Assertion failed) !ssize.empty() in function 'resize'

voy(6) leyendo el video..
tenemos(6) frame k lo guardo ..
voy(6) leyendo el video..
tenemos(6) frame k lo guardo ..
voy(6) leyendo el video..
tenemos(6) frame k lo guardo ..
cara encontrada en: /var/www/html/reconocimientoFacial/proyecto_definitivo/admin/files/videos_registro_videos/otraprueba_6.avi
OpenCV(4.5.3) /tmp/pip-req-build-dwj9trv5/opencv/modules/imgproc/src/resize.cpp:4051: error: (-215:Assertion failed) !ssize.empty() in function 'resize'

cara encontrada en: /var/www/html/reconocimientoFacial/proyecto_definitivo/admin/files/videos_registro_videos/otraprueba_6.avi
OpenCV(4.5.3) /tmp/pip-req-build-dwj9trv5/opencv/modules/imgproc/src/resize.cpp:4051: error: (-215:Assertion failed) !ssize.empty() in function 'resize'

cara encontrada en: /var/www/html/reconocimientoFacial/proyecto_definitivo/admin/files/videos_registro_videos/otraprueba_6.avi
OpenCV(4.5.3) /tmp/pip-req-build-dwj9trv5/opencv/modules/imgproc/src/resize.cpp:4051: error: (-215:Assertion failed) !ssize.empty() in function 'resize'

cara encontrada en: /var/www/html/reconocimientoFacial/proyecto_definitivo/admin/files/videos_registro_videos/otraprueba_6.avi
cara guardada en /otraprueba_6.avi_6_33.107401847839355.jpg con esta confidence:0.9985184
cara encontrada en: /var/www/html/reconocimientoFacial/proyecto_definitivo/admin/files/videos_registro_videos/otraprueba_6.avi
OpenCV(4.5.3) /tmp/pip-req-build-dwj9trv5/opencv/modules/imgproc/src/resize.cpp:4051: error: (-215:Assertion failed) !ssize.empty() in function 'resize'

cara encontrada en: /var/www/html/reconocimientoFacial/proyecto_definitivo/admin/files/videos_registro_videos/otraprueba_6.avi
OpenCV(4.5.3) /tmp/pip-req-build-dwj9trv5/opencv/modules/imgproc/src/resize.cpp:4051: error: (-215:Assertion failed) !ssize.empty() in function 'resize'

cara encontrada en: /var/www/html/reconocimientoFacial/proyecto_definitivo/admin/files/videos_registro_videos/otraprueba_6.avi
OpenCV(4.5.3) /tmp/pip-req-build-dwj9trv5/opencv/modules/imgproc/src/resize.cpp:4051: error: (-215:Assertion failed) !ssize.empty() in function 'resize'

cara encontrada en: /var/www/html/reconocimientoFacial/proyecto_definitivo/admin/files/videos_registro_videos/otraprueba_6.avi
OpenCV(4.5.3) /tmp/pip-req-build-dwj9trv5/opencv/modules/imgproc/src/resize.cpp:4051: error: (-215:Assertion failed) !ssize.empty() in function 'resize'

cara encontrada en: /var/www/html/reconocimientoFacial/proyecto_definitivo/admin/files/videos_registro_videos/otraprueba_6.avi
OpenCV(4.5.3) /tmp/pip-req-build-dwj9trv5/opencv/modules/imgproc/src/resize.cpp:4051: error: (-215:Assertion failed) !ssize.empty() in function 'resize'

cara encontrada en: /var/www/html/reconocimientoFacial/proyecto_definitivo/admin/files/videos_registro_videos/otraprueba_6.avi
OpenCV(4.5.3) /tmp/pip-req-build-dwj9trv5/opencv/modules/imgproc/src/resize.cpp:4051: error: (-215:Assertion failed) !ssize.empty() in function 'resize'

voy(6) leyendo el video..
tenemos(6) frame k lo guardo ..
voy(6) leyendo el video..
tenemos(6) frame k lo guardo ..
voy(6) leyendo el video..
tenemos(6) frame k lo guardo ..
cara encontrada en: /var/www/html/reconocimientoFacial/proyecto_definitivo/admin/files/videos_registro_videos/otraprueba_6.avi
OpenCV(4.5.3) /tmp/pip-req-build-dwj9trv5/opencv/modules/imgproc/src/resize.cpp:4051: error: (-215:Assertion failed) !ssize.empty() in function 'resize'

cara encontrada en: /var/www/html/reconocimientoFacial/proyecto_definitivo/admin/files/videos_registro_videos/otraprueba_6.avi
OpenCV(4.5.3) /tmp/pip-req-build-dwj9trv5/opencv/modules/imgproc/src/resize.cpp:4051: error: (-215:Assertion failed) !ssize.empty() in function 'resize'

cara encontrada en: /var/www/html/reconocimientoFacial/proyecto_definitivo/admin/files/videos_registro_videos/otraprueba_6.avi
OpenCV(4.5.3) /tmp/pip-req-build-dwj9trv5/opencv/modules/imgproc/src/resize.cpp:4051: error: (-215:Assertion failed) !ssize.empty() in function 'resize'

cara encontrada en: /var/www/html/reconocimientoFacial/proyecto_definitivo/admin/files/videos_registro_videos/otraprueba_6.avi
cara guardada en /otraprueba_6.avi_6_35.485413789749146.jpg con esta confidence:0.9983012
cara encontrada en: /var/www/html/reconocimientoFacial/proyecto_definitivo/admin/files/videos_registro_videos/otraprueba_6.avi
OpenCV(4.5.3) /tmp/pip-req-build-dwj9trv5/opencv/modules/imgproc/src/resize.cpp:4051: error: (-215:Assertion failed) !ssize.empty() in function 'resize'

cara encontrada en: /var/www/html/reconocimientoFacial/proyecto_definitivo/admin/files/videos_registro_videos/otraprueba_6.avi
OpenCV(4.5.3) /tmp/pip-req-build-dwj9trv5/opencv/modules/imgproc/src/resize.cpp:4051: error: (-215:Assertion failed) !ssize.empty() in function 'resize'

cara encontrada en: /var/www/html/reconocimientoFacial/proyecto_definitivo/admin/files/videos_registro_videos/otraprueba_6.avi
OpenCV(4.5.3) /tmp/pip-req-build-dwj9trv5/opencv/modules/imgproc/src/resize.cpp:4051: error: (-215:Assertion failed) !ssize.empty() in function 'resize'

cara encontrada en: /var/www/html/reconocimientoFacial/proyecto_definitivo/admin/files/videos_registro_videos/otraprueba_6.avi
OpenCV(4.5.3) /tmp/pip-req-build-dwj9trv5/opencv/modules/imgproc/src/resize.cpp:4051: error: (-215:Assertion failed) !ssize.empty() in function 'resize'

cara encontrada en: /var/www/html/reconocimientoFacial/proyecto_definitivo/admin/files/videos_registro_videos/otraprueba_6.avi
OpenCV(4.5.3) /tmp/pip-req-build-dwj9trv5/opencv/modules/imgproc/src/resize.cpp:4051: error: (-215:Assertion failed) !ssize.empty() in function 'resize'

cara encontrada en: /var/www/html/reconocimientoFacial/proyecto_definitivo/admin/files/videos_registro_videos/otraprueba_6.avi
OpenCV(4.5.3) /tmp/pip-req-build-dwj9trv5/opencv/modules/imgproc/src/resize.cpp:4051: error: (-215:Assertion failed) !ssize.empty() in function 'resize'

voy(6) leyendo el video..
tenemos(6) frame k lo guardo ..
voy(6) leyendo el video..
tenemos(6) frame k lo guardo ..
voy(6) leyendo el video..
tenemos(6) frame k lo guardo ..
cara encontrada en: /var/www/html/reconocimientoFacial/proyecto_definitivo/admin/files/videos_registro_videos/otraprueba_6.avi
OpenCV(4.5.3) /tmp/pip-req-build-dwj9trv5/opencv/modules/imgproc/src/resize.cpp:4051: error: (-215:Assertion failed) !ssize.empty() in function 'resize'

cara encontrada en: /var/www/html/reconocimientoFacial/proyecto_definitivo/admin/files/videos_registro_videos/otraprueba_6.avi
OpenCV(4.5.3) /tmp/pip-req-build-dwj9trv5/opencv/modules/imgproc/src/resize.cpp:4051: error: (-215:Assertion failed) !ssize.empty() in function 'resize'

cara encontrada en: /var/www/html/reconocimientoFacial/proyecto_definitivo/admin/files/videos_registro_videos/otraprueba_6.avi
OpenCV(4.5.3) /tmp/pip-req-build-dwj9trv5/opencv/modules/imgproc/src/resize.cpp:4051: error: (-215:Assertion failed) !ssize.empty() in function 'resize'

cara encontrada en: /var/www/html/reconocimientoFacial/proyecto_definitivo/admin/files/videos_registro_videos/otraprueba_6.avi
OpenCV(4.5.3) /tmp/pip-req-build-dwj9trv5/opencv/modules/imgproc/src/resize.cpp:4051: error: (-215:Assertion failed) !ssize.empty() in function 'resize'

cara encontrada en: /var/www/html/reconocimientoFacial/proyecto_definitivo/admin/files/videos_registro_videos/otraprueba_6.avi
cara guardada en /otraprueba_6.avi_6_37.67659592628479.jpg con esta confidence:0.99827075
cara encontrada en: /var/www/html/reconocimientoFacial/proyecto_definitivo/admin/files/videos_registro_videos/otraprueba_6.avi
OpenCV(4.5.3) /tmp/pip-req-build-dwj9trv5/opencv/modules/imgproc/src/resize.cpp:4051: error: (-215:Assertion failed) !ssize.empty() in function 'resize'

cara encontrada en: /var/www/html/reconocimientoFacial/proyecto_definitivo/admin/files/videos_registro_videos/otraprueba_6.avi
OpenCV(4.5.3) /tmp/pip-req-build-dwj9trv5/opencv/modules/imgproc/src/resize.cpp:4051: error: (-215:Assertion failed) !ssize.empty() in function 'resize'

cara encontrada en: /var/www/html/reconocimientoFacial/proyecto_definitivo/admin/files/videos_registro_videos/otraprueba_6.avi
OpenCV(4.5.3) /tmp/pip-req-build-dwj9trv5/opencv/modules/imgproc/src/resize.cpp:4051: error: (-215:Assertion failed) !ssize.empty() in function 'resize'

cara encontrada en: /var/www/html/reconocimientoFacial/proyecto_definitivo/admin/files/videos_registro_videos/otraprueba_6.avi
OpenCV(4.5.3) /tmp/pip-req-build-dwj9trv5/opencv/modules/imgproc/src/resize.cpp:4051: error: (-215:Assertion failed) !ssize.empty() in function 'resize'

cara encontrada en: /var/www/html/reconocimientoFacial/proyecto_definitivo/admin/files/videos_registro_videos/otraprueba_6.avi
OpenCV(4.5.3) /tmp/pip-req-build-dwj9trv5/opencv/modules/imgproc/src/resize.cpp:4051: error: (-215:Assertion failed) !ssize.empty() in function 'resize'

voy(6) leyendo el video..
tenemos(6) frame k lo guardo ..
voy(6) leyendo el video..
tenemos(6) frame k lo guardo ..
voy(6) leyendo el video..
tenemos(6) frame k lo guardo ..
cara encontrada en: /var/www/html/reconocimientoFacial/proyecto_definitivo/admin/files/videos_registro_videos/otraprueba_6.avi
OpenCV(4.5.3) /tmp/pip-req-build-dwj9trv5/opencv/modules/imgproc/src/resize.cpp:4051: error: (-215:Assertion failed) !ssize.empty() in function 'resize'

cara encontrada en: /var/www/html/reconocimientoFacial/proyecto_definitivo/admin/files/videos_registro_videos/otraprueba_6.avi
OpenCV(4.5.3) /tmp/pip-req-build-dwj9trv5/opencv/modules/imgproc/src/resize.cpp:4051: error: (-215:Assertion failed) !ssize.empty() in function 'resize'

cara encontrada en: /var/www/html/reconocimientoFacial/proyecto_definitivo/admin/files/videos_registro_videos/otraprueba_6.avi
OpenCV(4.5.3) /tmp/pip-req-build-dwj9trv5/opencv/modules/imgproc/src/resize.cpp:4051: error: (-215:Assertion failed) !ssize.empty() in function 'resize'

cara encontrada en: /var/www/html/reconocimientoFacial/proyecto_definitivo/admin/files/videos_registro_videos/otraprueba_6.avi
OpenCV(4.5.3) /tmp/pip-req-build-dwj9trv5/opencv/modules/imgproc/src/resize.cpp:4051: error: (-215:Assertion failed) !ssize.empty() in function 'resize'

cara encontrada en: /var/www/html/reconocimientoFacial/proyecto_definitivo/admin/files/videos_registro_videos/otraprueba_6.avi
cara guardada en /otraprueba_6.avi_6_39.843958616256714.jpg con esta confidence:0.9982602
cara encontrada en: /var/www/html/reconocimientoFacial/proyecto_definitivo/admin/files/videos_registro_videos/otraprueba_6.avi
OpenCV(4.5.3) /tmp/pip-req-build-dwj9trv5/opencv/modules/imgproc/src/resize.cpp:4051: error: (-215:Assertion failed) !ssize.empty() in function 'resize'

cara encontrada en: /var/www/html/reconocimientoFacial/proyecto_definitivo/admin/files/videos_registro_videos/otraprueba_6.avi
OpenCV(4.5.3) /tmp/pip-req-build-dwj9trv5/opencv/modules/imgproc/src/resize.cpp:4051: error: (-215:Assertion failed) !ssize.empty() in function 'resize'

cara encontrada en: /var/www/html/reconocimientoFacial/proyecto_definitivo/admin/files/videos_registro_videos/otraprueba_6.avi
OpenCV(4.5.3) /tmp/pip-req-build-dwj9trv5/opencv/modules/imgproc/src/resize.cpp:4051: error: (-215:Assertion failed) !ssize.empty() in function 'resize'

cara encontrada en: /var/www/html/reconocimientoFacial/proyecto_definitivo/admin/files/videos_registro_videos/otraprueba_6.avi
OpenCV(4.5.3) /tmp/pip-req-build-dwj9trv5/opencv/modules/imgproc/src/resize.cpp:4051: error: (-215:Assertion failed) !ssize.empty() in function 'resize'

cara encontrada en: /var/www/html/reconocimientoFacial/proyecto_definitivo/admin/files/videos_registro_videos/otraprueba_6.avi
OpenCV(4.5.3) /tmp/pip-req-build-dwj9trv5/opencv/modules/imgproc/src/resize.cpp:4051: error: (-215:Assertion failed) !ssize.empty() in function 'resize'

voy(6) leyendo el video..
tenemos(6) frame k lo guardo ..
voy(6) leyendo el video..
tenemos(6) frame k lo guardo ..
voy(6) leyendo el video..
tenemos(6) frame k lo guardo ..
cara encontrada en: /var/www/html/reconocimientoFacial/proyecto_definitivo/admin/files/videos_registro_videos/otraprueba_6.avi
OpenCV(4.5.3) /tmp/pip-req-build-dwj9trv5/opencv/modules/imgproc/src/resize.cpp:4051: error: (-215:Assertion failed) !ssize.empty() in function 'resize'

cara encontrada en: /var/www/html/reconocimientoFacial/proyecto_definitivo/admin/files/videos_registro_videos/otraprueba_6.avi
OpenCV(4.5.3) /tmp/pip-req-build-dwj9trv5/opencv/modules/imgproc/src/resize.cpp:4051: error: (-215:Assertion failed) !ssize.empty() in function 'resize'

cara encontrada en: /var/www/html/reconocimientoFacial/proyecto_definitivo/admin/files/videos_registro_videos/otraprueba_6.avi
OpenCV(4.5.3) /tmp/pip-req-build-dwj9trv5/opencv/modules/imgproc/src/resize.cpp:4051: error: (-215:Assertion failed) !ssize.empty() in function 'resize'

cara encontrada en: /var/www/html/reconocimientoFacial/proyecto_definitivo/admin/files/videos_registro_videos/otraprueba_6.avi
OpenCV(4.5.3) /tmp/pip-req-build-dwj9trv5/opencv/modules/imgproc/src/resize.cpp:4051: error: (-215:Assertion failed) !ssize.empty() in function 'resize'

cara encontrada en: /var/www/html/reconocimientoFacial/proyecto_definitivo/admin/files/videos_registro_videos/otraprueba_6.avi
cara guardada en /otraprueba_6.avi_6_41.926634073257446.jpg con esta confidence:0.9983187
cara encontrada en: /var/www/html/reconocimientoFacial/proyecto_definitivo/admin/files/videos_registro_videos/otraprueba_6.avi
OpenCV(4.5.3) /tmp/pip-req-build-dwj9trv5/opencv/modules/imgproc/src/resize.cpp:4051: error: (-215:Assertion failed) !ssize.empty() in function 'resize'

cara encontrada en: /var/www/html/reconocimientoFacial/proyecto_definitivo/admin/files/videos_registro_videos/otraprueba_6.avi
OpenCV(4.5.3) /tmp/pip-req-build-dwj9trv5/opencv/modules/imgproc/src/resize.cpp:4051: error: (-215:Assertion failed) !ssize.empty() in function 'resize'

cara encontrada en: /var/www/html/reconocimientoFacial/proyecto_definitivo/admin/files/videos_registro_videos/otraprueba_6.avi
OpenCV(4.5.3) /tmp/pip-req-build-dwj9trv5/opencv/modules/imgproc/src/resize.cpp:4051: error: (-215:Assertion failed) !ssize.empty() in function 'resize'

cara encontrada en: /var/www/html/reconocimientoFacial/proyecto_definitivo/admin/files/videos_registro_videos/otraprueba_6.avi
OpenCV(4.5.3) /tmp/pip-req-build-dwj9trv5/opencv/modules/imgproc/src/resize.cpp:4051: error: (-215:Assertion failed) !ssize.empty() in function 'resize'

cara encontrada en: /var/www/html/reconocimientoFacial/proyecto_definitivo/admin/files/videos_registro_videos/otraprueba_6.avi
OpenCV(4.5.3) /tmp/pip-req-build-dwj9trv5/opencv/modules/imgproc/src/resize.cpp:4051: error: (-215:Assertion failed) !ssize.empty() in function 'resize'

voy(6) leyendo el video..
Llego al final y remuevo el video!
Tiempo de analizar el video:42.314129114151
tenemos este video:/var/www/html/reconocimientoFacial/proyecto_definitivo/admin/files/videos_registro_videos/otraprueba_6.avi
voy(6) leyendo el video..
tenemos(6) frame k lo guardo ..
voy(6) leyendo el video..
tenemos(6) frame k lo guardo ..
voy(6) leyendo el video..
tenemos(6) frame k lo guardo ..
cara encontrada en: /var/www/html/reconocimientoFacial/proyecto_definitivo/admin/files/videos_registro_videos/otraprueba_6.avi
OpenCV(4.5.3) /tmp/pip-req-build-dwj9trv5/opencv/modules/imgproc/src/resize.cpp:4051: error: (-215:Assertion failed) !ssize.empty() in function 'resize'

cara encontrada en: /var/www/html/reconocimientoFacial/proyecto_definitivo/admin/files/videos_registro_videos/otraprueba_6.avi
OpenCV(4.5.3) /tmp/pip-req-build-dwj9trv5/opencv/modules/imgproc/src/resize.cpp:4051: error: (-215:Assertion failed) !ssize.empty() in function 'resize'

cara encontrada en: /var/www/html/reconocimientoFacial/proyecto_definitivo/admin/files/videos_registro_videos/otraprueba_6.avi
OpenCV(4.5.3) /tmp/pip-req-build-dwj9trv5/opencv/modules/imgproc/src/resize.cpp:4051: error: (-215:Assertion failed) !ssize.empty() in function 'resize'

cara encontrada en: /var/www/html/reconocimientoFacial/proyecto_definitivo/admin/files/videos_registro_videos/otraprueba_6.avi
cara guardada en /otraprueba_6.avi_6_1.325453281402588.jpg con esta confidence:0.99832207
cara encontrada en: /var/www/html/reconocimientoFacial/proyecto_definitivo/admin/files/videos_registro_videos/otraprueba_6.avi
OpenCV(4.5.3) /tmp/pip-req-build-dwj9trv5/opencv/modules/imgproc/src/resize.cpp:4051: error: (-215:Assertion failed) !ssize.empty() in function 'resize'

cara encontrada en: /var/www/html/reconocimientoFacial/proyecto_definitivo/admin/files/videos_registro_videos/otraprueba_6.avi
OpenCV(4.5.3) /tmp/pip-req-build-dwj9trv5/opencv/modules/imgproc/src/resize.cpp:4051: error: (-215:Assertion failed) !ssize.empty() in function 'resize'

cara encontrada en: /var/www/html/reconocimientoFacial/proyecto_definitivo/admin/files/videos_registro_videos/otraprueba_6.avi
OpenCV(4.5.3) /tmp/pip-req-build-dwj9trv5/opencv/modules/imgproc/src/resize.cpp:4051: error: (-215:Assertion failed) !ssize.empty() in function 'resize'

cara encontrada en: /var/www/html/reconocimientoFacial/proyecto_definitivo/admin/files/videos_registro_videos/otraprueba_6.avi
OpenCV(4.5.3) /tmp/pip-req-build-dwj9trv5/opencv/modules/imgproc/src/resize.cpp:4051: error: (-215:Assertion failed) !ssize.empty() in function 'resize'

cara encontrada en: /var/www/html/reconocimientoFacial/proyecto_definitivo/admin/files/videos_registro_videos/otraprueba_6.avi
OpenCV(4.5.3) /tmp/pip-req-build-dwj9trv5/opencv/modules/imgproc/src/resize.cpp:4051: error: (-215:Assertion failed) !ssize.empty() in function 'resize'

cara encontrada en: /var/www/html/reconocimientoFacial/proyecto_definitivo/admin/files/videos_registro_videos/otraprueba_6.avi
OpenCV(4.5.3) /tmp/pip-req-build-dwj9trv5/opencv/modules/imgproc/src/resize.cpp:4051: error: (-215:Assertion failed) !ssize.empty() in function 'resize'

voy(6) leyendo el video..
tenemos(6) frame k lo guardo ..
voy(6) leyendo el video..
tenemos(6) frame k lo guardo ..
voy(6) leyendo el video..
tenemos(6) frame k lo guardo ..
cara encontrada en: /var/www/html/reconocimientoFacial/proyecto_definitivo/admin/files/videos_registro_videos/otraprueba_6.avi
OpenCV(4.5.3) /tmp/pip-req-build-dwj9trv5/opencv/modules/imgproc/src/resize.cpp:4051: error: (-215:Assertion failed) !ssize.empty() in function 'resize'

cara encontrada en: /var/www/html/reconocimientoFacial/proyecto_definitivo/admin/files/videos_registro_videos/otraprueba_6.avi
OpenCV(4.5.3) /tmp/pip-req-build-dwj9trv5/opencv/modules/imgproc/src/resize.cpp:4051: error: (-215:Assertion failed) !ssize.empty() in function 'resize'

cara encontrada en: /var/www/html/reconocimientoFacial/proyecto_definitivo/admin/files/videos_registro_videos/otraprueba_6.avi
OpenCV(4.5.3) /tmp/pip-req-build-dwj9trv5/opencv/modules/imgproc/src/resize.cpp:4051: error: (-215:Assertion failed) !ssize.empty() in function 'resize'

cara encontrada en: /var/www/html/reconocimientoFacial/proyecto_definitivo/admin/files/videos_registro_videos/otraprueba_6.avi
cara guardada en /otraprueba_6.avi_6_2.6602492332458496.jpg con esta confidence:0.9981822
cara encontrada en: /var/www/html/reconocimientoFacial/proyecto_definitivo/admin/files/videos_registro_videos/otraprueba_6.avi
OpenCV(4.5.3) /tmp/pip-req-build-dwj9trv5/opencv/modules/imgproc/src/resize.cpp:4051: error: (-215:Assertion failed) !ssize.empty() in function 'resize'

cara encontrada en: /var/www/html/reconocimientoFacial/proyecto_definitivo/admin/files/videos_registro_videos/otraprueba_6.avi
OpenCV(4.5.3) /tmp/pip-req-build-dwj9trv5/opencv/modules/imgproc/src/resize.cpp:4051: error: (-215:Assertion failed) !ssize.empty() in function 'resize'

cara encontrada en: /var/www/html/reconocimientoFacial/proyecto_definitivo/admin/files/videos_registro_videos/otraprueba_6.avi
OpenCV(4.5.3) /tmp/pip-req-build-dwj9trv5/opencv/modules/imgproc/src/resize.cpp:4051: error: (-215:Assertion failed) !ssize.empty() in function 'resize'

cara encontrada en: /var/www/html/reconocimientoFacial/proyecto_definitivo/admin/files/videos_registro_videos/otraprueba_6.avi
OpenCV(4.5.3) /tmp/pip-req-build-dwj9trv5/opencv/modules/imgproc/src/resize.cpp:4051: error: (-215:Assertion failed) !ssize.empty() in function 'resize'

cara encontrada en: /var/www/html/reconocimientoFacial/proyecto_definitivo/admin/files/videos_registro_videos/otraprueba_6.avi
OpenCV(4.5.3) /tmp/pip-req-build-dwj9trv5/opencv/modules/imgproc/src/resize.cpp:4051: error: (-215:Assertion failed) !ssize.empty() in function 'resize'

cara encontrada en: /var/www/html/reconocimientoFacial/proyecto_definitivo/admin/files/videos_registro_videos/otraprueba_6.avi
OpenCV(4.5.3) /tmp/pip-req-build-dwj9trv5/opencv/modules/imgproc/src/resize.cpp:4051: error: (-215:Assertion failed) !ssize.empty() in function 'resize'

voy(6) leyendo el video..
tenemos(6) frame k lo guardo ..
voy(6) leyendo el video..
tenemos(6) frame k lo guardo ..
voy(6) leyendo el video..
tenemos(6) frame k lo guardo ..
cara encontrada en: /var/www/html/reconocimientoFacial/proyecto_definitivo/admin/files/videos_registro_videos/otraprueba_6.avi
OpenCV(4.5.3) /tmp/pip-req-build-dwj9trv5/opencv/modules/imgproc/src/resize.cpp:4051: error: (-215:Assertion failed) !ssize.empty() in function 'resize'

cara encontrada en: /var/www/html/reconocimientoFacial/proyecto_definitivo/admin/files/videos_registro_videos/otraprueba_6.avi
OpenCV(4.5.3) /tmp/pip-req-build-dwj9trv5/opencv/modules/imgproc/src/resize.cpp:4051: error: (-215:Assertion failed) !ssize.empty() in function 'resize'

cara encontrada en: /var/www/html/reconocimientoFacial/proyecto_definitivo/admin/files/videos_registro_videos/otraprueba_6.avi
OpenCV(4.5.3) /tmp/pip-req-build-dwj9trv5/opencv/modules/imgproc/src/resize.cpp:4051: error: (-215:Assertion failed) !ssize.empty() in function 'resize'

cara encontrada en: /var/www/html/reconocimientoFacial/proyecto_definitivo/admin/files/videos_registro_videos/otraprueba_6.avi
OpenCV(4.5.3) /tmp/pip-req-build-dwj9trv5/opencv/modules/imgproc/src/resize.cpp:4051: error: (-215:Assertion failed) !ssize.empty() in function 'resize'

cara encontrada en: /var/www/html/reconocimientoFacial/proyecto_definitivo/admin/files/videos_registro_videos/otraprueba_6.avi
cara guardada en /otraprueba_6.avi_6_4.01511025428772.jpg con esta confidence:0.99737227
cara encontrada en: /var/www/html/reconocimientoFacial/proyecto_definitivo/admin/files/videos_registro_videos/otraprueba_6.avi
OpenCV(4.5.3) /tmp/pip-req-build-dwj9trv5/opencv/modules/imgproc/src/resize.cpp:4051: error: (-215:Assertion failed) !ssize.empty() in function 'resize'

cara encontrada en: /var/www/html/reconocimientoFacial/proyecto_definitivo/admin/files/videos_registro_videos/otraprueba_6.avi
OpenCV(4.5.3) /tmp/pip-req-build-dwj9trv5/opencv/modules/imgproc/src/resize.cpp:4051: error: (-215:Assertion failed) !ssize.empty() in function 'resize'

cara encontrada en: /var/www/html/reconocimientoFacial/proyecto_definitivo/admin/files/videos_registro_videos/otraprueba_6.avi
OpenCV(4.5.3) /tmp/pip-req-build-dwj9trv5/opencv/modules/imgproc/src/resize.cpp:4051: error: (-215:Assertion failed) !ssize.empty() in function 'resize'

cara encontrada en: /var/www/html/reconocimientoFacial/proyecto_definitivo/admin/files/videos_registro_videos/otraprueba_6.avi
OpenCV(4.5.3) /tmp/pip-req-build-dwj9trv5/opencv/modules/imgproc/src/resize.cpp:4051: error: (-215:Assertion failed) !ssize.empty() in function 'resize'

cara encontrada en: /var/www/html/reconocimientoFacial/proyecto_definitivo/admin/files/videos_registro_videos/otraprueba_6.avi
OpenCV(4.5.3) /tmp/pip-req-build-dwj9trv5/opencv/modules/imgproc/src/resize.cpp:4051: error: (-215:Assertion failed) !ssize.empty() in function 'resize'

voy(6) leyendo el video..
tenemos(6) frame k lo guardo ..
voy(6) leyendo el video..
tenemos(6) frame k lo guardo ..
voy(6) leyendo el video..
tenemos(6) frame k lo guardo ..
cara encontrada en: /var/www/html/reconocimientoFacial/proyecto_definitivo/admin/files/videos_registro_videos/otraprueba_6.avi
OpenCV(4.5.3) /tmp/pip-req-build-dwj9trv5/opencv/modules/imgproc/src/resize.cpp:4051: error: (-215:Assertion failed) !ssize.empty() in function 'resize'

cara encontrada en: /var/www/html/reconocimientoFacial/proyecto_definitivo/admin/files/videos_registro_videos/otraprueba_6.avi
OpenCV(4.5.3) /tmp/pip-req-build-dwj9trv5/opencv/modules/imgproc/src/resize.cpp:4051: error: (-215:Assertion failed) !ssize.empty() in function 'resize'

cara encontrada en: /var/www/html/reconocimientoFacial/proyecto_definitivo/admin/files/videos_registro_videos/otraprueba_6.avi
OpenCV(4.5.3) /tmp/pip-req-build-dwj9trv5/opencv/modules/imgproc/src/resize.cpp:4051: error: (-215:Assertion failed) !ssize.empty() in function 'resize'

cara encontrada en: /var/www/html/reconocimientoFacial/proyecto_definitivo/admin/files/videos_registro_videos/otraprueba_6.avi
OpenCV(4.5.3) /tmp/pip-req-build-dwj9trv5/opencv/modules/imgproc/src/resize.cpp:4051: error: (-215:Assertion failed) !ssize.empty() in function 'resize'

cara encontrada en: /var/www/html/reconocimientoFacial/proyecto_definitivo/admin/files/videos_registro_videos/otraprueba_6.avi
cara guardada en /otraprueba_6.avi_6_5.72115159034729.jpg con esta confidence:0.9956032
cara encontrada en: /var/www/html/reconocimientoFacial/proyecto_definitivo/admin/files/videos_registro_videos/otraprueba_6.avi
OpenCV(4.5.3) /tmp/pip-req-build-dwj9trv5/opencv/modules/imgproc/src/resize.cpp:4051: error: (-215:Assertion failed) !ssize.empty() in function 'resize'

cara encontrada en: /var/www/html/reconocimientoFacial/proyecto_definitivo/admin/files/videos_registro_videos/otraprueba_6.avi
OpenCV(4.5.3) /tmp/pip-req-build-dwj9trv5/opencv/modules/imgproc/src/resize.cpp:4051: error: (-215:Assertion failed) !ssize.empty() in function 'resize'

cara encontrada en: /var/www/html/reconocimientoFacial/proyecto_definitivo/admin/files/videos_registro_videos/otraprueba_6.avi
OpenCV(4.5.3) /tmp/pip-req-build-dwj9trv5/opencv/modules/imgproc/src/resize.cpp:4051: error: (-215:Assertion failed) !ssize.empty() in function 'resize'

cara encontrada en: /var/www/html/reconocimientoFacial/proyecto_definitivo/admin/files/videos_registro_videos/otraprueba_6.avi
OpenCV(4.5.3) /tmp/pip-req-build-dwj9trv5/opencv/modules/imgproc/src/resize.cpp:4051: error: (-215:Assertion failed) !ssize.empty() in function 'resize'

cara encontrada en: /var/www/html/reconocimientoFacial/proyecto_definitivo/admin/files/videos_registro_videos/otraprueba_6.avi
OpenCV(4.5.3) /tmp/pip-req-build-dwj9trv5/opencv/modules/imgproc/src/resize.cpp:4051: error: (-215:Assertion failed) !ssize.empty() in function 'resize'

voy(6) leyendo el video..
tenemos(6) frame k lo guardo ..
voy(6) leyendo el video..
tenemos(6) frame k lo guardo ..
voy(6) leyendo el video..
tenemos(6) frame k lo guardo ..
cara encontrada en: /var/www/html/reconocimientoFacial/proyecto_definitivo/admin/files/videos_registro_videos/otraprueba_6.avi
OpenCV(4.5.3) /tmp/pip-req-build-dwj9trv5/opencv/modules/imgproc/src/resize.cpp:4051: error: (-215:Assertion failed) !ssize.empty() in function 'resize'

cara encontrada en: /var/www/html/reconocimientoFacial/proyecto_definitivo/admin/files/videos_registro_videos/otraprueba_6.avi
OpenCV(4.5.3) /tmp/pip-req-build-dwj9trv5/opencv/modules/imgproc/src/resize.cpp:4051: error: (-215:Assertion failed) !ssize.empty() in function 'resize'

cara encontrada en: /var/www/html/reconocimientoFacial/proyecto_definitivo/admin/files/videos_registro_videos/otraprueba_6.avi
OpenCV(4.5.3) /tmp/pip-req-build-dwj9trv5/opencv/modules/imgproc/src/resize.cpp:4051: error: (-215:Assertion failed) !ssize.empty() in function 'resize'

cara encontrada en: /var/www/html/reconocimientoFacial/proyecto_definitivo/admin/files/videos_registro_videos/otraprueba_6.avi
OpenCV(4.5.3) /tmp/pip-req-build-dwj9trv5/opencv/modules/imgproc/src/resize.cpp:4051: error: (-215:Assertion failed) !ssize.empty() in function 'resize'

cara encontrada en: /var/www/html/reconocimientoFacial/proyecto_definitivo/admin/files/videos_registro_videos/otraprueba_6.avi
OpenCV(4.5.3) /tmp/pip-req-build-dwj9trv5/opencv/modules/imgproc/src/resize.cpp:4051: error: (-215:Assertion failed) !ssize.empty() in function 'resize'

cara encontrada en: /var/www/html/reconocimientoFacial/proyecto_definitivo/admin/files/videos_registro_videos/otraprueba_6.avi
cara guardada en /otraprueba_6.avi_6_7.656804323196411.jpg con esta confidence:0.99391806
cara encontrada en: /var/www/html/reconocimientoFacial/proyecto_definitivo/admin/files/videos_registro_videos/otraprueba_6.avi
OpenCV(4.5.3) /tmp/pip-req-build-dwj9trv5/opencv/modules/imgproc/src/resize.cpp:4051: error: (-215:Assertion failed) !ssize.empty() in function 'resize'

cara encontrada en: /var/www/html/reconocimientoFacial/proyecto_definitivo/admin/files/videos_registro_videos/otraprueba_6.avi
OpenCV(4.5.3) /tmp/pip-req-build-dwj9trv5/opencv/modules/imgproc/src/resize.cpp:4051: error: (-215:Assertion failed) !ssize.empty() in function 'resize'

cara encontrada en: /var/www/html/reconocimientoFacial/proyecto_definitivo/admin/files/videos_registro_videos/otraprueba_6.avi
OpenCV(4.5.3) /tmp/pip-req-build-dwj9trv5/opencv/modules/imgproc/src/resize.cpp:4051: error: (-215:Assertion failed) !ssize.empty() in function 'resize'

cara encontrada en: /var/www/html/reconocimientoFacial/proyecto_definitivo/admin/files/videos_registro_videos/otraprueba_6.avi
OpenCV(4.5.3) /tmp/pip-req-build-dwj9trv5/opencv/modules/imgproc/src/resize.cpp:4051: error: (-215:Assertion failed) !ssize.empty() in function 'resize'

voy(6) leyendo el video..
tenemos(6) frame k lo guardo ..
voy(6) leyendo el video..
tenemos(6) frame k lo guardo ..
voy(6) leyendo el video..
tenemos(6) frame k lo guardo ..
cara encontrada en: /var/www/html/reconocimientoFacial/proyecto_definitivo/admin/files/videos_registro_videos/otraprueba_6.avi
OpenCV(4.5.3) /tmp/pip-req-build-dwj9trv5/opencv/modules/imgproc/src/resize.cpp:4051: error: (-215:Assertion failed) !ssize.empty() in function 'resize'

cara encontrada en: /var/www/html/reconocimientoFacial/proyecto_definitivo/admin/files/videos_registro_videos/otraprueba_6.avi
OpenCV(4.5.3) /tmp/pip-req-build-dwj9trv5/opencv/modules/imgproc/src/resize.cpp:4051: error: (-215:Assertion failed) !ssize.empty() in function 'resize'

cara encontrada en: /var/www/html/reconocimientoFacial/proyecto_definitivo/admin/files/videos_registro_videos/otraprueba_6.avi
OpenCV(4.5.3) /tmp/pip-req-build-dwj9trv5/opencv/modules/imgproc/src/resize.cpp:4051: error: (-215:Assertion failed) !ssize.empty() in function 'resize'

cara encontrada en: /var/www/html/reconocimientoFacial/proyecto_definitivo/admin/files/videos_registro_videos/otraprueba_6.avi
OpenCV(4.5.3) /tmp/pip-req-build-dwj9trv5/opencv/modules/imgproc/src/resize.cpp:4051: error: (-215:Assertion failed) !ssize.empty() in function 'resize'

cara encontrada en: /var/www/html/reconocimientoFacial/proyecto_definitivo/admin/files/videos_registro_videos/otraprueba_6.avi
OpenCV(4.5.3) /tmp/pip-req-build-dwj9trv5/opencv/modules/imgproc/src/resize.cpp:4051: error: (-215:Assertion failed) !ssize.empty() in function 'resize'

cara encontrada en: /var/www/html/reconocimientoFacial/proyecto_definitivo/admin/files/videos_registro_videos/otraprueba_6.avi
cara guardada en /otraprueba_6.avi_6_9.710469245910645.jpg con esta confidence:0.99094427
cara encontrada en: /var/www/html/reconocimientoFacial/proyecto_definitivo/admin/files/videos_registro_videos/otraprueba_6.avi
OpenCV(4.5.3) /tmp/pip-req-build-dwj9trv5/opencv/modules/imgproc/src/resize.cpp:4051: error: (-215:Assertion failed) !ssize.empty() in function 'resize'

cara encontrada en: /var/www/html/reconocimientoFacial/proyecto_definitivo/admin/files/videos_registro_videos/otraprueba_6.avi
OpenCV(4.5.3) /tmp/pip-req-build-dwj9trv5/opencv/modules/imgproc/src/resize.cpp:4051: error: (-215:Assertion failed) !ssize.empty() in function 'resize'

cara encontrada en: /var/www/html/reconocimientoFacial/proyecto_definitivo/admin/files/videos_registro_videos/otraprueba_6.avi
OpenCV(4.5.3) /tmp/pip-req-build-dwj9trv5/opencv/modules/imgproc/src/resize.cpp:4051: error: (-215:Assertion failed) !ssize.empty() in function 'resize'

voy(6) leyendo el video..
tenemos(6) frame k lo guardo ..
voy(6) leyendo el video..
tenemos(6) frame k lo guardo ..
voy(6) leyendo el video..
tenemos(6) frame k lo guardo ..
cara encontrada en: /var/www/html/reconocimientoFacial/proyecto_definitivo/admin/files/videos_registro_videos/otraprueba_6.avi
OpenCV(4.5.3) /tmp/pip-req-build-dwj9trv5/opencv/modules/imgproc/src/resize.cpp:4051: error: (-215:Assertion failed) !ssize.empty() in function 'resize'

cara encontrada en: /var/www/html/reconocimientoFacial/proyecto_definitivo/admin/files/videos_registro_videos/otraprueba_6.avi
OpenCV(4.5.3) /tmp/pip-req-build-dwj9trv5/opencv/modules/imgproc/src/resize.cpp:4051: error: (-215:Assertion failed) !ssize.empty() in function 'resize'

cara encontrada en: /var/www/html/reconocimientoFacial/proyecto_definitivo/admin/files/videos_registro_videos/otraprueba_6.avi
OpenCV(4.5.3) /tmp/pip-req-build-dwj9trv5/opencv/modules/imgproc/src/resize.cpp:4051: error: (-215:Assertion failed) !ssize.empty() in function 'resize'

cara encontrada en: /var/www/html/reconocimientoFacial/proyecto_definitivo/admin/files/videos_registro_videos/otraprueba_6.avi
OpenCV(4.5.3) /tmp/pip-req-build-dwj9trv5/opencv/modules/imgproc/src/resize.cpp:4051: error: (-215:Assertion failed) !ssize.empty() in function 'resize'

cara encontrada en: /var/www/html/reconocimientoFacial/proyecto_definitivo/admin/files/videos_registro_videos/otraprueba_6.avi
OpenCV(4.5.3) /tmp/pip-req-build-dwj9trv5/opencv/modules/imgproc/src/resize.cpp:4051: error: (-215:Assertion failed) !ssize.empty() in function 'resize'

cara encontrada en: /var/www/html/reconocimientoFacial/proyecto_definitivo/admin/files/videos_registro_videos/otraprueba_6.avi
cara guardada en /otraprueba_6.avi_6_12.322396278381348.jpg con esta confidence:0.99108243
cara encontrada en: /var/www/html/reconocimientoFacial/proyecto_definitivo/admin/files/videos_registro_videos/otraprueba_6.avi
OpenCV(4.5.3) /tmp/pip-req-build-dwj9trv5/opencv/modules/imgproc/src/resize.cpp:4051: error: (-215:Assertion failed) !ssize.empty() in function 'resize'

cara encontrada en: /var/www/html/reconocimientoFacial/proyecto_definitivo/admin/files/videos_registro_videos/otraprueba_6.avi
OpenCV(4.5.3) /tmp/pip-req-build-dwj9trv5/opencv/modules/imgproc/src/resize.cpp:4051: error: (-215:Assertion failed) !ssize.empty() in function 'resize'

cara encontrada en: /var/www/html/reconocimientoFacial/proyecto_definitivo/admin/files/videos_registro_videos/otraprueba_6.avi
OpenCV(4.5.3) /tmp/pip-req-build-dwj9trv5/opencv/modules/imgproc/src/resize.cpp:4051: error: (-215:Assertion failed) !ssize.empty() in function 'resize'

voy(6) leyendo el video..
tenemos(6) frame k lo guardo ..
voy(6) leyendo el video..
tenemos(6) frame k lo guardo ..
voy(6) leyendo el video..
tenemos(6) frame k lo guardo ..
cara encontrada en: /var/www/html/reconocimientoFacial/proyecto_definitivo/admin/files/videos_registro_videos/otraprueba_6.avi
OpenCV(4.5.3) /tmp/pip-req-build-dwj9trv5/opencv/modules/imgproc/src/resize.cpp:4051: error: (-215:Assertion failed) !ssize.empty() in function 'resize'

cara encontrada en: /var/www/html/reconocimientoFacial/proyecto_definitivo/admin/files/videos_registro_videos/otraprueba_6.avi
OpenCV(4.5.3) /tmp/pip-req-build-dwj9trv5/opencv/modules/imgproc/src/resize.cpp:4051: error: (-215:Assertion failed) !ssize.empty() in function 'resize'

cara encontrada en: /var/www/html/reconocimientoFacial/proyecto_definitivo/admin/files/videos_registro_videos/otraprueba_6.avi
OpenCV(4.5.3) /tmp/pip-req-build-dwj9trv5/opencv/modules/imgproc/src/resize.cpp:4051: error: (-215:Assertion failed) !ssize.empty() in function 'resize'

cara encontrada en: /var/www/html/reconocimientoFacial/proyecto_definitivo/admin/files/videos_registro_videos/otraprueba_6.avi
OpenCV(4.5.3) /tmp/pip-req-build-dwj9trv5/opencv/modules/imgproc/src/resize.cpp:4051: error: (-215:Assertion failed) !ssize.empty() in function 'resize'

cara encontrada en: /var/www/html/reconocimientoFacial/proyecto_definitivo/admin/files/videos_registro_videos/otraprueba_6.avi
OpenCV(4.5.3) /tmp/pip-req-build-dwj9trv5/opencv/modules/imgproc/src/resize.cpp:4051: error: (-215:Assertion failed) !ssize.empty() in function 'resize'

cara encontrada en: /var/www/html/reconocimientoFacial/proyecto_definitivo/admin/files/videos_registro_videos/otraprueba_6.avi
cara guardada en /otraprueba_6.avi_6_15.017735242843628.jpg con esta confidence:0.99213225
cara encontrada en: /var/www/html/reconocimientoFacial/proyecto_definitivo/admin/files/videos_registro_videos/otraprueba_6.avi
OpenCV(4.5.3) /tmp/pip-req-build-dwj9trv5/opencv/modules/imgproc/src/resize.cpp:4051: error: (-215:Assertion failed) !ssize.empty() in function 'resize'

cara encontrada en: /var/www/html/reconocimientoFacial/proyecto_definitivo/admin/files/videos_registro_videos/otraprueba_6.avi
OpenCV(4.5.3) /tmp/pip-req-build-dwj9trv5/opencv/modules/imgproc/src/resize.cpp:4051: error: (-215:Assertion failed) !ssize.empty() in function 'resize'

cara encontrada en: /var/www/html/reconocimientoFacial/proyecto_definitivo/admin/files/videos_registro_videos/otraprueba_6.avi
OpenCV(4.5.3) /tmp/pip-req-build-dwj9trv5/opencv/modules/imgproc/src/resize.cpp:4051: error: (-215:Assertion failed) !ssize.empty() in function 'resize'

cara encontrada en: /var/www/html/reconocimientoFacial/proyecto_definitivo/admin/files/videos_registro_videos/otraprueba_6.avi
OpenCV(4.5.3) /tmp/pip-req-build-dwj9trv5/opencv/modules/imgproc/src/resize.cpp:4051: error: (-215:Assertion failed) !ssize.empty() in function 'resize'

voy(6) leyendo el video..
tenemos(6) frame k lo guardo ..
voy(6) leyendo el video..
tenemos(6) frame k lo guardo ..
voy(6) leyendo el video..
tenemos(6) frame k lo guardo ..
cara encontrada en: /var/www/html/reconocimientoFacial/proyecto_definitivo/admin/files/videos_registro_videos/otraprueba_6.avi
OpenCV(4.5.3) /tmp/pip-req-build-dwj9trv5/opencv/modules/imgproc/src/resize.cpp:4051: error: (-215:Assertion failed) !ssize.empty() in function 'resize'

cara encontrada en: /var/www/html/reconocimientoFacial/proyecto_definitivo/admin/files/videos_registro_videos/otraprueba_6.avi
OpenCV(4.5.3) /tmp/pip-req-build-dwj9trv5/opencv/modules/imgproc/src/resize.cpp:4051: error: (-215:Assertion failed) !ssize.empty() in function 'resize'

cara encontrada en: /var/www/html/reconocimientoFacial/proyecto_definitivo/admin/files/videos_registro_videos/otraprueba_6.avi
OpenCV(4.5.3) /tmp/pip-req-build-dwj9trv5/opencv/modules/imgproc/src/resize.cpp:4051: error: (-215:Assertion failed) !ssize.empty() in function 'resize'

cara encontrada en: /var/www/html/reconocimientoFacial/proyecto_definitivo/admin/files/videos_registro_videos/otraprueba_6.avi
OpenCV(4.5.3) /tmp/pip-req-build-dwj9trv5/opencv/modules/imgproc/src/resize.cpp:4051: error: (-215:Assertion failed) !ssize.empty() in function 'resize'

cara encontrada en: /var/www/html/reconocimientoFacial/proyecto_definitivo/admin/files/videos_registro_videos/otraprueba_6.avi
cara guardada en /otraprueba_6.avi_6_17.91887092590332.jpg con esta confidence:0.9949126
cara encontrada en: /var/www/html/reconocimientoFacial/proyecto_definitivo/admin/files/videos_registro_videos/otraprueba_6.avi
OpenCV(4.5.3) /tmp/pip-req-build-dwj9trv5/opencv/modules/imgproc/src/resize.cpp:4051: error: (-215:Assertion failed) !ssize.empty() in function 'resize'

cara encontrada en: /var/www/html/reconocimientoFacial/proyecto_definitivo/admin/files/videos_registro_videos/otraprueba_6.avi
OpenCV(4.5.3) /tmp/pip-req-build-dwj9trv5/opencv/modules/imgproc/src/resize.cpp:4051: error: (-215:Assertion failed) !ssize.empty() in function 'resize'

cara encontrada en: /var/www/html/reconocimientoFacial/proyecto_definitivo/admin/files/videos_registro_videos/otraprueba_6.avi
OpenCV(4.5.3) /tmp/pip-req-build-dwj9trv5/opencv/modules/imgproc/src/resize.cpp:4051: error: (-215:Assertion failed) !ssize.empty() in function 'resize'

cara encontrada en: /var/www/html/reconocimientoFacial/proyecto_definitivo/admin/files/videos_registro_videos/otraprueba_6.avi
OpenCV(4.5.3) /tmp/pip-req-build-dwj9trv5/opencv/modules/imgproc/src/resize.cpp:4051: error: (-215:Assertion failed) !ssize.empty() in function 'resize'

cara encontrada en: /var/www/html/reconocimientoFacial/proyecto_definitivo/admin/files/videos_registro_videos/otraprueba_6.avi
OpenCV(4.5.3) /tmp/pip-req-build-dwj9trv5/opencv/modules/imgproc/src/resize.cpp:4051: error: (-215:Assertion failed) !ssize.empty() in function 'resize'

voy(6) leyendo el video..
tenemos(6) frame k lo guardo ..
voy(6) leyendo el video..
tenemos(6) frame k lo guardo ..
voy(6) leyendo el video..
tenemos(6) frame k lo guardo ..
cara encontrada en: /var/www/html/reconocimientoFacial/proyecto_definitivo/admin/files/videos_registro_videos/otraprueba_6.avi
OpenCV(4.5.3) /tmp/pip-req-build-dwj9trv5/opencv/modules/imgproc/src/resize.cpp:4051: error: (-215:Assertion failed) !ssize.empty() in function 'resize'

cara encontrada en: /var/www/html/reconocimientoFacial/proyecto_definitivo/admin/files/videos_registro_videos/otraprueba_6.avi
OpenCV(4.5.3) /tmp/pip-req-build-dwj9trv5/opencv/modules/imgproc/src/resize.cpp:4051: error: (-215:Assertion failed) !ssize.empty() in function 'resize'

cara encontrada en: /var/www/html/reconocimientoFacial/proyecto_definitivo/admin/files/videos_registro_videos/otraprueba_6.avi
OpenCV(4.5.3) /tmp/pip-req-build-dwj9trv5/opencv/modules/imgproc/src/resize.cpp:4051: error: (-215:Assertion failed) !ssize.empty() in function 'resize'

cara encontrada en: /var/www/html/reconocimientoFacial/proyecto_definitivo/admin/files/videos_registro_videos/otraprueba_6.avi
OpenCV(4.5.3) /tmp/pip-req-build-dwj9trv5/opencv/modules/imgproc/src/resize.cpp:4051: error: (-215:Assertion failed) !ssize.empty() in function 'resize'

cara encontrada en: /var/www/html/reconocimientoFacial/proyecto_definitivo/admin/files/videos_registro_videos/otraprueba_6.avi
cara guardada en /otraprueba_6.avi_6_20.34611177444458.jpg con esta confidence:0.9974565
cara encontrada en: /var/www/html/reconocimientoFacial/proyecto_definitivo/admin/files/videos_registro_videos/otraprueba_6.avi
OpenCV(4.5.3) /tmp/pip-req-build-dwj9trv5/opencv/modules/imgproc/src/resize.cpp:4051: error: (-215:Assertion failed) !ssize.empty() in function 'resize'

cara encontrada en: /var/www/html/reconocimientoFacial/proyecto_definitivo/admin/files/videos_registro_videos/otraprueba_6.avi
OpenCV(4.5.3) /tmp/pip-req-build-dwj9trv5/opencv/modules/imgproc/src/resize.cpp:4051: error: (-215:Assertion failed) !ssize.empty() in function 'resize'

cara encontrada en: /var/www/html/reconocimientoFacial/proyecto_definitivo/admin/files/videos_registro_videos/otraprueba_6.avi
OpenCV(4.5.3) /tmp/pip-req-build-dwj9trv5/opencv/modules/imgproc/src/resize.cpp:4051: error: (-215:Assertion failed) !ssize.empty() in function 'resize'

cara encontrada en: /var/www/html/reconocimientoFacial/proyecto_definitivo/admin/files/videos_registro_videos/otraprueba_6.avi
OpenCV(4.5.3) /tmp/pip-req-build-dwj9trv5/opencv/modules/imgproc/src/resize.cpp:4051: error: (-215:Assertion failed) !ssize.empty() in function 'resize'

cara encontrada en: /var/www/html/reconocimientoFacial/proyecto_definitivo/admin/files/videos_registro_videos/otraprueba_6.avi
OpenCV(4.5.3) /tmp/pip-req-build-dwj9trv5/opencv/modules/imgproc/src/resize.cpp:4051: error: (-215:Assertion failed) !ssize.empty() in function 'resize'

voy(6) leyendo el video..
tenemos(6) frame k lo guardo ..
voy(6) leyendo el video..
tenemos(6) frame k lo guardo ..
voy(6) leyendo el video..
tenemos(6) frame k lo guardo ..
cara encontrada en: /var/www/html/reconocimientoFacial/proyecto_definitivo/admin/files/videos_registro_videos/otraprueba_6.avi
OpenCV(4.5.3) /tmp/pip-req-build-dwj9trv5/opencv/modules/imgproc/src/resize.cpp:4051: error: (-215:Assertion failed) !ssize.empty() in function 'resize'

cara encontrada en: /var/www/html/reconocimientoFacial/proyecto_definitivo/admin/files/videos_registro_videos/otraprueba_6.avi
OpenCV(4.5.3) /tmp/pip-req-build-dwj9trv5/opencv/modules/imgproc/src/resize.cpp:4051: error: (-215:Assertion failed) !ssize.empty() in function 'resize'

cara encontrada en: /var/www/html/reconocimientoFacial/proyecto_definitivo/admin/files/videos_registro_videos/otraprueba_6.avi
OpenCV(4.5.3) /tmp/pip-req-build-dwj9trv5/opencv/modules/imgproc/src/resize.cpp:4051: error: (-215:Assertion failed) !ssize.empty() in function 'resize'

cara encontrada en: /var/www/html/reconocimientoFacial/proyecto_definitivo/admin/files/videos_registro_videos/otraprueba_6.avi
cara guardada en /otraprueba_6.avi_6_23.132192611694336.jpg con esta confidence:0.99867034
cara encontrada en: /var/www/html/reconocimientoFacial/proyecto_definitivo/admin/files/videos_registro_videos/otraprueba_6.avi
OpenCV(4.5.3) /tmp/pip-req-build-dwj9trv5/opencv/modules/imgproc/src/resize.cpp:4051: error: (-215:Assertion failed) !ssize.empty() in function 'resize'

cara encontrada en: /var/www/html/reconocimientoFacial/proyecto_definitivo/admin/files/videos_registro_videos/otraprueba_6.avi
OpenCV(4.5.3) /tmp/pip-req-build-dwj9trv5/opencv/modules/imgproc/src/resize.cpp:4051: error: (-215:Assertion failed) !ssize.empty() in function 'resize'

cara encontrada en: /var/www/html/reconocimientoFacial/proyecto_definitivo/admin/files/videos_registro_videos/otraprueba_6.avi
OpenCV(4.5.3) /tmp/pip-req-build-dwj9trv5/opencv/modules/imgproc/src/resize.cpp:4051: error: (-215:Assertion failed) !ssize.empty() in function 'resize'

cara encontrada en: /var/www/html/reconocimientoFacial/proyecto_definitivo/admin/files/videos_registro_videos/otraprueba_6.avi
OpenCV(4.5.3) /tmp/pip-req-build-dwj9trv5/opencv/modules/imgproc/src/resize.cpp:4051: error: (-215:Assertion failed) !ssize.empty() in function 'resize'

cara encontrada en: /var/www/html/reconocimientoFacial/proyecto_definitivo/admin/files/videos_registro_videos/otraprueba_6.avi
OpenCV(4.5.3) /tmp/pip-req-build-dwj9trv5/opencv/modules/imgproc/src/resize.cpp:4051: error: (-215:Assertion failed) !ssize.empty() in function 'resize'

cara encontrada en: /var/www/html/reconocimientoFacial/proyecto_definitivo/admin/files/videos_registro_videos/otraprueba_6.avi
OpenCV(4.5.3) /tmp/pip-req-build-dwj9trv5/opencv/modules/imgproc/src/resize.cpp:4051: error: (-215:Assertion failed) !ssize.empty() in function 'resize'

voy(6) leyendo el video..
tenemos(6) frame k lo guardo ..
voy(6) leyendo el video..
tenemos(6) frame k lo guardo ..
voy(6) leyendo el video..
tenemos(6) frame k lo guardo ..
cara encontrada en: /var/www/html/reconocimientoFacial/proyecto_definitivo/admin/files/videos_registro_videos/otraprueba_6.avi
OpenCV(4.5.3) /tmp/pip-req-build-dwj9trv5/opencv/modules/imgproc/src/resize.cpp:4051: error: (-215:Assertion failed) !ssize.empty() in function 'resize'

cara encontrada en: /var/www/html/reconocimientoFacial/proyecto_definitivo/admin/files/videos_registro_videos/otraprueba_6.avi
OpenCV(4.5.3) /tmp/pip-req-build-dwj9trv5/opencv/modules/imgproc/src/resize.cpp:4051: error: (-215:Assertion failed) !ssize.empty() in function 'resize'

cara encontrada en: /var/www/html/reconocimientoFacial/proyecto_definitivo/admin/files/videos_registro_videos/otraprueba_6.avi
OpenCV(4.5.3) /tmp/pip-req-build-dwj9trv5/opencv/modules/imgproc/src/resize.cpp:4051: error: (-215:Assertion failed) !ssize.empty() in function 'resize'

cara encontrada en: /var/www/html/reconocimientoFacial/proyecto_definitivo/admin/files/videos_registro_videos/otraprueba_6.avi
cara guardada en /otraprueba_6.avi_6_25.980740547180176.jpg con esta confidence:0.9987846
cara encontrada en: /var/www/html/reconocimientoFacial/proyecto_definitivo/admin/files/videos_registro_videos/otraprueba_6.avi
OpenCV(4.5.3) /tmp/pip-req-build-dwj9trv5/opencv/modules/imgproc/src/resize.cpp:4051: error: (-215:Assertion failed) !ssize.empty() in function 'resize'

cara encontrada en: /var/www/html/reconocimientoFacial/proyecto_definitivo/admin/files/videos_registro_videos/otraprueba_6.avi
OpenCV(4.5.3) /tmp/pip-req-build-dwj9trv5/opencv/modules/imgproc/src/resize.cpp:4051: error: (-215:Assertion failed) !ssize.empty() in function 'resize'

cara encontrada en: /var/www/html/reconocimientoFacial/proyecto_definitivo/admin/files/videos_registro_videos/otraprueba_6.avi
OpenCV(4.5.3) /tmp/pip-req-build-dwj9trv5/opencv/modules/imgproc/src/resize.cpp:4051: error: (-215:Assertion failed) !ssize.empty() in function 'resize'

cara encontrada en: /var/www/html/reconocimientoFacial/proyecto_definitivo/admin/files/videos_registro_videos/otraprueba_6.avi
OpenCV(4.5.3) /tmp/pip-req-build-dwj9trv5/opencv/modules/imgproc/src/resize.cpp:4051: error: (-215:Assertion failed) !ssize.empty() in function 'resize'

cara encontrada en: /var/www/html/reconocimientoFacial/proyecto_definitivo/admin/files/videos_registro_videos/otraprueba_6.avi
OpenCV(4.5.3) /tmp/pip-req-build-dwj9trv5/opencv/modules/imgproc/src/resize.cpp:4051: error: (-215:Assertion failed) !ssize.empty() in function 'resize'

cara encontrada en: /var/www/html/reconocimientoFacial/proyecto_definitivo/admin/files/videos_registro_videos/otraprueba_6.avi
OpenCV(4.5.3) /tmp/pip-req-build-dwj9trv5/opencv/modules/imgproc/src/resize.cpp:4051: error: (-215:Assertion failed) !ssize.empty() in function 'resize'

voy(6) leyendo el video..
tenemos(6) frame k lo guardo ..
voy(6) leyendo el video..
tenemos(6) frame k lo guardo ..
voy(6) leyendo el video..
tenemos(6) frame k lo guardo ..
cara encontrada en: /var/www/html/reconocimientoFacial/proyecto_definitivo/admin/files/videos_registro_videos/otraprueba_6.avi
OpenCV(4.5.3) /tmp/pip-req-build-dwj9trv5/opencv/modules/imgproc/src/resize.cpp:4051: error: (-215:Assertion failed) !ssize.empty() in function 'resize'

cara encontrada en: /var/www/html/reconocimientoFacial/proyecto_definitivo/admin/files/videos_registro_videos/otraprueba_6.avi
OpenCV(4.5.3) /tmp/pip-req-build-dwj9trv5/opencv/modules/imgproc/src/resize.cpp:4051: error: (-215:Assertion failed) !ssize.empty() in function 'resize'

cara encontrada en: /var/www/html/reconocimientoFacial/proyecto_definitivo/admin/files/videos_registro_videos/otraprueba_6.avi
OpenCV(4.5.3) /tmp/pip-req-build-dwj9trv5/opencv/modules/imgproc/src/resize.cpp:4051: error: (-215:Assertion failed) !ssize.empty() in function 'resize'

cara encontrada en: /var/www/html/reconocimientoFacial/proyecto_definitivo/admin/files/videos_registro_videos/otraprueba_6.avi
cara guardada en /otraprueba_6.avi_6_28.590877294540405.jpg con esta confidence:0.99889886
cara encontrada en: /var/www/html/reconocimientoFacial/proyecto_definitivo/admin/files/videos_registro_videos/otraprueba_6.avi
OpenCV(4.5.3) /tmp/pip-req-build-dwj9trv5/opencv/modules/imgproc/src/resize.cpp:4051: error: (-215:Assertion failed) !ssize.empty() in function 'resize'

cara encontrada en: /var/www/html/reconocimientoFacial/proyecto_definitivo/admin/files/videos_registro_videos/otraprueba_6.avi
OpenCV(4.5.3) /tmp/pip-req-build-dwj9trv5/opencv/modules/imgproc/src/resize.cpp:4051: error: (-215:Assertion failed) !ssize.empty() in function 'resize'

cara encontrada en: /var/www/html/reconocimientoFacial/proyecto_definitivo/admin/files/videos_registro_videos/otraprueba_6.avi
OpenCV(4.5.3) /tmp/pip-req-build-dwj9trv5/opencv/modules/imgproc/src/resize.cpp:4051: error: (-215:Assertion failed) !ssize.empty() in function 'resize'

cara encontrada en: /var/www/html/reconocimientoFacial/proyecto_definitivo/admin/files/videos_registro_videos/otraprueba_6.avi
OpenCV(4.5.3) /tmp/pip-req-build-dwj9trv5/opencv/modules/imgproc/src/resize.cpp:4051: error: (-215:Assertion failed) !ssize.empty() in function 'resize'

cara encontrada en: /var/www/html/reconocimientoFacial/proyecto_definitivo/admin/files/videos_registro_videos/otraprueba_6.avi
OpenCV(4.5.3) /tmp/pip-req-build-dwj9trv5/opencv/modules/imgproc/src/resize.cpp:4051: error: (-215:Assertion failed) !ssize.empty() in function 'resize'

cara encontrada en: /var/www/html/reconocimientoFacial/proyecto_definitivo/admin/files/videos_registro_videos/otraprueba_6.avi
OpenCV(4.5.3) /tmp/pip-req-build-dwj9trv5/opencv/modules/imgproc/src/resize.cpp:4051: error: (-215:Assertion failed) !ssize.empty() in function 'resize'

voy(6) leyendo el video..
tenemos(6) frame k lo guardo ..
voy(6) leyendo el video..
tenemos(6) frame k lo guardo ..
voy(6) leyendo el video..
tenemos(6) frame k lo guardo ..
cara encontrada en: /var/www/html/reconocimientoFacial/proyecto_definitivo/admin/files/videos_registro_videos/otraprueba_6.avi
OpenCV(4.5.3) /tmp/pip-req-build-dwj9trv5/opencv/modules/imgproc/src/resize.cpp:4051: error: (-215:Assertion failed) !ssize.empty() in function 'resize'

cara encontrada en: /var/www/html/reconocimientoFacial/proyecto_definitivo/admin/files/videos_registro_videos/otraprueba_6.avi
OpenCV(4.5.3) /tmp/pip-req-build-dwj9trv5/opencv/modules/imgproc/src/resize.cpp:4051: error: (-215:Assertion failed) !ssize.empty() in function 'resize'

cara encontrada en: /var/www/html/reconocimientoFacial/proyecto_definitivo/admin/files/videos_registro_videos/otraprueba_6.avi
OpenCV(4.5.3) /tmp/pip-req-build-dwj9trv5/opencv/modules/imgproc/src/resize.cpp:4051: error: (-215:Assertion failed) !ssize.empty() in function 'resize'

cara encontrada en: /var/www/html/reconocimientoFacial/proyecto_definitivo/admin/files/videos_registro_videos/otraprueba_6.avi
cara guardada en /otraprueba_6.avi_6_31.214146375656128.jpg con esta confidence:0.9985524
cara encontrada en: /var/www/html/reconocimientoFacial/proyecto_definitivo/admin/files/videos_registro_videos/otraprueba_6.avi
OpenCV(4.5.3) /tmp/pip-req-build-dwj9trv5/opencv/modules/imgproc/src/resize.cpp:4051: error: (-215:Assertion failed) !ssize.empty() in function 'resize'

cara encontrada en: /var/www/html/reconocimientoFacial/proyecto_definitivo/admin/files/videos_registro_videos/otraprueba_6.avi
OpenCV(4.5.3) /tmp/pip-req-build-dwj9trv5/opencv/modules/imgproc/src/resize.cpp:4051: error: (-215:Assertion failed) !ssize.empty() in function 'resize'

cara encontrada en: /var/www/html/reconocimientoFacial/proyecto_definitivo/admin/files/videos_registro_videos/otraprueba_6.avi
OpenCV(4.5.3) /tmp/pip-req-build-dwj9trv5/opencv/modules/imgproc/src/resize.cpp:4051: error: (-215:Assertion failed) !ssize.empty() in function 'resize'

cara encontrada en: /var/www/html/reconocimientoFacial/proyecto_definitivo/admin/files/videos_registro_videos/otraprueba_6.avi
OpenCV(4.5.3) /tmp/pip-req-build-dwj9trv5/opencv/modules/imgproc/src/resize.cpp:4051: error: (-215:Assertion failed) !ssize.empty() in function 'resize'

cara encontrada en: /var/www/html/reconocimientoFacial/proyecto_definitivo/admin/files/videos_registro_videos/otraprueba_6.avi
OpenCV(4.5.3) /tmp/pip-req-build-dwj9trv5/opencv/modules/imgproc/src/resize.cpp:4051: error: (-215:Assertion failed) !ssize.empty() in function 'resize'

cara encontrada en: /var/www/html/reconocimientoFacial/proyecto_definitivo/admin/files/videos_registro_videos/otraprueba_6.avi
OpenCV(4.5.3) /tmp/pip-req-build-dwj9trv5/opencv/modules/imgproc/src/resize.cpp:4051: error: (-215:Assertion failed) !ssize.empty() in function 'resize'

voy(6) leyendo el video..
tenemos(6) frame k lo guardo ..
voy(6) leyendo el video..
tenemos(6) frame k lo guardo ..
voy(6) leyendo el video..
tenemos(6) frame k lo guardo ..
cara encontrada en: /var/www/html/reconocimientoFacial/proyecto_definitivo/admin/files/videos_registro_videos/otraprueba_6.avi
OpenCV(4.5.3) /tmp/pip-req-build-dwj9trv5/opencv/modules/imgproc/src/resize.cpp:4051: error: (-215:Assertion failed) !ssize.empty() in function 'resize'

cara encontrada en: /var/www/html/reconocimientoFacial/proyecto_definitivo/admin/files/videos_registro_videos/otraprueba_6.avi
OpenCV(4.5.3) /tmp/pip-req-build-dwj9trv5/opencv/modules/imgproc/src/resize.cpp:4051: error: (-215:Assertion failed) !ssize.empty() in function 'resize'

cara encontrada en: /var/www/html/reconocimientoFacial/proyecto_definitivo/admin/files/videos_registro_videos/otraprueba_6.avi
OpenCV(4.5.3) /tmp/pip-req-build-dwj9trv5/opencv/modules/imgproc/src/resize.cpp:4051: error: (-215:Assertion failed) !ssize.empty() in function 'resize'

cara encontrada en: /var/www/html/reconocimientoFacial/proyecto_definitivo/admin/files/videos_registro_videos/otraprueba_6.avi
cara guardada en /otraprueba_6.avi_6_33.485267162323.jpg con esta confidence:0.9985184
cara encontrada en: /var/www/html/reconocimientoFacial/proyecto_definitivo/admin/files/videos_registro_videos/otraprueba_6.avi
OpenCV(4.5.3) /tmp/pip-req-build-dwj9trv5/opencv/modules/imgproc/src/resize.cpp:4051: error: (-215:Assertion failed) !ssize.empty() in function 'resize'

cara encontrada en: /var/www/html/reconocimientoFacial/proyecto_definitivo/admin/files/videos_registro_videos/otraprueba_6.avi
OpenCV(4.5.3) /tmp/pip-req-build-dwj9trv5/opencv/modules/imgproc/src/resize.cpp:4051: error: (-215:Assertion failed) !ssize.empty() in function 'resize'

cara encontrada en: /var/www/html/reconocimientoFacial/proyecto_definitivo/admin/files/videos_registro_videos/otraprueba_6.avi
OpenCV(4.5.3) /tmp/pip-req-build-dwj9trv5/opencv/modules/imgproc/src/resize.cpp:4051: error: (-215:Assertion failed) !ssize.empty() in function 'resize'

cara encontrada en: /var/www/html/reconocimientoFacial/proyecto_definitivo/admin/files/videos_registro_videos/otraprueba_6.avi
OpenCV(4.5.3) /tmp/pip-req-build-dwj9trv5/opencv/modules/imgproc/src/resize.cpp:4051: error: (-215:Assertion failed) !ssize.empty() in function 'resize'

cara encontrada en: /var/www/html/reconocimientoFacial/proyecto_definitivo/admin/files/videos_registro_videos/otraprueba_6.avi
OpenCV(4.5.3) /tmp/pip-req-build-dwj9trv5/opencv/modules/imgproc/src/resize.cpp:4051: error: (-215:Assertion failed) !ssize.empty() in function 'resize'

cara encontrada en: /var/www/html/reconocimientoFacial/proyecto_definitivo/admin/files/videos_registro_videos/otraprueba_6.avi
OpenCV(4.5.3) /tmp/pip-req-build-dwj9trv5/opencv/modules/imgproc/src/resize.cpp:4051: error: (-215:Assertion failed) !ssize.empty() in function 'resize'

voy(6) leyendo el video..
tenemos(6) frame k lo guardo ..
voy(6) leyendo el video..
tenemos(6) frame k lo guardo ..
voy(6) leyendo el video..
tenemos(6) frame k lo guardo ..
cara encontrada en: /var/www/html/reconocimientoFacial/proyecto_definitivo/admin/files/videos_registro_videos/otraprueba_6.avi
OpenCV(4.5.3) /tmp/pip-req-build-dwj9trv5/opencv/modules/imgproc/src/resize.cpp:4051: error: (-215:Assertion failed) !ssize.empty() in function 'resize'

cara encontrada en: /var/www/html/reconocimientoFacial/proyecto_definitivo/admin/files/videos_registro_videos/otraprueba_6.avi
OpenCV(4.5.3) /tmp/pip-req-build-dwj9trv5/opencv/modules/imgproc/src/resize.cpp:4051: error: (-215:Assertion failed) !ssize.empty() in function 'resize'

cara encontrada en: /var/www/html/reconocimientoFacial/proyecto_definitivo/admin/files/videos_registro_videos/otraprueba_6.avi
OpenCV(4.5.3) /tmp/pip-req-build-dwj9trv5/opencv/modules/imgproc/src/resize.cpp:4051: error: (-215:Assertion failed) !ssize.empty() in function 'resize'

cara encontrada en: /var/www/html/reconocimientoFacial/proyecto_definitivo/admin/files/videos_registro_videos/otraprueba_6.avi
cara guardada en /otraprueba_6.avi_6_36.05006265640259.jpg con esta confidence:0.9983012
cara encontrada en: /var/www/html/reconocimientoFacial/proyecto_definitivo/admin/files/videos_registro_videos/otraprueba_6.avi
OpenCV(4.5.3) /tmp/pip-req-build-dwj9trv5/opencv/modules/imgproc/src/resize.cpp:4051: error: (-215:Assertion failed) !ssize.empty() in function 'resize'

cara encontrada en: /var/www/html/reconocimientoFacial/proyecto_definitivo/admin/files/videos_registro_videos/otraprueba_6.avi
OpenCV(4.5.3) /tmp/pip-req-build-dwj9trv5/opencv/modules/imgproc/src/resize.cpp:4051: error: (-215:Assertion failed) !ssize.empty() in function 'resize'

cara encontrada en: /var/www/html/reconocimientoFacial/proyecto_definitivo/admin/files/videos_registro_videos/otraprueba_6.avi
OpenCV(4.5.3) /tmp/pip-req-build-dwj9trv5/opencv/modules/imgproc/src/resize.cpp:4051: error: (-215:Assertion failed) !ssize.empty() in function 'resize'

cara encontrada en: /var/www/html/reconocimientoFacial/proyecto_definitivo/admin/files/videos_registro_videos/otraprueba_6.avi
OpenCV(4.5.3) /tmp/pip-req-build-dwj9trv5/opencv/modules/imgproc/src/resize.cpp:4051: error: (-215:Assertion failed) !ssize.empty() in function 'resize'

cara encontrada en: /var/www/html/reconocimientoFacial/proyecto_definitivo/admin/files/videos_registro_videos/otraprueba_6.avi
OpenCV(4.5.3) /tmp/pip-req-build-dwj9trv5/opencv/modules/imgproc/src/resize.cpp:4051: error: (-215:Assertion failed) !ssize.empty() in function 'resize'

cara encontrada en: /var/www/html/reconocimientoFacial/proyecto_definitivo/admin/files/videos_registro_videos/otraprueba_6.avi
OpenCV(4.5.3) /tmp/pip-req-build-dwj9trv5/opencv/modules/imgproc/src/resize.cpp:4051: error: (-215:Assertion failed) !ssize.empty() in function 'resize'

voy(6) leyendo el video..
tenemos(6) frame k lo guardo ..
voy(6) leyendo el video..
tenemos(6) frame k lo guardo ..
voy(6) leyendo el video..
tenemos(6) frame k lo guardo ..
cara encontrada en: /var/www/html/reconocimientoFacial/proyecto_definitivo/admin/files/videos_registro_videos/otraprueba_6.avi
OpenCV(4.5.3) /tmp/pip-req-build-dwj9trv5/opencv/modules/imgproc/src/resize.cpp:4051: error: (-215:Assertion failed) !ssize.empty() in function 'resize'

cara encontrada en: /var/www/html/reconocimientoFacial/proyecto_definitivo/admin/files/videos_registro_videos/otraprueba_6.avi
OpenCV(4.5.3) /tmp/pip-req-build-dwj9trv5/opencv/modules/imgproc/src/resize.cpp:4051: error: (-215:Assertion failed) !ssize.empty() in function 'resize'

cara encontrada en: /var/www/html/reconocimientoFacial/proyecto_definitivo/admin/files/videos_registro_videos/otraprueba_6.avi
OpenCV(4.5.3) /tmp/pip-req-build-dwj9trv5/opencv/modules/imgproc/src/resize.cpp:4051: error: (-215:Assertion failed) !ssize.empty() in function 'resize'

cara encontrada en: /var/www/html/reconocimientoFacial/proyecto_definitivo/admin/files/videos_registro_videos/otraprueba_6.avi
OpenCV(4.5.3) /tmp/pip-req-build-dwj9trv5/opencv/modules/imgproc/src/resize.cpp:4051: error: (-215:Assertion failed) !ssize.empty() in function 'resize'

cara encontrada en: /var/www/html/reconocimientoFacial/proyecto_definitivo/admin/files/videos_registro_videos/otraprueba_6.avi
cara guardada en /otraprueba_6.avi_6_38.58930730819702.jpg con esta confidence:0.99827075
cara encontrada en: /var/www/html/reconocimientoFacial/proyecto_definitivo/admin/files/videos_registro_videos/otraprueba_6.avi
OpenCV(4.5.3) /tmp/pip-req-build-dwj9trv5/opencv/modules/imgproc/src/resize.cpp:4051: error: (-215:Assertion failed) !ssize.empty() in function 'resize'

cara encontrada en: /var/www/html/reconocimientoFacial/proyecto_definitivo/admin/files/videos_registro_videos/otraprueba_6.avi
OpenCV(4.5.3) /tmp/pip-req-build-dwj9trv5/opencv/modules/imgproc/src/resize.cpp:4051: error: (-215:Assertion failed) !ssize.empty() in function 'resize'

cara encontrada en: /var/www/html/reconocimientoFacial/proyecto_definitivo/admin/files/videos_registro_videos/otraprueba_6.avi
OpenCV(4.5.3) /tmp/pip-req-build-dwj9trv5/opencv/modules/imgproc/src/resize.cpp:4051: error: (-215:Assertion failed) !ssize.empty() in function 'resize'

cara encontrada en: /var/www/html/reconocimientoFacial/proyecto_definitivo/admin/files/videos_registro_videos/otraprueba_6.avi
OpenCV(4.5.3) /tmp/pip-req-build-dwj9trv5/opencv/modules/imgproc/src/resize.cpp:4051: error: (-215:Assertion failed) !ssize.empty() in function 'resize'

cara encontrada en: /var/www/html/reconocimientoFacial/proyecto_definitivo/admin/files/videos_registro_videos/otraprueba_6.avi
OpenCV(4.5.3) /tmp/pip-req-build-dwj9trv5/opencv/modules/imgproc/src/resize.cpp:4051: error: (-215:Assertion failed) !ssize.empty() in function 'resize'

voy(6) leyendo el video..
tenemos(6) frame k lo guardo ..
voy(6) leyendo el video..
tenemos(6) frame k lo guardo ..
voy(6) leyendo el video..
tenemos(6) frame k lo guardo ..
cara encontrada en: /var/www/html/reconocimientoFacial/proyecto_definitivo/admin/files/videos_registro_videos/otraprueba_6.avi
OpenCV(4.5.3) /tmp/pip-req-build-dwj9trv5/opencv/modules/imgproc/src/resize.cpp:4051: error: (-215:Assertion failed) !ssize.empty() in function 'resize'

cara encontrada en: /var/www/html/reconocimientoFacial/proyecto_definitivo/admin/files/videos_registro_videos/otraprueba_6.avi
OpenCV(4.5.3) /tmp/pip-req-build-dwj9trv5/opencv/modules/imgproc/src/resize.cpp:4051: error: (-215:Assertion failed) !ssize.empty() in function 'resize'

cara encontrada en: /var/www/html/reconocimientoFacial/proyecto_definitivo/admin/files/videos_registro_videos/otraprueba_6.avi
OpenCV(4.5.3) /tmp/pip-req-build-dwj9trv5/opencv/modules/imgproc/src/resize.cpp:4051: error: (-215:Assertion failed) !ssize.empty() in function 'resize'

cara encontrada en: /var/www/html/reconocimientoFacial/proyecto_definitivo/admin/files/videos_registro_videos/otraprueba_6.avi
OpenCV(4.5.3) /tmp/pip-req-build-dwj9trv5/opencv/modules/imgproc/src/resize.cpp:4051: error: (-215:Assertion failed) !ssize.empty() in function 'resize'

cara encontrada en: /var/www/html/reconocimientoFacial/proyecto_definitivo/admin/files/videos_registro_videos/otraprueba_6.avi
cara guardada en /otraprueba_6.avi_6_40.715174198150635.jpg con esta confidence:0.9982602
cara encontrada en: /var/www/html/reconocimientoFacial/proyecto_definitivo/admin/files/videos_registro_videos/otraprueba_6.avi
OpenCV(4.5.3) /tmp/pip-req-build-dwj9trv5/opencv/modules/imgproc/src/resize.cpp:4051: error: (-215:Assertion failed) !ssize.empty() in function 'resize'

cara encontrada en: /var/www/html/reconocimientoFacial/proyecto_definitivo/admin/files/videos_registro_videos/otraprueba_6.avi
OpenCV(4.5.3) /tmp/pip-req-build-dwj9trv5/opencv/modules/imgproc/src/resize.cpp:4051: error: (-215:Assertion failed) !ssize.empty() in function 'resize'

cara encontrada en: /var/www/html/reconocimientoFacial/proyecto_definitivo/admin/files/videos_registro_videos/otraprueba_6.avi
OpenCV(4.5.3) /tmp/pip-req-build-dwj9trv5/opencv/modules/imgproc/src/resize.cpp:4051: error: (-215:Assertion failed) !ssize.empty() in function 'resize'

cara encontrada en: /var/www/html/reconocimientoFacial/proyecto_definitivo/admin/files/videos_registro_videos/otraprueba_6.avi
OpenCV(4.5.3) /tmp/pip-req-build-dwj9trv5/opencv/modules/imgproc/src/resize.cpp:4051: error: (-215:Assertion failed) !ssize.empty() in function 'resize'

cara encontrada en: /var/www/html/reconocimientoFacial/proyecto_definitivo/admin/files/videos_registro_videos/otraprueba_6.avi
OpenCV(4.5.3) /tmp/pip-req-build-dwj9trv5/opencv/modules/imgproc/src/resize.cpp:4051: error: (-215:Assertion failed) !ssize.empty() in function 'resize'

voy(6) leyendo el video..
tenemos(6) frame k lo guardo ..
voy(6) leyendo el video..
tenemos(6) frame k lo guardo ..
voy(6) leyendo el video..
tenemos(6) frame k lo guardo ..
cara encontrada en: /var/www/html/reconocimientoFacial/proyecto_definitivo/admin/files/videos_registro_videos/otraprueba_6.avi
OpenCV(4.5.3) /tmp/pip-req-build-dwj9trv5/opencv/modules/imgproc/src/resize.cpp:4051: error: (-215:Assertion failed) !ssize.empty() in function 'resize'

cara encontrada en: /var/www/html/reconocimientoFacial/proyecto_definitivo/admin/files/videos_registro_videos/otraprueba_6.avi
OpenCV(4.5.3) /tmp/pip-req-build-dwj9trv5/opencv/modules/imgproc/src/resize.cpp:4051: error: (-215:Assertion failed) !ssize.empty() in function 'resize'

cara encontrada en: /var/www/html/reconocimientoFacial/proyecto_definitivo/admin/files/videos_registro_videos/otraprueba_6.avi
OpenCV(4.5.3) /tmp/pip-req-build-dwj9trv5/opencv/modules/imgproc/src/resize.cpp:4051: error: (-215:Assertion failed) !ssize.empty() in function 'resize'

cara encontrada en: /var/www/html/reconocimientoFacial/proyecto_definitivo/admin/files/videos_registro_videos/otraprueba_6.avi
OpenCV(4.5.3) /tmp/pip-req-build-dwj9trv5/opencv/modules/imgproc/src/resize.cpp:4051: error: (-215:Assertion failed) !ssize.empty() in function 'resize'

cara encontrada en: /var/www/html/reconocimientoFacial/proyecto_definitivo/admin/files/videos_registro_videos/otraprueba_6.avi
cara guardada en /otraprueba_6.avi_6_42.83632826805115.jpg con esta confidence:0.9983187
cara encontrada en: /var/www/html/reconocimientoFacial/proyecto_definitivo/admin/files/videos_registro_videos/otraprueba_6.avi
OpenCV(4.5.3) /tmp/pip-req-build-dwj9trv5/opencv/modules/imgproc/src/resize.cpp:4051: error: (-215:Assertion failed) !ssize.empty() in function 'resize'

cara encontrada en: /var/www/html/reconocimientoFacial/proyecto_definitivo/admin/files/videos_registro_videos/otraprueba_6.avi
OpenCV(4.5.3) /tmp/pip-req-build-dwj9trv5/opencv/modules/imgproc/src/resize.cpp:4051: error: (-215:Assertion failed) !ssize.empty() in function 'resize'

cara encontrada en: /var/www/html/reconocimientoFacial/proyecto_definitivo/admin/files/videos_registro_videos/otraprueba_6.avi
OpenCV(4.5.3) /tmp/pip-req-build-dwj9trv5/opencv/modules/imgproc/src/resize.cpp:4051: error: (-215:Assertion failed) !ssize.empty() in function 'resize'

cara encontrada en: /var/www/html/reconocimientoFacial/proyecto_definitivo/admin/files/videos_registro_videos/otraprueba_6.avi
OpenCV(4.5.3) /tmp/pip-req-build-dwj9trv5/opencv/modules/imgproc/src/resize.cpp:4051: error: (-215:Assertion failed) !ssize.empty() in function 'resize'

cara encontrada en: /var/www/html/reconocimientoFacial/proyecto_definitivo/admin/files/videos_registro_videos/otraprueba_6.avi
OpenCV(4.5.3) /tmp/pip-req-build-dwj9trv5/opencv/modules/imgproc/src/resize.cpp:4051: error: (-215:Assertion failed) !ssize.empty() in function 'resize'

voy(6) leyendo el video..
Llego al final y remuevo el video!
Tiempo de analizar el video:43.158753395080566
