tenemos este video:/var/www/html/reconocimientoFacial/proyecto_definitivo/admin/files/videos_registro/prueba.avi
cara encontrada en: /var/www/html/reconocimientoFacial/proyecto_definitivo/admin/files/videos_registro/prueba.avi
No se puede alinear
cara guardada en /prueba.avi_1.2596707344055176.jpg con esta confidence:0.99336314
cara encontrada en: /var/www/html/reconocimientoFacial/proyecto_definitivo/admin/files/videos_registro/prueba.avi
No se puede alinear
cara guardada en /prueba.avi_1.261725664138794.jpg con esta confidence:0.97851485
cara encontrada en: /var/www/html/reconocimientoFacial/proyecto_definitivo/admin/files/videos_registro/prueba.avi
No se puede alinear
cara guardada en /prueba.avi_1.3162710666656494.jpg con esta confidence:0.9964133
cara encontrada en: /var/www/html/reconocimientoFacial/proyecto_definitivo/admin/files/videos_registro/prueba.avi
OpenCV(4.5.3) /tmp/pip-req-build-dwj9trv5/opencv/modules/imgproc/src/resize.cpp:4051: error: (-215:Assertion failed) !ssize.empty() in function 'resize'

cara encontrada en: /var/www/html/reconocimientoFacial/proyecto_definitivo/admin/files/videos_registro/prueba.avi
OpenCV(4.5.3) /tmp/pip-req-build-dwj9trv5/opencv/modules/imgproc/src/resize.cpp:4051: error: (-215:Assertion failed) !ssize.empty() in function 'resize'

cara encontrada en: /var/www/html/reconocimientoFacial/proyecto_definitivo/admin/files/videos_registro/prueba.avi
No se puede alinear
cara guardada en /prueba.avi_1.317939043045044.jpg con esta confidence:0.8960442
cara encontrada en: /var/www/html/reconocimientoFacial/proyecto_definitivo/admin/files/videos_registro/prueba.avi
No se puede alinear
cara guardada en /prueba.avi_1.3719959259033203.jpg con esta confidence:0.95275396
cara encontrada en: /var/www/html/reconocimientoFacial/proyecto_definitivo/admin/files/videos_registro/prueba.avi
OpenCV(4.5.3) /tmp/pip-req-build-dwj9trv5/opencv/modules/imgproc/src/resize.cpp:4051: error: (-215:Assertion failed) !ssize.empty() in function 'resize'

cara encontrada en: /var/www/html/reconocimientoFacial/proyecto_definitivo/admin/files/videos_registro/prueba.avi
OpenCV(4.5.3) /tmp/pip-req-build-dwj9trv5/opencv/modules/imgproc/src/resize.cpp:4051: error: (-215:Assertion failed) !ssize.empty() in function 'resize'

cara encontrada en: /var/www/html/reconocimientoFacial/proyecto_definitivo/admin/files/videos_registro/prueba.avi
OpenCV(4.5.3) /tmp/pip-req-build-dwj9trv5/opencv/modules/imgproc/src/resize.cpp:4051: error: (-215:Assertion failed) !ssize.empty() in function 'resize'

cara encontrada en: /var/www/html/reconocimientoFacial/proyecto_definitivo/admin/files/videos_registro/prueba.avi
OpenCV(4.5.3) /tmp/pip-req-build-dwj9trv5/opencv/modules/imgproc/src/resize.cpp:4051: error: (-215:Assertion failed) !ssize.empty() in function 'resize'

cara encontrada en: /var/www/html/reconocimientoFacial/proyecto_definitivo/admin/files/videos_registro/prueba.avi
No se puede alinear
cara guardada en /prueba.avi_1.373795986175537.jpg con esta confidence:0.7606634
cara encontrada en: /var/www/html/reconocimientoFacial/proyecto_definitivo/admin/files/videos_registro/prueba.avi
No se puede alinear
cara guardada en /prueba.avi_1.3749711513519287.jpg con esta confidence:0.6859407
cara encontrada en: /var/www/html/reconocimientoFacial/proyecto_definitivo/admin/files/videos_registro/prueba.avi
No se puede alinear
cara guardada en /prueba.avi_1.4465959072113037.jpg con esta confidence:0.99401045
cara encontrada en: /var/www/html/reconocimientoFacial/proyecto_definitivo/admin/files/videos_registro/prueba.avi
No se puede alinear
cara guardada en /prueba.avi_1.4477508068084717.jpg con esta confidence:0.9935975
cara encontrada en: /var/www/html/reconocimientoFacial/proyecto_definitivo/admin/files/videos_registro/prueba.avi
OpenCV(4.5.3) /tmp/pip-req-build-dwj9trv5/opencv/modules/imgproc/src/resize.cpp:4051: error: (-215:Assertion failed) !ssize.empty() in function 'resize'

cara encontrada en: /var/www/html/reconocimientoFacial/proyecto_definitivo/admin/files/videos_registro/prueba.avi
OpenCV(4.5.3) /tmp/pip-req-build-dwj9trv5/opencv/modules/imgproc/src/resize.cpp:4051: error: (-215:Assertion failed) !ssize.empty() in function 'resize'

cara encontrada en: /var/www/html/reconocimientoFacial/proyecto_definitivo/admin/files/videos_registro/prueba.avi
No se puede alinear
cara guardada en /prueba.avi_1.542391300201416.jpg con esta confidence:0.99950266
cara encontrada en: /var/www/html/reconocimientoFacial/proyecto_definitivo/admin/files/videos_registro/prueba.avi
No se puede alinear
cara guardada en /prueba.avi_1.543912410736084.jpg con esta confidence:0.99112785
cara encontrada en: /var/www/html/reconocimientoFacial/proyecto_definitivo/admin/files/videos_registro/prueba.avi
OpenCV(4.5.3) /tmp/pip-req-build-dwj9trv5/opencv/modules/imgproc/src/resize.cpp:4051: error: (-215:Assertion failed) !ssize.empty() in function 'resize'

cara encontrada en: /var/www/html/reconocimientoFacial/proyecto_definitivo/admin/files/videos_registro/prueba.avi
OpenCV(4.5.3) /tmp/pip-req-build-dwj9trv5/opencv/modules/imgproc/src/resize.cpp:4051: error: (-215:Assertion failed) !ssize.empty() in function 'resize'

cara encontrada en: /var/www/html/reconocimientoFacial/proyecto_definitivo/admin/files/videos_registro/prueba.avi
No se puede alinear
cara guardada en /prueba.avi_1.6308236122131348.jpg con esta confidence:0.9993443
cara encontrada en: /var/www/html/reconocimientoFacial/proyecto_definitivo/admin/files/videos_registro/prueba.avi
OpenCV(4.5.3) /tmp/pip-req-build-dwj9trv5/opencv/modules/imgproc/src/resize.cpp:4051: error: (-215:Assertion failed) !ssize.empty() in function 'resize'

cara encontrada en: /var/www/html/reconocimientoFacial/proyecto_definitivo/admin/files/videos_registro/prueba.avi
No se puede alinear
cara guardada en /prueba.avi_1.6326234340667725.jpg con esta confidence:0.9562544
cara encontrada en: /var/www/html/reconocimientoFacial/proyecto_definitivo/admin/files/videos_registro/prueba.avi
OpenCV(4.5.3) /tmp/pip-req-build-dwj9trv5/opencv/modules/imgproc/src/resize.cpp:4051: error: (-215:Assertion failed) !ssize.empty() in function 'resize'

cara encontrada en: /var/www/html/reconocimientoFacial/proyecto_definitivo/admin/files/videos_registro/prueba.avi
No se puede alinear
cara guardada en /prueba.avi_1.71455717086792.jpg con esta confidence:0.99789065
cara encontrada en: /var/www/html/reconocimientoFacial/proyecto_definitivo/admin/files/videos_registro/prueba.avi
OpenCV(4.5.3) /tmp/pip-req-build-dwj9trv5/opencv/modules/imgproc/src/resize.cpp:4051: error: (-215:Assertion failed) !ssize.empty() in function 'resize'

cara encontrada en: /var/www/html/reconocimientoFacial/proyecto_definitivo/admin/files/videos_registro/prueba.avi
OpenCV(4.5.3) /tmp/pip-req-build-dwj9trv5/opencv/modules/imgproc/src/resize.cpp:4051: error: (-215:Assertion failed) !ssize.empty() in function 'resize'

cara encontrada en: /var/www/html/reconocimientoFacial/proyecto_definitivo/admin/files/videos_registro/prueba.avi
No se puede alinear
cara guardada en /prueba.avi_1.716029167175293.jpg con esta confidence:0.7918359
cara encontrada en: /var/www/html/reconocimientoFacial/proyecto_definitivo/admin/files/videos_registro/prueba.avi
No se puede alinear
cara guardada en /prueba.avi_1.770918369293213.jpg con esta confidence:0.995223
cara encontrada en: /var/www/html/reconocimientoFacial/proyecto_definitivo/admin/files/videos_registro/prueba.avi
OpenCV(4.5.3) /tmp/pip-req-build-dwj9trv5/opencv/modules/imgproc/src/resize.cpp:4051: error: (-215:Assertion failed) !ssize.empty() in function 'resize'

cara encontrada en: /var/www/html/reconocimientoFacial/proyecto_definitivo/admin/files/videos_registro/prueba.avi
No se puede alinear
cara guardada en /prueba.avi_1.7723791599273682.jpg con esta confidence:0.71266484
cara encontrada en: /var/www/html/reconocimientoFacial/proyecto_definitivo/admin/files/videos_registro/prueba.avi
No se puede alinear
cara guardada en /prueba.avi_1.8525803089141846.jpg con esta confidence:0.9941203
cara encontrada en: /var/www/html/reconocimientoFacial/proyecto_definitivo/admin/files/videos_registro/prueba.avi
No se puede alinear
cara guardada en /prueba.avi_1.8538126945495605.jpg con esta confidence:0.86016536
cara encontrada en: /var/www/html/reconocimientoFacial/proyecto_definitivo/admin/files/videos_registro/prueba.avi
OpenCV(4.5.3) /tmp/pip-req-build-dwj9trv5/opencv/modules/imgproc/src/resize.cpp:4051: error: (-215:Assertion failed) !ssize.empty() in function 'resize'

cara encontrada en: /var/www/html/reconocimientoFacial/proyecto_definitivo/admin/files/videos_registro/prueba.avi
No se puede alinear
cara guardada en /prueba.avi_1.9295525550842285.jpg con esta confidence:0.994152
cara encontrada en: /var/www/html/reconocimientoFacial/proyecto_definitivo/admin/files/videos_registro/prueba.avi
No se puede alinear
cara guardada en /prueba.avi_1.9307446479797363.jpg con esta confidence:0.9036269
cara encontrada en: /var/www/html/reconocimientoFacial/proyecto_definitivo/admin/files/videos_registro/prueba.avi
OpenCV(4.5.3) /tmp/pip-req-build-dwj9trv5/opencv/modules/imgproc/src/resize.cpp:4051: error: (-215:Assertion failed) !ssize.empty() in function 'resize'

cara encontrada en: /var/www/html/reconocimientoFacial/proyecto_definitivo/admin/files/videos_registro/prueba.avi
No se puede alinear
cara guardada en /prueba.avi_2.0022270679473877.jpg con esta confidence:0.9932921
cara encontrada en: /var/www/html/reconocimientoFacial/proyecto_definitivo/admin/files/videos_registro/prueba.avi
No se puede alinear
cara guardada en /prueba.avi_2.0034074783325195.jpg con esta confidence:0.93925786
cara encontrada en: /var/www/html/reconocimientoFacial/proyecto_definitivo/admin/files/videos_registro/prueba.avi
OpenCV(4.5.3) /tmp/pip-req-build-dwj9trv5/opencv/modules/imgproc/src/resize.cpp:4051: error: (-215:Assertion failed) !ssize.empty() in function 'resize'

cara encontrada en: /var/www/html/reconocimientoFacial/proyecto_definitivo/admin/files/videos_registro/prueba.avi
No se puede alinear
cara guardada en /prueba.avi_2.0968143939971924.jpg con esta confidence:0.9918794
cara encontrada en: /var/www/html/reconocimientoFacial/proyecto_definitivo/admin/files/videos_registro/prueba.avi
No se puede alinear
cara guardada en /prueba.avi_2.098083972930908.jpg con esta confidence:0.96171576
cara encontrada en: /var/www/html/reconocimientoFacial/proyecto_definitivo/admin/files/videos_registro/prueba.avi
No se puede alinear
cara guardada en /prueba.avi_2.1879489421844482.jpg con esta confidence:0.9913276
cara encontrada en: /var/www/html/reconocimientoFacial/proyecto_definitivo/admin/files/videos_registro/prueba.avi
No se puede alinear
cara guardada en /prueba.avi_2.1898550987243652.jpg con esta confidence:0.9717615
cara encontrada en: /var/www/html/reconocimientoFacial/proyecto_definitivo/admin/files/videos_registro/prueba.avi
No se puede alinear
cara guardada en /prueba.avi_2.243715524673462.jpg con esta confidence:0.9921991
cara encontrada en: /var/www/html/reconocimientoFacial/proyecto_definitivo/admin/files/videos_registro/prueba.avi
No se puede alinear
cara guardada en /prueba.avi_2.2450380325317383.jpg con esta confidence:0.9640177
cara encontrada en: /var/www/html/reconocimientoFacial/proyecto_definitivo/admin/files/videos_registro/prueba.avi
No se puede alinear
cara guardada en /prueba.avi_2.3216686248779297.jpg con esta confidence:0.99398214
cara encontrada en: /var/www/html/reconocimientoFacial/proyecto_definitivo/admin/files/videos_registro/prueba.avi
No se puede alinear
cara guardada en /prueba.avi_2.3228487968444824.jpg con esta confidence:0.95924586
cara encontrada en: /var/www/html/reconocimientoFacial/proyecto_definitivo/admin/files/videos_registro/prueba.avi
No se puede alinear
cara guardada en /prueba.avi_2.395669937133789.jpg con esta confidence:0.9973036
cara encontrada en: /var/www/html/reconocimientoFacial/proyecto_definitivo/admin/files/videos_registro/prueba.avi
No se puede alinear
cara guardada en /prueba.avi_2.3971078395843506.jpg con esta confidence:0.9970203
cara encontrada en: /var/www/html/reconocimientoFacial/proyecto_definitivo/admin/files/videos_registro/prueba.avi
No se puede alinear
cara guardada en /prueba.avi_2.4533913135528564.jpg con esta confidence:0.9998392
cara encontrada en: /var/www/html/reconocimientoFacial/proyecto_definitivo/admin/files/videos_registro/prueba.avi
No se puede alinear
cara guardada en /prueba.avi_2.4546890258789062.jpg con esta confidence:0.9967834
cara encontrada en: /var/www/html/reconocimientoFacial/proyecto_definitivo/admin/files/videos_registro/prueba.avi
No se puede alinear
cara guardada en /prueba.avi_2.50675630569458.jpg con esta confidence:0.9999647
cara encontrada en: /var/www/html/reconocimientoFacial/proyecto_definitivo/admin/files/videos_registro/prueba.avi
No se puede alinear
cara guardada en /prueba.avi_2.507974147796631.jpg con esta confidence:0.99445844
cara encontrada en: /var/www/html/reconocimientoFacial/proyecto_definitivo/admin/files/videos_registro/prueba.avi
No se puede alinear
cara guardada en /prueba.avi_2.593585252761841.jpg con esta confidence:0.9999691
cara encontrada en: /var/www/html/reconocimientoFacial/proyecto_definitivo/admin/files/videos_registro/prueba.avi
No se puede alinear
cara guardada en /prueba.avi_2.595085859298706.jpg con esta confidence:0.98486114
cara encontrada en: /var/www/html/reconocimientoFacial/proyecto_definitivo/admin/files/videos_registro/prueba.avi
No se puede alinear
cara guardada en /prueba.avi_2.66422438621521.jpg con esta confidence:0.9999713
cara encontrada en: /var/www/html/reconocimientoFacial/proyecto_definitivo/admin/files/videos_registro/prueba.avi
No se puede alinear
cara guardada en /prueba.avi_2.665593147277832.jpg con esta confidence:0.94861025
cara encontrada en: /var/www/html/reconocimientoFacial/proyecto_definitivo/admin/files/videos_registro/prueba.avi
No se puede alinear
cara guardada en /prueba.avi_2.7365732192993164.jpg con esta confidence:0.9999659
cara encontrada en: /var/www/html/reconocimientoFacial/proyecto_definitivo/admin/files/videos_registro/prueba.avi
No se puede alinear
cara guardada en /prueba.avi_2.7378509044647217.jpg con esta confidence:0.9034381
cara encontrada en: /var/www/html/reconocimientoFacial/proyecto_definitivo/admin/files/videos_registro/prueba.avi
No se puede alinear
cara guardada en /prueba.avi_2.793348789215088.jpg con esta confidence:0.9999672
cara encontrada en: /var/www/html/reconocimientoFacial/proyecto_definitivo/admin/files/videos_registro/prueba.avi
No se puede alinear
cara guardada en /prueba.avi_2.794663667678833.jpg con esta confidence:0.8623491
cara encontrada en: /var/www/html/reconocimientoFacial/proyecto_definitivo/admin/files/videos_registro/prueba.avi
No se puede alinear
cara guardada en /prueba.avi_2.868180990219116.jpg con esta confidence:0.9999721
cara encontrada en: /var/www/html/reconocimientoFacial/proyecto_definitivo/admin/files/videos_registro/prueba.avi
No se puede alinear
cara guardada en /prueba.avi_2.86944842338562.jpg con esta confidence:0.856724
cara encontrada en: /var/www/html/reconocimientoFacial/proyecto_definitivo/admin/files/videos_registro/prueba.avi
No se puede alinear
cara guardada en /prueba.avi_2.9416682720184326.jpg con esta confidence:0.9999683
cara encontrada en: /var/www/html/reconocimientoFacial/proyecto_definitivo/admin/files/videos_registro/prueba.avi
No se puede alinear
cara guardada en /prueba.avi_2.943134307861328.jpg con esta confidence:0.82557905
cara encontrada en: /var/www/html/reconocimientoFacial/proyecto_definitivo/admin/files/videos_registro/prueba.avi
No se puede alinear
cara guardada en /prueba.avi_3.015401601791382.jpg con esta confidence:0.999951
cara encontrada en: /var/www/html/reconocimientoFacial/proyecto_definitivo/admin/files/videos_registro/prueba.avi
No se puede alinear
cara guardada en /prueba.avi_3.0167346000671387.jpg con esta confidence:0.7997541
cara encontrada en: /var/www/html/reconocimientoFacial/proyecto_definitivo/admin/files/videos_registro/prueba.avi
No se puede alinear
cara guardada en /prueba.avi_3.1272385120391846.jpg con esta confidence:0.99986506
cara encontrada en: /var/www/html/reconocimientoFacial/proyecto_definitivo/admin/files/videos_registro/prueba.avi
No se puede alinear
cara guardada en /prueba.avi_3.128664493560791.jpg con esta confidence:0.7892212
cara encontrada en: /var/www/html/reconocimientoFacial/proyecto_definitivo/admin/files/videos_registro/prueba.avi
No se puede alinear
cara guardada en /prueba.avi_3.2114477157592773.jpg con esta confidence:0.99893147
cara encontrada en: /var/www/html/reconocimientoFacial/proyecto_definitivo/admin/files/videos_registro/prueba.avi
No se puede alinear
cara guardada en /prueba.avi_3.2127022743225098.jpg con esta confidence:0.7752282
cara encontrada en: /var/www/html/reconocimientoFacial/proyecto_definitivo/admin/files/videos_registro/prueba.avi
No se puede alinear
cara guardada en /prueba.avi_3.2763969898223877.jpg con esta confidence:0.9924231
cara encontrada en: /var/www/html/reconocimientoFacial/proyecto_definitivo/admin/files/videos_registro/prueba.avi
No se puede alinear
cara guardada en /prueba.avi_3.2778422832489014.jpg con esta confidence:0.7988073
cara encontrada en: /var/www/html/reconocimientoFacial/proyecto_definitivo/admin/files/videos_registro/prueba.avi
No se puede alinear
cara guardada en /prueba.avi_3.3515377044677734.jpg con esta confidence:0.96286553
cara encontrada en: /var/www/html/reconocimientoFacial/proyecto_definitivo/admin/files/videos_registro/prueba.avi
No se puede alinear
cara guardada en /prueba.avi_3.352879524230957.jpg con esta confidence:0.8161148
cara encontrada en: /var/www/html/reconocimientoFacial/proyecto_definitivo/admin/files/videos_registro/prueba.avi
No se puede alinear
cara guardada en /prueba.avi_3.4251608848571777.jpg con esta confidence:0.8441722
cara encontrada en: /var/www/html/reconocimientoFacial/proyecto_definitivo/admin/files/videos_registro/prueba.avi
No se puede alinear
cara guardada en /prueba.avi_3.426661252975464.jpg con esta confidence:0.83122516
cara encontrada en: /var/www/html/reconocimientoFacial/proyecto_definitivo/admin/files/videos_registro/prueba.avi
No se puede alinear
cara guardada en /prueba.avi_3.4845144748687744.jpg con esta confidence:0.92391384
cara encontrada en: /var/www/html/reconocimientoFacial/proyecto_definitivo/admin/files/videos_registro/prueba.avi
No se puede alinear
cara guardada en /prueba.avi_3.4856457710266113.jpg con esta confidence:0.76263463
cara encontrada en: /var/www/html/reconocimientoFacial/proyecto_definitivo/admin/files/videos_registro/prueba.avi
No se puede alinear
cara guardada en /prueba.avi_3.5373260974884033.jpg con esta confidence:0.9550765
cara encontrada en: /var/www/html/reconocimientoFacial/proyecto_definitivo/admin/files/videos_registro/prueba.avi
No se puede alinear
cara guardada en /prueba.avi_3.53852915763855.jpg con esta confidence:0.77446896
cara encontrada en: /var/www/html/reconocimientoFacial/proyecto_definitivo/admin/files/videos_registro/prueba.avi
No se puede alinear
cara guardada en /prueba.avi_3.6090900897979736.jpg con esta confidence:0.98143435
cara encontrada en: /var/www/html/reconocimientoFacial/proyecto_definitivo/admin/files/videos_registro/prueba.avi
No se puede alinear
cara guardada en /prueba.avi_3.6102449893951416.jpg con esta confidence:0.862155
cara encontrada en: /var/www/html/reconocimientoFacial/proyecto_definitivo/admin/files/videos_registro/prueba.avi
No se puede alinear
cara guardada en /prueba.avi_3.667768955230713.jpg con esta confidence:0.99141496
cara encontrada en: /var/www/html/reconocimientoFacial/proyecto_definitivo/admin/files/videos_registro/prueba.avi
No se puede alinear
cara guardada en /prueba.avi_3.669011354446411.jpg con esta confidence:0.9262963
cara encontrada en: /var/www/html/reconocimientoFacial/proyecto_definitivo/admin/files/videos_registro/prueba.avi
No se puede alinear
cara guardada en /prueba.avi_3.748047113418579.jpg con esta confidence:0.99425185
cara encontrada en: /var/www/html/reconocimientoFacial/proyecto_definitivo/admin/files/videos_registro/prueba.avi
No se puede alinear
cara guardada en /prueba.avi_3.7493295669555664.jpg con esta confidence:0.9699094
cara encontrada en: /var/www/html/reconocimientoFacial/proyecto_definitivo/admin/files/videos_registro/prueba.avi
OpenCV(4.5.3) /tmp/pip-req-build-dwj9trv5/opencv/modules/imgproc/src/resize.cpp:4051: error: (-215:Assertion failed) !ssize.empty() in function 'resize'

cara encontrada en: /var/www/html/reconocimientoFacial/proyecto_definitivo/admin/files/videos_registro/prueba.avi
OpenCV(4.5.3) /tmp/pip-req-build-dwj9trv5/opencv/modules/imgproc/src/resize.cpp:4051: error: (-215:Assertion failed) !ssize.empty() in function 'resize'

cara encontrada en: /var/www/html/reconocimientoFacial/proyecto_definitivo/admin/files/videos_registro/prueba.avi
No se puede alinear
cara guardada en /prueba.avi_3.828538417816162.jpg con esta confidence:0.9950088
cara encontrada en: /var/www/html/reconocimientoFacial/proyecto_definitivo/admin/files/videos_registro/prueba.avi
No se puede alinear
cara guardada en /prueba.avi_3.8297317028045654.jpg con esta confidence:0.98640394
cara encontrada en: /var/www/html/reconocimientoFacial/proyecto_definitivo/admin/files/videos_registro/prueba.avi
OpenCV(4.5.3) /tmp/pip-req-build-dwj9trv5/opencv/modules/imgproc/src/resize.cpp:4051: error: (-215:Assertion failed) !ssize.empty() in function 'resize'

cara encontrada en: /var/www/html/reconocimientoFacial/proyecto_definitivo/admin/files/videos_registro/prueba.avi
OpenCV(4.5.3) /tmp/pip-req-build-dwj9trv5/opencv/modules/imgproc/src/resize.cpp:4051: error: (-215:Assertion failed) !ssize.empty() in function 'resize'

cara encontrada en: /var/www/html/reconocimientoFacial/proyecto_definitivo/admin/files/videos_registro/prueba.avi
No se puede alinear
cara guardada en /prueba.avi_3.9026970863342285.jpg con esta confidence:0.99724627
cara encontrada en: /var/www/html/reconocimientoFacial/proyecto_definitivo/admin/files/videos_registro/prueba.avi
No se puede alinear
cara guardada en /prueba.avi_3.9038097858428955.jpg con esta confidence:0.9952485
cara encontrada en: /var/www/html/reconocimientoFacial/proyecto_definitivo/admin/files/videos_registro/prueba.avi
OpenCV(4.5.3) /tmp/pip-req-build-dwj9trv5/opencv/modules/imgproc/src/resize.cpp:4051: error: (-215:Assertion failed) !ssize.empty() in function 'resize'

cara encontrada en: /var/www/html/reconocimientoFacial/proyecto_definitivo/admin/files/videos_registro/prueba.avi
OpenCV(4.5.3) /tmp/pip-req-build-dwj9trv5/opencv/modules/imgproc/src/resize.cpp:4051: error: (-215:Assertion failed) !ssize.empty() in function 'resize'

cara encontrada en: /var/www/html/reconocimientoFacial/proyecto_definitivo/admin/files/videos_registro/prueba.avi
No se puede alinear
cara guardada en /prueba.avi_3.9649555683135986.jpg con esta confidence:0.9982529
cara encontrada en: /var/www/html/reconocimientoFacial/proyecto_definitivo/admin/files/videos_registro/prueba.avi
No se puede alinear
cara guardada en /prueba.avi_3.9661149978637695.jpg con esta confidence:0.99812275
cara encontrada en: /var/www/html/reconocimientoFacial/proyecto_definitivo/admin/files/videos_registro/prueba.avi
OpenCV(4.5.3) /tmp/pip-req-build-dwj9trv5/opencv/modules/imgproc/src/resize.cpp:4051: error: (-215:Assertion failed) !ssize.empty() in function 'resize'

cara encontrada en: /var/www/html/reconocimientoFacial/proyecto_definitivo/admin/files/videos_registro/prueba.avi
OpenCV(4.5.3) /tmp/pip-req-build-dwj9trv5/opencv/modules/imgproc/src/resize.cpp:4051: error: (-215:Assertion failed) !ssize.empty() in function 'resize'

cara encontrada en: /var/www/html/reconocimientoFacial/proyecto_definitivo/admin/files/videos_registro/prueba.avi
No se puede alinear
cara guardada en /prueba.avi_4.022781610488892.jpg con esta confidence:0.99877053
cara encontrada en: /var/www/html/reconocimientoFacial/proyecto_definitivo/admin/files/videos_registro/prueba.avi
No se puede alinear
cara guardada en /prueba.avi_4.024170637130737.jpg con esta confidence:0.99825484
cara encontrada en: /var/www/html/reconocimientoFacial/proyecto_definitivo/admin/files/videos_registro/prueba.avi
OpenCV(4.5.3) /tmp/pip-req-build-dwj9trv5/opencv/modules/imgproc/src/resize.cpp:4051: error: (-215:Assertion failed) !ssize.empty() in function 'resize'

cara encontrada en: /var/www/html/reconocimientoFacial/proyecto_definitivo/admin/files/videos_registro/prueba.avi
OpenCV(4.5.3) /tmp/pip-req-build-dwj9trv5/opencv/modules/imgproc/src/resize.cpp:4051: error: (-215:Assertion failed) !ssize.empty() in function 'resize'

cara encontrada en: /var/www/html/reconocimientoFacial/proyecto_definitivo/admin/files/videos_registro/prueba.avi
No se puede alinear
cara guardada en /prueba.avi_4.091733694076538.jpg con esta confidence:0.9989691
cara encontrada en: /var/www/html/reconocimientoFacial/proyecto_definitivo/admin/files/videos_registro/prueba.avi
No se puede alinear
cara guardada en /prueba.avi_4.092885971069336.jpg con esta confidence:0.9981651
cara encontrada en: /var/www/html/reconocimientoFacial/proyecto_definitivo/admin/files/videos_registro/prueba.avi
OpenCV(4.5.3) /tmp/pip-req-build-dwj9trv5/opencv/modules/imgproc/src/resize.cpp:4051: error: (-215:Assertion failed) !ssize.empty() in function 'resize'

cara encontrada en: /var/www/html/reconocimientoFacial/proyecto_definitivo/admin/files/videos_registro/prueba.avi
OpenCV(4.5.3) /tmp/pip-req-build-dwj9trv5/opencv/modules/imgproc/src/resize.cpp:4051: error: (-215:Assertion failed) !ssize.empty() in function 'resize'

cara encontrada en: /var/www/html/reconocimientoFacial/proyecto_definitivo/admin/files/videos_registro/prueba.avi
No se puede alinear
cara guardada en /prueba.avi_4.1482322216033936.jpg con esta confidence:0.99920076
cara encontrada en: /var/www/html/reconocimientoFacial/proyecto_definitivo/admin/files/videos_registro/prueba.avi
No se puede alinear
cara guardada en /prueba.avi_4.149731874465942.jpg con esta confidence:0.99555355
cara encontrada en: /var/www/html/reconocimientoFacial/proyecto_definitivo/admin/files/videos_registro/prueba.avi
OpenCV(4.5.3) /tmp/pip-req-build-dwj9trv5/opencv/modules/imgproc/src/resize.cpp:4051: error: (-215:Assertion failed) !ssize.empty() in function 'resize'

cara encontrada en: /var/www/html/reconocimientoFacial/proyecto_definitivo/admin/files/videos_registro/prueba.avi
OpenCV(4.5.3) /tmp/pip-req-build-dwj9trv5/opencv/modules/imgproc/src/resize.cpp:4051: error: (-215:Assertion failed) !ssize.empty() in function 'resize'

cara encontrada en: /var/www/html/reconocimientoFacial/proyecto_definitivo/admin/files/videos_registro/prueba.avi
No se puede alinear
cara guardada en /prueba.avi_4.23689341545105.jpg con esta confidence:0.9991561
cara encontrada en: /var/www/html/reconocimientoFacial/proyecto_definitivo/admin/files/videos_registro/prueba.avi
No se puede alinear
cara guardada en /prueba.avi_4.238480567932129.jpg con esta confidence:0.9910212
cara encontrada en: /var/www/html/reconocimientoFacial/proyecto_definitivo/admin/files/videos_registro/prueba.avi
OpenCV(4.5.3) /tmp/pip-req-build-dwj9trv5/opencv/modules/imgproc/src/resize.cpp:4051: error: (-215:Assertion failed) !ssize.empty() in function 'resize'

cara encontrada en: /var/www/html/reconocimientoFacial/proyecto_definitivo/admin/files/videos_registro/prueba.avi
OpenCV(4.5.3) /tmp/pip-req-build-dwj9trv5/opencv/modules/imgproc/src/resize.cpp:4051: error: (-215:Assertion failed) !ssize.empty() in function 'resize'

cara encontrada en: /var/www/html/reconocimientoFacial/proyecto_definitivo/admin/files/videos_registro/prueba.avi
No se puede alinear
cara guardada en /prueba.avi_4.290439128875732.jpg con esta confidence:0.998938
cara encontrada en: /var/www/html/reconocimientoFacial/proyecto_definitivo/admin/files/videos_registro/prueba.avi
No se puede alinear
cara guardada en /prueba.avi_4.2919511795043945.jpg con esta confidence:0.9694039
cara encontrada en: /var/www/html/reconocimientoFacial/proyecto_definitivo/admin/files/videos_registro/prueba.avi
OpenCV(4.5.3) /tmp/pip-req-build-dwj9trv5/opencv/modules/imgproc/src/resize.cpp:4051: error: (-215:Assertion failed) !ssize.empty() in function 'resize'

cara encontrada en: /var/www/html/reconocimientoFacial/proyecto_definitivo/admin/files/videos_registro/prueba.avi
OpenCV(4.5.3) /tmp/pip-req-build-dwj9trv5/opencv/modules/imgproc/src/resize.cpp:4051: error: (-215:Assertion failed) !ssize.empty() in function 'resize'

cara encontrada en: /var/www/html/reconocimientoFacial/proyecto_definitivo/admin/files/videos_registro/prueba.avi
No se puede alinear
cara guardada en /prueba.avi_4.344233274459839.jpg con esta confidence:0.995552
cara encontrada en: /var/www/html/reconocimientoFacial/proyecto_definitivo/admin/files/videos_registro/prueba.avi
OpenCV(4.5.3) /tmp/pip-req-build-dwj9trv5/opencv/modules/imgproc/src/resize.cpp:4051: error: (-215:Assertion failed) !ssize.empty() in function 'resize'

cara encontrada en: /var/www/html/reconocimientoFacial/proyecto_definitivo/admin/files/videos_registro/prueba.avi
No se puede alinear
cara guardada en /prueba.avi_4.345577239990234.jpg con esta confidence:0.89542395
cara encontrada en: /var/www/html/reconocimientoFacial/proyecto_definitivo/admin/files/videos_registro/prueba.avi
OpenCV(4.5.3) /tmp/pip-req-build-dwj9trv5/opencv/modules/imgproc/src/resize.cpp:4051: error: (-215:Assertion failed) !ssize.empty() in function 'resize'

cara encontrada en: /var/www/html/reconocimientoFacial/proyecto_definitivo/admin/files/videos_registro/prueba.avi
No se puede alinear
cara guardada en /prueba.avi_4.412258625030518.jpg con esta confidence:0.9895746
cara encontrada en: /var/www/html/reconocimientoFacial/proyecto_definitivo/admin/files/videos_registro/prueba.avi
No se puede alinear
cara guardada en /prueba.avi_4.413698434829712.jpg con esta confidence:0.96179694
cara encontrada en: /var/www/html/reconocimientoFacial/proyecto_definitivo/admin/files/videos_registro/prueba.avi
No se puede alinear
cara guardada en /prueba.avi_4.46933388710022.jpg con esta confidence:0.99919444
cara encontrada en: /var/www/html/reconocimientoFacial/proyecto_definitivo/admin/files/videos_registro/prueba.avi
No se puede alinear
cara guardada en /prueba.avi_4.470870733261108.jpg con esta confidence:0.9977398
cara encontrada en: /var/www/html/reconocimientoFacial/proyecto_definitivo/admin/files/videos_registro/prueba.avi
OpenCV(4.5.3) /tmp/pip-req-build-dwj9trv5/opencv/modules/imgproc/src/resize.cpp:4051: error: (-215:Assertion failed) !ssize.empty() in function 'resize'

cara encontrada en: /var/www/html/reconocimientoFacial/proyecto_definitivo/admin/files/videos_registro/prueba.avi
No se puede alinear
cara guardada en /prueba.avi_4.532918691635132.jpg con esta confidence:0.9998117
cara encontrada en: /var/www/html/reconocimientoFacial/proyecto_definitivo/admin/files/videos_registro/prueba.avi
No se puede alinear
cara guardada en /prueba.avi_4.5344414710998535.jpg con esta confidence:0.9997391
cara encontrada en: /var/www/html/reconocimientoFacial/proyecto_definitivo/admin/files/videos_registro/prueba.avi
OpenCV(4.5.3) /tmp/pip-req-build-dwj9trv5/opencv/modules/imgproc/src/resize.cpp:4051: error: (-215:Assertion failed) !ssize.empty() in function 'resize'

cara encontrada en: /var/www/html/reconocimientoFacial/proyecto_definitivo/admin/files/videos_registro/prueba.avi
No se puede alinear
cara guardada en /prueba.avi_4.584280967712402.jpg con esta confidence:0.9997949
cara encontrada en: /var/www/html/reconocimientoFacial/proyecto_definitivo/admin/files/videos_registro/prueba.avi
No se puede alinear
cara guardada en /prueba.avi_4.5856404304504395.jpg con esta confidence:0.99966466
cara encontrada en: /var/www/html/reconocimientoFacial/proyecto_definitivo/admin/files/videos_registro/prueba.avi
OpenCV(4.5.3) /tmp/pip-req-build-dwj9trv5/opencv/modules/imgproc/src/resize.cpp:4051: error: (-215:Assertion failed) !ssize.empty() in function 'resize'

cara encontrada en: /var/www/html/reconocimientoFacial/proyecto_definitivo/admin/files/videos_registro/prueba.avi
No se puede alinear
cara guardada en /prueba.avi_4.6625425815582275.jpg con esta confidence:0.99872535
cara encontrada en: /var/www/html/reconocimientoFacial/proyecto_definitivo/admin/files/videos_registro/prueba.avi
No se puede alinear
cara guardada en /prueba.avi_4.664077043533325.jpg con esta confidence:0.9869218
cara encontrada en: /var/www/html/reconocimientoFacial/proyecto_definitivo/admin/files/videos_registro/prueba.avi
OpenCV(4.5.3) /tmp/pip-req-build-dwj9trv5/opencv/modules/imgproc/src/resize.cpp:4051: error: (-215:Assertion failed) !ssize.empty() in function 'resize'

cara encontrada en: /var/www/html/reconocimientoFacial/proyecto_definitivo/admin/files/videos_registro/prueba.avi
No se puede alinear
cara guardada en /prueba.avi_4.765699863433838.jpg con esta confidence:0.9955124
cara encontrada en: /var/www/html/reconocimientoFacial/proyecto_definitivo/admin/files/videos_registro/prueba.avi
No se puede alinear
cara guardada en /prueba.avi_4.767262697219849.jpg con esta confidence:0.9560913
cara encontrada en: /var/www/html/reconocimientoFacial/proyecto_definitivo/admin/files/videos_registro/prueba.avi
OpenCV(4.5.3) /tmp/pip-req-build-dwj9trv5/opencv/modules/imgproc/src/resize.cpp:4051: error: (-215:Assertion failed) !ssize.empty() in function 'resize'

cara encontrada en: /var/www/html/reconocimientoFacial/proyecto_definitivo/admin/files/videos_registro/prueba.avi
No se puede alinear
cara guardada en /prueba.avi_4.845170974731445.jpg con esta confidence:0.9905036
cara encontrada en: /var/www/html/reconocimientoFacial/proyecto_definitivo/admin/files/videos_registro/prueba.avi
No se puede alinear
cara guardada en /prueba.avi_4.84636664390564.jpg con esta confidence:0.9139295
cara encontrada en: /var/www/html/reconocimientoFacial/proyecto_definitivo/admin/files/videos_registro/prueba.avi
OpenCV(4.5.3) /tmp/pip-req-build-dwj9trv5/opencv/modules/imgproc/src/resize.cpp:4051: error: (-215:Assertion failed) !ssize.empty() in function 'resize'

cara encontrada en: /var/www/html/reconocimientoFacial/proyecto_definitivo/admin/files/videos_registro/prueba.avi
No se puede alinear
cara guardada en /prueba.avi_4.920397520065308.jpg con esta confidence:0.98731995
cara encontrada en: /var/www/html/reconocimientoFacial/proyecto_definitivo/admin/files/videos_registro/prueba.avi
No se puede alinear
cara guardada en /prueba.avi_4.921643495559692.jpg con esta confidence:0.8854308
cara encontrada en: /var/www/html/reconocimientoFacial/proyecto_definitivo/admin/files/videos_registro/prueba.avi
No se puede alinear
cara guardada en /prueba.avi_4.999029874801636.jpg con esta confidence:0.98579293
cara encontrada en: /var/www/html/reconocimientoFacial/proyecto_definitivo/admin/files/videos_registro/prueba.avi
No se puede alinear
cara guardada en /prueba.avi_5.000256299972534.jpg con esta confidence:0.8879243
cara encontrada en: /var/www/html/reconocimientoFacial/proyecto_definitivo/admin/files/videos_registro/prueba.avi
No se puede alinear
cara guardada en /prueba.avi_5.073514461517334.jpg con esta confidence:0.9817971
cara encontrada en: /var/www/html/reconocimientoFacial/proyecto_definitivo/admin/files/videos_registro/prueba.avi
No se puede alinear
cara guardada en /prueba.avi_5.07471227645874.jpg con esta confidence:0.8618906
cara encontrada en: /var/www/html/reconocimientoFacial/proyecto_definitivo/admin/files/videos_registro/prueba.avi
No se puede alinear
cara guardada en /prueba.avi_5.157993316650391.jpg con esta confidence:0.9814688
cara encontrada en: /var/www/html/reconocimientoFacial/proyecto_definitivo/admin/files/videos_registro/prueba.avi
No se puede alinear
cara guardada en /prueba.avi_5.159174680709839.jpg con esta confidence:0.8677569
cara encontrada en: /var/www/html/reconocimientoFacial/proyecto_definitivo/admin/files/videos_registro/prueba.avi
No se puede alinear
cara guardada en /prueba.avi_5.2414515018463135.jpg con esta confidence:0.9835519
cara encontrada en: /var/www/html/reconocimientoFacial/proyecto_definitivo/admin/files/videos_registro/prueba.avi
No se puede alinear
cara guardada en /prueba.avi_5.243242502212524.jpg con esta confidence:0.8900781
cara encontrada en: /var/www/html/reconocimientoFacial/proyecto_definitivo/admin/files/videos_registro/prueba.avi
No se puede alinear
cara guardada en /prueba.avi_5.413527965545654.jpg con esta confidence:0.99003875
cara encontrada en: /var/www/html/reconocimientoFacial/proyecto_definitivo/admin/files/videos_registro/prueba.avi
No se puede alinear
cara guardada en /prueba.avi_5.415550708770752.jpg con esta confidence:0.94828236
cara encontrada en: /var/www/html/reconocimientoFacial/proyecto_definitivo/admin/files/videos_registro/prueba.avi
No se puede alinear
cara guardada en /prueba.avi_5.500048875808716.jpg con esta confidence:0.9944787
cara encontrada en: /var/www/html/reconocimientoFacial/proyecto_definitivo/admin/files/videos_registro/prueba.avi
No se puede alinear
cara guardada en /prueba.avi_5.501707077026367.jpg con esta confidence:0.97563386
cara encontrada en: /var/www/html/reconocimientoFacial/proyecto_definitivo/admin/files/videos_registro/prueba.avi
OpenCV(4.5.3) /tmp/pip-req-build-dwj9trv5/opencv/modules/imgproc/src/resize.cpp:4051: error: (-215:Assertion failed) !ssize.empty() in function 'resize'

cara encontrada en: /var/www/html/reconocimientoFacial/proyecto_definitivo/admin/files/videos_registro/prueba.avi
No se puede alinear
cara guardada en /prueba.avi_5.58618950843811.jpg con esta confidence:0.99668056
cara encontrada en: /var/www/html/reconocimientoFacial/proyecto_definitivo/admin/files/videos_registro/prueba.avi
No se puede alinear
cara guardada en /prueba.avi_5.58740234375.jpg con esta confidence:0.9890392
cara encontrada en: /var/www/html/reconocimientoFacial/proyecto_definitivo/admin/files/videos_registro/prueba.avi
OpenCV(4.5.3) /tmp/pip-req-build-dwj9trv5/opencv/modules/imgproc/src/resize.cpp:4051: error: (-215:Assertion failed) !ssize.empty() in function 'resize'

cara encontrada en: /var/www/html/reconocimientoFacial/proyecto_definitivo/admin/files/videos_registro/prueba.avi
No se puede alinear
cara guardada en /prueba.avi_5.673443794250488.jpg con esta confidence:0.9975419
cara encontrada en: /var/www/html/reconocimientoFacial/proyecto_definitivo/admin/files/videos_registro/prueba.avi
No se puede alinear
cara guardada en /prueba.avi_5.6747167110443115.jpg con esta confidence:0.99171853
cara encontrada en: /var/www/html/reconocimientoFacial/proyecto_definitivo/admin/files/videos_registro/prueba.avi
OpenCV(4.5.3) /tmp/pip-req-build-dwj9trv5/opencv/modules/imgproc/src/resize.cpp:4051: error: (-215:Assertion failed) !ssize.empty() in function 'resize'

cara encontrada en: /var/www/html/reconocimientoFacial/proyecto_definitivo/admin/files/videos_registro/prueba.avi
No se puede alinear
cara guardada en /prueba.avi_5.743440389633179.jpg con esta confidence:0.9979424
cara encontrada en: /var/www/html/reconocimientoFacial/proyecto_definitivo/admin/files/videos_registro/prueba.avi
No se puede alinear
cara guardada en /prueba.avi_5.745115041732788.jpg con esta confidence:0.9922587
cara encontrada en: /var/www/html/reconocimientoFacial/proyecto_definitivo/admin/files/videos_registro/prueba.avi
OpenCV(4.5.3) /tmp/pip-req-build-dwj9trv5/opencv/modules/imgproc/src/resize.cpp:4051: error: (-215:Assertion failed) !ssize.empty() in function 'resize'

cara encontrada en: /var/www/html/reconocimientoFacial/proyecto_definitivo/admin/files/videos_registro/prueba.avi
No se puede alinear
cara guardada en /prueba.avi_5.836471319198608.jpg con esta confidence:0.9985183
cara encontrada en: /var/www/html/reconocimientoFacial/proyecto_definitivo/admin/files/videos_registro/prueba.avi
No se puede alinear
cara guardada en /prueba.avi_5.83771538734436.jpg con esta confidence:0.99402845
cara encontrada en: /var/www/html/reconocimientoFacial/proyecto_definitivo/admin/files/videos_registro/prueba.avi
OpenCV(4.5.3) /tmp/pip-req-build-dwj9trv5/opencv/modules/imgproc/src/resize.cpp:4051: error: (-215:Assertion failed) !ssize.empty() in function 'resize'

cara encontrada en: /var/www/html/reconocimientoFacial/proyecto_definitivo/admin/files/videos_registro/prueba.avi
OpenCV(4.5.3) /tmp/pip-req-build-dwj9trv5/opencv/modules/imgproc/src/resize.cpp:4051: error: (-215:Assertion failed) !ssize.empty() in function 'resize'

cara encontrada en: /var/www/html/reconocimientoFacial/proyecto_definitivo/admin/files/videos_registro/prueba.avi
No se puede alinear
cara guardada en /prueba.avi_5.91936731338501.jpg con esta confidence:0.99884915
cara encontrada en: /var/www/html/reconocimientoFacial/proyecto_definitivo/admin/files/videos_registro/prueba.avi
No se puede alinear
cara guardada en /prueba.avi_5.920732736587524.jpg con esta confidence:0.996265
cara encontrada en: /var/www/html/reconocimientoFacial/proyecto_definitivo/admin/files/videos_registro/prueba.avi
OpenCV(4.5.3) /tmp/pip-req-build-dwj9trv5/opencv/modules/imgproc/src/resize.cpp:4051: error: (-215:Assertion failed) !ssize.empty() in function 'resize'

cara encontrada en: /var/www/html/reconocimientoFacial/proyecto_definitivo/admin/files/videos_registro/prueba.avi
OpenCV(4.5.3) /tmp/pip-req-build-dwj9trv5/opencv/modules/imgproc/src/resize.cpp:4051: error: (-215:Assertion failed) !ssize.empty() in function 'resize'

cara encontrada en: /var/www/html/reconocimientoFacial/proyecto_definitivo/admin/files/videos_registro/prueba.avi
No se puede alinear
cara guardada en /prueba.avi_5.977452039718628.jpg con esta confidence:0.9989556
cara encontrada en: /var/www/html/reconocimientoFacial/proyecto_definitivo/admin/files/videos_registro/prueba.avi
No se puede alinear
cara guardada en /prueba.avi_5.978692531585693.jpg con esta confidence:0.9976547
cara encontrada en: /var/www/html/reconocimientoFacial/proyecto_definitivo/admin/files/videos_registro/prueba.avi
OpenCV(4.5.3) /tmp/pip-req-build-dwj9trv5/opencv/modules/imgproc/src/resize.cpp:4051: error: (-215:Assertion failed) !ssize.empty() in function 'resize'

cara encontrada en: /var/www/html/reconocimientoFacial/proyecto_definitivo/admin/files/videos_registro/prueba.avi
OpenCV(4.5.3) /tmp/pip-req-build-dwj9trv5/opencv/modules/imgproc/src/resize.cpp:4051: error: (-215:Assertion failed) !ssize.empty() in function 'resize'

cara encontrada en: /var/www/html/reconocimientoFacial/proyecto_definitivo/admin/files/videos_registro/prueba.avi
No se puede alinear
cara guardada en /prueba.avi_6.05811071395874.jpg con esta confidence:0.999094
cara encontrada en: /var/www/html/reconocimientoFacial/proyecto_definitivo/admin/files/videos_registro/prueba.avi
No se puede alinear
cara guardada en /prueba.avi_6.059304237365723.jpg con esta confidence:0.99866605
cara encontrada en: /var/www/html/reconocimientoFacial/proyecto_definitivo/admin/files/videos_registro/prueba.avi
OpenCV(4.5.3) /tmp/pip-req-build-dwj9trv5/opencv/modules/imgproc/src/resize.cpp:4051: error: (-215:Assertion failed) !ssize.empty() in function 'resize'

cara encontrada en: /var/www/html/reconocimientoFacial/proyecto_definitivo/admin/files/videos_registro/prueba.avi
OpenCV(4.5.3) /tmp/pip-req-build-dwj9trv5/opencv/modules/imgproc/src/resize.cpp:4051: error: (-215:Assertion failed) !ssize.empty() in function 'resize'

cara encontrada en: /var/www/html/reconocimientoFacial/proyecto_definitivo/admin/files/videos_registro/prueba.avi
No se puede alinear
cara guardada en /prueba.avi_6.136170148849487.jpg con esta confidence:0.99898523
cara encontrada en: /var/www/html/reconocimientoFacial/proyecto_definitivo/admin/files/videos_registro/prueba.avi
No se puede alinear
cara guardada en /prueba.avi_6.1373913288116455.jpg con esta confidence:0.9977539
cara encontrada en: /var/www/html/reconocimientoFacial/proyecto_definitivo/admin/files/videos_registro/prueba.avi
OpenCV(4.5.3) /tmp/pip-req-build-dwj9trv5/opencv/modules/imgproc/src/resize.cpp:4051: error: (-215:Assertion failed) !ssize.empty() in function 'resize'

cara encontrada en: /var/www/html/reconocimientoFacial/proyecto_definitivo/admin/files/videos_registro/prueba.avi
OpenCV(4.5.3) /tmp/pip-req-build-dwj9trv5/opencv/modules/imgproc/src/resize.cpp:4051: error: (-215:Assertion failed) !ssize.empty() in function 'resize'

cara encontrada en: /var/www/html/reconocimientoFacial/proyecto_definitivo/admin/files/videos_registro/prueba.avi
No se puede alinear
cara guardada en /prueba.avi_6.21081805229187.jpg con esta confidence:0.9988757
cara encontrada en: /var/www/html/reconocimientoFacial/proyecto_definitivo/admin/files/videos_registro/prueba.avi
No se puede alinear
cara guardada en /prueba.avi_6.212209463119507.jpg con esta confidence:0.9978824
cara encontrada en: /var/www/html/reconocimientoFacial/proyecto_definitivo/admin/files/videos_registro/prueba.avi
OpenCV(4.5.3) /tmp/pip-req-build-dwj9trv5/opencv/modules/imgproc/src/resize.cpp:4051: error: (-215:Assertion failed) !ssize.empty() in function 'resize'

cara encontrada en: /var/www/html/reconocimientoFacial/proyecto_definitivo/admin/files/videos_registro/prueba.avi
OpenCV(4.5.3) /tmp/pip-req-build-dwj9trv5/opencv/modules/imgproc/src/resize.cpp:4051: error: (-215:Assertion failed) !ssize.empty() in function 'resize'

cara encontrada en: /var/www/html/reconocimientoFacial/proyecto_definitivo/admin/files/videos_registro/prueba.avi
No se puede alinear
cara guardada en /prueba.avi_6.301177263259888.jpg con esta confidence:0.9988482
cara encontrada en: /var/www/html/reconocimientoFacial/proyecto_definitivo/admin/files/videos_registro/prueba.avi
No se puede alinear
cara guardada en /prueba.avi_6.302338600158691.jpg con esta confidence:0.9981275
cara encontrada en: /var/www/html/reconocimientoFacial/proyecto_definitivo/admin/files/videos_registro/prueba.avi
OpenCV(4.5.3) /tmp/pip-req-build-dwj9trv5/opencv/modules/imgproc/src/resize.cpp:4051: error: (-215:Assertion failed) !ssize.empty() in function 'resize'

cara encontrada en: /var/www/html/reconocimientoFacial/proyecto_definitivo/admin/files/videos_registro/prueba.avi
OpenCV(4.5.3) /tmp/pip-req-build-dwj9trv5/opencv/modules/imgproc/src/resize.cpp:4051: error: (-215:Assertion failed) !ssize.empty() in function 'resize'

cara encontrada en: /var/www/html/reconocimientoFacial/proyecto_definitivo/admin/files/videos_registro/prueba.avi
No se puede alinear
cara guardada en /prueba.avi_6.353388071060181.jpg con esta confidence:0.99899334
cara encontrada en: /var/www/html/reconocimientoFacial/proyecto_definitivo/admin/files/videos_registro/prueba.avi
No se puede alinear
cara guardada en /prueba.avi_6.354578495025635.jpg con esta confidence:0.998811
cara encontrada en: /var/www/html/reconocimientoFacial/proyecto_definitivo/admin/files/videos_registro/prueba.avi
OpenCV(4.5.3) /tmp/pip-req-build-dwj9trv5/opencv/modules/imgproc/src/resize.cpp:4051: error: (-215:Assertion failed) !ssize.empty() in function 'resize'

cara encontrada en: /var/www/html/reconocimientoFacial/proyecto_definitivo/admin/files/videos_registro/prueba.avi
OpenCV(4.5.3) /tmp/pip-req-build-dwj9trv5/opencv/modules/imgproc/src/resize.cpp:4051: error: (-215:Assertion failed) !ssize.empty() in function 'resize'

cara encontrada en: /var/www/html/reconocimientoFacial/proyecto_definitivo/admin/files/videos_registro/prueba.avi
No se puede alinear
cara guardada en /prueba.avi_6.42470908164978.jpg con esta confidence:0.9991134
cara encontrada en: /var/www/html/reconocimientoFacial/proyecto_definitivo/admin/files/videos_registro/prueba.avi
No se puede alinear
cara guardada en /prueba.avi_6.425995588302612.jpg con esta confidence:0.9990306
cara encontrada en: /var/www/html/reconocimientoFacial/proyecto_definitivo/admin/files/videos_registro/prueba.avi
OpenCV(4.5.3) /tmp/pip-req-build-dwj9trv5/opencv/modules/imgproc/src/resize.cpp:4051: error: (-215:Assertion failed) !ssize.empty() in function 'resize'

cara encontrada en: /var/www/html/reconocimientoFacial/proyecto_definitivo/admin/files/videos_registro/prueba.avi
OpenCV(4.5.3) /tmp/pip-req-build-dwj9trv5/opencv/modules/imgproc/src/resize.cpp:4051: error: (-215:Assertion failed) !ssize.empty() in function 'resize'

cara encontrada en: /var/www/html/reconocimientoFacial/proyecto_definitivo/admin/files/videos_registro/prueba.avi
No se puede alinear
cara guardada en /prueba.avi_6.49562931060791.jpg con esta confidence:0.99933785
cara encontrada en: /var/www/html/reconocimientoFacial/proyecto_definitivo/admin/files/videos_registro/prueba.avi
No se puede alinear
cara guardada en /prueba.avi_6.497010707855225.jpg con esta confidence:0.99894994
cara encontrada en: /var/www/html/reconocimientoFacial/proyecto_definitivo/admin/files/videos_registro/prueba.avi
OpenCV(4.5.3) /tmp/pip-req-build-dwj9trv5/opencv/modules/imgproc/src/resize.cpp:4051: error: (-215:Assertion failed) !ssize.empty() in function 'resize'

cara encontrada en: /var/www/html/reconocimientoFacial/proyecto_definitivo/admin/files/videos_registro/prueba.avi
OpenCV(4.5.3) /tmp/pip-req-build-dwj9trv5/opencv/modules/imgproc/src/resize.cpp:4051: error: (-215:Assertion failed) !ssize.empty() in function 'resize'

cara encontrada en: /var/www/html/reconocimientoFacial/proyecto_definitivo/admin/files/videos_registro/prueba.avi
No se puede alinear
cara guardada en /prueba.avi_6.56080961227417.jpg con esta confidence:0.99926394
cara encontrada en: /var/www/html/reconocimientoFacial/proyecto_definitivo/admin/files/videos_registro/prueba.avi
No se puede alinear
cara guardada en /prueba.avi_6.562267541885376.jpg con esta confidence:0.9986791
cara encontrada en: /var/www/html/reconocimientoFacial/proyecto_definitivo/admin/files/videos_registro/prueba.avi
OpenCV(4.5.3) /tmp/pip-req-build-dwj9trv5/opencv/modules/imgproc/src/resize.cpp:4051: error: (-215:Assertion failed) !ssize.empty() in function 'resize'

cara encontrada en: /var/www/html/reconocimientoFacial/proyecto_definitivo/admin/files/videos_registro/prueba.avi
OpenCV(4.5.3) /tmp/pip-req-build-dwj9trv5/opencv/modules/imgproc/src/resize.cpp:4051: error: (-215:Assertion failed) !ssize.empty() in function 'resize'

cara encontrada en: /var/www/html/reconocimientoFacial/proyecto_definitivo/admin/files/videos_registro/prueba.avi
No se puede alinear
cara guardada en /prueba.avi_6.618145942687988.jpg con esta confidence:0.99925166
cara encontrada en: /var/www/html/reconocimientoFacial/proyecto_definitivo/admin/files/videos_registro/prueba.avi
No se puede alinear
cara guardada en /prueba.avi_6.619589567184448.jpg con esta confidence:0.9988601
cara encontrada en: /var/www/html/reconocimientoFacial/proyecto_definitivo/admin/files/videos_registro/prueba.avi
OpenCV(4.5.3) /tmp/pip-req-build-dwj9trv5/opencv/modules/imgproc/src/resize.cpp:4051: error: (-215:Assertion failed) !ssize.empty() in function 'resize'

cara encontrada en: /var/www/html/reconocimientoFacial/proyecto_definitivo/admin/files/videos_registro/prueba.avi
OpenCV(4.5.3) /tmp/pip-req-build-dwj9trv5/opencv/modules/imgproc/src/resize.cpp:4051: error: (-215:Assertion failed) !ssize.empty() in function 'resize'

cara encontrada en: /var/www/html/reconocimientoFacial/proyecto_definitivo/admin/files/videos_registro/prueba.avi
No se puede alinear
cara guardada en /prueba.avi_6.691162109375.jpg con esta confidence:0.99904555
cara encontrada en: /var/www/html/reconocimientoFacial/proyecto_definitivo/admin/files/videos_registro/prueba.avi
No se puede alinear
cara guardada en /prueba.avi_6.692444324493408.jpg con esta confidence:0.998877
cara encontrada en: /var/www/html/reconocimientoFacial/proyecto_definitivo/admin/files/videos_registro/prueba.avi
OpenCV(4.5.3) /tmp/pip-req-build-dwj9trv5/opencv/modules/imgproc/src/resize.cpp:4051: error: (-215:Assertion failed) !ssize.empty() in function 'resize'

cara encontrada en: /var/www/html/reconocimientoFacial/proyecto_definitivo/admin/files/videos_registro/prueba.avi
OpenCV(4.5.3) /tmp/pip-req-build-dwj9trv5/opencv/modules/imgproc/src/resize.cpp:4051: error: (-215:Assertion failed) !ssize.empty() in function 'resize'

cara encontrada en: /var/www/html/reconocimientoFacial/proyecto_definitivo/admin/files/videos_registro/prueba.avi
No se puede alinear
cara guardada en /prueba.avi_6.777112007141113.jpg con esta confidence:0.9989231
cara encontrada en: /var/www/html/reconocimientoFacial/proyecto_definitivo/admin/files/videos_registro/prueba.avi
No se puede alinear
cara guardada en /prueba.avi_6.778643608093262.jpg con esta confidence:0.9986124
cara encontrada en: /var/www/html/reconocimientoFacial/proyecto_definitivo/admin/files/videos_registro/prueba.avi
OpenCV(4.5.3) /tmp/pip-req-build-dwj9trv5/opencv/modules/imgproc/src/resize.cpp:4051: error: (-215:Assertion failed) !ssize.empty() in function 'resize'

cara encontrada en: /var/www/html/reconocimientoFacial/proyecto_definitivo/admin/files/videos_registro/prueba.avi
OpenCV(4.5.3) /tmp/pip-req-build-dwj9trv5/opencv/modules/imgproc/src/resize.cpp:4051: error: (-215:Assertion failed) !ssize.empty() in function 'resize'

cara encontrada en: /var/www/html/reconocimientoFacial/proyecto_definitivo/admin/files/videos_registro/prueba.avi
No se puede alinear
cara guardada en /prueba.avi_6.872024059295654.jpg con esta confidence:0.9989592
cara encontrada en: /var/www/html/reconocimientoFacial/proyecto_definitivo/admin/files/videos_registro/prueba.avi
No se puede alinear
cara guardada en /prueba.avi_6.873805999755859.jpg con esta confidence:0.9988386
cara encontrada en: /var/www/html/reconocimientoFacial/proyecto_definitivo/admin/files/videos_registro/prueba.avi
OpenCV(4.5.3) /tmp/pip-req-build-dwj9trv5/opencv/modules/imgproc/src/resize.cpp:4051: error: (-215:Assertion failed) !ssize.empty() in function 'resize'

cara encontrada en: /var/www/html/reconocimientoFacial/proyecto_definitivo/admin/files/videos_registro/prueba.avi
OpenCV(4.5.3) /tmp/pip-req-build-dwj9trv5/opencv/modules/imgproc/src/resize.cpp:4051: error: (-215:Assertion failed) !ssize.empty() in function 'resize'

cara encontrada en: /var/www/html/reconocimientoFacial/proyecto_definitivo/admin/files/videos_registro/prueba.avi
No se puede alinear
cara guardada en /prueba.avi_6.9490063190460205.jpg con esta confidence:0.9991111
cara encontrada en: /var/www/html/reconocimientoFacial/proyecto_definitivo/admin/files/videos_registro/prueba.avi
No se puede alinear
cara guardada en /prueba.avi_6.950193166732788.jpg con esta confidence:0.99894565
cara encontrada en: /var/www/html/reconocimientoFacial/proyecto_definitivo/admin/files/videos_registro/prueba.avi
OpenCV(4.5.3) /tmp/pip-req-build-dwj9trv5/opencv/modules/imgproc/src/resize.cpp:4051: error: (-215:Assertion failed) !ssize.empty() in function 'resize'

cara encontrada en: /var/www/html/reconocimientoFacial/proyecto_definitivo/admin/files/videos_registro/prueba.avi
OpenCV(4.5.3) /tmp/pip-req-build-dwj9trv5/opencv/modules/imgproc/src/resize.cpp:4051: error: (-215:Assertion failed) !ssize.empty() in function 'resize'

cara encontrada en: /var/www/html/reconocimientoFacial/proyecto_definitivo/admin/files/videos_registro/prueba.avi
No se puede alinear
cara guardada en /prueba.avi_7.025226354598999.jpg con esta confidence:0.9989617
cara encontrada en: /var/www/html/reconocimientoFacial/proyecto_definitivo/admin/files/videos_registro/prueba.avi
No se puede alinear
cara guardada en /prueba.avi_7.026421308517456.jpg con esta confidence:0.9981558
cara encontrada en: /var/www/html/reconocimientoFacial/proyecto_definitivo/admin/files/videos_registro/prueba.avi
OpenCV(4.5.3) /tmp/pip-req-build-dwj9trv5/opencv/modules/imgproc/src/resize.cpp:4051: error: (-215:Assertion failed) !ssize.empty() in function 'resize'

cara encontrada en: /var/www/html/reconocimientoFacial/proyecto_definitivo/admin/files/videos_registro/prueba.avi
OpenCV(4.5.3) /tmp/pip-req-build-dwj9trv5/opencv/modules/imgproc/src/resize.cpp:4051: error: (-215:Assertion failed) !ssize.empty() in function 'resize'

cara encontrada en: /var/www/html/reconocimientoFacial/proyecto_definitivo/admin/files/videos_registro/prueba.avi
No se puede alinear
cara guardada en /prueba.avi_7.110546827316284.jpg con esta confidence:0.9988914
cara encontrada en: /var/www/html/reconocimientoFacial/proyecto_definitivo/admin/files/videos_registro/prueba.avi
No se puede alinear
cara guardada en /prueba.avi_7.111767530441284.jpg con esta confidence:0.9974082
cara encontrada en: /var/www/html/reconocimientoFacial/proyecto_definitivo/admin/files/videos_registro/prueba.avi
OpenCV(4.5.3) /tmp/pip-req-build-dwj9trv5/opencv/modules/imgproc/src/resize.cpp:4051: error: (-215:Assertion failed) !ssize.empty() in function 'resize'

cara encontrada en: /var/www/html/reconocimientoFacial/proyecto_definitivo/admin/files/videos_registro/prueba.avi
OpenCV(4.5.3) /tmp/pip-req-build-dwj9trv5/opencv/modules/imgproc/src/resize.cpp:4051: error: (-215:Assertion failed) !ssize.empty() in function 'resize'

cara encontrada en: /var/www/html/reconocimientoFacial/proyecto_definitivo/admin/files/videos_registro/prueba.avi
No se puede alinear
cara guardada en /prueba.avi_7.192987442016602.jpg con esta confidence:0.99901474
cara encontrada en: /var/www/html/reconocimientoFacial/proyecto_definitivo/admin/files/videos_registro/prueba.avi
No se puede alinear
cara guardada en /prueba.avi_7.194190740585327.jpg con esta confidence:0.997081
cara encontrada en: /var/www/html/reconocimientoFacial/proyecto_definitivo/admin/files/videos_registro/prueba.avi
OpenCV(4.5.3) /tmp/pip-req-build-dwj9trv5/opencv/modules/imgproc/src/resize.cpp:4051: error: (-215:Assertion failed) !ssize.empty() in function 'resize'

cara encontrada en: /var/www/html/reconocimientoFacial/proyecto_definitivo/admin/files/videos_registro/prueba.avi
OpenCV(4.5.3) /tmp/pip-req-build-dwj9trv5/opencv/modules/imgproc/src/resize.cpp:4051: error: (-215:Assertion failed) !ssize.empty() in function 'resize'

cara encontrada en: /var/www/html/reconocimientoFacial/proyecto_definitivo/admin/files/videos_registro/prueba.avi
No se puede alinear
cara guardada en /prueba.avi_7.302818298339844.jpg con esta confidence:0.99899954
cara encontrada en: /var/www/html/reconocimientoFacial/proyecto_definitivo/admin/files/videos_registro/prueba.avi
No se puede alinear
cara guardada en /prueba.avi_7.304609775543213.jpg con esta confidence:0.99722505
cara encontrada en: /var/www/html/reconocimientoFacial/proyecto_definitivo/admin/files/videos_registro/prueba.avi
OpenCV(4.5.3) /tmp/pip-req-build-dwj9trv5/opencv/modules/imgproc/src/resize.cpp:4051: error: (-215:Assertion failed) !ssize.empty() in function 'resize'

cara encontrada en: /var/www/html/reconocimientoFacial/proyecto_definitivo/admin/files/videos_registro/prueba.avi
OpenCV(4.5.3) /tmp/pip-req-build-dwj9trv5/opencv/modules/imgproc/src/resize.cpp:4051: error: (-215:Assertion failed) !ssize.empty() in function 'resize'

cara encontrada en: /var/www/html/reconocimientoFacial/proyecto_definitivo/admin/files/videos_registro/prueba.avi
No se puede alinear
cara guardada en /prueba.avi_7.388778924942017.jpg con esta confidence:0.9989403
cara encontrada en: /var/www/html/reconocimientoFacial/proyecto_definitivo/admin/files/videos_registro/prueba.avi
No se puede alinear
cara guardada en /prueba.avi_7.390434980392456.jpg con esta confidence:0.99679875
cara encontrada en: /var/www/html/reconocimientoFacial/proyecto_definitivo/admin/files/videos_registro/prueba.avi
OpenCV(4.5.3) /tmp/pip-req-build-dwj9trv5/opencv/modules/imgproc/src/resize.cpp:4051: error: (-215:Assertion failed) !ssize.empty() in function 'resize'

cara encontrada en: /var/www/html/reconocimientoFacial/proyecto_definitivo/admin/files/videos_registro/prueba.avi
OpenCV(4.5.3) /tmp/pip-req-build-dwj9trv5/opencv/modules/imgproc/src/resize.cpp:4051: error: (-215:Assertion failed) !ssize.empty() in function 'resize'

cara encontrada en: /var/www/html/reconocimientoFacial/proyecto_definitivo/admin/files/videos_registro/prueba.avi
No se puede alinear
cara guardada en /prueba.avi_7.470699310302734.jpg con esta confidence:0.9988991
cara encontrada en: /var/www/html/reconocimientoFacial/proyecto_definitivo/admin/files/videos_registro/prueba.avi
No se puede alinear
cara guardada en /prueba.avi_7.472168207168579.jpg con esta confidence:0.99535793
cara encontrada en: /var/www/html/reconocimientoFacial/proyecto_definitivo/admin/files/videos_registro/prueba.avi
OpenCV(4.5.3) /tmp/pip-req-build-dwj9trv5/opencv/modules/imgproc/src/resize.cpp:4051: error: (-215:Assertion failed) !ssize.empty() in function 'resize'

cara encontrada en: /var/www/html/reconocimientoFacial/proyecto_definitivo/admin/files/videos_registro/prueba.avi
OpenCV(4.5.3) /tmp/pip-req-build-dwj9trv5/opencv/modules/imgproc/src/resize.cpp:4051: error: (-215:Assertion failed) !ssize.empty() in function 'resize'

cara encontrada en: /var/www/html/reconocimientoFacial/proyecto_definitivo/admin/files/videos_registro/prueba.avi
No se puede alinear
cara guardada en /prueba.avi_7.554802894592285.jpg con esta confidence:0.99868685
cara encontrada en: /var/www/html/reconocimientoFacial/proyecto_definitivo/admin/files/videos_registro/prueba.avi
No se puede alinear
cara guardada en /prueba.avi_7.556145191192627.jpg con esta confidence:0.99210346
cara encontrada en: /var/www/html/reconocimientoFacial/proyecto_definitivo/admin/files/videos_registro/prueba.avi
OpenCV(4.5.3) /tmp/pip-req-build-dwj9trv5/opencv/modules/imgproc/src/resize.cpp:4051: error: (-215:Assertion failed) !ssize.empty() in function 'resize'

cara encontrada en: /var/www/html/reconocimientoFacial/proyecto_definitivo/admin/files/videos_registro/prueba.avi
OpenCV(4.5.3) /tmp/pip-req-build-dwj9trv5/opencv/modules/imgproc/src/resize.cpp:4051: error: (-215:Assertion failed) !ssize.empty() in function 'resize'

cara encontrada en: /var/www/html/reconocimientoFacial/proyecto_definitivo/admin/files/videos_registro/prueba.avi
No se puede alinear
cara guardada en /prueba.avi_7.640965223312378.jpg con esta confidence:0.99863297
cara encontrada en: /var/www/html/reconocimientoFacial/proyecto_definitivo/admin/files/videos_registro/prueba.avi
No se puede alinear
cara guardada en /prueba.avi_7.642472743988037.jpg con esta confidence:0.9885139
cara encontrada en: /var/www/html/reconocimientoFacial/proyecto_definitivo/admin/files/videos_registro/prueba.avi
OpenCV(4.5.3) /tmp/pip-req-build-dwj9trv5/opencv/modules/imgproc/src/resize.cpp:4051: error: (-215:Assertion failed) !ssize.empty() in function 'resize'

cara encontrada en: /var/www/html/reconocimientoFacial/proyecto_definitivo/admin/files/videos_registro/prueba.avi
OpenCV(4.5.3) /tmp/pip-req-build-dwj9trv5/opencv/modules/imgproc/src/resize.cpp:4051: error: (-215:Assertion failed) !ssize.empty() in function 'resize'

cara encontrada en: /var/www/html/reconocimientoFacial/proyecto_definitivo/admin/files/videos_registro/prueba.avi
No se puede alinear
cara guardada en /prueba.avi_7.700522422790527.jpg con esta confidence:0.99864656
cara encontrada en: /var/www/html/reconocimientoFacial/proyecto_definitivo/admin/files/videos_registro/prueba.avi
No se puede alinear
cara guardada en /prueba.avi_7.701802015304565.jpg con esta confidence:0.98439157
cara encontrada en: /var/www/html/reconocimientoFacial/proyecto_definitivo/admin/files/videos_registro/prueba.avi
OpenCV(4.5.3) /tmp/pip-req-build-dwj9trv5/opencv/modules/imgproc/src/resize.cpp:4051: error: (-215:Assertion failed) !ssize.empty() in function 'resize'

cara encontrada en: /var/www/html/reconocimientoFacial/proyecto_definitivo/admin/files/videos_registro/prueba.avi
OpenCV(4.5.3) /tmp/pip-req-build-dwj9trv5/opencv/modules/imgproc/src/resize.cpp:4051: error: (-215:Assertion failed) !ssize.empty() in function 'resize'

cara encontrada en: /var/www/html/reconocimientoFacial/proyecto_definitivo/admin/files/videos_registro/prueba.avi
No se puede alinear
cara guardada en /prueba.avi_7.789561033248901.jpg con esta confidence:0.9988757
cara encontrada en: /var/www/html/reconocimientoFacial/proyecto_definitivo/admin/files/videos_registro/prueba.avi
No se puede alinear
cara guardada en /prueba.avi_7.792016267776489.jpg con esta confidence:0.9861669
cara encontrada en: /var/www/html/reconocimientoFacial/proyecto_definitivo/admin/files/videos_registro/prueba.avi
OpenCV(4.5.3) /tmp/pip-req-build-dwj9trv5/opencv/modules/imgproc/src/resize.cpp:4051: error: (-215:Assertion failed) !ssize.empty() in function 'resize'

cara encontrada en: /var/www/html/reconocimientoFacial/proyecto_definitivo/admin/files/videos_registro/prueba.avi
OpenCV(4.5.3) /tmp/pip-req-build-dwj9trv5/opencv/modules/imgproc/src/resize.cpp:4051: error: (-215:Assertion failed) !ssize.empty() in function 'resize'

cara encontrada en: /var/www/html/reconocimientoFacial/proyecto_definitivo/admin/files/videos_registro/prueba.avi
No se puede alinear
cara guardada en /prueba.avi_7.909586429595947.jpg con esta confidence:0.9991248
cara encontrada en: /var/www/html/reconocimientoFacial/proyecto_definitivo/admin/files/videos_registro/prueba.avi
No se puede alinear
cara guardada en /prueba.avi_7.911082983016968.jpg con esta confidence:0.98690957
cara encontrada en: /var/www/html/reconocimientoFacial/proyecto_definitivo/admin/files/videos_registro/prueba.avi
OpenCV(4.5.3) /tmp/pip-req-build-dwj9trv5/opencv/modules/imgproc/src/resize.cpp:4051: error: (-215:Assertion failed) !ssize.empty() in function 'resize'

cara encontrada en: /var/www/html/reconocimientoFacial/proyecto_definitivo/admin/files/videos_registro/prueba.avi
OpenCV(4.5.3) /tmp/pip-req-build-dwj9trv5/opencv/modules/imgproc/src/resize.cpp:4051: error: (-215:Assertion failed) !ssize.empty() in function 'resize'

cara encontrada en: /var/www/html/reconocimientoFacial/proyecto_definitivo/admin/files/videos_registro/prueba.avi
No se puede alinear
cara guardada en /prueba.avi_7.971846103668213.jpg con esta confidence:0.99903667
cara encontrada en: /var/www/html/reconocimientoFacial/proyecto_definitivo/admin/files/videos_registro/prueba.avi
No se puede alinear
cara guardada en /prueba.avi_7.973005056381226.jpg con esta confidence:0.98604923
cara encontrada en: /var/www/html/reconocimientoFacial/proyecto_definitivo/admin/files/videos_registro/prueba.avi
OpenCV(4.5.3) /tmp/pip-req-build-dwj9trv5/opencv/modules/imgproc/src/resize.cpp:4051: error: (-215:Assertion failed) !ssize.empty() in function 'resize'

cara encontrada en: /var/www/html/reconocimientoFacial/proyecto_definitivo/admin/files/videos_registro/prueba.avi
OpenCV(4.5.3) /tmp/pip-req-build-dwj9trv5/opencv/modules/imgproc/src/resize.cpp:4051: error: (-215:Assertion failed) !ssize.empty() in function 'resize'

cara encontrada en: /var/www/html/reconocimientoFacial/proyecto_definitivo/admin/files/videos_registro/prueba.avi
No se puede alinear
cara guardada en /prueba.avi_8.026426076889038.jpg con esta confidence:0.9989158
cara encontrada en: /var/www/html/reconocimientoFacial/proyecto_definitivo/admin/files/videos_registro/prueba.avi
No se puede alinear
cara guardada en /prueba.avi_8.027740240097046.jpg con esta confidence:0.98045874
cara encontrada en: /var/www/html/reconocimientoFacial/proyecto_definitivo/admin/files/videos_registro/prueba.avi
OpenCV(4.5.3) /tmp/pip-req-build-dwj9trv5/opencv/modules/imgproc/src/resize.cpp:4051: error: (-215:Assertion failed) !ssize.empty() in function 'resize'

cara encontrada en: /var/www/html/reconocimientoFacial/proyecto_definitivo/admin/files/videos_registro/prueba.avi
OpenCV(4.5.3) /tmp/pip-req-build-dwj9trv5/opencv/modules/imgproc/src/resize.cpp:4051: error: (-215:Assertion failed) !ssize.empty() in function 'resize'

cara encontrada en: /var/www/html/reconocimientoFacial/proyecto_definitivo/admin/files/videos_registro/prueba.avi
No se puede alinear
cara guardada en /prueba.avi_8.09537148475647.jpg con esta confidence:0.9988992
cara encontrada en: /var/www/html/reconocimientoFacial/proyecto_definitivo/admin/files/videos_registro/prueba.avi
No se puede alinear
cara guardada en /prueba.avi_8.096519708633423.jpg con esta confidence:0.9834041
cara encontrada en: /var/www/html/reconocimientoFacial/proyecto_definitivo/admin/files/videos_registro/prueba.avi
OpenCV(4.5.3) /tmp/pip-req-build-dwj9trv5/opencv/modules/imgproc/src/resize.cpp:4051: error: (-215:Assertion failed) !ssize.empty() in function 'resize'

cara encontrada en: /var/www/html/reconocimientoFacial/proyecto_definitivo/admin/files/videos_registro/prueba.avi
OpenCV(4.5.3) /tmp/pip-req-build-dwj9trv5/opencv/modules/imgproc/src/resize.cpp:4051: error: (-215:Assertion failed) !ssize.empty() in function 'resize'

cara encontrada en: /var/www/html/reconocimientoFacial/proyecto_definitivo/admin/files/videos_registro/prueba.avi
No se puede alinear
cara guardada en /prueba.avi_8.149999856948853.jpg con esta confidence:0.99901676
cara encontrada en: /var/www/html/reconocimientoFacial/proyecto_definitivo/admin/files/videos_registro/prueba.avi
No se puede alinear
cara guardada en /prueba.avi_8.151430368423462.jpg con esta confidence:0.9880584
cara encontrada en: /var/www/html/reconocimientoFacial/proyecto_definitivo/admin/files/videos_registro/prueba.avi
OpenCV(4.5.3) /tmp/pip-req-build-dwj9trv5/opencv/modules/imgproc/src/resize.cpp:4051: error: (-215:Assertion failed) !ssize.empty() in function 'resize'

cara encontrada en: /var/www/html/reconocimientoFacial/proyecto_definitivo/admin/files/videos_registro/prueba.avi
OpenCV(4.5.3) /tmp/pip-req-build-dwj9trv5/opencv/modules/imgproc/src/resize.cpp:4051: error: (-215:Assertion failed) !ssize.empty() in function 'resize'

cara encontrada en: /var/www/html/reconocimientoFacial/proyecto_definitivo/admin/files/videos_registro/prueba.avi
No se puede alinear
cara guardada en /prueba.avi_8.204639673233032.jpg con esta confidence:0.9990728
cara encontrada en: /var/www/html/reconocimientoFacial/proyecto_definitivo/admin/files/videos_registro/prueba.avi
No se puede alinear
cara guardada en /prueba.avi_8.205846309661865.jpg con esta confidence:0.9892875
cara encontrada en: /var/www/html/reconocimientoFacial/proyecto_definitivo/admin/files/videos_registro/prueba.avi
OpenCV(4.5.3) /tmp/pip-req-build-dwj9trv5/opencv/modules/imgproc/src/resize.cpp:4051: error: (-215:Assertion failed) !ssize.empty() in function 'resize'

cara encontrada en: /var/www/html/reconocimientoFacial/proyecto_definitivo/admin/files/videos_registro/prueba.avi
OpenCV(4.5.3) /tmp/pip-req-build-dwj9trv5/opencv/modules/imgproc/src/resize.cpp:4051: error: (-215:Assertion failed) !ssize.empty() in function 'resize'

cara encontrada en: /var/www/html/reconocimientoFacial/proyecto_definitivo/admin/files/videos_registro/prueba.avi
No se puede alinear
cara guardada en /prueba.avi_8.271981477737427.jpg con esta confidence:0.99916744
cara encontrada en: /var/www/html/reconocimientoFacial/proyecto_definitivo/admin/files/videos_registro/prueba.avi
No se puede alinear
cara guardada en /prueba.avi_8.273253440856934.jpg con esta confidence:0.9932313
cara encontrada en: /var/www/html/reconocimientoFacial/proyecto_definitivo/admin/files/videos_registro/prueba.avi
OpenCV(4.5.3) /tmp/pip-req-build-dwj9trv5/opencv/modules/imgproc/src/resize.cpp:4051: error: (-215:Assertion failed) !ssize.empty() in function 'resize'

cara encontrada en: /var/www/html/reconocimientoFacial/proyecto_definitivo/admin/files/videos_registro/prueba.avi
OpenCV(4.5.3) /tmp/pip-req-build-dwj9trv5/opencv/modules/imgproc/src/resize.cpp:4051: error: (-215:Assertion failed) !ssize.empty() in function 'resize'

cara encontrada en: /var/www/html/reconocimientoFacial/proyecto_definitivo/admin/files/videos_registro/prueba.avi
No se puede alinear
cara guardada en /prueba.avi_8.322646379470825.jpg con esta confidence:0.99912053
cara encontrada en: /var/www/html/reconocimientoFacial/proyecto_definitivo/admin/files/videos_registro/prueba.avi
No se puede alinear
cara guardada en /prueba.avi_8.323822498321533.jpg con esta confidence:0.9938591
cara encontrada en: /var/www/html/reconocimientoFacial/proyecto_definitivo/admin/files/videos_registro/prueba.avi
OpenCV(4.5.3) /tmp/pip-req-build-dwj9trv5/opencv/modules/imgproc/src/resize.cpp:4051: error: (-215:Assertion failed) !ssize.empty() in function 'resize'

cara encontrada en: /var/www/html/reconocimientoFacial/proyecto_definitivo/admin/files/videos_registro/prueba.avi
OpenCV(4.5.3) /tmp/pip-req-build-dwj9trv5/opencv/modules/imgproc/src/resize.cpp:4051: error: (-215:Assertion failed) !ssize.empty() in function 'resize'

cara encontrada en: /var/www/html/reconocimientoFacial/proyecto_definitivo/admin/files/videos_registro/prueba.avi
No se puede alinear
cara guardada en /prueba.avi_8.381250858306885.jpg con esta confidence:0.99882656
cara encontrada en: /var/www/html/reconocimientoFacial/proyecto_definitivo/admin/files/videos_registro/prueba.avi
No se puede alinear
cara guardada en /prueba.avi_8.383087158203125.jpg con esta confidence:0.9927342
cara encontrada en: /var/www/html/reconocimientoFacial/proyecto_definitivo/admin/files/videos_registro/prueba.avi
OpenCV(4.5.3) /tmp/pip-req-build-dwj9trv5/opencv/modules/imgproc/src/resize.cpp:4051: error: (-215:Assertion failed) !ssize.empty() in function 'resize'

cara encontrada en: /var/www/html/reconocimientoFacial/proyecto_definitivo/admin/files/videos_registro/prueba.avi
OpenCV(4.5.3) /tmp/pip-req-build-dwj9trv5/opencv/modules/imgproc/src/resize.cpp:4051: error: (-215:Assertion failed) !ssize.empty() in function 'resize'

cara encontrada en: /var/www/html/reconocimientoFacial/proyecto_definitivo/admin/files/videos_registro/prueba.avi
No se puede alinear
cara guardada en /prueba.avi_8.46016788482666.jpg con esta confidence:0.99926156
cara encontrada en: /var/www/html/reconocimientoFacial/proyecto_definitivo/admin/files/videos_registro/prueba.avi
No se puede alinear
cara guardada en /prueba.avi_8.461472511291504.jpg con esta confidence:0.9970789
cara encontrada en: /var/www/html/reconocimientoFacial/proyecto_definitivo/admin/files/videos_registro/prueba.avi
OpenCV(4.5.3) /tmp/pip-req-build-dwj9trv5/opencv/modules/imgproc/src/resize.cpp:4051: error: (-215:Assertion failed) !ssize.empty() in function 'resize'

cara encontrada en: /var/www/html/reconocimientoFacial/proyecto_definitivo/admin/files/videos_registro/prueba.avi
OpenCV(4.5.3) /tmp/pip-req-build-dwj9trv5/opencv/modules/imgproc/src/resize.cpp:4051: error: (-215:Assertion failed) !ssize.empty() in function 'resize'

cara encontrada en: /var/www/html/reconocimientoFacial/proyecto_definitivo/admin/files/videos_registro/prueba.avi
No se puede alinear
cara guardada en /prueba.avi_8.53833293914795.jpg con esta confidence:0.9991048
cara encontrada en: /var/www/html/reconocimientoFacial/proyecto_definitivo/admin/files/videos_registro/prueba.avi
No se puede alinear
cara guardada en /prueba.avi_8.539455652236938.jpg con esta confidence:0.9989359
cara encontrada en: /var/www/html/reconocimientoFacial/proyecto_definitivo/admin/files/videos_registro/prueba.avi
OpenCV(4.5.3) /tmp/pip-req-build-dwj9trv5/opencv/modules/imgproc/src/resize.cpp:4051: error: (-215:Assertion failed) !ssize.empty() in function 'resize'

cara encontrada en: /var/www/html/reconocimientoFacial/proyecto_definitivo/admin/files/videos_registro/prueba.avi
OpenCV(4.5.3) /tmp/pip-req-build-dwj9trv5/opencv/modules/imgproc/src/resize.cpp:4051: error: (-215:Assertion failed) !ssize.empty() in function 'resize'

cara encontrada en: /var/www/html/reconocimientoFacial/proyecto_definitivo/admin/files/videos_registro/prueba.avi
No se puede alinear
cara guardada en /prueba.avi_8.592799186706543.jpg con esta confidence:0.99886155
cara encontrada en: /var/www/html/reconocimientoFacial/proyecto_definitivo/admin/files/videos_registro/prueba.avi
No se puede alinear
cara guardada en /prueba.avi_8.594119310379028.jpg con esta confidence:0.9987576
cara encontrada en: /var/www/html/reconocimientoFacial/proyecto_definitivo/admin/files/videos_registro/prueba.avi
OpenCV(4.5.3) /tmp/pip-req-build-dwj9trv5/opencv/modules/imgproc/src/resize.cpp:4051: error: (-215:Assertion failed) !ssize.empty() in function 'resize'

cara encontrada en: /var/www/html/reconocimientoFacial/proyecto_definitivo/admin/files/videos_registro/prueba.avi
OpenCV(4.5.3) /tmp/pip-req-build-dwj9trv5/opencv/modules/imgproc/src/resize.cpp:4051: error: (-215:Assertion failed) !ssize.empty() in function 'resize'

cara encontrada en: /var/www/html/reconocimientoFacial/proyecto_definitivo/admin/files/videos_registro/prueba.avi
No se puede alinear
cara guardada en /prueba.avi_8.640660285949707.jpg con esta confidence:0.9991399
cara encontrada en: /var/www/html/reconocimientoFacial/proyecto_definitivo/admin/files/videos_registro/prueba.avi
No se puede alinear
cara guardada en /prueba.avi_8.642077684402466.jpg con esta confidence:0.99799937
cara encontrada en: /var/www/html/reconocimientoFacial/proyecto_definitivo/admin/files/videos_registro/prueba.avi
OpenCV(4.5.3) /tmp/pip-req-build-dwj9trv5/opencv/modules/imgproc/src/resize.cpp:4051: error: (-215:Assertion failed) !ssize.empty() in function 'resize'

cara encontrada en: /var/www/html/reconocimientoFacial/proyecto_definitivo/admin/files/videos_registro/prueba.avi
OpenCV(4.5.3) /tmp/pip-req-build-dwj9trv5/opencv/modules/imgproc/src/resize.cpp:4051: error: (-215:Assertion failed) !ssize.empty() in function 'resize'

cara encontrada en: /var/www/html/reconocimientoFacial/proyecto_definitivo/admin/files/videos_registro/prueba.avi
No se puede alinear
cara guardada en /prueba.avi_8.707379817962646.jpg con esta confidence:0.99888307
cara encontrada en: /var/www/html/reconocimientoFacial/proyecto_definitivo/admin/files/videos_registro/prueba.avi
No se puede alinear
cara guardada en /prueba.avi_8.708696842193604.jpg con esta confidence:0.9969363
cara encontrada en: /var/www/html/reconocimientoFacial/proyecto_definitivo/admin/files/videos_registro/prueba.avi
OpenCV(4.5.3) /tmp/pip-req-build-dwj9trv5/opencv/modules/imgproc/src/resize.cpp:4051: error: (-215:Assertion failed) !ssize.empty() in function 'resize'

cara encontrada en: /var/www/html/reconocimientoFacial/proyecto_definitivo/admin/files/videos_registro/prueba.avi
OpenCV(4.5.3) /tmp/pip-req-build-dwj9trv5/opencv/modules/imgproc/src/resize.cpp:4051: error: (-215:Assertion failed) !ssize.empty() in function 'resize'

cara encontrada en: /var/www/html/reconocimientoFacial/proyecto_definitivo/admin/files/videos_registro/prueba.avi
No se puede alinear
cara guardada en /prueba.avi_8.783715963363647.jpg con esta confidence:0.9987961
cara encontrada en: /var/www/html/reconocimientoFacial/proyecto_definitivo/admin/files/videos_registro/prueba.avi
No se puede alinear
cara guardada en /prueba.avi_8.785134553909302.jpg con esta confidence:0.99476177
cara encontrada en: /var/www/html/reconocimientoFacial/proyecto_definitivo/admin/files/videos_registro/prueba.avi
OpenCV(4.5.3) /tmp/pip-req-build-dwj9trv5/opencv/modules/imgproc/src/resize.cpp:4051: error: (-215:Assertion failed) !ssize.empty() in function 'resize'

cara encontrada en: /var/www/html/reconocimientoFacial/proyecto_definitivo/admin/files/videos_registro/prueba.avi
No se puede alinear
cara guardada en /prueba.avi_8.840779781341553.jpg con esta confidence:0.99748516
cara encontrada en: /var/www/html/reconocimientoFacial/proyecto_definitivo/admin/files/videos_registro/prueba.avi
No se puede alinear
cara guardada en /prueba.avi_8.842213153839111.jpg con esta confidence:0.99105376
cara encontrada en: /var/www/html/reconocimientoFacial/proyecto_definitivo/admin/files/videos_registro/prueba.avi
OpenCV(4.5.3) /tmp/pip-req-build-dwj9trv5/opencv/modules/imgproc/src/resize.cpp:4051: error: (-215:Assertion failed) !ssize.empty() in function 'resize'

cara encontrada en: /var/www/html/reconocimientoFacial/proyecto_definitivo/admin/files/videos_registro/prueba.avi
No se puede alinear
cara guardada en /prueba.avi_8.940909385681152.jpg con esta confidence:0.99418217
cara encontrada en: /var/www/html/reconocimientoFacial/proyecto_definitivo/admin/files/videos_registro/prueba.avi
No se puede alinear
cara guardada en /prueba.avi_8.942373991012573.jpg con esta confidence:0.98020774
cara encontrada en: /var/www/html/reconocimientoFacial/proyecto_definitivo/admin/files/videos_registro/prueba.avi
OpenCV(4.5.3) /tmp/pip-req-build-dwj9trv5/opencv/modules/imgproc/src/resize.cpp:4051: error: (-215:Assertion failed) !ssize.empty() in function 'resize'

cara encontrada en: /var/www/html/reconocimientoFacial/proyecto_definitivo/admin/files/videos_registro/prueba.avi
No se puede alinear
cara guardada en /prueba.avi_9.0223388671875.jpg con esta confidence:0.9953387
cara encontrada en: /var/www/html/reconocimientoFacial/proyecto_definitivo/admin/files/videos_registro/prueba.avi
No se puede alinear
cara guardada en /prueba.avi_9.023722648620605.jpg con esta confidence:0.97919184
cara encontrada en: /var/www/html/reconocimientoFacial/proyecto_definitivo/admin/files/videos_registro/prueba.avi
No se puede alinear
cara guardada en /prueba.avi_9.093255758285522.jpg con esta confidence:0.9957279
cara encontrada en: /var/www/html/reconocimientoFacial/proyecto_definitivo/admin/files/videos_registro/prueba.avi
No se puede alinear
cara guardada en /prueba.avi_9.09520936012268.jpg con esta confidence:0.98078305
cara encontrada en: /var/www/html/reconocimientoFacial/proyecto_definitivo/admin/files/videos_registro/prueba.avi
OpenCV(4.5.3) /tmp/pip-req-build-dwj9trv5/opencv/modules/imgproc/src/resize.cpp:4051: error: (-215:Assertion failed) !ssize.empty() in function 'resize'

cara encontrada en: /var/www/html/reconocimientoFacial/proyecto_definitivo/admin/files/videos_registro/prueba.avi
No se puede alinear
cara guardada en /prueba.avi_9.170584678649902.jpg con esta confidence:0.9950977
cara encontrada en: /var/www/html/reconocimientoFacial/proyecto_definitivo/admin/files/videos_registro/prueba.avi
No se puede alinear
cara guardada en /prueba.avi_9.172079801559448.jpg con esta confidence:0.98456
cara encontrada en: /var/www/html/reconocimientoFacial/proyecto_definitivo/admin/files/videos_registro/prueba.avi
OpenCV(4.5.3) /tmp/pip-req-build-dwj9trv5/opencv/modules/imgproc/src/resize.cpp:4051: error: (-215:Assertion failed) !ssize.empty() in function 'resize'

cara encontrada en: /var/www/html/reconocimientoFacial/proyecto_definitivo/admin/files/videos_registro/prueba.avi
No se puede alinear
cara guardada en /prueba.avi_9.257934093475342.jpg con esta confidence:0.9908958
cara encontrada en: /var/www/html/reconocimientoFacial/proyecto_definitivo/admin/files/videos_registro/prueba.avi
No se puede alinear
cara guardada en /prueba.avi_9.25977373123169.jpg con esta confidence:0.9797292
cara encontrada en: /var/www/html/reconocimientoFacial/proyecto_definitivo/admin/files/videos_registro/prueba.avi
OpenCV(4.5.3) /tmp/pip-req-build-dwj9trv5/opencv/modules/imgproc/src/resize.cpp:4051: error: (-215:Assertion failed) !ssize.empty() in function 'resize'

cara encontrada en: /var/www/html/reconocimientoFacial/proyecto_definitivo/admin/files/videos_registro/prueba.avi
No se puede alinear
cara guardada en /prueba.avi_9.390073299407959.jpg con esta confidence:0.99127394
cara encontrada en: /var/www/html/reconocimientoFacial/proyecto_definitivo/admin/files/videos_registro/prueba.avi
No se puede alinear
cara guardada en /prueba.avi_9.391810894012451.jpg con esta confidence:0.97591114
cara encontrada en: /var/www/html/reconocimientoFacial/proyecto_definitivo/admin/files/videos_registro/prueba.avi
No se puede alinear
cara guardada en /prueba.avi_9.54894733428955.jpg con esta confidence:0.9740917
cara encontrada en: /var/www/html/reconocimientoFacial/proyecto_definitivo/admin/files/videos_registro/prueba.avi
No se puede alinear
cara guardada en /prueba.avi_9.5529305934906.jpg con esta confidence:0.9492285
cara encontrada en: /var/www/html/reconocimientoFacial/proyecto_definitivo/admin/files/videos_registro/prueba.avi
No se puede alinear
cara guardada en /prueba.avi_9.67873215675354.jpg con esta confidence:0.96496993
cara encontrada en: /var/www/html/reconocimientoFacial/proyecto_definitivo/admin/files/videos_registro/prueba.avi
No se puede alinear
cara guardada en /prueba.avi_9.680518865585327.jpg con esta confidence:0.9041542
cara encontrada en: /var/www/html/reconocimientoFacial/proyecto_definitivo/admin/files/videos_registro/prueba.avi
No se puede alinear
cara guardada en /prueba.avi_9.774680614471436.jpg con esta confidence:0.9766491
cara encontrada en: /var/www/html/reconocimientoFacial/proyecto_definitivo/admin/files/videos_registro/prueba.avi
No se puede alinear
cara guardada en /prueba.avi_9.776618719100952.jpg con esta confidence:0.91448605
cara encontrada en: /var/www/html/reconocimientoFacial/proyecto_definitivo/admin/files/videos_registro/prueba.avi
No se puede alinear
cara guardada en /prueba.avi_9.842185497283936.jpg con esta confidence:0.98432356
cara encontrada en: /var/www/html/reconocimientoFacial/proyecto_definitivo/admin/files/videos_registro/prueba.avi
No se puede alinear
cara guardada en /prueba.avi_9.843948364257812.jpg con esta confidence:0.9367922
cara encontrada en: /var/www/html/reconocimientoFacial/proyecto_definitivo/admin/files/videos_registro/prueba.avi
No se puede alinear
cara guardada en /prueba.avi_9.928140878677368.jpg con esta confidence:0.9839505
cara encontrada en: /var/www/html/reconocimientoFacial/proyecto_definitivo/admin/files/videos_registro/prueba.avi
No se puede alinear
cara guardada en /prueba.avi_9.929696321487427.jpg con esta confidence:0.9439975
cara encontrada en: /var/www/html/reconocimientoFacial/proyecto_definitivo/admin/files/videos_registro/prueba.avi
No se puede alinear
cara guardada en /prueba.avi_10.004128217697144.jpg con esta confidence:0.9833605
cara encontrada en: /var/www/html/reconocimientoFacial/proyecto_definitivo/admin/files/videos_registro/prueba.avi
No se puede alinear
cara guardada en /prueba.avi_10.00546908378601.jpg con esta confidence:0.94473946
cara encontrada en: /var/www/html/reconocimientoFacial/proyecto_definitivo/admin/files/videos_registro/prueba.avi
No se puede alinear
cara guardada en /prueba.avi_10.057607889175415.jpg con esta confidence:0.9810122
cara encontrada en: /var/www/html/reconocimientoFacial/proyecto_definitivo/admin/files/videos_registro/prueba.avi
No se puede alinear
cara guardada en /prueba.avi_10.059117078781128.jpg con esta confidence:0.94456935
cara encontrada en: /var/www/html/reconocimientoFacial/proyecto_definitivo/admin/files/videos_registro/prueba.avi
OpenCV(4.5.3) /tmp/pip-req-build-dwj9trv5/opencv/modules/imgproc/src/resize.cpp:4051: error: (-215:Assertion failed) !ssize.empty() in function 'resize'

cara encontrada en: /var/www/html/reconocimientoFacial/proyecto_definitivo/admin/files/videos_registro/prueba.avi
No se puede alinear
cara guardada en /prueba.avi_10.125750541687012.jpg con esta confidence:0.98414534
cara encontrada en: /var/www/html/reconocimientoFacial/proyecto_definitivo/admin/files/videos_registro/prueba.avi
No se puede alinear
cara guardada en /prueba.avi_10.127352476119995.jpg con esta confidence:0.9407973
cara encontrada en: /var/www/html/reconocimientoFacial/proyecto_definitivo/admin/files/videos_registro/prueba.avi
OpenCV(4.5.3) /tmp/pip-req-build-dwj9trv5/opencv/modules/imgproc/src/resize.cpp:4051: error: (-215:Assertion failed) !ssize.empty() in function 'resize'

cara encontrada en: /var/www/html/reconocimientoFacial/proyecto_definitivo/admin/files/videos_registro/prueba.avi
No se puede alinear
cara guardada en /prueba.avi_10.199520587921143.jpg con esta confidence:0.98375666
cara encontrada en: /var/www/html/reconocimientoFacial/proyecto_definitivo/admin/files/videos_registro/prueba.avi
No se puede alinear
cara guardada en /prueba.avi_10.201135635375977.jpg con esta confidence:0.93965936
cara encontrada en: /var/www/html/reconocimientoFacial/proyecto_definitivo/admin/files/videos_registro/prueba.avi
OpenCV(4.5.3) /tmp/pip-req-build-dwj9trv5/opencv/modules/imgproc/src/resize.cpp:4051: error: (-215:Assertion failed) !ssize.empty() in function 'resize'

cara encontrada en: /var/www/html/reconocimientoFacial/proyecto_definitivo/admin/files/videos_registro/prueba.avi
No se puede alinear
cara guardada en /prueba.avi_10.27893877029419.jpg con esta confidence:0.9826417
cara encontrada en: /var/www/html/reconocimientoFacial/proyecto_definitivo/admin/files/videos_registro/prueba.avi
No se puede alinear
cara guardada en /prueba.avi_10.280487060546875.jpg con esta confidence:0.93527985
cara encontrada en: /var/www/html/reconocimientoFacial/proyecto_definitivo/admin/files/videos_registro/prueba.avi
OpenCV(4.5.3) /tmp/pip-req-build-dwj9trv5/opencv/modules/imgproc/src/resize.cpp:4051: error: (-215:Assertion failed) !ssize.empty() in function 'resize'

cara encontrada en: /var/www/html/reconocimientoFacial/proyecto_definitivo/admin/files/videos_registro/prueba.avi
No se puede alinear
cara guardada en /prueba.avi_10.3357093334198.jpg con esta confidence:0.9844246
cara encontrada en: /var/www/html/reconocimientoFacial/proyecto_definitivo/admin/files/videos_registro/prueba.avi
No se puede alinear
cara guardada en /prueba.avi_10.337197065353394.jpg con esta confidence:0.9414502
cara encontrada en: /var/www/html/reconocimientoFacial/proyecto_definitivo/admin/files/videos_registro/prueba.avi
No se puede alinear
cara guardada en /prueba.avi_10.390682935714722.jpg con esta confidence:0.9724683
cara encontrada en: /var/www/html/reconocimientoFacial/proyecto_definitivo/admin/files/videos_registro/prueba.avi
No se puede alinear
cara guardada en /prueba.avi_10.392057418823242.jpg con esta confidence:0.9117852
cara encontrada en: /var/www/html/reconocimientoFacial/proyecto_definitivo/admin/files/videos_registro/prueba.avi
OpenCV(4.5.3) /tmp/pip-req-build-dwj9trv5/opencv/modules/imgproc/src/resize.cpp:4051: error: (-215:Assertion failed) !ssize.empty() in function 'resize'

cara encontrada en: /var/www/html/reconocimientoFacial/proyecto_definitivo/admin/files/videos_registro/prueba.avi
No se puede alinear
cara guardada en /prueba.avi_10.45987582206726.jpg con esta confidence:0.9745779
cara encontrada en: /var/www/html/reconocimientoFacial/proyecto_definitivo/admin/files/videos_registro/prueba.avi
No se puede alinear
cara guardada en /prueba.avi_10.461357116699219.jpg con esta confidence:0.9117745
cara encontrada en: /var/www/html/reconocimientoFacial/proyecto_definitivo/admin/files/videos_registro/prueba.avi
OpenCV(4.5.3) /tmp/pip-req-build-dwj9trv5/opencv/modules/imgproc/src/resize.cpp:4051: error: (-215:Assertion failed) !ssize.empty() in function 'resize'

cara encontrada en: /var/www/html/reconocimientoFacial/proyecto_definitivo/admin/files/videos_registro/prueba.avi
No se puede alinear
cara guardada en /prueba.avi_10.516565799713135.jpg con esta confidence:0.9694996
cara encontrada en: /var/www/html/reconocimientoFacial/proyecto_definitivo/admin/files/videos_registro/prueba.avi
No se puede alinear
cara guardada en /prueba.avi_10.517933368682861.jpg con esta confidence:0.9022245
cara encontrada en: /var/www/html/reconocimientoFacial/proyecto_definitivo/admin/files/videos_registro/prueba.avi
OpenCV(4.5.3) /tmp/pip-req-build-dwj9trv5/opencv/modules/imgproc/src/resize.cpp:4051: error: (-215:Assertion failed) !ssize.empty() in function 'resize'

cara encontrada en: /var/www/html/reconocimientoFacial/proyecto_definitivo/admin/files/videos_registro/prueba.avi
No se puede alinear
cara guardada en /prueba.avi_10.590514183044434.jpg con esta confidence:0.96983725
cara encontrada en: /var/www/html/reconocimientoFacial/proyecto_definitivo/admin/files/videos_registro/prueba.avi
No se puede alinear
cara guardada en /prueba.avi_10.591880083084106.jpg con esta confidence:0.9046549
cara encontrada en: /var/www/html/reconocimientoFacial/proyecto_definitivo/admin/files/videos_registro/prueba.avi
OpenCV(4.5.3) /tmp/pip-req-build-dwj9trv5/opencv/modules/imgproc/src/resize.cpp:4051: error: (-215:Assertion failed) !ssize.empty() in function 'resize'

cara encontrada en: /var/www/html/reconocimientoFacial/proyecto_definitivo/admin/files/videos_registro/prueba.avi
No se puede alinear
cara guardada en /prueba.avi_10.672409057617188.jpg con esta confidence:0.969812
cara encontrada en: /var/www/html/reconocimientoFacial/proyecto_definitivo/admin/files/videos_registro/prueba.avi
No se puede alinear
cara guardada en /prueba.avi_10.673813104629517.jpg con esta confidence:0.89770234
cara encontrada en: /var/www/html/reconocimientoFacial/proyecto_definitivo/admin/files/videos_registro/prueba.avi
No se puede alinear
cara guardada en /prueba.avi_10.750514507293701.jpg con esta confidence:0.97588533
cara encontrada en: /var/www/html/reconocimientoFacial/proyecto_definitivo/admin/files/videos_registro/prueba.avi
No se puede alinear
cara guardada en /prueba.avi_10.75182557106018.jpg con esta confidence:0.9093159
cara encontrada en: /var/www/html/reconocimientoFacial/proyecto_definitivo/admin/files/videos_registro/prueba.avi
No se puede alinear
cara guardada en /prueba.avi_10.809776782989502.jpg con esta confidence:0.9709736
cara encontrada en: /var/www/html/reconocimientoFacial/proyecto_definitivo/admin/files/videos_registro/prueba.avi
No se puede alinear
cara guardada en /prueba.avi_10.812881231307983.jpg con esta confidence:0.90552384
cara encontrada en: /var/www/html/reconocimientoFacial/proyecto_definitivo/admin/files/videos_registro/prueba.avi
No se puede alinear
cara guardada en /prueba.avi_10.89792537689209.jpg con esta confidence:0.9719121
cara encontrada en: /var/www/html/reconocimientoFacial/proyecto_definitivo/admin/files/videos_registro/prueba.avi
No se puede alinear
cara guardada en /prueba.avi_10.899659633636475.jpg con esta confidence:0.9060168
cara encontrada en: /var/www/html/reconocimientoFacial/proyecto_definitivo/admin/files/videos_registro/prueba.avi
No se puede alinear
cara guardada en /prueba.avi_11.018287181854248.jpg con esta confidence:0.9713017
cara encontrada en: /var/www/html/reconocimientoFacial/proyecto_definitivo/admin/files/videos_registro/prueba.avi
No se puede alinear
cara guardada en /prueba.avi_11.020342826843262.jpg con esta confidence:0.91538775
cara encontrada en: /var/www/html/reconocimientoFacial/proyecto_definitivo/admin/files/videos_registro/prueba.avi
No se puede alinear
cara guardada en /prueba.avi_11.10211706161499.jpg con esta confidence:0.9703359
cara encontrada en: /var/www/html/reconocimientoFacial/proyecto_definitivo/admin/files/videos_registro/prueba.avi
No se puede alinear
cara guardada en /prueba.avi_11.103527545928955.jpg con esta confidence:0.9075686
cara encontrada en: /var/www/html/reconocimientoFacial/proyecto_definitivo/admin/files/videos_registro/prueba.avi
No se puede alinear
cara guardada en /prueba.avi_11.208135604858398.jpg con esta confidence:0.9743473
cara encontrada en: /var/www/html/reconocimientoFacial/proyecto_definitivo/admin/files/videos_registro/prueba.avi
No se puede alinear
cara guardada en /prueba.avi_11.2095947265625.jpg con esta confidence:0.9156854
cara encontrada en: /var/www/html/reconocimientoFacial/proyecto_definitivo/admin/files/videos_registro/prueba.avi
No se puede alinear
cara guardada en /prueba.avi_11.296931982040405.jpg con esta confidence:0.9662947
cara encontrada en: /var/www/html/reconocimientoFacial/proyecto_definitivo/admin/files/videos_registro/prueba.avi
No se puede alinear
cara guardada en /prueba.avi_11.298320293426514.jpg con esta confidence:0.9223648
cara encontrada en: /var/www/html/reconocimientoFacial/proyecto_definitivo/admin/files/videos_registro/prueba.avi
No se puede alinear
cara guardada en /prueba.avi_11.34774923324585.jpg con esta confidence:0.973573
cara encontrada en: /var/www/html/reconocimientoFacial/proyecto_definitivo/admin/files/videos_registro/prueba.avi
No se puede alinear
cara guardada en /prueba.avi_11.349370956420898.jpg con esta confidence:0.9243149
cara encontrada en: /var/www/html/reconocimientoFacial/proyecto_definitivo/admin/files/videos_registro/prueba.avi
No se puede alinear
cara guardada en /prueba.avi_11.40104603767395.jpg con esta confidence:0.97700423
cara encontrada en: /var/www/html/reconocimientoFacial/proyecto_definitivo/admin/files/videos_registro/prueba.avi
No se puede alinear
cara guardada en /prueba.avi_11.402822732925415.jpg con esta confidence:0.93301445
cara encontrada en: /var/www/html/reconocimientoFacial/proyecto_definitivo/admin/files/videos_registro/prueba.avi
No se puede alinear
cara guardada en /prueba.avi_11.472204685211182.jpg con esta confidence:0.9799755
cara encontrada en: /var/www/html/reconocimientoFacial/proyecto_definitivo/admin/files/videos_registro/prueba.avi
No se puede alinear
cara guardada en /prueba.avi_11.474146366119385.jpg con esta confidence:0.9469158
cara encontrada en: /var/www/html/reconocimientoFacial/proyecto_definitivo/admin/files/videos_registro/prueba.avi
No se puede alinear
cara guardada en /prueba.avi_11.55809760093689.jpg con esta confidence:0.97228324
cara encontrada en: /var/www/html/reconocimientoFacial/proyecto_definitivo/admin/files/videos_registro/prueba.avi
No se puede alinear
cara guardada en /prueba.avi_11.559684991836548.jpg con esta confidence:0.94179386
cara encontrada en: /var/www/html/reconocimientoFacial/proyecto_definitivo/admin/files/videos_registro/prueba.avi
No se puede alinear
cara guardada en /prueba.avi_11.636834859848022.jpg con esta confidence:0.9799715
cara encontrada en: /var/www/html/reconocimientoFacial/proyecto_definitivo/admin/files/videos_registro/prueba.avi
No se puede alinear
cara guardada en /prueba.avi_11.638842344284058.jpg con esta confidence:0.922208
cara encontrada en: /var/www/html/reconocimientoFacial/proyecto_definitivo/admin/files/videos_registro/prueba.avi
No se puede alinear
cara guardada en /prueba.avi_11.742764949798584.jpg con esta confidence:0.9668764
cara encontrada en: /var/www/html/reconocimientoFacial/proyecto_definitivo/admin/files/videos_registro/prueba.avi
No se puede alinear
cara guardada en /prueba.avi_11.74572205543518.jpg con esta confidence:0.915849
cara encontrada en: /var/www/html/reconocimientoFacial/proyecto_definitivo/admin/files/videos_registro/prueba.avi
No se puede alinear
cara guardada en /prueba.avi_11.864430904388428.jpg con esta confidence:0.95991886
cara encontrada en: /var/www/html/reconocimientoFacial/proyecto_definitivo/admin/files/videos_registro/prueba.avi
No se puede alinear
cara guardada en /prueba.avi_11.866282224655151.jpg con esta confidence:0.87546396
cara encontrada en: /var/www/html/reconocimientoFacial/proyecto_definitivo/admin/files/videos_registro/prueba.avi
No se puede alinear
cara guardada en /prueba.avi_11.97141695022583.jpg con esta confidence:0.93791956
cara encontrada en: /var/www/html/reconocimientoFacial/proyecto_definitivo/admin/files/videos_registro/prueba.avi
No se puede alinear
cara guardada en /prueba.avi_11.973339080810547.jpg con esta confidence:0.8615735
cara encontrada en: /var/www/html/reconocimientoFacial/proyecto_definitivo/admin/files/videos_registro/prueba.avi
No se puede alinear
cara guardada en /prueba.avi_12.06050443649292.jpg con esta confidence:0.9493791
cara encontrada en: /var/www/html/reconocimientoFacial/proyecto_definitivo/admin/files/videos_registro/prueba.avi
No se puede alinear
cara guardada en /prueba.avi_12.062251806259155.jpg con esta confidence:0.8991374
cara encontrada en: /var/www/html/reconocimientoFacial/proyecto_definitivo/admin/files/videos_registro/prueba.avi
No se puede alinear
cara guardada en /prueba.avi_12.153194665908813.jpg con esta confidence:0.92185706
cara encontrada en: /var/www/html/reconocimientoFacial/proyecto_definitivo/admin/files/videos_registro/prueba.avi
No se puede alinear
cara guardada en /prueba.avi_12.155853986740112.jpg con esta confidence:0.9135689
cara encontrada en: /var/www/html/reconocimientoFacial/proyecto_definitivo/admin/files/videos_registro/prueba.avi
No se puede alinear
cara guardada en /prueba.avi_12.266183853149414.jpg con esta confidence:0.9143744
cara encontrada en: /var/www/html/reconocimientoFacial/proyecto_definitivo/admin/files/videos_registro/prueba.avi
No se puede alinear
cara guardada en /prueba.avi_12.268402338027954.jpg con esta confidence:0.91217554
cara encontrada en: /var/www/html/reconocimientoFacial/proyecto_definitivo/admin/files/videos_registro/prueba.avi
No se puede alinear
cara guardada en /prueba.avi_12.379852771759033.jpg con esta confidence:0.9369528
cara encontrada en: /var/www/html/reconocimientoFacial/proyecto_definitivo/admin/files/videos_registro/prueba.avi
No se puede alinear
cara guardada en /prueba.avi_12.381103754043579.jpg con esta confidence:0.83284
cara encontrada en: /var/www/html/reconocimientoFacial/proyecto_definitivo/admin/files/videos_registro/prueba.avi
No se puede alinear
cara guardada en /prueba.avi_12.50668978691101.jpg con esta confidence:0.9750215
cara encontrada en: /var/www/html/reconocimientoFacial/proyecto_definitivo/admin/files/videos_registro/prueba.avi
No se puede alinear
cara guardada en /prueba.avi_12.509724378585815.jpg con esta confidence:0.8787631
cara encontrada en: /var/www/html/reconocimientoFacial/proyecto_definitivo/admin/files/videos_registro/prueba.avi
OpenCV(4.5.3) /tmp/pip-req-build-dwj9trv5/opencv/modules/imgproc/src/resize.cpp:4051: error: (-215:Assertion failed) !ssize.empty() in function 'resize'

cara encontrada en: /var/www/html/reconocimientoFacial/proyecto_definitivo/admin/files/videos_registro/prueba.avi
OpenCV(4.5.3) /tmp/pip-req-build-dwj9trv5/opencv/modules/imgproc/src/resize.cpp:4051: error: (-215:Assertion failed) !ssize.empty() in function 'resize'

cara encontrada en: /var/www/html/reconocimientoFacial/proyecto_definitivo/admin/files/videos_registro/prueba.avi
No se puede alinear
cara guardada en /prueba.avi_12.595407485961914.jpg con esta confidence:0.9800356
cara encontrada en: /var/www/html/reconocimientoFacial/proyecto_definitivo/admin/files/videos_registro/prueba.avi
No se puede alinear
cara guardada en /prueba.avi_12.59673547744751.jpg con esta confidence:0.942419
cara encontrada en: /var/www/html/reconocimientoFacial/proyecto_definitivo/admin/files/videos_registro/prueba.avi
OpenCV(4.5.3) /tmp/pip-req-build-dwj9trv5/opencv/modules/imgproc/src/resize.cpp:4051: error: (-215:Assertion failed) !ssize.empty() in function 'resize'

cara encontrada en: /var/www/html/reconocimientoFacial/proyecto_definitivo/admin/files/videos_registro/prueba.avi
OpenCV(4.5.3) /tmp/pip-req-build-dwj9trv5/opencv/modules/imgproc/src/resize.cpp:4051: error: (-215:Assertion failed) !ssize.empty() in function 'resize'

cara encontrada en: /var/www/html/reconocimientoFacial/proyecto_definitivo/admin/files/videos_registro/prueba.avi
No se puede alinear
cara guardada en /prueba.avi_12.65588903427124.jpg con esta confidence:0.9794601
cara encontrada en: /var/www/html/reconocimientoFacial/proyecto_definitivo/admin/files/videos_registro/prueba.avi
No se puede alinear
cara guardada en /prueba.avi_12.65718388557434.jpg con esta confidence:0.94556296
cara encontrada en: /var/www/html/reconocimientoFacial/proyecto_definitivo/admin/files/videos_registro/prueba.avi
OpenCV(4.5.3) /tmp/pip-req-build-dwj9trv5/opencv/modules/imgproc/src/resize.cpp:4051: error: (-215:Assertion failed) !ssize.empty() in function 'resize'

cara encontrada en: /var/www/html/reconocimientoFacial/proyecto_definitivo/admin/files/videos_registro/prueba.avi
OpenCV(4.5.3) /tmp/pip-req-build-dwj9trv5/opencv/modules/imgproc/src/resize.cpp:4051: error: (-215:Assertion failed) !ssize.empty() in function 'resize'

cara encontrada en: /var/www/html/reconocimientoFacial/proyecto_definitivo/admin/files/videos_registro/prueba.avi
No se puede alinear
cara guardada en /prueba.avi_12.723748922348022.jpg con esta confidence:0.97828704
cara encontrada en: /var/www/html/reconocimientoFacial/proyecto_definitivo/admin/files/videos_registro/prueba.avi
No se puede alinear
cara guardada en /prueba.avi_12.724966287612915.jpg con esta confidence:0.9535831
cara encontrada en: /var/www/html/reconocimientoFacial/proyecto_definitivo/admin/files/videos_registro/prueba.avi
OpenCV(4.5.3) /tmp/pip-req-build-dwj9trv5/opencv/modules/imgproc/src/resize.cpp:4051: error: (-215:Assertion failed) !ssize.empty() in function 'resize'

cara encontrada en: /var/www/html/reconocimientoFacial/proyecto_definitivo/admin/files/videos_registro/prueba.avi
OpenCV(4.5.3) /tmp/pip-req-build-dwj9trv5/opencv/modules/imgproc/src/resize.cpp:4051: error: (-215:Assertion failed) !ssize.empty() in function 'resize'

cara encontrada en: /var/www/html/reconocimientoFacial/proyecto_definitivo/admin/files/videos_registro/prueba.avi
No se puede alinear
cara guardada en /prueba.avi_12.809842109680176.jpg con esta confidence:0.9817498
cara encontrada en: /var/www/html/reconocimientoFacial/proyecto_definitivo/admin/files/videos_registro/prueba.avi
No se puede alinear
cara guardada en /prueba.avi_12.81127405166626.jpg con esta confidence:0.9450003
cara encontrada en: /var/www/html/reconocimientoFacial/proyecto_definitivo/admin/files/videos_registro/prueba.avi
OpenCV(4.5.3) /tmp/pip-req-build-dwj9trv5/opencv/modules/imgproc/src/resize.cpp:4051: error: (-215:Assertion failed) !ssize.empty() in function 'resize'

cara encontrada en: /var/www/html/reconocimientoFacial/proyecto_definitivo/admin/files/videos_registro/prueba.avi
OpenCV(4.5.3) /tmp/pip-req-build-dwj9trv5/opencv/modules/imgproc/src/resize.cpp:4051: error: (-215:Assertion failed) !ssize.empty() in function 'resize'

cara encontrada en: /var/www/html/reconocimientoFacial/proyecto_definitivo/admin/files/videos_registro/prueba.avi
No se puede alinear
cara guardada en /prueba.avi_12.880424499511719.jpg con esta confidence:0.98058736
cara encontrada en: /var/www/html/reconocimientoFacial/proyecto_definitivo/admin/files/videos_registro/prueba.avi
No se puede alinear
cara guardada en /prueba.avi_12.882073879241943.jpg con esta confidence:0.9607457
cara encontrada en: /var/www/html/reconocimientoFacial/proyecto_definitivo/admin/files/videos_registro/prueba.avi
OpenCV(4.5.3) /tmp/pip-req-build-dwj9trv5/opencv/modules/imgproc/src/resize.cpp:4051: error: (-215:Assertion failed) !ssize.empty() in function 'resize'

cara encontrada en: /var/www/html/reconocimientoFacial/proyecto_definitivo/admin/files/videos_registro/prueba.avi
OpenCV(4.5.3) /tmp/pip-req-build-dwj9trv5/opencv/modules/imgproc/src/resize.cpp:4051: error: (-215:Assertion failed) !ssize.empty() in function 'resize'

cara encontrada en: /var/www/html/reconocimientoFacial/proyecto_definitivo/admin/files/videos_registro/prueba.avi
No se puede alinear
cara guardada en /prueba.avi_12.95762848854065.jpg con esta confidence:0.983011
cara encontrada en: /var/www/html/reconocimientoFacial/proyecto_definitivo/admin/files/videos_registro/prueba.avi
No se puede alinear
cara guardada en /prueba.avi_12.958845376968384.jpg con esta confidence:0.9590524
cara encontrada en: /var/www/html/reconocimientoFacial/proyecto_definitivo/admin/files/videos_registro/prueba.avi
OpenCV(4.5.3) /tmp/pip-req-build-dwj9trv5/opencv/modules/imgproc/src/resize.cpp:4051: error: (-215:Assertion failed) !ssize.empty() in function 'resize'

cara encontrada en: /var/www/html/reconocimientoFacial/proyecto_definitivo/admin/files/videos_registro/prueba.avi
OpenCV(4.5.3) /tmp/pip-req-build-dwj9trv5/opencv/modules/imgproc/src/resize.cpp:4051: error: (-215:Assertion failed) !ssize.empty() in function 'resize'

cara encontrada en: /var/www/html/reconocimientoFacial/proyecto_definitivo/admin/files/videos_registro/prueba.avi
No se puede alinear
cara guardada en /prueba.avi_13.038844108581543.jpg con esta confidence:0.98322326
cara encontrada en: /var/www/html/reconocimientoFacial/proyecto_definitivo/admin/files/videos_registro/prueba.avi
No se puede alinear
cara guardada en /prueba.avi_13.040075778961182.jpg con esta confidence:0.96685153
cara encontrada en: /var/www/html/reconocimientoFacial/proyecto_definitivo/admin/files/videos_registro/prueba.avi
OpenCV(4.5.3) /tmp/pip-req-build-dwj9trv5/opencv/modules/imgproc/src/resize.cpp:4051: error: (-215:Assertion failed) !ssize.empty() in function 'resize'

cara encontrada en: /var/www/html/reconocimientoFacial/proyecto_definitivo/admin/files/videos_registro/prueba.avi
OpenCV(4.5.3) /tmp/pip-req-build-dwj9trv5/opencv/modules/imgproc/src/resize.cpp:4051: error: (-215:Assertion failed) !ssize.empty() in function 'resize'

cara encontrada en: /var/www/html/reconocimientoFacial/proyecto_definitivo/admin/files/videos_registro/prueba.avi
No se puede alinear
cara guardada en /prueba.avi_13.137866497039795.jpg con esta confidence:0.9859803
cara encontrada en: /var/www/html/reconocimientoFacial/proyecto_definitivo/admin/files/videos_registro/prueba.avi
No se puede alinear
cara guardada en /prueba.avi_13.140270709991455.jpg con esta confidence:0.9746859
cara encontrada en: /var/www/html/reconocimientoFacial/proyecto_definitivo/admin/files/videos_registro/prueba.avi
OpenCV(4.5.3) /tmp/pip-req-build-dwj9trv5/opencv/modules/imgproc/src/resize.cpp:4051: error: (-215:Assertion failed) !ssize.empty() in function 'resize'

cara encontrada en: /var/www/html/reconocimientoFacial/proyecto_definitivo/admin/files/videos_registro/prueba.avi
OpenCV(4.5.3) /tmp/pip-req-build-dwj9trv5/opencv/modules/imgproc/src/resize.cpp:4051: error: (-215:Assertion failed) !ssize.empty() in function 'resize'

cara encontrada en: /var/www/html/reconocimientoFacial/proyecto_definitivo/admin/files/videos_registro/prueba.avi
No se puede alinear
cara guardada en /prueba.avi_13.249159574508667.jpg con esta confidence:0.98695743
cara encontrada en: /var/www/html/reconocimientoFacial/proyecto_definitivo/admin/files/videos_registro/prueba.avi
No se puede alinear
cara guardada en /prueba.avi_13.250651121139526.jpg con esta confidence:0.98667914
cara encontrada en: /var/www/html/reconocimientoFacial/proyecto_definitivo/admin/files/videos_registro/prueba.avi
OpenCV(4.5.3) /tmp/pip-req-build-dwj9trv5/opencv/modules/imgproc/src/resize.cpp:4051: error: (-215:Assertion failed) !ssize.empty() in function 'resize'

cara encontrada en: /var/www/html/reconocimientoFacial/proyecto_definitivo/admin/files/videos_registro/prueba.avi
OpenCV(4.5.3) /tmp/pip-req-build-dwj9trv5/opencv/modules/imgproc/src/resize.cpp:4051: error: (-215:Assertion failed) !ssize.empty() in function 'resize'

cara encontrada en: /var/www/html/reconocimientoFacial/proyecto_definitivo/admin/files/videos_registro/prueba.avi
No se puede alinear
cara guardada en /prueba.avi_13.382690191268921.jpg con esta confidence:0.98636055
cara encontrada en: /var/www/html/reconocimientoFacial/proyecto_definitivo/admin/files/videos_registro/prueba.avi
No se puede alinear
cara guardada en /prueba.avi_13.386229276657104.jpg con esta confidence:0.9857078
cara encontrada en: /var/www/html/reconocimientoFacial/proyecto_definitivo/admin/files/videos_registro/prueba.avi
OpenCV(4.5.3) /tmp/pip-req-build-dwj9trv5/opencv/modules/imgproc/src/resize.cpp:4051: error: (-215:Assertion failed) !ssize.empty() in function 'resize'

cara encontrada en: /var/www/html/reconocimientoFacial/proyecto_definitivo/admin/files/videos_registro/prueba.avi
OpenCV(4.5.3) /tmp/pip-req-build-dwj9trv5/opencv/modules/imgproc/src/resize.cpp:4051: error: (-215:Assertion failed) !ssize.empty() in function 'resize'

cara encontrada en: /var/www/html/reconocimientoFacial/proyecto_definitivo/admin/files/videos_registro/prueba.avi
No se puede alinear
cara guardada en /prueba.avi_13.477240800857544.jpg con esta confidence:0.9879605
cara encontrada en: /var/www/html/reconocimientoFacial/proyecto_definitivo/admin/files/videos_registro/prueba.avi
No se puede alinear
cara guardada en /prueba.avi_13.478502035140991.jpg con esta confidence:0.9828571
cara encontrada en: /var/www/html/reconocimientoFacial/proyecto_definitivo/admin/files/videos_registro/prueba.avi
OpenCV(4.5.3) /tmp/pip-req-build-dwj9trv5/opencv/modules/imgproc/src/resize.cpp:4051: error: (-215:Assertion failed) !ssize.empty() in function 'resize'

cara encontrada en: /var/www/html/reconocimientoFacial/proyecto_definitivo/admin/files/videos_registro/prueba.avi
OpenCV(4.5.3) /tmp/pip-req-build-dwj9trv5/opencv/modules/imgproc/src/resize.cpp:4051: error: (-215:Assertion failed) !ssize.empty() in function 'resize'

cara encontrada en: /var/www/html/reconocimientoFacial/proyecto_definitivo/admin/files/videos_registro/prueba.avi
No se puede alinear
cara guardada en /prueba.avi_13.566673040390015.jpg con esta confidence:0.9890883
cara encontrada en: /var/www/html/reconocimientoFacial/proyecto_definitivo/admin/files/videos_registro/prueba.avi
No se puede alinear
cara guardada en /prueba.avi_13.567854881286621.jpg con esta confidence:0.9852601
cara encontrada en: /var/www/html/reconocimientoFacial/proyecto_definitivo/admin/files/videos_registro/prueba.avi
OpenCV(4.5.3) /tmp/pip-req-build-dwj9trv5/opencv/modules/imgproc/src/resize.cpp:4051: error: (-215:Assertion failed) !ssize.empty() in function 'resize'

cara encontrada en: /var/www/html/reconocimientoFacial/proyecto_definitivo/admin/files/videos_registro/prueba.avi
OpenCV(4.5.3) /tmp/pip-req-build-dwj9trv5/opencv/modules/imgproc/src/resize.cpp:4051: error: (-215:Assertion failed) !ssize.empty() in function 'resize'

cara encontrada en: /var/www/html/reconocimientoFacial/proyecto_definitivo/admin/files/videos_registro/prueba.avi
No se puede alinear
cara guardada en /prueba.avi_13.618629455566406.jpg con esta confidence:0.98950505
cara encontrada en: /var/www/html/reconocimientoFacial/proyecto_definitivo/admin/files/videos_registro/prueba.avi
No se puede alinear
cara guardada en /prueba.avi_13.619842290878296.jpg con esta confidence:0.9861524
cara encontrada en: /var/www/html/reconocimientoFacial/proyecto_definitivo/admin/files/videos_registro/prueba.avi
OpenCV(4.5.3) /tmp/pip-req-build-dwj9trv5/opencv/modules/imgproc/src/resize.cpp:4051: error: (-215:Assertion failed) !ssize.empty() in function 'resize'

cara encontrada en: /var/www/html/reconocimientoFacial/proyecto_definitivo/admin/files/videos_registro/prueba.avi
OpenCV(4.5.3) /tmp/pip-req-build-dwj9trv5/opencv/modules/imgproc/src/resize.cpp:4051: error: (-215:Assertion failed) !ssize.empty() in function 'resize'

cara encontrada en: /var/www/html/reconocimientoFacial/proyecto_definitivo/admin/files/videos_registro/prueba.avi
No se puede alinear
cara guardada en /prueba.avi_13.679230451583862.jpg con esta confidence:0.9913532
cara encontrada en: /var/www/html/reconocimientoFacial/proyecto_definitivo/admin/files/videos_registro/prueba.avi
No se puede alinear
cara guardada en /prueba.avi_13.681361436843872.jpg con esta confidence:0.9843658
cara encontrada en: /var/www/html/reconocimientoFacial/proyecto_definitivo/admin/files/videos_registro/prueba.avi
OpenCV(4.5.3) /tmp/pip-req-build-dwj9trv5/opencv/modules/imgproc/src/resize.cpp:4051: error: (-215:Assertion failed) !ssize.empty() in function 'resize'

cara encontrada en: /var/www/html/reconocimientoFacial/proyecto_definitivo/admin/files/videos_registro/prueba.avi
OpenCV(4.5.3) /tmp/pip-req-build-dwj9trv5/opencv/modules/imgproc/src/resize.cpp:4051: error: (-215:Assertion failed) !ssize.empty() in function 'resize'

cara encontrada en: /var/www/html/reconocimientoFacial/proyecto_definitivo/admin/files/videos_registro/prueba.avi
No se puede alinear
cara guardada en /prueba.avi_13.75680160522461.jpg con esta confidence:0.99221426
cara encontrada en: /var/www/html/reconocimientoFacial/proyecto_definitivo/admin/files/videos_registro/prueba.avi
No se puede alinear
cara guardada en /prueba.avi_13.758055448532104.jpg con esta confidence:0.9760081
cara encontrada en: /var/www/html/reconocimientoFacial/proyecto_definitivo/admin/files/videos_registro/prueba.avi
OpenCV(4.5.3) /tmp/pip-req-build-dwj9trv5/opencv/modules/imgproc/src/resize.cpp:4051: error: (-215:Assertion failed) !ssize.empty() in function 'resize'

cara encontrada en: /var/www/html/reconocimientoFacial/proyecto_definitivo/admin/files/videos_registro/prueba.avi
OpenCV(4.5.3) /tmp/pip-req-build-dwj9trv5/opencv/modules/imgproc/src/resize.cpp:4051: error: (-215:Assertion failed) !ssize.empty() in function 'resize'

cara encontrada en: /var/www/html/reconocimientoFacial/proyecto_definitivo/admin/files/videos_registro/prueba.avi
No se puede alinear
cara guardada en /prueba.avi_13.810709953308105.jpg con esta confidence:0.9918161
cara encontrada en: /var/www/html/reconocimientoFacial/proyecto_definitivo/admin/files/videos_registro/prueba.avi
No se puede alinear
cara guardada en /prueba.avi_13.811982870101929.jpg con esta confidence:0.9763347
cara encontrada en: /var/www/html/reconocimientoFacial/proyecto_definitivo/admin/files/videos_registro/prueba.avi
OpenCV(4.5.3) /tmp/pip-req-build-dwj9trv5/opencv/modules/imgproc/src/resize.cpp:4051: error: (-215:Assertion failed) !ssize.empty() in function 'resize'

cara encontrada en: /var/www/html/reconocimientoFacial/proyecto_definitivo/admin/files/videos_registro/prueba.avi
OpenCV(4.5.3) /tmp/pip-req-build-dwj9trv5/opencv/modules/imgproc/src/resize.cpp:4051: error: (-215:Assertion failed) !ssize.empty() in function 'resize'

cara encontrada en: /var/www/html/reconocimientoFacial/proyecto_definitivo/admin/files/videos_registro/prueba.avi
No se puede alinear
cara guardada en /prueba.avi_13.888643026351929.jpg con esta confidence:0.98850274
cara encontrada en: /var/www/html/reconocimientoFacial/proyecto_definitivo/admin/files/videos_registro/prueba.avi
No se puede alinear
cara guardada en /prueba.avi_13.889824151992798.jpg con esta confidence:0.946152
cara encontrada en: /var/www/html/reconocimientoFacial/proyecto_definitivo/admin/files/videos_registro/prueba.avi
OpenCV(4.5.3) /tmp/pip-req-build-dwj9trv5/opencv/modules/imgproc/src/resize.cpp:4051: error: (-215:Assertion failed) !ssize.empty() in function 'resize'

cara encontrada en: /var/www/html/reconocimientoFacial/proyecto_definitivo/admin/files/videos_registro/prueba.avi
OpenCV(4.5.3) /tmp/pip-req-build-dwj9trv5/opencv/modules/imgproc/src/resize.cpp:4051: error: (-215:Assertion failed) !ssize.empty() in function 'resize'

cara encontrada en: /var/www/html/reconocimientoFacial/proyecto_definitivo/admin/files/videos_registro/prueba.avi
No se puede alinear
cara guardada en /prueba.avi_13.964819192886353.jpg con esta confidence:0.9727946
cara encontrada en: /var/www/html/reconocimientoFacial/proyecto_definitivo/admin/files/videos_registro/prueba.avi
No se puede alinear
cara guardada en /prueba.avi_13.965980052947998.jpg con esta confidence:0.87226254
cara encontrada en: /var/www/html/reconocimientoFacial/proyecto_definitivo/admin/files/videos_registro/prueba.avi
OpenCV(4.5.3) /tmp/pip-req-build-dwj9trv5/opencv/modules/imgproc/src/resize.cpp:4051: error: (-215:Assertion failed) !ssize.empty() in function 'resize'

cara encontrada en: /var/www/html/reconocimientoFacial/proyecto_definitivo/admin/files/videos_registro/prueba.avi
OpenCV(4.5.3) /tmp/pip-req-build-dwj9trv5/opencv/modules/imgproc/src/resize.cpp:4051: error: (-215:Assertion failed) !ssize.empty() in function 'resize'

cara encontrada en: /var/www/html/reconocimientoFacial/proyecto_definitivo/admin/files/videos_registro/prueba.avi
No se puede alinear
cara guardada en /prueba.avi_14.089334964752197.jpg con esta confidence:0.9462828
cara encontrada en: /var/www/html/reconocimientoFacial/proyecto_definitivo/admin/files/videos_registro/prueba.avi
No se puede alinear
cara guardada en /prueba.avi_14.093086004257202.jpg con esta confidence:0.8045195
cara encontrada en: /var/www/html/reconocimientoFacial/proyecto_definitivo/admin/files/videos_registro/prueba.avi
OpenCV(4.5.3) /tmp/pip-req-build-dwj9trv5/opencv/modules/imgproc/src/resize.cpp:4051: error: (-215:Assertion failed) !ssize.empty() in function 'resize'

cara encontrada en: /var/www/html/reconocimientoFacial/proyecto_definitivo/admin/files/videos_registro/prueba.avi
No se puede alinear
cara guardada en /prueba.avi_14.181190252304077.jpg con esta confidence:0.93420887
cara encontrada en: /var/www/html/reconocimientoFacial/proyecto_definitivo/admin/files/videos_registro/prueba.avi
No se puede alinear
cara guardada en /prueba.avi_14.182354211807251.jpg con esta confidence:0.9090768
cara encontrada en: /var/www/html/reconocimientoFacial/proyecto_definitivo/admin/files/videos_registro/prueba.avi
No se puede alinear
cara guardada en /prueba.avi_14.268131256103516.jpg con esta confidence:0.91565645
cara encontrada en: /var/www/html/reconocimientoFacial/proyecto_definitivo/admin/files/videos_registro/prueba.avi
No se puede alinear
cara guardada en /prueba.avi_14.270354747772217.jpg con esta confidence:0.90440774
cara encontrada en: /var/www/html/reconocimientoFacial/proyecto_definitivo/admin/files/videos_registro/prueba.avi
OpenCV(4.5.3) /tmp/pip-req-build-dwj9trv5/opencv/modules/imgproc/src/resize.cpp:4051: error: (-215:Assertion failed) !ssize.empty() in function 'resize'

cara encontrada en: /var/www/html/reconocimientoFacial/proyecto_definitivo/admin/files/videos_registro/prueba.avi
No se puede alinear
cara guardada en /prueba.avi_14.324925661087036.jpg con esta confidence:0.9710832
cara encontrada en: /var/www/html/reconocimientoFacial/proyecto_definitivo/admin/files/videos_registro/prueba.avi
No se puede alinear
cara guardada en /prueba.avi_14.326247215270996.jpg con esta confidence:0.9093126
cara encontrada en: /var/www/html/reconocimientoFacial/proyecto_definitivo/admin/files/videos_registro/prueba.avi
OpenCV(4.5.3) /tmp/pip-req-build-dwj9trv5/opencv/modules/imgproc/src/resize.cpp:4051: error: (-215:Assertion failed) !ssize.empty() in function 'resize'

cara encontrada en: /var/www/html/reconocimientoFacial/proyecto_definitivo/admin/files/videos_registro/prueba.avi
OpenCV(4.5.3) /tmp/pip-req-build-dwj9trv5/opencv/modules/imgproc/src/resize.cpp:4051: error: (-215:Assertion failed) !ssize.empty() in function 'resize'

cara encontrada en: /var/www/html/reconocimientoFacial/proyecto_definitivo/admin/files/videos_registro/prueba.avi
No se puede alinear
cara guardada en /prueba.avi_14.384901523590088.jpg con esta confidence:0.98651516
cara encontrada en: /var/www/html/reconocimientoFacial/proyecto_definitivo/admin/files/videos_registro/prueba.avi
No se puede alinear
cara guardada en /prueba.avi_14.386486768722534.jpg con esta confidence:0.97122455
cara encontrada en: /var/www/html/reconocimientoFacial/proyecto_definitivo/admin/files/videos_registro/prueba.avi
OpenCV(4.5.3) /tmp/pip-req-build-dwj9trv5/opencv/modules/imgproc/src/resize.cpp:4051: error: (-215:Assertion failed) !ssize.empty() in function 'resize'

cara encontrada en: /var/www/html/reconocimientoFacial/proyecto_definitivo/admin/files/videos_registro/prueba.avi
No se puede alinear
cara guardada en /prueba.avi_14.434412956237793.jpg con esta confidence:0.9975466
cara encontrada en: /var/www/html/reconocimientoFacial/proyecto_definitivo/admin/files/videos_registro/prueba.avi
No se puede alinear
cara guardada en /prueba.avi_14.435709953308105.jpg con esta confidence:0.9886157
cara encontrada en: /var/www/html/reconocimientoFacial/proyecto_definitivo/admin/files/videos_registro/prueba.avi
OpenCV(4.5.3) /tmp/pip-req-build-dwj9trv5/opencv/modules/imgproc/src/resize.cpp:4051: error: (-215:Assertion failed) !ssize.empty() in function 'resize'

cara encontrada en: /var/www/html/reconocimientoFacial/proyecto_definitivo/admin/files/videos_registro/prueba.avi
No se puede alinear
cara guardada en /prueba.avi_14.514878988265991.jpg con esta confidence:0.998209
cara encontrada en: /var/www/html/reconocimientoFacial/proyecto_definitivo/admin/files/videos_registro/prueba.avi
No se puede alinear
cara guardada en /prueba.avi_14.517088890075684.jpg con esta confidence:0.99452364
cara encontrada en: /var/www/html/reconocimientoFacial/proyecto_definitivo/admin/files/videos_registro/prueba.avi
OpenCV(4.5.3) /tmp/pip-req-build-dwj9trv5/opencv/modules/imgproc/src/resize.cpp:4051: error: (-215:Assertion failed) !ssize.empty() in function 'resize'

cara encontrada en: /var/www/html/reconocimientoFacial/proyecto_definitivo/admin/files/videos_registro/prueba.avi
OpenCV(4.5.3) /tmp/pip-req-build-dwj9trv5/opencv/modules/imgproc/src/resize.cpp:4051: error: (-215:Assertion failed) !ssize.empty() in function 'resize'

cara encontrada en: /var/www/html/reconocimientoFacial/proyecto_definitivo/admin/files/videos_registro/prueba.avi
No se puede alinear
cara guardada en /prueba.avi_14.589221239089966.jpg con esta confidence:0.9990715
cara encontrada en: /var/www/html/reconocimientoFacial/proyecto_definitivo/admin/files/videos_registro/prueba.avi
No se puede alinear
cara guardada en /prueba.avi_14.590642213821411.jpg con esta confidence:0.99704605
cara encontrada en: /var/www/html/reconocimientoFacial/proyecto_definitivo/admin/files/videos_registro/prueba.avi
OpenCV(4.5.3) /tmp/pip-req-build-dwj9trv5/opencv/modules/imgproc/src/resize.cpp:4051: error: (-215:Assertion failed) !ssize.empty() in function 'resize'

cara encontrada en: /var/www/html/reconocimientoFacial/proyecto_definitivo/admin/files/videos_registro/prueba.avi
OpenCV(4.5.3) /tmp/pip-req-build-dwj9trv5/opencv/modules/imgproc/src/resize.cpp:4051: error: (-215:Assertion failed) !ssize.empty() in function 'resize'

cara encontrada en: /var/www/html/reconocimientoFacial/proyecto_definitivo/admin/files/videos_registro/prueba.avi
No se puede alinear
cara guardada en /prueba.avi_14.663939952850342.jpg con esta confidence:0.9995011
cara encontrada en: /var/www/html/reconocimientoFacial/proyecto_definitivo/admin/files/videos_registro/prueba.avi
No se puede alinear
cara guardada en /prueba.avi_14.665701389312744.jpg con esta confidence:0.9981718
cara encontrada en: /var/www/html/reconocimientoFacial/proyecto_definitivo/admin/files/videos_registro/prueba.avi
OpenCV(4.5.3) /tmp/pip-req-build-dwj9trv5/opencv/modules/imgproc/src/resize.cpp:4051: error: (-215:Assertion failed) !ssize.empty() in function 'resize'

cara encontrada en: /var/www/html/reconocimientoFacial/proyecto_definitivo/admin/files/videos_registro/prueba.avi
OpenCV(4.5.3) /tmp/pip-req-build-dwj9trv5/opencv/modules/imgproc/src/resize.cpp:4051: error: (-215:Assertion failed) !ssize.empty() in function 'resize'

cara encontrada en: /var/www/html/reconocimientoFacial/proyecto_definitivo/admin/files/videos_registro/prueba.avi
No se puede alinear
cara guardada en /prueba.avi_14.717469930648804.jpg con esta confidence:0.9997547
cara encontrada en: /var/www/html/reconocimientoFacial/proyecto_definitivo/admin/files/videos_registro/prueba.avi
No se puede alinear
cara guardada en /prueba.avi_14.71880555152893.jpg con esta confidence:0.9989458
cara encontrada en: /var/www/html/reconocimientoFacial/proyecto_definitivo/admin/files/videos_registro/prueba.avi
OpenCV(4.5.3) /tmp/pip-req-build-dwj9trv5/opencv/modules/imgproc/src/resize.cpp:4051: error: (-215:Assertion failed) !ssize.empty() in function 'resize'

cara encontrada en: /var/www/html/reconocimientoFacial/proyecto_definitivo/admin/files/videos_registro/prueba.avi
OpenCV(4.5.3) /tmp/pip-req-build-dwj9trv5/opencv/modules/imgproc/src/resize.cpp:4051: error: (-215:Assertion failed) !ssize.empty() in function 'resize'

cara encontrada en: /var/www/html/reconocimientoFacial/proyecto_definitivo/admin/files/videos_registro/prueba.avi
No se puede alinear
cara guardada en /prueba.avi_14.790599822998047.jpg con esta confidence:0.99980694
cara encontrada en: /var/www/html/reconocimientoFacial/proyecto_definitivo/admin/files/videos_registro/prueba.avi
No se puede alinear
cara guardada en /prueba.avi_14.792155504226685.jpg con esta confidence:0.99916184
cara encontrada en: /var/www/html/reconocimientoFacial/proyecto_definitivo/admin/files/videos_registro/prueba.avi
OpenCV(4.5.3) /tmp/pip-req-build-dwj9trv5/opencv/modules/imgproc/src/resize.cpp:4051: error: (-215:Assertion failed) !ssize.empty() in function 'resize'

cara encontrada en: /var/www/html/reconocimientoFacial/proyecto_definitivo/admin/files/videos_registro/prueba.avi
OpenCV(4.5.3) /tmp/pip-req-build-dwj9trv5/opencv/modules/imgproc/src/resize.cpp:4051: error: (-215:Assertion failed) !ssize.empty() in function 'resize'

cara encontrada en: /var/www/html/reconocimientoFacial/proyecto_definitivo/admin/files/videos_registro/prueba.avi
No se puede alinear
cara guardada en /prueba.avi_14.890985250473022.jpg con esta confidence:0.9997491
cara encontrada en: /var/www/html/reconocimientoFacial/proyecto_definitivo/admin/files/videos_registro/prueba.avi
No se puede alinear
cara guardada en /prueba.avi_14.8936607837677.jpg con esta confidence:0.9993073
cara encontrada en: /var/www/html/reconocimientoFacial/proyecto_definitivo/admin/files/videos_registro/prueba.avi
OpenCV(4.5.3) /tmp/pip-req-build-dwj9trv5/opencv/modules/imgproc/src/resize.cpp:4051: error: (-215:Assertion failed) !ssize.empty() in function 'resize'

cara encontrada en: /var/www/html/reconocimientoFacial/proyecto_definitivo/admin/files/videos_registro/prueba.avi
OpenCV(4.5.3) /tmp/pip-req-build-dwj9trv5/opencv/modules/imgproc/src/resize.cpp:4051: error: (-215:Assertion failed) !ssize.empty() in function 'resize'

cara encontrada en: /var/www/html/reconocimientoFacial/proyecto_definitivo/admin/files/videos_registro/prueba.avi
No se puede alinear
cara guardada en /prueba.avi_14.97230839729309.jpg con esta confidence:0.99975747
cara encontrada en: /var/www/html/reconocimientoFacial/proyecto_definitivo/admin/files/videos_registro/prueba.avi
No se puede alinear
cara guardada en /prueba.avi_14.974548816680908.jpg con esta confidence:0.9993905
cara encontrada en: /var/www/html/reconocimientoFacial/proyecto_definitivo/admin/files/videos_registro/prueba.avi
OpenCV(4.5.3) /tmp/pip-req-build-dwj9trv5/opencv/modules/imgproc/src/resize.cpp:4051: error: (-215:Assertion failed) !ssize.empty() in function 'resize'

cara encontrada en: /var/www/html/reconocimientoFacial/proyecto_definitivo/admin/files/videos_registro/prueba.avi
OpenCV(4.5.3) /tmp/pip-req-build-dwj9trv5/opencv/modules/imgproc/src/resize.cpp:4051: error: (-215:Assertion failed) !ssize.empty() in function 'resize'

cara encontrada en: /var/www/html/reconocimientoFacial/proyecto_definitivo/admin/files/videos_registro/prueba.avi
No se puede alinear
cara guardada en /prueba.avi_15.06151819229126.jpg con esta confidence:0.99947065
cara encontrada en: /var/www/html/reconocimientoFacial/proyecto_definitivo/admin/files/videos_registro/prueba.avi
No se puede alinear
cara guardada en /prueba.avi_15.062915802001953.jpg con esta confidence:0.9993592
cara encontrada en: /var/www/html/reconocimientoFacial/proyecto_definitivo/admin/files/videos_registro/prueba.avi
OpenCV(4.5.3) /tmp/pip-req-build-dwj9trv5/opencv/modules/imgproc/src/resize.cpp:4051: error: (-215:Assertion failed) !ssize.empty() in function 'resize'

cara encontrada en: /var/www/html/reconocimientoFacial/proyecto_definitivo/admin/files/videos_registro/prueba.avi
OpenCV(4.5.3) /tmp/pip-req-build-dwj9trv5/opencv/modules/imgproc/src/resize.cpp:4051: error: (-215:Assertion failed) !ssize.empty() in function 'resize'

cara encontrada en: /var/www/html/reconocimientoFacial/proyecto_definitivo/admin/files/videos_registro/prueba.avi
No se puede alinear
cara guardada en /prueba.avi_15.119535684585571.jpg con esta confidence:0.9992611
cara encontrada en: /var/www/html/reconocimientoFacial/proyecto_definitivo/admin/files/videos_registro/prueba.avi
No se puede alinear
cara guardada en /prueba.avi_15.120946645736694.jpg con esta confidence:0.99834573
cara encontrada en: /var/www/html/reconocimientoFacial/proyecto_definitivo/admin/files/videos_registro/prueba.avi
OpenCV(4.5.3) /tmp/pip-req-build-dwj9trv5/opencv/modules/imgproc/src/resize.cpp:4051: error: (-215:Assertion failed) !ssize.empty() in function 'resize'

cara encontrada en: /var/www/html/reconocimientoFacial/proyecto_definitivo/admin/files/videos_registro/prueba.avi
OpenCV(4.5.3) /tmp/pip-req-build-dwj9trv5/opencv/modules/imgproc/src/resize.cpp:4051: error: (-215:Assertion failed) !ssize.empty() in function 'resize'

cara encontrada en: /var/www/html/reconocimientoFacial/proyecto_definitivo/admin/files/videos_registro/prueba.avi
No se puede alinear
cara guardada en /prueba.avi_15.192219018936157.jpg con esta confidence:0.9992041
cara encontrada en: /var/www/html/reconocimientoFacial/proyecto_definitivo/admin/files/videos_registro/prueba.avi
No se puede alinear
cara guardada en /prueba.avi_15.193613767623901.jpg con esta confidence:0.99673283
cara encontrada en: /var/www/html/reconocimientoFacial/proyecto_definitivo/admin/files/videos_registro/prueba.avi
OpenCV(4.5.3) /tmp/pip-req-build-dwj9trv5/opencv/modules/imgproc/src/resize.cpp:4051: error: (-215:Assertion failed) !ssize.empty() in function 'resize'

cara encontrada en: /var/www/html/reconocimientoFacial/proyecto_definitivo/admin/files/videos_registro/prueba.avi
OpenCV(4.5.3) /tmp/pip-req-build-dwj9trv5/opencv/modules/imgproc/src/resize.cpp:4051: error: (-215:Assertion failed) !ssize.empty() in function 'resize'

cara encontrada en: /var/www/html/reconocimientoFacial/proyecto_definitivo/admin/files/videos_registro/prueba.avi
No se puede alinear
cara guardada en /prueba.avi_15.298964977264404.jpg con esta confidence:0.99917835
cara encontrada en: /var/www/html/reconocimientoFacial/proyecto_definitivo/admin/files/videos_registro/prueba.avi
No se puede alinear
cara guardada en /prueba.avi_15.301048040390015.jpg con esta confidence:0.9949345
cara encontrada en: /var/www/html/reconocimientoFacial/proyecto_definitivo/admin/files/videos_registro/prueba.avi
OpenCV(4.5.3) /tmp/pip-req-build-dwj9trv5/opencv/modules/imgproc/src/resize.cpp:4051: error: (-215:Assertion failed) !ssize.empty() in function 'resize'

cara encontrada en: /var/www/html/reconocimientoFacial/proyecto_definitivo/admin/files/videos_registro/prueba.avi
OpenCV(4.5.3) /tmp/pip-req-build-dwj9trv5/opencv/modules/imgproc/src/resize.cpp:4051: error: (-215:Assertion failed) !ssize.empty() in function 'resize'

cara encontrada en: /var/www/html/reconocimientoFacial/proyecto_definitivo/admin/files/videos_registro/prueba.avi
No se puede alinear
cara guardada en /prueba.avi_15.369862079620361.jpg con esta confidence:0.9988921
cara encontrada en: /var/www/html/reconocimientoFacial/proyecto_definitivo/admin/files/videos_registro/prueba.avi
No se puede alinear
cara guardada en /prueba.avi_15.371357917785645.jpg con esta confidence:0.99262106
cara encontrada en: /var/www/html/reconocimientoFacial/proyecto_definitivo/admin/files/videos_registro/prueba.avi
OpenCV(4.5.3) /tmp/pip-req-build-dwj9trv5/opencv/modules/imgproc/src/resize.cpp:4051: error: (-215:Assertion failed) !ssize.empty() in function 'resize'

cara encontrada en: /var/www/html/reconocimientoFacial/proyecto_definitivo/admin/files/videos_registro/prueba.avi
OpenCV(4.5.3) /tmp/pip-req-build-dwj9trv5/opencv/modules/imgproc/src/resize.cpp:4051: error: (-215:Assertion failed) !ssize.empty() in function 'resize'

cara encontrada en: /var/www/html/reconocimientoFacial/proyecto_definitivo/admin/files/videos_registro/prueba.avi
No se puede alinear
cara guardada en /prueba.avi_15.443532705307007.jpg con esta confidence:0.9986761
cara encontrada en: /var/www/html/reconocimientoFacial/proyecto_definitivo/admin/files/videos_registro/prueba.avi
No se puede alinear
cara guardada en /prueba.avi_15.445106983184814.jpg con esta confidence:0.9855474
cara encontrada en: /var/www/html/reconocimientoFacial/proyecto_definitivo/admin/files/videos_registro/prueba.avi
OpenCV(4.5.3) /tmp/pip-req-build-dwj9trv5/opencv/modules/imgproc/src/resize.cpp:4051: error: (-215:Assertion failed) !ssize.empty() in function 'resize'

cara encontrada en: /var/www/html/reconocimientoFacial/proyecto_definitivo/admin/files/videos_registro/prueba.avi
OpenCV(4.5.3) /tmp/pip-req-build-dwj9trv5/opencv/modules/imgproc/src/resize.cpp:4051: error: (-215:Assertion failed) !ssize.empty() in function 'resize'

cara encontrada en: /var/www/html/reconocimientoFacial/proyecto_definitivo/admin/files/videos_registro/prueba.avi
No se puede alinear
cara guardada en /prueba.avi_15.515269994735718.jpg con esta confidence:0.9979151
cara encontrada en: /var/www/html/reconocimientoFacial/proyecto_definitivo/admin/files/videos_registro/prueba.avi
No se puede alinear
cara guardada en /prueba.avi_15.51754117012024.jpg con esta confidence:0.97068214
cara encontrada en: /var/www/html/reconocimientoFacial/proyecto_definitivo/admin/files/videos_registro/prueba.avi
OpenCV(4.5.3) /tmp/pip-req-build-dwj9trv5/opencv/modules/imgproc/src/resize.cpp:4051: error: (-215:Assertion failed) !ssize.empty() in function 'resize'

cara encontrada en: /var/www/html/reconocimientoFacial/proyecto_definitivo/admin/files/videos_registro/prueba.avi
OpenCV(4.5.3) /tmp/pip-req-build-dwj9trv5/opencv/modules/imgproc/src/resize.cpp:4051: error: (-215:Assertion failed) !ssize.empty() in function 'resize'

cara encontrada en: /var/www/html/reconocimientoFacial/proyecto_definitivo/admin/files/videos_registro/prueba.avi
No se puede alinear
cara guardada en /prueba.avi_15.63905143737793.jpg con esta confidence:0.99690443
cara encontrada en: /var/www/html/reconocimientoFacial/proyecto_definitivo/admin/files/videos_registro/prueba.avi
No se puede alinear
cara guardada en /prueba.avi_15.641928672790527.jpg con esta confidence:0.9289143
cara encontrada en: /var/www/html/reconocimientoFacial/proyecto_definitivo/admin/files/videos_registro/prueba.avi
OpenCV(4.5.3) /tmp/pip-req-build-dwj9trv5/opencv/modules/imgproc/src/resize.cpp:4051: error: (-215:Assertion failed) !ssize.empty() in function 'resize'

cara encontrada en: /var/www/html/reconocimientoFacial/proyecto_definitivo/admin/files/videos_registro/prueba.avi
OpenCV(4.5.3) /tmp/pip-req-build-dwj9trv5/opencv/modules/imgproc/src/resize.cpp:4051: error: (-215:Assertion failed) !ssize.empty() in function 'resize'

cara encontrada en: /var/www/html/reconocimientoFacial/proyecto_definitivo/admin/files/videos_registro/prueba.avi
No se puede alinear
cara guardada en /prueba.avi_15.772761583328247.jpg con esta confidence:0.9960525
cara encontrada en: /var/www/html/reconocimientoFacial/proyecto_definitivo/admin/files/videos_registro/prueba.avi
No se puede alinear
cara guardada en /prueba.avi_15.776369094848633.jpg con esta confidence:0.8966299
cara encontrada en: /var/www/html/reconocimientoFacial/proyecto_definitivo/admin/files/videos_registro/prueba.avi
OpenCV(4.5.3) /tmp/pip-req-build-dwj9trv5/opencv/modules/imgproc/src/resize.cpp:4051: error: (-215:Assertion failed) !ssize.empty() in function 'resize'

cara encontrada en: /var/www/html/reconocimientoFacial/proyecto_definitivo/admin/files/videos_registro/prueba.avi
OpenCV(4.5.3) /tmp/pip-req-build-dwj9trv5/opencv/modules/imgproc/src/resize.cpp:4051: error: (-215:Assertion failed) !ssize.empty() in function 'resize'

cara encontrada en: /var/www/html/reconocimientoFacial/proyecto_definitivo/admin/files/videos_registro/prueba.avi
No se puede alinear
cara guardada en /prueba.avi_15.859971761703491.jpg con esta confidence:0.99032205
cara encontrada en: /var/www/html/reconocimientoFacial/proyecto_definitivo/admin/files/videos_registro/prueba.avi
No se puede alinear
cara guardada en /prueba.avi_15.861215591430664.jpg con esta confidence:0.9371513
cara encontrada en: /var/www/html/reconocimientoFacial/proyecto_definitivo/admin/files/videos_registro/prueba.avi
OpenCV(4.5.3) /tmp/pip-req-build-dwj9trv5/opencv/modules/imgproc/src/resize.cpp:4051: error: (-215:Assertion failed) !ssize.empty() in function 'resize'

cara encontrada en: /var/www/html/reconocimientoFacial/proyecto_definitivo/admin/files/videos_registro/prueba.avi
No se puede alinear
cara guardada en /prueba.avi_15.938170433044434.jpg con esta confidence:0.97746426
cara encontrada en: /var/www/html/reconocimientoFacial/proyecto_definitivo/admin/files/videos_registro/prueba.avi
No se puede alinear
cara guardada en /prueba.avi_15.939786672592163.jpg con esta confidence:0.96468586
cara encontrada en: /var/www/html/reconocimientoFacial/proyecto_definitivo/admin/files/videos_registro/prueba.avi
OpenCV(4.5.3) /tmp/pip-req-build-dwj9trv5/opencv/modules/imgproc/src/resize.cpp:4051: error: (-215:Assertion failed) !ssize.empty() in function 'resize'

cara encontrada en: /var/www/html/reconocimientoFacial/proyecto_definitivo/admin/files/videos_registro/prueba.avi
No se puede alinear
cara guardada en /prueba.avi_16.016370058059692.jpg con esta confidence:0.989963
cara encontrada en: /var/www/html/reconocimientoFacial/proyecto_definitivo/admin/files/videos_registro/prueba.avi
No se puede alinear
cara guardada en /prueba.avi_16.01772952079773.jpg con esta confidence:0.9460134
cara encontrada en: /var/www/html/reconocimientoFacial/proyecto_definitivo/admin/files/videos_registro/prueba.avi
No se puede alinear
cara guardada en /prueba.avi_16.102869987487793.jpg con esta confidence:0.9935236
cara encontrada en: /var/www/html/reconocimientoFacial/proyecto_definitivo/admin/files/videos_registro/prueba.avi
No se puede alinear
cara guardada en /prueba.avi_16.104493618011475.jpg con esta confidence:0.8931673
cara encontrada en: /var/www/html/reconocimientoFacial/proyecto_definitivo/admin/files/videos_registro/prueba.avi
No se puede alinear
cara guardada en /prueba.avi_16.20961833000183.jpg con esta confidence:0.9955777
cara encontrada en: /var/www/html/reconocimientoFacial/proyecto_definitivo/admin/files/videos_registro/prueba.avi
No se puede alinear
cara guardada en /prueba.avi_16.211476802825928.jpg con esta confidence:0.8986356
cara encontrada en: /var/www/html/reconocimientoFacial/proyecto_definitivo/admin/files/videos_registro/prueba.avi
No se puede alinear
cara guardada en /prueba.avi_16.27639126777649.jpg con esta confidence:0.9980046
cara encontrada en: /var/www/html/reconocimientoFacial/proyecto_definitivo/admin/files/videos_registro/prueba.avi
No se puede alinear
cara guardada en /prueba.avi_16.27803874015808.jpg con esta confidence:0.93558335
cara encontrada en: /var/www/html/reconocimientoFacial/proyecto_definitivo/admin/files/videos_registro/prueba.avi
No se puede alinear
cara guardada en /prueba.avi_16.355967044830322.jpg con esta confidence:0.99902284
cara encontrada en: /var/www/html/reconocimientoFacial/proyecto_definitivo/admin/files/videos_registro/prueba.avi
No se puede alinear
cara guardada en /prueba.avi_16.35812282562256.jpg con esta confidence:0.9624233
cara encontrada en: /var/www/html/reconocimientoFacial/proyecto_definitivo/admin/files/videos_registro/prueba.avi
No se puede alinear
cara guardada en /prueba.avi_16.437764167785645.jpg con esta confidence:0.9992374
cara encontrada en: /var/www/html/reconocimientoFacial/proyecto_definitivo/admin/files/videos_registro/prueba.avi
No se puede alinear
cara guardada en /prueba.avi_16.43919014930725.jpg con esta confidence:0.9865124
cara encontrada en: /var/www/html/reconocimientoFacial/proyecto_definitivo/admin/files/videos_registro/prueba.avi
No se puede alinear
cara guardada en /prueba.avi_16.497320413589478.jpg con esta confidence:0.9997178
cara encontrada en: /var/www/html/reconocimientoFacial/proyecto_definitivo/admin/files/videos_registro/prueba.avi
No se puede alinear
cara guardada en /prueba.avi_16.499138593673706.jpg con esta confidence:0.98828655
cara encontrada en: /var/www/html/reconocimientoFacial/proyecto_definitivo/admin/files/videos_registro/prueba.avi
No se puede alinear
cara guardada en /prueba.avi_16.550859212875366.jpg con esta confidence:0.9993895
cara encontrada en: /var/www/html/reconocimientoFacial/proyecto_definitivo/admin/files/videos_registro/prueba.avi
No se puede alinear
cara guardada en /prueba.avi_16.55221962928772.jpg con esta confidence:0.9848354
cara encontrada en: /var/www/html/reconocimientoFacial/proyecto_definitivo/admin/files/videos_registro/prueba.avi
No se puede alinear
cara guardada en /prueba.avi_16.6155788898468.jpg con esta confidence:0.9990227
cara encontrada en: /var/www/html/reconocimientoFacial/proyecto_definitivo/admin/files/videos_registro/prueba.avi
No se puede alinear
cara guardada en /prueba.avi_16.616714000701904.jpg con esta confidence:0.9863892
cara encontrada en: /var/www/html/reconocimientoFacial/proyecto_definitivo/admin/files/videos_registro/prueba.avi
No se puede alinear
cara guardada en /prueba.avi_16.6676664352417.jpg con esta confidence:0.99967194
cara encontrada en: /var/www/html/reconocimientoFacial/proyecto_definitivo/admin/files/videos_registro/prueba.avi
No se puede alinear
cara guardada en /prueba.avi_16.669245719909668.jpg con esta confidence:0.9926745
cara encontrada en: /var/www/html/reconocimientoFacial/proyecto_definitivo/admin/files/videos_registro/prueba.avi
No se puede alinear
cara guardada en /prueba.avi_16.715819120407104.jpg con esta confidence:0.9995227
cara encontrada en: /var/www/html/reconocimientoFacial/proyecto_definitivo/admin/files/videos_registro/prueba.avi
No se puede alinear
cara guardada en /prueba.avi_16.7170193195343.jpg con esta confidence:0.9930943
cara encontrada en: /var/www/html/reconocimientoFacial/proyecto_definitivo/admin/files/videos_registro/prueba.avi
No se puede alinear
cara guardada en /prueba.avi_16.79863929748535.jpg con esta confidence:0.99934465
cara encontrada en: /var/www/html/reconocimientoFacial/proyecto_definitivo/admin/files/videos_registro/prueba.avi
No se puede alinear
cara guardada en /prueba.avi_16.79987859725952.jpg con esta confidence:0.9911533
cara encontrada en: /var/www/html/reconocimientoFacial/proyecto_definitivo/admin/files/videos_registro/prueba.avi
No se puede alinear
cara guardada en /prueba.avi_16.878228664398193.jpg con esta confidence:0.99803585
cara encontrada en: /var/www/html/reconocimientoFacial/proyecto_definitivo/admin/files/videos_registro/prueba.avi
No se puede alinear
cara guardada en /prueba.avi_16.87996745109558.jpg con esta confidence:0.98971087
cara encontrada en: /var/www/html/reconocimientoFacial/proyecto_definitivo/admin/files/videos_registro/prueba.avi
No se puede alinear
cara guardada en /prueba.avi_16.964101314544678.jpg con esta confidence:0.99845254
cara encontrada en: /var/www/html/reconocimientoFacial/proyecto_definitivo/admin/files/videos_registro/prueba.avi
No se puede alinear
cara guardada en /prueba.avi_16.96603035926819.jpg con esta confidence:0.98621583
cara encontrada en: /var/www/html/reconocimientoFacial/proyecto_definitivo/admin/files/videos_registro/prueba.avi
No se puede alinear
cara guardada en /prueba.avi_17.06666111946106.jpg con esta confidence:0.999017
cara encontrada en: /var/www/html/reconocimientoFacial/proyecto_definitivo/admin/files/videos_registro/prueba.avi
No se puede alinear
cara guardada en /prueba.avi_17.06899404525757.jpg con esta confidence:0.98912126
cara encontrada en: /var/www/html/reconocimientoFacial/proyecto_definitivo/admin/files/videos_registro/prueba.avi
No se puede alinear
cara guardada en /prueba.avi_17.1559841632843.jpg con esta confidence:0.9992988
cara encontrada en: /var/www/html/reconocimientoFacial/proyecto_definitivo/admin/files/videos_registro/prueba.avi
No se puede alinear
cara guardada en /prueba.avi_17.15773582458496.jpg con esta confidence:0.9914703
cara encontrada en: /var/www/html/reconocimientoFacial/proyecto_definitivo/admin/files/videos_registro/prueba.avi
No se puede alinear
cara guardada en /prueba.avi_17.26968479156494.jpg con esta confidence:0.99978715
cara encontrada en: /var/www/html/reconocimientoFacial/proyecto_definitivo/admin/files/videos_registro/prueba.avi
No se puede alinear
cara guardada en /prueba.avi_17.272484302520752.jpg con esta confidence:0.99379563
cara encontrada en: /var/www/html/reconocimientoFacial/proyecto_definitivo/admin/files/videos_registro/prueba.avi
No se puede alinear
cara guardada en /prueba.avi_17.346378803253174.jpg con esta confidence:0.9999213
cara encontrada en: /var/www/html/reconocimientoFacial/proyecto_definitivo/admin/files/videos_registro/prueba.avi
No se puede alinear
cara guardada en /prueba.avi_17.347705125808716.jpg con esta confidence:0.9898094
cara encontrada en: /var/www/html/reconocimientoFacial/proyecto_definitivo/admin/files/videos_registro/prueba.avi
No se puede alinear
cara guardada en /prueba.avi_17.413034677505493.jpg con esta confidence:0.99960715
cara encontrada en: /var/www/html/reconocimientoFacial/proyecto_definitivo/admin/files/videos_registro/prueba.avi
No se puede alinear
cara guardada en /prueba.avi_17.414727449417114.jpg con esta confidence:0.972853
cara encontrada en: /var/www/html/reconocimientoFacial/proyecto_definitivo/admin/files/videos_registro/prueba.avi
No se puede alinear
cara guardada en /prueba.avi_17.46352529525757.jpg con esta confidence:0.99919266
cara encontrada en: /var/www/html/reconocimientoFacial/proyecto_definitivo/admin/files/videos_registro/prueba.avi
No se puede alinear
cara guardada en /prueba.avi_17.465148448944092.jpg con esta confidence:0.9350292
cara encontrada en: /var/www/html/reconocimientoFacial/proyecto_definitivo/admin/files/videos_registro/prueba.avi
No se puede alinear
cara guardada en /prueba.avi_17.533311128616333.jpg con esta confidence:0.9920542
cara encontrada en: /var/www/html/reconocimientoFacial/proyecto_definitivo/admin/files/videos_registro/prueba.avi
No se puede alinear
cara guardada en /prueba.avi_17.534731149673462.jpg con esta confidence:0.96357405
cara encontrada en: /var/www/html/reconocimientoFacial/proyecto_definitivo/admin/files/videos_registro/prueba.avi
No se puede alinear
cara guardada en /prueba.avi_17.586770057678223.jpg con esta confidence:0.9894963
cara encontrada en: /var/www/html/reconocimientoFacial/proyecto_definitivo/admin/files/videos_registro/prueba.avi
No se puede alinear
cara guardada en /prueba.avi_17.58793592453003.jpg con esta confidence:0.9572933
cara encontrada en: /var/www/html/reconocimientoFacial/proyecto_definitivo/admin/files/videos_registro/prueba.avi
No se puede alinear
cara guardada en /prueba.avi_17.638328790664673.jpg con esta confidence:0.9973074
cara encontrada en: /var/www/html/reconocimientoFacial/proyecto_definitivo/admin/files/videos_registro/prueba.avi
No se puede alinear
cara guardada en /prueba.avi_17.63980007171631.jpg con esta confidence:0.98978686
cara encontrada en: /var/www/html/reconocimientoFacial/proyecto_definitivo/admin/files/videos_registro/prueba.avi
No se puede alinear
cara guardada en /prueba.avi_17.71774983406067.jpg con esta confidence:0.9987698
cara encontrada en: /var/www/html/reconocimientoFacial/proyecto_definitivo/admin/files/videos_registro/prueba.avi
No se puede alinear
cara guardada en /prueba.avi_17.719274044036865.jpg con esta confidence:0.9978223
cara encontrada en: /var/www/html/reconocimientoFacial/proyecto_definitivo/admin/files/videos_registro/prueba.avi
No se puede alinear
cara guardada en /prueba.avi_17.807220935821533.jpg con esta confidence:0.9996112
cara encontrada en: /var/www/html/reconocimientoFacial/proyecto_definitivo/admin/files/videos_registro/prueba.avi
No se puede alinear
cara guardada en /prueba.avi_17.808701753616333.jpg con esta confidence:0.9976615
cara encontrada en: /var/www/html/reconocimientoFacial/proyecto_definitivo/admin/files/videos_registro/prueba.avi
No se puede alinear
cara guardada en /prueba.avi_17.8806209564209.jpg con esta confidence:0.999734
cara encontrada en: /var/www/html/reconocimientoFacial/proyecto_definitivo/admin/files/videos_registro/prueba.avi
No se puede alinear
cara guardada en /prueba.avi_17.882371187210083.jpg con esta confidence:0.99781394
cara encontrada en: /var/www/html/reconocimientoFacial/proyecto_definitivo/admin/files/videos_registro/prueba.avi
No se puede alinear
cara guardada en /prueba.avi_17.95569133758545.jpg con esta confidence:0.9996847
cara encontrada en: /var/www/html/reconocimientoFacial/proyecto_definitivo/admin/files/videos_registro/prueba.avi
No se puede alinear
cara guardada en /prueba.avi_17.957029581069946.jpg con esta confidence:0.994238
cara encontrada en: /var/www/html/reconocimientoFacial/proyecto_definitivo/admin/files/videos_registro/prueba.avi
No se puede alinear
cara guardada en /prueba.avi_18.033595085144043.jpg con esta confidence:0.99979764
cara encontrada en: /var/www/html/reconocimientoFacial/proyecto_definitivo/admin/files/videos_registro/prueba.avi
No se puede alinear
cara guardada en /prueba.avi_18.03525996208191.jpg con esta confidence:0.99093455
cara encontrada en: /var/www/html/reconocimientoFacial/proyecto_definitivo/admin/files/videos_registro/prueba.avi
No se puede alinear
cara guardada en /prueba.avi_18.1231849193573.jpg con esta confidence:0.9995509
cara encontrada en: /var/www/html/reconocimientoFacial/proyecto_definitivo/admin/files/videos_registro/prueba.avi
No se puede alinear
cara guardada en /prueba.avi_18.124892234802246.jpg con esta confidence:0.98215127
cara encontrada en: /var/www/html/reconocimientoFacial/proyecto_definitivo/admin/files/videos_registro/prueba.avi
No se puede alinear
cara guardada en /prueba.avi_18.235540628433228.jpg con esta confidence:0.99916077
cara encontrada en: /var/www/html/reconocimientoFacial/proyecto_definitivo/admin/files/videos_registro/prueba.avi
No se puede alinear
cara guardada en /prueba.avi_18.236985206604004.jpg con esta confidence:0.9803884
cara encontrada en: /var/www/html/reconocimientoFacial/proyecto_definitivo/admin/files/videos_registro/prueba.avi
No se puede alinear
cara guardada en /prueba.avi_18.300093173980713.jpg con esta confidence:0.9987148
cara encontrada en: /var/www/html/reconocimientoFacial/proyecto_definitivo/admin/files/videos_registro/prueba.avi
No se puede alinear
cara guardada en /prueba.avi_18.301536321640015.jpg con esta confidence:0.938483
cara encontrada en: /var/www/html/reconocimientoFacial/proyecto_definitivo/admin/files/videos_registro/prueba.avi
No se puede alinear
cara guardada en /prueba.avi_18.373948574066162.jpg con esta confidence:0.99719363
cara encontrada en: /var/www/html/reconocimientoFacial/proyecto_definitivo/admin/files/videos_registro/prueba.avi
No se puede alinear
cara guardada en /prueba.avi_18.375336408615112.jpg con esta confidence:0.8908118
cara encontrada en: /var/www/html/reconocimientoFacial/proyecto_definitivo/admin/files/videos_registro/prueba.avi
No se puede alinear
cara guardada en /prueba.avi_18.42720603942871.jpg con esta confidence:0.9957783
cara encontrada en: /var/www/html/reconocimientoFacial/proyecto_definitivo/admin/files/videos_registro/prueba.avi
No se puede alinear
cara guardada en /prueba.avi_18.428696870803833.jpg con esta confidence:0.8257442
cara encontrada en: /var/www/html/reconocimientoFacial/proyecto_definitivo/admin/files/videos_registro/prueba.avi
No se puede alinear
cara guardada en /prueba.avi_18.486072063446045.jpg con esta confidence:0.98977894
cara encontrada en: /var/www/html/reconocimientoFacial/proyecto_definitivo/admin/files/videos_registro/prueba.avi
No se puede alinear
cara guardada en /prueba.avi_18.48764944076538.jpg con esta confidence:0.68860763
cara encontrada en: /var/www/html/reconocimientoFacial/proyecto_definitivo/admin/files/videos_registro/prueba.avi
No se puede alinear
cara guardada en /prueba.avi_18.538514375686646.jpg con esta confidence:0.98295075
cara encontrada en: /var/www/html/reconocimientoFacial/proyecto_definitivo/admin/files/videos_registro/prueba.avi
No se puede alinear
cara guardada en /prueba.avi_18.588355541229248.jpg con esta confidence:0.97913617
cara encontrada en: /var/www/html/reconocimientoFacial/proyecto_definitivo/admin/files/videos_registro/prueba.avi
No se puede alinear
cara guardada en /prueba.avi_18.64833402633667.jpg con esta confidence:0.9852587
cara encontrada en: /var/www/html/reconocimientoFacial/proyecto_definitivo/admin/files/videos_registro/prueba.avi
No se puede alinear
cara guardada en /prueba.avi_18.745532035827637.jpg con esta confidence:0.96774566
cara encontrada en: /var/www/html/reconocimientoFacial/proyecto_definitivo/admin/files/videos_registro/prueba.avi
No se puede alinear
cara guardada en /prueba.avi_18.747140407562256.jpg con esta confidence:0.7258762
cara encontrada en: /var/www/html/reconocimientoFacial/proyecto_definitivo/admin/files/videos_registro/prueba.avi
No se puede alinear
cara guardada en /prueba.avi_18.87381601333618.jpg con esta confidence:0.95962596
cara encontrada en: /var/www/html/reconocimientoFacial/proyecto_definitivo/admin/files/videos_registro/prueba.avi
No se puede alinear
cara guardada en /prueba.avi_18.875205516815186.jpg con esta confidence:0.756465
cara encontrada en: /var/www/html/reconocimientoFacial/proyecto_definitivo/admin/files/videos_registro/prueba.avi
No se puede alinear
cara guardada en /prueba.avi_18.96041750907898.jpg con esta confidence:0.9274307
cara encontrada en: /var/www/html/reconocimientoFacial/proyecto_definitivo/admin/files/videos_registro/prueba.avi
No se puede alinear
cara guardada en /prueba.avi_18.962361574172974.jpg con esta confidence:0.8410985
cara encontrada en: /var/www/html/reconocimientoFacial/proyecto_definitivo/admin/files/videos_registro/prueba.avi
No se puede alinear
cara guardada en /prueba.avi_19.061529874801636.jpg con esta confidence:0.956235
cara encontrada en: /var/www/html/reconocimientoFacial/proyecto_definitivo/admin/files/videos_registro/prueba.avi
No se puede alinear
cara guardada en /prueba.avi_19.062777757644653.jpg con esta confidence:0.77045304
cara encontrada en: /var/www/html/reconocimientoFacial/proyecto_definitivo/admin/files/videos_registro/prueba.avi
No se puede alinear
cara guardada en /prueba.avi_19.13478183746338.jpg con esta confidence:0.97077787
cara encontrada en: /var/www/html/reconocimientoFacial/proyecto_definitivo/admin/files/videos_registro/prueba.avi
No se puede alinear
cara guardada en /prueba.avi_19.136208057403564.jpg con esta confidence:0.6932752
cara encontrada en: /var/www/html/reconocimientoFacial/proyecto_definitivo/admin/files/videos_registro/prueba.avi
No se puede alinear
cara guardada en /prueba.avi_19.190053701400757.jpg con esta confidence:0.84202707
cara encontrada en: /var/www/html/reconocimientoFacial/proyecto_definitivo/admin/files/videos_registro/prueba.avi
No se puede alinear
cara guardada en /prueba.avi_19.191328763961792.jpg con esta confidence:0.68072265
cara encontrada en: /var/www/html/reconocimientoFacial/proyecto_definitivo/admin/files/videos_registro/prueba.avi
No se puede alinear
cara guardada en /prueba.avi_19.265754222869873.jpg con esta confidence:0.9187029
cara encontrada en: /var/www/html/reconocimientoFacial/proyecto_definitivo/admin/files/videos_registro/prueba.avi
No se puede alinear
cara guardada en /prueba.avi_19.267325162887573.jpg con esta confidence:0.68189627
cara encontrada en: /var/www/html/reconocimientoFacial/proyecto_definitivo/admin/files/videos_registro/prueba.avi
No se puede alinear
cara guardada en /prueba.avi_19.339828491210938.jpg con esta confidence:0.9547918
cara encontrada en: /var/www/html/reconocimientoFacial/proyecto_definitivo/admin/files/videos_registro/prueba.avi
No se puede alinear
cara guardada en /prueba.avi_19.401947021484375.jpg con esta confidence:0.93483716
cara encontrada en: /var/www/html/reconocimientoFacial/proyecto_definitivo/admin/files/videos_registro/prueba.avi
No se puede alinear
cara guardada en /prueba.avi_19.45801281929016.jpg con esta confidence:0.91378945
cara encontrada en: /var/www/html/reconocimientoFacial/proyecto_definitivo/admin/files/videos_registro/prueba.avi
No se puede alinear
cara guardada en /prueba.avi_19.521707773208618.jpg con esta confidence:0.74968386
cara encontrada en: /var/www/html/reconocimientoFacial/proyecto_definitivo/admin/files/videos_registro/prueba.avi
No se puede alinear
cara guardada en /prueba.avi_20.08479070663452.jpg con esta confidence:0.7218941
cara encontrada en: /var/www/html/reconocimientoFacial/proyecto_definitivo/admin/files/videos_registro/prueba.avi
No se puede alinear
cara guardada en /prueba.avi_20.226337432861328.jpg con esta confidence:0.7092329
cara encontrada en: /var/www/html/reconocimientoFacial/proyecto_definitivo/admin/files/videos_registro/prueba.avi
No se puede alinear
cara guardada en /prueba.avi_20.468940019607544.jpg con esta confidence:0.896693
cara encontrada en: /var/www/html/reconocimientoFacial/proyecto_definitivo/admin/files/videos_registro/prueba.avi
No se puede alinear
cara guardada en /prueba.avi_20.51949715614319.jpg con esta confidence:0.9658431
cara encontrada en: /var/www/html/reconocimientoFacial/proyecto_definitivo/admin/files/videos_registro/prueba.avi
No se puede alinear
cara guardada en /prueba.avi_20.57725477218628.jpg con esta confidence:0.8712448
cara encontrada en: /var/www/html/reconocimientoFacial/proyecto_definitivo/admin/files/videos_registro/prueba.avi
No se puede alinear
cara guardada en /prueba.avi_20.630812644958496.jpg con esta confidence:0.9053712
cara encontrada en: /var/www/html/reconocimientoFacial/proyecto_definitivo/admin/files/videos_registro/prueba.avi
No se puede alinear
cara guardada en /prueba.avi_20.679757833480835.jpg con esta confidence:0.92836124
cara encontrada en: /var/www/html/reconocimientoFacial/proyecto_definitivo/admin/files/videos_registro/prueba.avi
No se puede alinear
cara guardada en /prueba.avi_20.74230694770813.jpg con esta confidence:0.9843983
cara encontrada en: /var/www/html/reconocimientoFacial/proyecto_definitivo/admin/files/videos_registro/prueba.avi
No se puede alinear
cara guardada en /prueba.avi_20.743741035461426.jpg con esta confidence:0.78199637
cara encontrada en: /var/www/html/reconocimientoFacial/proyecto_definitivo/admin/files/videos_registro/prueba.avi
No se puede alinear
cara guardada en /prueba.avi_20.807467460632324.jpg con esta confidence:0.9910982
cara encontrada en: /var/www/html/reconocimientoFacial/proyecto_definitivo/admin/files/videos_registro/prueba.avi
No se puede alinear
cara guardada en /prueba.avi_20.808932304382324.jpg con esta confidence:0.8097392
cara encontrada en: /var/www/html/reconocimientoFacial/proyecto_definitivo/admin/files/videos_registro/prueba.avi
No se puede alinear
cara guardada en /prueba.avi_20.88183832168579.jpg con esta confidence:0.9984572
cara encontrada en: /var/www/html/reconocimientoFacial/proyecto_definitivo/admin/files/videos_registro/prueba.avi
No se puede alinear
cara guardada en /prueba.avi_20.883255004882812.jpg con esta confidence:0.89149797
cara encontrada en: /var/www/html/reconocimientoFacial/proyecto_definitivo/admin/files/videos_registro/prueba.avi
No se puede alinear
cara guardada en /prueba.avi_20.954519510269165.jpg con esta confidence:0.99823123
cara encontrada en: /var/www/html/reconocimientoFacial/proyecto_definitivo/admin/files/videos_registro/prueba.avi
No se puede alinear
cara guardada en /prueba.avi_20.955949783325195.jpg con esta confidence:0.9130775
cara encontrada en: /var/www/html/reconocimientoFacial/proyecto_definitivo/admin/files/videos_registro/prueba.avi
No se puede alinear
cara guardada en /prueba.avi_21.034141302108765.jpg con esta confidence:0.9966967
cara encontrada en: /var/www/html/reconocimientoFacial/proyecto_definitivo/admin/files/videos_registro/prueba.avi
No se puede alinear
cara guardada en /prueba.avi_21.035442352294922.jpg con esta confidence:0.88666403
cara encontrada en: /var/www/html/reconocimientoFacial/proyecto_definitivo/admin/files/videos_registro/prueba.avi
No se puede alinear
cara guardada en /prueba.avi_21.17157483100891.jpg con esta confidence:0.99412715
cara encontrada en: /var/www/html/reconocimientoFacial/proyecto_definitivo/admin/files/videos_registro/prueba.avi
No se puede alinear
cara guardada en /prueba.avi_21.173043251037598.jpg con esta confidence:0.85442764
cara encontrada en: /var/www/html/reconocimientoFacial/proyecto_definitivo/admin/files/videos_registro/prueba.avi
No se puede alinear
cara guardada en /prueba.avi_21.259783029556274.jpg con esta confidence:0.9801277
cara encontrada en: /var/www/html/reconocimientoFacial/proyecto_definitivo/admin/files/videos_registro/prueba.avi
No se puede alinear
cara guardada en /prueba.avi_21.26131272315979.jpg con esta confidence:0.8053919
cara encontrada en: /var/www/html/reconocimientoFacial/proyecto_definitivo/admin/files/videos_registro/prueba.avi
No se puede alinear
cara guardada en /prueba.avi_21.314154386520386.jpg con esta confidence:0.95297176
cara encontrada en: /var/www/html/reconocimientoFacial/proyecto_definitivo/admin/files/videos_registro/prueba.avi
No se puede alinear
cara guardada en /prueba.avi_21.315614938735962.jpg con esta confidence:0.872085
cara encontrada en: /var/www/html/reconocimientoFacial/proyecto_definitivo/admin/files/videos_registro/prueba.avi
No se puede alinear
cara guardada en /prueba.avi_21.36964988708496.jpg con esta confidence:0.96904236
cara encontrada en: /var/www/html/reconocimientoFacial/proyecto_definitivo/admin/files/videos_registro/prueba.avi
No se puede alinear
cara guardada en /prueba.avi_21.370919942855835.jpg con esta confidence:0.9408849
cara encontrada en: /var/www/html/reconocimientoFacial/proyecto_definitivo/admin/files/videos_registro/prueba.avi
No se puede alinear
cara guardada en /prueba.avi_21.43796443939209.jpg con esta confidence:0.97152036
cara encontrada en: /var/www/html/reconocimientoFacial/proyecto_definitivo/admin/files/videos_registro/prueba.avi
No se puede alinear
cara guardada en /prueba.avi_21.43924355506897.jpg con esta confidence:0.9617976
cara encontrada en: /var/www/html/reconocimientoFacial/proyecto_definitivo/admin/files/videos_registro/prueba.avi
OpenCV(4.5.3) /tmp/pip-req-build-dwj9trv5/opencv/modules/imgproc/src/resize.cpp:4051: error: (-215:Assertion failed) !ssize.empty() in function 'resize'

cara encontrada en: /var/www/html/reconocimientoFacial/proyecto_definitivo/admin/files/videos_registro/prueba.avi
OpenCV(4.5.3) /tmp/pip-req-build-dwj9trv5/opencv/modules/imgproc/src/resize.cpp:4051: error: (-215:Assertion failed) !ssize.empty() in function 'resize'

cara encontrada en: /var/www/html/reconocimientoFacial/proyecto_definitivo/admin/files/videos_registro/prueba.avi
No se puede alinear
cara guardada en /prueba.avi_21.492498874664307.jpg con esta confidence:0.9862947
cara encontrada en: /var/www/html/reconocimientoFacial/proyecto_definitivo/admin/files/videos_registro/prueba.avi
No se puede alinear
cara guardada en /prueba.avi_21.493773221969604.jpg con esta confidence:0.9552878
cara encontrada en: /var/www/html/reconocimientoFacial/proyecto_definitivo/admin/files/videos_registro/prueba.avi
OpenCV(4.5.3) /tmp/pip-req-build-dwj9trv5/opencv/modules/imgproc/src/resize.cpp:4051: error: (-215:Assertion failed) !ssize.empty() in function 'resize'

cara encontrada en: /var/www/html/reconocimientoFacial/proyecto_definitivo/admin/files/videos_registro/prueba.avi
No se puede alinear
cara guardada en /prueba.avi_21.55665397644043.jpg con esta confidence:0.9912723
cara encontrada en: /var/www/html/reconocimientoFacial/proyecto_definitivo/admin/files/videos_registro/prueba.avi
No se puede alinear
cara guardada en /prueba.avi_21.55791974067688.jpg con esta confidence:0.94594574
cara encontrada en: /var/www/html/reconocimientoFacial/proyecto_definitivo/admin/files/videos_registro/prueba.avi
OpenCV(4.5.3) /tmp/pip-req-build-dwj9trv5/opencv/modules/imgproc/src/resize.cpp:4051: error: (-215:Assertion failed) !ssize.empty() in function 'resize'

cara encontrada en: /var/www/html/reconocimientoFacial/proyecto_definitivo/admin/files/videos_registro/prueba.avi
No se puede alinear
cara guardada en /prueba.avi_21.629884719848633.jpg con esta confidence:0.992867
cara encontrada en: /var/www/html/reconocimientoFacial/proyecto_definitivo/admin/files/videos_registro/prueba.avi
No se puede alinear
cara guardada en /prueba.avi_21.63115429878235.jpg con esta confidence:0.9443392
cara encontrada en: /var/www/html/reconocimientoFacial/proyecto_definitivo/admin/files/videos_registro/prueba.avi
OpenCV(4.5.3) /tmp/pip-req-build-dwj9trv5/opencv/modules/imgproc/src/resize.cpp:4051: error: (-215:Assertion failed) !ssize.empty() in function 'resize'

cara encontrada en: /var/www/html/reconocimientoFacial/proyecto_definitivo/admin/files/videos_registro/prueba.avi
No se puede alinear
cara guardada en /prueba.avi_21.702332019805908.jpg con esta confidence:0.9918338
cara encontrada en: /var/www/html/reconocimientoFacial/proyecto_definitivo/admin/files/videos_registro/prueba.avi
No se puede alinear
cara guardada en /prueba.avi_21.703591108322144.jpg con esta confidence:0.92253894
cara encontrada en: /var/www/html/reconocimientoFacial/proyecto_definitivo/admin/files/videos_registro/prueba.avi
No se puede alinear
cara guardada en /prueba.avi_21.763944387435913.jpg con esta confidence:0.97864634
cara encontrada en: /var/www/html/reconocimientoFacial/proyecto_definitivo/admin/files/videos_registro/prueba.avi
No se puede alinear
cara guardada en /prueba.avi_21.766329765319824.jpg con esta confidence:0.89804155
cara encontrada en: /var/www/html/reconocimientoFacial/proyecto_definitivo/admin/files/videos_registro/prueba.avi
OpenCV(4.5.3) /tmp/pip-req-build-dwj9trv5/opencv/modules/imgproc/src/resize.cpp:4051: error: (-215:Assertion failed) !ssize.empty() in function 'resize'

cara encontrada en: /var/www/html/reconocimientoFacial/proyecto_definitivo/admin/files/videos_registro/prueba.avi
OpenCV(4.5.3) /tmp/pip-req-build-dwj9trv5/opencv/modules/imgproc/src/resize.cpp:4051: error: (-215:Assertion failed) !ssize.empty() in function 'resize'

cara encontrada en: /var/www/html/reconocimientoFacial/proyecto_definitivo/admin/files/videos_registro/prueba.avi
No se puede alinear
cara guardada en /prueba.avi_21.8201687335968.jpg con esta confidence:0.9871579
cara encontrada en: /var/www/html/reconocimientoFacial/proyecto_definitivo/admin/files/videos_registro/prueba.avi
No se puede alinear
cara guardada en /prueba.avi_21.821397304534912.jpg con esta confidence:0.8673383
cara encontrada en: /var/www/html/reconocimientoFacial/proyecto_definitivo/admin/files/videos_registro/prueba.avi
No se puede alinear
cara guardada en /prueba.avi_21.893868446350098.jpg con esta confidence:0.98551166
cara encontrada en: /var/www/html/reconocimientoFacial/proyecto_definitivo/admin/files/videos_registro/prueba.avi
No se puede alinear
cara guardada en /prueba.avi_21.895282745361328.jpg con esta confidence:0.88154644
cara encontrada en: /var/www/html/reconocimientoFacial/proyecto_definitivo/admin/files/videos_registro/prueba.avi
No se puede alinear
cara guardada en /prueba.avi_21.97423005104065.jpg con esta confidence:0.9842025
cara encontrada en: /var/www/html/reconocimientoFacial/proyecto_definitivo/admin/files/videos_registro/prueba.avi
No se puede alinear
cara guardada en /prueba.avi_21.97565221786499.jpg con esta confidence:0.8806107
cara encontrada en: /var/www/html/reconocimientoFacial/proyecto_definitivo/admin/files/videos_registro/prueba.avi
OpenCV(4.5.3) /tmp/pip-req-build-dwj9trv5/opencv/modules/imgproc/src/resize.cpp:4051: error: (-215:Assertion failed) !ssize.empty() in function 'resize'

cara encontrada en: /var/www/html/reconocimientoFacial/proyecto_definitivo/admin/files/videos_registro/prueba.avi
No se puede alinear
cara guardada en /prueba.avi_22.0898540019989.jpg con esta confidence:0.98835015
cara encontrada en: /var/www/html/reconocimientoFacial/proyecto_definitivo/admin/files/videos_registro/prueba.avi
No se puede alinear
cara guardada en /prueba.avi_22.09147572517395.jpg con esta confidence:0.904837
cara encontrada en: /var/www/html/reconocimientoFacial/proyecto_definitivo/admin/files/videos_registro/prueba.avi
OpenCV(4.5.3) /tmp/pip-req-build-dwj9trv5/opencv/modules/imgproc/src/resize.cpp:4051: error: (-215:Assertion failed) !ssize.empty() in function 'resize'

cara encontrada en: /var/www/html/reconocimientoFacial/proyecto_definitivo/admin/files/videos_registro/prueba.avi
No se puede alinear
cara guardada en /prueba.avi_22.191040754318237.jpg con esta confidence:0.9914859
cara encontrada en: /var/www/html/reconocimientoFacial/proyecto_definitivo/admin/files/videos_registro/prueba.avi
No se puede alinear
cara guardada en /prueba.avi_22.192532777786255.jpg con esta confidence:0.93823016
cara encontrada en: /var/www/html/reconocimientoFacial/proyecto_definitivo/admin/files/videos_registro/prueba.avi
OpenCV(4.5.3) /tmp/pip-req-build-dwj9trv5/opencv/modules/imgproc/src/resize.cpp:4051: error: (-215:Assertion failed) !ssize.empty() in function 'resize'

cara encontrada en: /var/www/html/reconocimientoFacial/proyecto_definitivo/admin/files/videos_registro/prueba.avi
OpenCV(4.5.3) /tmp/pip-req-build-dwj9trv5/opencv/modules/imgproc/src/resize.cpp:4051: error: (-215:Assertion failed) !ssize.empty() in function 'resize'

cara encontrada en: /var/www/html/reconocimientoFacial/proyecto_definitivo/admin/files/videos_registro/prueba.avi
No se puede alinear
cara guardada en /prueba.avi_22.258097648620605.jpg con esta confidence:0.9935323
cara encontrada en: /var/www/html/reconocimientoFacial/proyecto_definitivo/admin/files/videos_registro/prueba.avi
No se puede alinear
cara guardada en /prueba.avi_22.25938653945923.jpg con esta confidence:0.96750134
cara encontrada en: /var/www/html/reconocimientoFacial/proyecto_definitivo/admin/files/videos_registro/prueba.avi
OpenCV(4.5.3) /tmp/pip-req-build-dwj9trv5/opencv/modules/imgproc/src/resize.cpp:4051: error: (-215:Assertion failed) !ssize.empty() in function 'resize'

cara encontrada en: /var/www/html/reconocimientoFacial/proyecto_definitivo/admin/files/videos_registro/prueba.avi
OpenCV(4.5.3) /tmp/pip-req-build-dwj9trv5/opencv/modules/imgproc/src/resize.cpp:4051: error: (-215:Assertion failed) !ssize.empty() in function 'resize'

cara encontrada en: /var/www/html/reconocimientoFacial/proyecto_definitivo/admin/files/videos_registro/prueba.avi
No se puede alinear
cara guardada en /prueba.avi_22.31616497039795.jpg con esta confidence:0.9960024
cara encontrada en: /var/www/html/reconocimientoFacial/proyecto_definitivo/admin/files/videos_registro/prueba.avi
No se puede alinear
cara guardada en /prueba.avi_22.317509412765503.jpg con esta confidence:0.9822167
cara encontrada en: /var/www/html/reconocimientoFacial/proyecto_definitivo/admin/files/videos_registro/prueba.avi
OpenCV(4.5.3) /tmp/pip-req-build-dwj9trv5/opencv/modules/imgproc/src/resize.cpp:4051: error: (-215:Assertion failed) !ssize.empty() in function 'resize'

cara encontrada en: /var/www/html/reconocimientoFacial/proyecto_definitivo/admin/files/videos_registro/prueba.avi
OpenCV(4.5.3) /tmp/pip-req-build-dwj9trv5/opencv/modules/imgproc/src/resize.cpp:4051: error: (-215:Assertion failed) !ssize.empty() in function 'resize'

cara encontrada en: /var/www/html/reconocimientoFacial/proyecto_definitivo/admin/files/videos_registro/prueba.avi
No se puede alinear
cara guardada en /prueba.avi_22.37992000579834.jpg con esta confidence:0.9981001
cara encontrada en: /var/www/html/reconocimientoFacial/proyecto_definitivo/admin/files/videos_registro/prueba.avi
No se puede alinear
cara guardada en /prueba.avi_22.381193161010742.jpg con esta confidence:0.9847706
cara encontrada en: /var/www/html/reconocimientoFacial/proyecto_definitivo/admin/files/videos_registro/prueba.avi
OpenCV(4.5.3) /tmp/pip-req-build-dwj9trv5/opencv/modules/imgproc/src/resize.cpp:4051: error: (-215:Assertion failed) !ssize.empty() in function 'resize'

cara encontrada en: /var/www/html/reconocimientoFacial/proyecto_definitivo/admin/files/videos_registro/prueba.avi
OpenCV(4.5.3) /tmp/pip-req-build-dwj9trv5/opencv/modules/imgproc/src/resize.cpp:4051: error: (-215:Assertion failed) !ssize.empty() in function 'resize'

cara encontrada en: /var/www/html/reconocimientoFacial/proyecto_definitivo/admin/files/videos_registro/prueba.avi
No se puede alinear
cara guardada en /prueba.avi_22.43525505065918.jpg con esta confidence:0.9980367
cara encontrada en: /var/www/html/reconocimientoFacial/proyecto_definitivo/admin/files/videos_registro/prueba.avi
No se puede alinear
cara guardada en /prueba.avi_22.436584949493408.jpg con esta confidence:0.9900699
cara encontrada en: /var/www/html/reconocimientoFacial/proyecto_definitivo/admin/files/videos_registro/prueba.avi
OpenCV(4.5.3) /tmp/pip-req-build-dwj9trv5/opencv/modules/imgproc/src/resize.cpp:4051: error: (-215:Assertion failed) !ssize.empty() in function 'resize'

cara encontrada en: /var/www/html/reconocimientoFacial/proyecto_definitivo/admin/files/videos_registro/prueba.avi
OpenCV(4.5.3) /tmp/pip-req-build-dwj9trv5/opencv/modules/imgproc/src/resize.cpp:4051: error: (-215:Assertion failed) !ssize.empty() in function 'resize'

cara encontrada en: /var/www/html/reconocimientoFacial/proyecto_definitivo/admin/files/videos_registro/prueba.avi
No se puede alinear
cara guardada en /prueba.avi_22.50251007080078.jpg con esta confidence:0.9981129
cara encontrada en: /var/www/html/reconocimientoFacial/proyecto_definitivo/admin/files/videos_registro/prueba.avi
No se puede alinear
cara guardada en /prueba.avi_22.50377607345581.jpg con esta confidence:0.9967225
cara encontrada en: /var/www/html/reconocimientoFacial/proyecto_definitivo/admin/files/videos_registro/prueba.avi
OpenCV(4.5.3) /tmp/pip-req-build-dwj9trv5/opencv/modules/imgproc/src/resize.cpp:4051: error: (-215:Assertion failed) !ssize.empty() in function 'resize'

cara encontrada en: /var/www/html/reconocimientoFacial/proyecto_definitivo/admin/files/videos_registro/prueba.avi
OpenCV(4.5.3) /tmp/pip-req-build-dwj9trv5/opencv/modules/imgproc/src/resize.cpp:4051: error: (-215:Assertion failed) !ssize.empty() in function 'resize'

cara encontrada en: /var/www/html/reconocimientoFacial/proyecto_definitivo/admin/files/videos_registro/prueba.avi
OpenCV(4.5.3) /tmp/pip-req-build-dwj9trv5/opencv/modules/imgproc/src/resize.cpp:4051: error: (-215:Assertion failed) !ssize.empty() in function 'resize'

cara encontrada en: /var/www/html/reconocimientoFacial/proyecto_definitivo/admin/files/videos_registro/prueba.avi
No se puede alinear
cara guardada en /prueba.avi_22.557743310928345.jpg con esta confidence:0.9989485
cara encontrada en: /var/www/html/reconocimientoFacial/proyecto_definitivo/admin/files/videos_registro/prueba.avi
No se puede alinear
cara guardada en /prueba.avi_22.55900740623474.jpg con esta confidence:0.9982718
cara encontrada en: /var/www/html/reconocimientoFacial/proyecto_definitivo/admin/files/videos_registro/prueba.avi
OpenCV(4.5.3) /tmp/pip-req-build-dwj9trv5/opencv/modules/imgproc/src/resize.cpp:4051: error: (-215:Assertion failed) !ssize.empty() in function 'resize'

cara encontrada en: /var/www/html/reconocimientoFacial/proyecto_definitivo/admin/files/videos_registro/prueba.avi
OpenCV(4.5.3) /tmp/pip-req-build-dwj9trv5/opencv/modules/imgproc/src/resize.cpp:4051: error: (-215:Assertion failed) !ssize.empty() in function 'resize'

cara encontrada en: /var/www/html/reconocimientoFacial/proyecto_definitivo/admin/files/videos_registro/prueba.avi
OpenCV(4.5.3) /tmp/pip-req-build-dwj9trv5/opencv/modules/imgproc/src/resize.cpp:4051: error: (-215:Assertion failed) !ssize.empty() in function 'resize'

cara encontrada en: /var/www/html/reconocimientoFacial/proyecto_definitivo/admin/files/videos_registro/prueba.avi
No se puede alinear
cara guardada en /prueba.avi_22.634637117385864.jpg con esta confidence:0.99959606
cara encontrada en: /var/www/html/reconocimientoFacial/proyecto_definitivo/admin/files/videos_registro/prueba.avi
No se puede alinear
cara guardada en /prueba.avi_22.636483430862427.jpg con esta confidence:0.99811435
cara encontrada en: /var/www/html/reconocimientoFacial/proyecto_definitivo/admin/files/videos_registro/prueba.avi
OpenCV(4.5.3) /tmp/pip-req-build-dwj9trv5/opencv/modules/imgproc/src/resize.cpp:4051: error: (-215:Assertion failed) !ssize.empty() in function 'resize'

cara encontrada en: /var/www/html/reconocimientoFacial/proyecto_definitivo/admin/files/videos_registro/prueba.avi
OpenCV(4.5.3) /tmp/pip-req-build-dwj9trv5/opencv/modules/imgproc/src/resize.cpp:4051: error: (-215:Assertion failed) !ssize.empty() in function 'resize'

cara encontrada en: /var/www/html/reconocimientoFacial/proyecto_definitivo/admin/files/videos_registro/prueba.avi
OpenCV(4.5.3) /tmp/pip-req-build-dwj9trv5/opencv/modules/imgproc/src/resize.cpp:4051: error: (-215:Assertion failed) !ssize.empty() in function 'resize'

cara encontrada en: /var/www/html/reconocimientoFacial/proyecto_definitivo/admin/files/videos_registro/prueba.avi
No se puede alinear
cara guardada en /prueba.avi_22.707559823989868.jpg con esta confidence:0.9998778
cara encontrada en: /var/www/html/reconocimientoFacial/proyecto_definitivo/admin/files/videos_registro/prueba.avi
No se puede alinear
cara guardada en /prueba.avi_22.708776235580444.jpg con esta confidence:0.99815124
cara encontrada en: /var/www/html/reconocimientoFacial/proyecto_definitivo/admin/files/videos_registro/prueba.avi
OpenCV(4.5.3) /tmp/pip-req-build-dwj9trv5/opencv/modules/imgproc/src/resize.cpp:4051: error: (-215:Assertion failed) !ssize.empty() in function 'resize'

cara encontrada en: /var/www/html/reconocimientoFacial/proyecto_definitivo/admin/files/videos_registro/prueba.avi
OpenCV(4.5.3) /tmp/pip-req-build-dwj9trv5/opencv/modules/imgproc/src/resize.cpp:4051: error: (-215:Assertion failed) !ssize.empty() in function 'resize'

cara encontrada en: /var/www/html/reconocimientoFacial/proyecto_definitivo/admin/files/videos_registro/prueba.avi
OpenCV(4.5.3) /tmp/pip-req-build-dwj9trv5/opencv/modules/imgproc/src/resize.cpp:4051: error: (-215:Assertion failed) !ssize.empty() in function 'resize'

cara encontrada en: /var/www/html/reconocimientoFacial/proyecto_definitivo/admin/files/videos_registro/prueba.avi
No se puede alinear
cara guardada en /prueba.avi_22.792316198349.jpg con esta confidence:0.9999136
cara encontrada en: /var/www/html/reconocimientoFacial/proyecto_definitivo/admin/files/videos_registro/prueba.avi
No se puede alinear
cara guardada en /prueba.avi_22.793612718582153.jpg con esta confidence:0.9971929
cara encontrada en: /var/www/html/reconocimientoFacial/proyecto_definitivo/admin/files/videos_registro/prueba.avi
OpenCV(4.5.3) /tmp/pip-req-build-dwj9trv5/opencv/modules/imgproc/src/resize.cpp:4051: error: (-215:Assertion failed) !ssize.empty() in function 'resize'

cara encontrada en: /var/www/html/reconocimientoFacial/proyecto_definitivo/admin/files/videos_registro/prueba.avi
OpenCV(4.5.3) /tmp/pip-req-build-dwj9trv5/opencv/modules/imgproc/src/resize.cpp:4051: error: (-215:Assertion failed) !ssize.empty() in function 'resize'

cara encontrada en: /var/www/html/reconocimientoFacial/proyecto_definitivo/admin/files/videos_registro/prueba.avi
OpenCV(4.5.3) /tmp/pip-req-build-dwj9trv5/opencv/modules/imgproc/src/resize.cpp:4051: error: (-215:Assertion failed) !ssize.empty() in function 'resize'

cara encontrada en: /var/www/html/reconocimientoFacial/proyecto_definitivo/admin/files/videos_registro/prueba.avi
No se puede alinear
cara guardada en /prueba.avi_22.853223085403442.jpg con esta confidence:0.9999434
cara encontrada en: /var/www/html/reconocimientoFacial/proyecto_definitivo/admin/files/videos_registro/prueba.avi
No se puede alinear
cara guardada en /prueba.avi_22.85443115234375.jpg con esta confidence:0.997647
cara encontrada en: /var/www/html/reconocimientoFacial/proyecto_definitivo/admin/files/videos_registro/prueba.avi
OpenCV(4.5.3) /tmp/pip-req-build-dwj9trv5/opencv/modules/imgproc/src/resize.cpp:4051: error: (-215:Assertion failed) !ssize.empty() in function 'resize'

cara encontrada en: /var/www/html/reconocimientoFacial/proyecto_definitivo/admin/files/videos_registro/prueba.avi
OpenCV(4.5.3) /tmp/pip-req-build-dwj9trv5/opencv/modules/imgproc/src/resize.cpp:4051: error: (-215:Assertion failed) !ssize.empty() in function 'resize'

cara encontrada en: /var/www/html/reconocimientoFacial/proyecto_definitivo/admin/files/videos_registro/prueba.avi
OpenCV(4.5.3) /tmp/pip-req-build-dwj9trv5/opencv/modules/imgproc/src/resize.cpp:4051: error: (-215:Assertion failed) !ssize.empty() in function 'resize'

cara encontrada en: /var/www/html/reconocimientoFacial/proyecto_definitivo/admin/files/videos_registro/prueba.avi
No se puede alinear
cara guardada en /prueba.avi_22.930140018463135.jpg con esta confidence:0.9999093
cara encontrada en: /var/www/html/reconocimientoFacial/proyecto_definitivo/admin/files/videos_registro/prueba.avi
No se puede alinear
cara guardada en /prueba.avi_22.931307792663574.jpg con esta confidence:0.9974988
cara encontrada en: /var/www/html/reconocimientoFacial/proyecto_definitivo/admin/files/videos_registro/prueba.avi
OpenCV(4.5.3) /tmp/pip-req-build-dwj9trv5/opencv/modules/imgproc/src/resize.cpp:4051: error: (-215:Assertion failed) !ssize.empty() in function 'resize'

cara encontrada en: /var/www/html/reconocimientoFacial/proyecto_definitivo/admin/files/videos_registro/prueba.avi
OpenCV(4.5.3) /tmp/pip-req-build-dwj9trv5/opencv/modules/imgproc/src/resize.cpp:4051: error: (-215:Assertion failed) !ssize.empty() in function 'resize'

cara encontrada en: /var/www/html/reconocimientoFacial/proyecto_definitivo/admin/files/videos_registro/prueba.avi
No se puede alinear
cara guardada en /prueba.avi_23.005361557006836.jpg con esta confidence:0.9997919
cara encontrada en: /var/www/html/reconocimientoFacial/proyecto_definitivo/admin/files/videos_registro/prueba.avi
No se puede alinear
cara guardada en /prueba.avi_23.00652003288269.jpg con esta confidence:0.9960924
cara encontrada en: /var/www/html/reconocimientoFacial/proyecto_definitivo/admin/files/videos_registro/prueba.avi
OpenCV(4.5.3) /tmp/pip-req-build-dwj9trv5/opencv/modules/imgproc/src/resize.cpp:4051: error: (-215:Assertion failed) !ssize.empty() in function 'resize'

cara encontrada en: /var/www/html/reconocimientoFacial/proyecto_definitivo/admin/files/videos_registro/prueba.avi
OpenCV(4.5.3) /tmp/pip-req-build-dwj9trv5/opencv/modules/imgproc/src/resize.cpp:4051: error: (-215:Assertion failed) !ssize.empty() in function 'resize'

cara encontrada en: /var/www/html/reconocimientoFacial/proyecto_definitivo/admin/files/videos_registro/prueba.avi
No se puede alinear
cara guardada en /prueba.avi_23.081494092941284.jpg con esta confidence:0.99952245
cara encontrada en: /var/www/html/reconocimientoFacial/proyecto_definitivo/admin/files/videos_registro/prueba.avi
No se puede alinear
cara guardada en /prueba.avi_23.083168745040894.jpg con esta confidence:0.99471986
cara encontrada en: /var/www/html/reconocimientoFacial/proyecto_definitivo/admin/files/videos_registro/prueba.avi
OpenCV(4.5.3) /tmp/pip-req-build-dwj9trv5/opencv/modules/imgproc/src/resize.cpp:4051: error: (-215:Assertion failed) !ssize.empty() in function 'resize'

cara encontrada en: /var/www/html/reconocimientoFacial/proyecto_definitivo/admin/files/videos_registro/prueba.avi
OpenCV(4.5.3) /tmp/pip-req-build-dwj9trv5/opencv/modules/imgproc/src/resize.cpp:4051: error: (-215:Assertion failed) !ssize.empty() in function 'resize'

cara encontrada en: /var/www/html/reconocimientoFacial/proyecto_definitivo/admin/files/videos_registro/prueba.avi
No se puede alinear
cara guardada en /prueba.avi_23.182328701019287.jpg con esta confidence:0.9995567
cara encontrada en: /var/www/html/reconocimientoFacial/proyecto_definitivo/admin/files/videos_registro/prueba.avi
No se puede alinear
cara guardada en /prueba.avi_23.18396306037903.jpg con esta confidence:0.99459547
cara encontrada en: /var/www/html/reconocimientoFacial/proyecto_definitivo/admin/files/videos_registro/prueba.avi
OpenCV(4.5.3) /tmp/pip-req-build-dwj9trv5/opencv/modules/imgproc/src/resize.cpp:4051: error: (-215:Assertion failed) !ssize.empty() in function 'resize'

cara encontrada en: /var/www/html/reconocimientoFacial/proyecto_definitivo/admin/files/videos_registro/prueba.avi
OpenCV(4.5.3) /tmp/pip-req-build-dwj9trv5/opencv/modules/imgproc/src/resize.cpp:4051: error: (-215:Assertion failed) !ssize.empty() in function 'resize'

cara encontrada en: /var/www/html/reconocimientoFacial/proyecto_definitivo/admin/files/videos_registro/prueba.avi
No se puede alinear
cara guardada en /prueba.avi_23.253890991210938.jpg con esta confidence:0.9999027
cara encontrada en: /var/www/html/reconocimientoFacial/proyecto_definitivo/admin/files/videos_registro/prueba.avi
No se puede alinear
cara guardada en /prueba.avi_23.25508737564087.jpg con esta confidence:0.99818987
cara encontrada en: /var/www/html/reconocimientoFacial/proyecto_definitivo/admin/files/videos_registro/prueba.avi
OpenCV(4.5.3) /tmp/pip-req-build-dwj9trv5/opencv/modules/imgproc/src/resize.cpp:4051: error: (-215:Assertion failed) !ssize.empty() in function 'resize'

cara encontrada en: /var/www/html/reconocimientoFacial/proyecto_definitivo/admin/files/videos_registro/prueba.avi
OpenCV(4.5.3) /tmp/pip-req-build-dwj9trv5/opencv/modules/imgproc/src/resize.cpp:4051: error: (-215:Assertion failed) !ssize.empty() in function 'resize'

cara encontrada en: /var/www/html/reconocimientoFacial/proyecto_definitivo/admin/files/videos_registro/prueba.avi
No se puede alinear
cara guardada en /prueba.avi_23.321033477783203.jpg con esta confidence:0.9999113
cara encontrada en: /var/www/html/reconocimientoFacial/proyecto_definitivo/admin/files/videos_registro/prueba.avi
No se puede alinear
cara guardada en /prueba.avi_23.322370290756226.jpg con esta confidence:0.99892586
cara encontrada en: /var/www/html/reconocimientoFacial/proyecto_definitivo/admin/files/videos_registro/prueba.avi
OpenCV(4.5.3) /tmp/pip-req-build-dwj9trv5/opencv/modules/imgproc/src/resize.cpp:4051: error: (-215:Assertion failed) !ssize.empty() in function 'resize'

cara encontrada en: /var/www/html/reconocimientoFacial/proyecto_definitivo/admin/files/videos_registro/prueba.avi
OpenCV(4.5.3) /tmp/pip-req-build-dwj9trv5/opencv/modules/imgproc/src/resize.cpp:4051: error: (-215:Assertion failed) !ssize.empty() in function 'resize'

cara encontrada en: /var/www/html/reconocimientoFacial/proyecto_definitivo/admin/files/videos_registro/prueba.avi
No se puede alinear
cara guardada en /prueba.avi_23.374769926071167.jpg con esta confidence:0.99992144
cara encontrada en: /var/www/html/reconocimientoFacial/proyecto_definitivo/admin/files/videos_registro/prueba.avi
No se puede alinear
cara guardada en /prueba.avi_23.375946760177612.jpg con esta confidence:0.9993574
cara encontrada en: /var/www/html/reconocimientoFacial/proyecto_definitivo/admin/files/videos_registro/prueba.avi
OpenCV(4.5.3) /tmp/pip-req-build-dwj9trv5/opencv/modules/imgproc/src/resize.cpp:4051: error: (-215:Assertion failed) !ssize.empty() in function 'resize'

cara encontrada en: /var/www/html/reconocimientoFacial/proyecto_definitivo/admin/files/videos_registro/prueba.avi
OpenCV(4.5.3) /tmp/pip-req-build-dwj9trv5/opencv/modules/imgproc/src/resize.cpp:4051: error: (-215:Assertion failed) !ssize.empty() in function 'resize'

cara encontrada en: /var/www/html/reconocimientoFacial/proyecto_definitivo/admin/files/videos_registro/prueba.avi
No se puede alinear
cara guardada en /prueba.avi_23.44145631790161.jpg con esta confidence:0.99992895
cara encontrada en: /var/www/html/reconocimientoFacial/proyecto_definitivo/admin/files/videos_registro/prueba.avi
No se puede alinear
cara guardada en /prueba.avi_23.443448066711426.jpg con esta confidence:0.9995309
cara encontrada en: /var/www/html/reconocimientoFacial/proyecto_definitivo/admin/files/videos_registro/prueba.avi
OpenCV(4.5.3) /tmp/pip-req-build-dwj9trv5/opencv/modules/imgproc/src/resize.cpp:4051: error: (-215:Assertion failed) !ssize.empty() in function 'resize'

cara encontrada en: /var/www/html/reconocimientoFacial/proyecto_definitivo/admin/files/videos_registro/prueba.avi
OpenCV(4.5.3) /tmp/pip-req-build-dwj9trv5/opencv/modules/imgproc/src/resize.cpp:4051: error: (-215:Assertion failed) !ssize.empty() in function 'resize'

cara encontrada en: /var/www/html/reconocimientoFacial/proyecto_definitivo/admin/files/videos_registro/prueba.avi
No se puede alinear
cara guardada en /prueba.avi_23.509711980819702.jpg con esta confidence:0.9999274
cara encontrada en: /var/www/html/reconocimientoFacial/proyecto_definitivo/admin/files/videos_registro/prueba.avi
No se puede alinear
cara guardada en /prueba.avi_23.510945558547974.jpg con esta confidence:0.99964917
cara encontrada en: /var/www/html/reconocimientoFacial/proyecto_definitivo/admin/files/videos_registro/prueba.avi
OpenCV(4.5.3) /tmp/pip-req-build-dwj9trv5/opencv/modules/imgproc/src/resize.cpp:4051: error: (-215:Assertion failed) !ssize.empty() in function 'resize'

cara encontrada en: /var/www/html/reconocimientoFacial/proyecto_definitivo/admin/files/videos_registro/prueba.avi
OpenCV(4.5.3) /tmp/pip-req-build-dwj9trv5/opencv/modules/imgproc/src/resize.cpp:4051: error: (-215:Assertion failed) !ssize.empty() in function 'resize'

cara encontrada en: /var/www/html/reconocimientoFacial/proyecto_definitivo/admin/files/videos_registro/prueba.avi
No se puede alinear
cara guardada en /prueba.avi_23.605567932128906.jpg con esta confidence:0.99991643
cara encontrada en: /var/www/html/reconocimientoFacial/proyecto_definitivo/admin/files/videos_registro/prueba.avi
No se puede alinear
cara guardada en /prueba.avi_23.6072838306427.jpg con esta confidence:0.9997713
cara encontrada en: /var/www/html/reconocimientoFacial/proyecto_definitivo/admin/files/videos_registro/prueba.avi
OpenCV(4.5.3) /tmp/pip-req-build-dwj9trv5/opencv/modules/imgproc/src/resize.cpp:4051: error: (-215:Assertion failed) !ssize.empty() in function 'resize'

cara encontrada en: /var/www/html/reconocimientoFacial/proyecto_definitivo/admin/files/videos_registro/prueba.avi
OpenCV(4.5.3) /tmp/pip-req-build-dwj9trv5/opencv/modules/imgproc/src/resize.cpp:4051: error: (-215:Assertion failed) !ssize.empty() in function 'resize'

cara encontrada en: /var/www/html/reconocimientoFacial/proyecto_definitivo/admin/files/videos_registro/prueba.avi
No se puede alinear
cara guardada en /prueba.avi_23.672524452209473.jpg con esta confidence:0.99992394
cara encontrada en: /var/www/html/reconocimientoFacial/proyecto_definitivo/admin/files/videos_registro/prueba.avi
No se puede alinear
cara guardada en /prueba.avi_23.67415452003479.jpg con esta confidence:0.99982446
cara encontrada en: /var/www/html/reconocimientoFacial/proyecto_definitivo/admin/files/videos_registro/prueba.avi
OpenCV(4.5.3) /tmp/pip-req-build-dwj9trv5/opencv/modules/imgproc/src/resize.cpp:4051: error: (-215:Assertion failed) !ssize.empty() in function 'resize'

cara encontrada en: /var/www/html/reconocimientoFacial/proyecto_definitivo/admin/files/videos_registro/prueba.avi
No se puede alinear
cara guardada en /prueba.avi_23.758501768112183.jpg con esta confidence:0.99994016
cara encontrada en: /var/www/html/reconocimientoFacial/proyecto_definitivo/admin/files/videos_registro/prueba.avi
No se puede alinear
cara guardada en /prueba.avi_23.7597873210907.jpg con esta confidence:0.99977857
cara encontrada en: /var/www/html/reconocimientoFacial/proyecto_definitivo/admin/files/videos_registro/prueba.avi
OpenCV(4.5.3) /tmp/pip-req-build-dwj9trv5/opencv/modules/imgproc/src/resize.cpp:4051: error: (-215:Assertion failed) !ssize.empty() in function 'resize'

cara encontrada en: /var/www/html/reconocimientoFacial/proyecto_definitivo/admin/files/videos_registro/prueba.avi
No se puede alinear
cara guardada en /prueba.avi_23.80958080291748.jpg con esta confidence:0.99994206
cara encontrada en: /var/www/html/reconocimientoFacial/proyecto_definitivo/admin/files/videos_registro/prueba.avi
No se puede alinear
cara guardada en /prueba.avi_23.810927629470825.jpg con esta confidence:0.9997186
cara encontrada en: /var/www/html/reconocimientoFacial/proyecto_definitivo/admin/files/videos_registro/prueba.avi
OpenCV(4.5.3) /tmp/pip-req-build-dwj9trv5/opencv/modules/imgproc/src/resize.cpp:4051: error: (-215:Assertion failed) !ssize.empty() in function 'resize'

cara encontrada en: /var/www/html/reconocimientoFacial/proyecto_definitivo/admin/files/videos_registro/prueba.avi
OpenCV(4.5.3) /tmp/pip-req-build-dwj9trv5/opencv/modules/imgproc/src/resize.cpp:4051: error: (-215:Assertion failed) !ssize.empty() in function 'resize'

cara encontrada en: /var/www/html/reconocimientoFacial/proyecto_definitivo/admin/files/videos_registro/prueba.avi
No se puede alinear
cara guardada en /prueba.avi_23.88795280456543.jpg con esta confidence:0.99993885
cara encontrada en: /var/www/html/reconocimientoFacial/proyecto_definitivo/admin/files/videos_registro/prueba.avi
No se puede alinear
cara guardada en /prueba.avi_23.88968300819397.jpg con esta confidence:0.9997209
cara encontrada en: /var/www/html/reconocimientoFacial/proyecto_definitivo/admin/files/videos_registro/prueba.avi
OpenCV(4.5.3) /tmp/pip-req-build-dwj9trv5/opencv/modules/imgproc/src/resize.cpp:4051: error: (-215:Assertion failed) !ssize.empty() in function 'resize'

cara encontrada en: /var/www/html/reconocimientoFacial/proyecto_definitivo/admin/files/videos_registro/prueba.avi
OpenCV(4.5.3) /tmp/pip-req-build-dwj9trv5/opencv/modules/imgproc/src/resize.cpp:4051: error: (-215:Assertion failed) !ssize.empty() in function 'resize'

cara encontrada en: /var/www/html/reconocimientoFacial/proyecto_definitivo/admin/files/videos_registro/prueba.avi
No se puede alinear
cara guardada en /prueba.avi_23.965887784957886.jpg con esta confidence:0.9999356
cara encontrada en: /var/www/html/reconocimientoFacial/proyecto_definitivo/admin/files/videos_registro/prueba.avi
No se puede alinear
cara guardada en /prueba.avi_23.96704077720642.jpg con esta confidence:0.9997757
cara encontrada en: /var/www/html/reconocimientoFacial/proyecto_definitivo/admin/files/videos_registro/prueba.avi
OpenCV(4.5.3) /tmp/pip-req-build-dwj9trv5/opencv/modules/imgproc/src/resize.cpp:4051: error: (-215:Assertion failed) !ssize.empty() in function 'resize'

cara encontrada en: /var/www/html/reconocimientoFacial/proyecto_definitivo/admin/files/videos_registro/prueba.avi
No se puede alinear
cara guardada en /prueba.avi_24.026212215423584.jpg con esta confidence:0.9999262
cara encontrada en: /var/www/html/reconocimientoFacial/proyecto_definitivo/admin/files/videos_registro/prueba.avi
No se puede alinear
cara guardada en /prueba.avi_24.02769708633423.jpg con esta confidence:0.99981683
cara encontrada en: /var/www/html/reconocimientoFacial/proyecto_definitivo/admin/files/videos_registro/prueba.avi
OpenCV(4.5.3) /tmp/pip-req-build-dwj9trv5/opencv/modules/imgproc/src/resize.cpp:4051: error: (-215:Assertion failed) !ssize.empty() in function 'resize'

cara encontrada en: /var/www/html/reconocimientoFacial/proyecto_definitivo/admin/files/videos_registro/prueba.avi
No se puede alinear
cara guardada en /prueba.avi_24.105438947677612.jpg con esta confidence:0.99991727
cara encontrada en: /var/www/html/reconocimientoFacial/proyecto_definitivo/admin/files/videos_registro/prueba.avi
No se puede alinear
cara guardada en /prueba.avi_24.106925010681152.jpg con esta confidence:0.9998016
cara encontrada en: /var/www/html/reconocimientoFacial/proyecto_definitivo/admin/files/videos_registro/prueba.avi
OpenCV(4.5.3) /tmp/pip-req-build-dwj9trv5/opencv/modules/imgproc/src/resize.cpp:4051: error: (-215:Assertion failed) !ssize.empty() in function 'resize'

cara encontrada en: /var/www/html/reconocimientoFacial/proyecto_definitivo/admin/files/videos_registro/prueba.avi
No se puede alinear
cara guardada en /prueba.avi_24.166093587875366.jpg con esta confidence:0.9999223
cara encontrada en: /var/www/html/reconocimientoFacial/proyecto_definitivo/admin/files/videos_registro/prueba.avi
No se puede alinear
cara guardada en /prueba.avi_24.16739845275879.jpg con esta confidence:0.9998784
cara encontrada en: /var/www/html/reconocimientoFacial/proyecto_definitivo/admin/files/videos_registro/prueba.avi
OpenCV(4.5.3) /tmp/pip-req-build-dwj9trv5/opencv/modules/imgproc/src/resize.cpp:4051: error: (-215:Assertion failed) !ssize.empty() in function 'resize'

cara encontrada en: /var/www/html/reconocimientoFacial/proyecto_definitivo/admin/files/videos_registro/prueba.avi
No se puede alinear
cara guardada en /prueba.avi_24.21635603904724.jpg con esta confidence:0.99992085
cara encontrada en: /var/www/html/reconocimientoFacial/proyecto_definitivo/admin/files/videos_registro/prueba.avi
No se puede alinear
cara guardada en /prueba.avi_24.218140840530396.jpg con esta confidence:0.9999144
cara encontrada en: /var/www/html/reconocimientoFacial/proyecto_definitivo/admin/files/videos_registro/prueba.avi
OpenCV(4.5.3) /tmp/pip-req-build-dwj9trv5/opencv/modules/imgproc/src/resize.cpp:4051: error: (-215:Assertion failed) !ssize.empty() in function 'resize'

cara encontrada en: /var/www/html/reconocimientoFacial/proyecto_definitivo/admin/files/videos_registro/prueba.avi
No se puede alinear
cara guardada en /prueba.avi_24.283169746398926.jpg con esta confidence:0.9999274
cara encontrada en: /var/www/html/reconocimientoFacial/proyecto_definitivo/admin/files/videos_registro/prueba.avi
No se puede alinear
cara guardada en /prueba.avi_24.284543752670288.jpg con esta confidence:0.99991024
cara encontrada en: /var/www/html/reconocimientoFacial/proyecto_definitivo/admin/files/videos_registro/prueba.avi
OpenCV(4.5.3) /tmp/pip-req-build-dwj9trv5/opencv/modules/imgproc/src/resize.cpp:4051: error: (-215:Assertion failed) !ssize.empty() in function 'resize'

Llego al final y remuevo el video!
Como es nuevo, le voy a asignar un random: be4vBaKuMJVt7XHuCFs3D3bCxx
analizando:prueba.avi_23.321033477783203.jpg
NO se puede recortar la face, por lo que aplico el umbral de la foto completa y su fm es:404.7144273758026 y el umbral que considero:120
Lo que estoy devolviendo al final:404.7144273758026
Es enfocada de momento:/var/www/html/reconocimientoFacial/proyecto_definitivo/motor/caras/sinclasificar/prueba.avi_23.321033477783203.jpg
Es lateral de momento
paso1
paso2
paso3
paso4
paso5
paso6
paso7
Esta imagen no tiene caras3 por la funcion escara
remuevo la imagen pues no supero los filtros y no se va a usar: /var/www/html/reconocimientoFacial/proyecto_definitivo/motor/caras/sinclasificar/prueba.avi_23.321033477783203.jpg
analizando:prueba.avi_24.02769708633423.jpg
x:27
y:28
w:93
h:92
se puede recortar la face
el fm de la imagen es: 533.1570074864642
Lo que estoy devolviendo al final:533.1570074864642
Es enfocada de momento:/var/www/html/reconocimientoFacial/proyecto_definitivo/motor/caras/sinclasificar/prueba.avi_24.02769708633423.jpg
Es lateral de momento
paso1
Es frontal1
es cara1 y enfocada:/var/www/html/reconocimientoFacial/proyecto_definitivo/motor/caras/sinclasificar/prueba.avi_24.02769708633423.jpg
Esta imagen SI tiene caras reconocibles por que tiene encodings
Esta imagen SI tiene caras2!!!
Perfecto, supera todos los filtros
La imagen es buena, voy a ponerla en su correspondiente carpeta, para conservarla: /var/www/html/reconocimientoFacial/proyecto_definitivo/motor/caras/sinclasificar/prueba.avi_24.02769708633423.jpg
He copiado de aki: /var/www/html/reconocimientoFacial/proyecto_definitivo/motor/caras/sinclasificar/prueba.avi_24.02769708633423.jpg a aki: be4vBaKuMJVt7XHuCFs3D3bCxx/prueba.avi_24.02769708633423.jpg_bSgqV8H4i1YtzfPdXQKi4YwbG0.jpg
analizando:prueba.avi_11.973339080810547.jpg
NO se puede recortar la face, por lo que aplico el umbral de la foto completa y su fm es:405.75466248691356 y el umbral que considero:120
Lo que estoy devolviendo al final:405.75466248691356
Es enfocada de momento:/var/www/html/reconocimientoFacial/proyecto_definitivo/motor/caras/sinclasificar/prueba.avi_11.973339080810547.jpg
Es lateral de momento
paso1
