tenemos este video:/var/www/html/reconocimientoFacial/proyecto_definitivo/admin/files/videos_registro_videos/otraprueba_8.avi
voy(8) leyendo el video..
tenemos(8) frame k lo guardo ..
voy(8) leyendo el video..
tenemos(8) frame k lo guardo ..
voy(8) leyendo el video..
tenemos(8) frame k lo guardo ..
cara encontrada en: /var/www/html/reconocimientoFacial/proyecto_definitivo/admin/files/videos_registro_videos/otraprueba_8.avi
OpenCV(4.5.3) /tmp/pip-req-build-dwj9trv5/opencv/modules/imgproc/src/resize.cpp:4051: error: (-215:Assertion failed) !ssize.empty() in function 'resize'

cara encontrada en: /var/www/html/reconocimientoFacial/proyecto_definitivo/admin/files/videos_registro_videos/otraprueba_8.avi
OpenCV(4.5.3) /tmp/pip-req-build-dwj9trv5/opencv/modules/imgproc/src/resize.cpp:4051: error: (-215:Assertion failed) !ssize.empty() in function 'resize'

cara encontrada en: /var/www/html/reconocimientoFacial/proyecto_definitivo/admin/files/videos_registro_videos/otraprueba_8.avi
cara guardada en /otraprueba_8.avi_8_1.4975883960723877.jpg con esta confidence:0.99906546
cara encontrada en: /var/www/html/reconocimientoFacial/proyecto_definitivo/admin/files/videos_registro_videos/otraprueba_8.avi
OpenCV(4.5.3) /tmp/pip-req-build-dwj9trv5/opencv/modules/imgproc/src/resize.cpp:4051: error: (-215:Assertion failed) !ssize.empty() in function 'resize'

cara encontrada en: /var/www/html/reconocimientoFacial/proyecto_definitivo/admin/files/videos_registro_videos/otraprueba_8.avi
OpenCV(4.5.3) /tmp/pip-req-build-dwj9trv5/opencv/modules/imgproc/src/resize.cpp:4051: error: (-215:Assertion failed) !ssize.empty() in function 'resize'

cara encontrada en: /var/www/html/reconocimientoFacial/proyecto_definitivo/admin/files/videos_registro_videos/otraprueba_8.avi
OpenCV(4.5.3) /tmp/pip-req-build-dwj9trv5/opencv/modules/imgproc/src/resize.cpp:4051: error: (-215:Assertion failed) !ssize.empty() in function 'resize'

cara encontrada en: /var/www/html/reconocimientoFacial/proyecto_definitivo/admin/files/videos_registro_videos/otraprueba_8.avi
OpenCV(4.5.3) /tmp/pip-req-build-dwj9trv5/opencv/modules/imgproc/src/resize.cpp:4051: error: (-215:Assertion failed) !ssize.empty() in function 'resize'

cara encontrada en: /var/www/html/reconocimientoFacial/proyecto_definitivo/admin/files/videos_registro_videos/otraprueba_8.avi
OpenCV(4.5.3) /tmp/pip-req-build-dwj9trv5/opencv/modules/imgproc/src/resize.cpp:4051: error: (-215:Assertion failed) !ssize.empty() in function 'resize'

cara encontrada en: /var/www/html/reconocimientoFacial/proyecto_definitivo/admin/files/videos_registro_videos/otraprueba_8.avi
OpenCV(4.5.3) /tmp/pip-req-build-dwj9trv5/opencv/modules/imgproc/src/resize.cpp:4051: error: (-215:Assertion failed) !ssize.empty() in function 'resize'

cara encontrada en: /var/www/html/reconocimientoFacial/proyecto_definitivo/admin/files/videos_registro_videos/otraprueba_8.avi
OpenCV(4.5.3) /tmp/pip-req-build-dwj9trv5/opencv/modules/imgproc/src/resize.cpp:4051: error: (-215:Assertion failed) !ssize.empty() in function 'resize'

voy(8) leyendo el video..
tenemos(8) frame k lo guardo ..
voy(8) leyendo el video..
tenemos(8) frame k lo guardo ..
voy(8) leyendo el video..
tenemos(8) frame k lo guardo ..
cara encontrada en: /var/www/html/reconocimientoFacial/proyecto_definitivo/admin/files/videos_registro_videos/otraprueba_8.avi
OpenCV(4.5.3) /tmp/pip-req-build-dwj9trv5/opencv/modules/imgproc/src/resize.cpp:4051: error: (-215:Assertion failed) !ssize.empty() in function 'resize'

cara encontrada en: /var/www/html/reconocimientoFacial/proyecto_definitivo/admin/files/videos_registro_videos/otraprueba_8.avi
OpenCV(4.5.3) /tmp/pip-req-build-dwj9trv5/opencv/modules/imgproc/src/resize.cpp:4051: error: (-215:Assertion failed) !ssize.empty() in function 'resize'

cara encontrada en: /var/www/html/reconocimientoFacial/proyecto_definitivo/admin/files/videos_registro_videos/otraprueba_8.avi
cara guardada en /otraprueba_8.avi_8_2.9963808059692383.jpg con esta confidence:0.9988838
cara encontrada en: /var/www/html/reconocimientoFacial/proyecto_definitivo/admin/files/videos_registro_videos/otraprueba_8.avi
OpenCV(4.5.3) /tmp/pip-req-build-dwj9trv5/opencv/modules/imgproc/src/resize.cpp:4051: error: (-215:Assertion failed) !ssize.empty() in function 'resize'

cara encontrada en: /var/www/html/reconocimientoFacial/proyecto_definitivo/admin/files/videos_registro_videos/otraprueba_8.avi
OpenCV(4.5.3) /tmp/pip-req-build-dwj9trv5/opencv/modules/imgproc/src/resize.cpp:4051: error: (-215:Assertion failed) !ssize.empty() in function 'resize'

cara encontrada en: /var/www/html/reconocimientoFacial/proyecto_definitivo/admin/files/videos_registro_videos/otraprueba_8.avi
OpenCV(4.5.3) /tmp/pip-req-build-dwj9trv5/opencv/modules/imgproc/src/resize.cpp:4051: error: (-215:Assertion failed) !ssize.empty() in function 'resize'

cara encontrada en: /var/www/html/reconocimientoFacial/proyecto_definitivo/admin/files/videos_registro_videos/otraprueba_8.avi
OpenCV(4.5.3) /tmp/pip-req-build-dwj9trv5/opencv/modules/imgproc/src/resize.cpp:4051: error: (-215:Assertion failed) !ssize.empty() in function 'resize'

cara encontrada en: /var/www/html/reconocimientoFacial/proyecto_definitivo/admin/files/videos_registro_videos/otraprueba_8.avi
OpenCV(4.5.3) /tmp/pip-req-build-dwj9trv5/opencv/modules/imgproc/src/resize.cpp:4051: error: (-215:Assertion failed) !ssize.empty() in function 'resize'

cara encontrada en: /var/www/html/reconocimientoFacial/proyecto_definitivo/admin/files/videos_registro_videos/otraprueba_8.avi
OpenCV(4.5.3) /tmp/pip-req-build-dwj9trv5/opencv/modules/imgproc/src/resize.cpp:4051: error: (-215:Assertion failed) !ssize.empty() in function 'resize'

cara encontrada en: /var/www/html/reconocimientoFacial/proyecto_definitivo/admin/files/videos_registro_videos/otraprueba_8.avi
OpenCV(4.5.3) /tmp/pip-req-build-dwj9trv5/opencv/modules/imgproc/src/resize.cpp:4051: error: (-215:Assertion failed) !ssize.empty() in function 'resize'

voy(8) leyendo el video..
tenemos(8) frame k lo guardo ..
voy(8) leyendo el video..
tenemos(8) frame k lo guardo ..
voy(8) leyendo el video..
tenemos(8) frame k lo guardo ..
cara encontrada en: /var/www/html/reconocimientoFacial/proyecto_definitivo/admin/files/videos_registro_videos/otraprueba_8.avi
OpenCV(4.5.3) /tmp/pip-req-build-dwj9trv5/opencv/modules/imgproc/src/resize.cpp:4051: error: (-215:Assertion failed) !ssize.empty() in function 'resize'

cara encontrada en: /var/www/html/reconocimientoFacial/proyecto_definitivo/admin/files/videos_registro_videos/otraprueba_8.avi
OpenCV(4.5.3) /tmp/pip-req-build-dwj9trv5/opencv/modules/imgproc/src/resize.cpp:4051: error: (-215:Assertion failed) !ssize.empty() in function 'resize'

cara encontrada en: /var/www/html/reconocimientoFacial/proyecto_definitivo/admin/files/videos_registro_videos/otraprueba_8.avi
OpenCV(4.5.3) /tmp/pip-req-build-dwj9trv5/opencv/modules/imgproc/src/resize.cpp:4051: error: (-215:Assertion failed) !ssize.empty() in function 'resize'

cara encontrada en: /var/www/html/reconocimientoFacial/proyecto_definitivo/admin/files/videos_registro_videos/otraprueba_8.avi
cara guardada en /otraprueba_8.avi_8_4.561157941818237.jpg con esta confidence:0.99872726
cara encontrada en: /var/www/html/reconocimientoFacial/proyecto_definitivo/admin/files/videos_registro_videos/otraprueba_8.avi
OpenCV(4.5.3) /tmp/pip-req-build-dwj9trv5/opencv/modules/imgproc/src/resize.cpp:4051: error: (-215:Assertion failed) !ssize.empty() in function 'resize'

cara encontrada en: /var/www/html/reconocimientoFacial/proyecto_definitivo/admin/files/videos_registro_videos/otraprueba_8.avi
OpenCV(4.5.3) /tmp/pip-req-build-dwj9trv5/opencv/modules/imgproc/src/resize.cpp:4051: error: (-215:Assertion failed) !ssize.empty() in function 'resize'

cara encontrada en: /var/www/html/reconocimientoFacial/proyecto_definitivo/admin/files/videos_registro_videos/otraprueba_8.avi
OpenCV(4.5.3) /tmp/pip-req-build-dwj9trv5/opencv/modules/imgproc/src/resize.cpp:4051: error: (-215:Assertion failed) !ssize.empty() in function 'resize'

cara encontrada en: /var/www/html/reconocimientoFacial/proyecto_definitivo/admin/files/videos_registro_videos/otraprueba_8.avi
OpenCV(4.5.3) /tmp/pip-req-build-dwj9trv5/opencv/modules/imgproc/src/resize.cpp:4051: error: (-215:Assertion failed) !ssize.empty() in function 'resize'

cara encontrada en: /var/www/html/reconocimientoFacial/proyecto_definitivo/admin/files/videos_registro_videos/otraprueba_8.avi
OpenCV(4.5.3) /tmp/pip-req-build-dwj9trv5/opencv/modules/imgproc/src/resize.cpp:4051: error: (-215:Assertion failed) !ssize.empty() in function 'resize'

cara encontrada en: /var/www/html/reconocimientoFacial/proyecto_definitivo/admin/files/videos_registro_videos/otraprueba_8.avi
OpenCV(4.5.3) /tmp/pip-req-build-dwj9trv5/opencv/modules/imgproc/src/resize.cpp:4051: error: (-215:Assertion failed) !ssize.empty() in function 'resize'

voy(8) leyendo el video..
tenemos(8) frame k lo guardo ..
voy(8) leyendo el video..
tenemos(8) frame k lo guardo ..
voy(8) leyendo el video..
tenemos(8) frame k lo guardo ..
cara encontrada en: /var/www/html/reconocimientoFacial/proyecto_definitivo/admin/files/videos_registro_videos/otraprueba_8.avi
OpenCV(4.5.3) /tmp/pip-req-build-dwj9trv5/opencv/modules/imgproc/src/resize.cpp:4051: error: (-215:Assertion failed) !ssize.empty() in function 'resize'

cara encontrada en: /var/www/html/reconocimientoFacial/proyecto_definitivo/admin/files/videos_registro_videos/otraprueba_8.avi
OpenCV(4.5.3) /tmp/pip-req-build-dwj9trv5/opencv/modules/imgproc/src/resize.cpp:4051: error: (-215:Assertion failed) !ssize.empty() in function 'resize'

cara encontrada en: /var/www/html/reconocimientoFacial/proyecto_definitivo/admin/files/videos_registro_videos/otraprueba_8.avi
OpenCV(4.5.3) /tmp/pip-req-build-dwj9trv5/opencv/modules/imgproc/src/resize.cpp:4051: error: (-215:Assertion failed) !ssize.empty() in function 'resize'

cara encontrada en: /var/www/html/reconocimientoFacial/proyecto_definitivo/admin/files/videos_registro_videos/otraprueba_8.avi
cara guardada en /otraprueba_8.avi_8_6.536417484283447.jpg con esta confidence:0.99860865
cara encontrada en: /var/www/html/reconocimientoFacial/proyecto_definitivo/admin/files/videos_registro_videos/otraprueba_8.avi
OpenCV(4.5.3) /tmp/pip-req-build-dwj9trv5/opencv/modules/imgproc/src/resize.cpp:4051: error: (-215:Assertion failed) !ssize.empty() in function 'resize'

cara encontrada en: /var/www/html/reconocimientoFacial/proyecto_definitivo/admin/files/videos_registro_videos/otraprueba_8.avi
OpenCV(4.5.3) /tmp/pip-req-build-dwj9trv5/opencv/modules/imgproc/src/resize.cpp:4051: error: (-215:Assertion failed) !ssize.empty() in function 'resize'

cara encontrada en: /var/www/html/reconocimientoFacial/proyecto_definitivo/admin/files/videos_registro_videos/otraprueba_8.avi
OpenCV(4.5.3) /tmp/pip-req-build-dwj9trv5/opencv/modules/imgproc/src/resize.cpp:4051: error: (-215:Assertion failed) !ssize.empty() in function 'resize'

cara encontrada en: /var/www/html/reconocimientoFacial/proyecto_definitivo/admin/files/videos_registro_videos/otraprueba_8.avi
OpenCV(4.5.3) /tmp/pip-req-build-dwj9trv5/opencv/modules/imgproc/src/resize.cpp:4051: error: (-215:Assertion failed) !ssize.empty() in function 'resize'

cara encontrada en: /var/www/html/reconocimientoFacial/proyecto_definitivo/admin/files/videos_registro_videos/otraprueba_8.avi
OpenCV(4.5.3) /tmp/pip-req-build-dwj9trv5/opencv/modules/imgproc/src/resize.cpp:4051: error: (-215:Assertion failed) !ssize.empty() in function 'resize'

cara encontrada en: /var/www/html/reconocimientoFacial/proyecto_definitivo/admin/files/videos_registro_videos/otraprueba_8.avi
OpenCV(4.5.3) /tmp/pip-req-build-dwj9trv5/opencv/modules/imgproc/src/resize.cpp:4051: error: (-215:Assertion failed) !ssize.empty() in function 'resize'

voy(8) leyendo el video..
tenemos(8) frame k lo guardo ..
voy(8) leyendo el video..
tenemos(8) frame k lo guardo ..
voy(8) leyendo el video..
tenemos(8) frame k lo guardo ..
cara encontrada en: /var/www/html/reconocimientoFacial/proyecto_definitivo/admin/files/videos_registro_videos/otraprueba_8.avi
OpenCV(4.5.3) /tmp/pip-req-build-dwj9trv5/opencv/modules/imgproc/src/resize.cpp:4051: error: (-215:Assertion failed) !ssize.empty() in function 'resize'

cara encontrada en: /var/www/html/reconocimientoFacial/proyecto_definitivo/admin/files/videos_registro_videos/otraprueba_8.avi
OpenCV(4.5.3) /tmp/pip-req-build-dwj9trv5/opencv/modules/imgproc/src/resize.cpp:4051: error: (-215:Assertion failed) !ssize.empty() in function 'resize'

cara encontrada en: /var/www/html/reconocimientoFacial/proyecto_definitivo/admin/files/videos_registro_videos/otraprueba_8.avi
OpenCV(4.5.3) /tmp/pip-req-build-dwj9trv5/opencv/modules/imgproc/src/resize.cpp:4051: error: (-215:Assertion failed) !ssize.empty() in function 'resize'

cara encontrada en: /var/www/html/reconocimientoFacial/proyecto_definitivo/admin/files/videos_registro_videos/otraprueba_8.avi
cara guardada en /otraprueba_8.avi_8_8.480391263961792.jpg con esta confidence:0.9984908
cara encontrada en: /var/www/html/reconocimientoFacial/proyecto_definitivo/admin/files/videos_registro_videos/otraprueba_8.avi
OpenCV(4.5.3) /tmp/pip-req-build-dwj9trv5/opencv/modules/imgproc/src/resize.cpp:4051: error: (-215:Assertion failed) !ssize.empty() in function 'resize'

cara encontrada en: /var/www/html/reconocimientoFacial/proyecto_definitivo/admin/files/videos_registro_videos/otraprueba_8.avi
OpenCV(4.5.3) /tmp/pip-req-build-dwj9trv5/opencv/modules/imgproc/src/resize.cpp:4051: error: (-215:Assertion failed) !ssize.empty() in function 'resize'

cara encontrada en: /var/www/html/reconocimientoFacial/proyecto_definitivo/admin/files/videos_registro_videos/otraprueba_8.avi
OpenCV(4.5.3) /tmp/pip-req-build-dwj9trv5/opencv/modules/imgproc/src/resize.cpp:4051: error: (-215:Assertion failed) !ssize.empty() in function 'resize'

cara encontrada en: /var/www/html/reconocimientoFacial/proyecto_definitivo/admin/files/videos_registro_videos/otraprueba_8.avi
OpenCV(4.5.3) /tmp/pip-req-build-dwj9trv5/opencv/modules/imgproc/src/resize.cpp:4051: error: (-215:Assertion failed) !ssize.empty() in function 'resize'

cara encontrada en: /var/www/html/reconocimientoFacial/proyecto_definitivo/admin/files/videos_registro_videos/otraprueba_8.avi
OpenCV(4.5.3) /tmp/pip-req-build-dwj9trv5/opencv/modules/imgproc/src/resize.cpp:4051: error: (-215:Assertion failed) !ssize.empty() in function 'resize'

cara encontrada en: /var/www/html/reconocimientoFacial/proyecto_definitivo/admin/files/videos_registro_videos/otraprueba_8.avi
OpenCV(4.5.3) /tmp/pip-req-build-dwj9trv5/opencv/modules/imgproc/src/resize.cpp:4051: error: (-215:Assertion failed) !ssize.empty() in function 'resize'

voy(8) leyendo el video..
tenemos(8) frame k lo guardo ..
voy(8) leyendo el video..
tenemos(8) frame k lo guardo ..
voy(8) leyendo el video..
tenemos(8) frame k lo guardo ..
cara encontrada en: /var/www/html/reconocimientoFacial/proyecto_definitivo/admin/files/videos_registro_videos/otraprueba_8.avi
OpenCV(4.5.3) /tmp/pip-req-build-dwj9trv5/opencv/modules/imgproc/src/resize.cpp:4051: error: (-215:Assertion failed) !ssize.empty() in function 'resize'

cara encontrada en: /var/www/html/reconocimientoFacial/proyecto_definitivo/admin/files/videos_registro_videos/otraprueba_8.avi
OpenCV(4.5.3) /tmp/pip-req-build-dwj9trv5/opencv/modules/imgproc/src/resize.cpp:4051: error: (-215:Assertion failed) !ssize.empty() in function 'resize'

cara encontrada en: /var/www/html/reconocimientoFacial/proyecto_definitivo/admin/files/videos_registro_videos/otraprueba_8.avi
OpenCV(4.5.3) /tmp/pip-req-build-dwj9trv5/opencv/modules/imgproc/src/resize.cpp:4051: error: (-215:Assertion failed) !ssize.empty() in function 'resize'

cara encontrada en: /var/www/html/reconocimientoFacial/proyecto_definitivo/admin/files/videos_registro_videos/otraprueba_8.avi
cara guardada en /otraprueba_8.avi_8_10.64303207397461.jpg con esta confidence:0.9984652
cara encontrada en: /var/www/html/reconocimientoFacial/proyecto_definitivo/admin/files/videos_registro_videos/otraprueba_8.avi
OpenCV(4.5.3) /tmp/pip-req-build-dwj9trv5/opencv/modules/imgproc/src/resize.cpp:4051: error: (-215:Assertion failed) !ssize.empty() in function 'resize'

cara encontrada en: /var/www/html/reconocimientoFacial/proyecto_definitivo/admin/files/videos_registro_videos/otraprueba_8.avi
OpenCV(4.5.3) /tmp/pip-req-build-dwj9trv5/opencv/modules/imgproc/src/resize.cpp:4051: error: (-215:Assertion failed) !ssize.empty() in function 'resize'

cara encontrada en: /var/www/html/reconocimientoFacial/proyecto_definitivo/admin/files/videos_registro_videos/otraprueba_8.avi
OpenCV(4.5.3) /tmp/pip-req-build-dwj9trv5/opencv/modules/imgproc/src/resize.cpp:4051: error: (-215:Assertion failed) !ssize.empty() in function 'resize'

cara encontrada en: /var/www/html/reconocimientoFacial/proyecto_definitivo/admin/files/videos_registro_videos/otraprueba_8.avi
OpenCV(4.5.3) /tmp/pip-req-build-dwj9trv5/opencv/modules/imgproc/src/resize.cpp:4051: error: (-215:Assertion failed) !ssize.empty() in function 'resize'

cara encontrada en: /var/www/html/reconocimientoFacial/proyecto_definitivo/admin/files/videos_registro_videos/otraprueba_8.avi
OpenCV(4.5.3) /tmp/pip-req-build-dwj9trv5/opencv/modules/imgproc/src/resize.cpp:4051: error: (-215:Assertion failed) !ssize.empty() in function 'resize'

cara encontrada en: /var/www/html/reconocimientoFacial/proyecto_definitivo/admin/files/videos_registro_videos/otraprueba_8.avi
OpenCV(4.5.3) /tmp/pip-req-build-dwj9trv5/opencv/modules/imgproc/src/resize.cpp:4051: error: (-215:Assertion failed) !ssize.empty() in function 'resize'

voy(8) leyendo el video..
tenemos(8) frame k lo guardo ..
voy(8) leyendo el video..
tenemos(8) frame k lo guardo ..
voy(8) leyendo el video..
tenemos(8) frame k lo guardo ..
cara encontrada en: /var/www/html/reconocimientoFacial/proyecto_definitivo/admin/files/videos_registro_videos/otraprueba_8.avi
OpenCV(4.5.3) /tmp/pip-req-build-dwj9trv5/opencv/modules/imgproc/src/resize.cpp:4051: error: (-215:Assertion failed) !ssize.empty() in function 'resize'

cara encontrada en: /var/www/html/reconocimientoFacial/proyecto_definitivo/admin/files/videos_registro_videos/otraprueba_8.avi
OpenCV(4.5.3) /tmp/pip-req-build-dwj9trv5/opencv/modules/imgproc/src/resize.cpp:4051: error: (-215:Assertion failed) !ssize.empty() in function 'resize'

cara encontrada en: /var/www/html/reconocimientoFacial/proyecto_definitivo/admin/files/videos_registro_videos/otraprueba_8.avi
OpenCV(4.5.3) /tmp/pip-req-build-dwj9trv5/opencv/modules/imgproc/src/resize.cpp:4051: error: (-215:Assertion failed) !ssize.empty() in function 'resize'

cara encontrada en: /var/www/html/reconocimientoFacial/proyecto_definitivo/admin/files/videos_registro_videos/otraprueba_8.avi
OpenCV(4.5.3) /tmp/pip-req-build-dwj9trv5/opencv/modules/imgproc/src/resize.cpp:4051: error: (-215:Assertion failed) !ssize.empty() in function 'resize'

cara encontrada en: /var/www/html/reconocimientoFacial/proyecto_definitivo/admin/files/videos_registro_videos/otraprueba_8.avi
cara guardada en /otraprueba_8.avi_8_12.825212478637695.jpg con esta confidence:0.99836034
cara encontrada en: /var/www/html/reconocimientoFacial/proyecto_definitivo/admin/files/videos_registro_videos/otraprueba_8.avi
OpenCV(4.5.3) /tmp/pip-req-build-dwj9trv5/opencv/modules/imgproc/src/resize.cpp:4051: error: (-215:Assertion failed) !ssize.empty() in function 'resize'

cara encontrada en: /var/www/html/reconocimientoFacial/proyecto_definitivo/admin/files/videos_registro_videos/otraprueba_8.avi
OpenCV(4.5.3) /tmp/pip-req-build-dwj9trv5/opencv/modules/imgproc/src/resize.cpp:4051: error: (-215:Assertion failed) !ssize.empty() in function 'resize'

cara encontrada en: /var/www/html/reconocimientoFacial/proyecto_definitivo/admin/files/videos_registro_videos/otraprueba_8.avi
OpenCV(4.5.3) /tmp/pip-req-build-dwj9trv5/opencv/modules/imgproc/src/resize.cpp:4051: error: (-215:Assertion failed) !ssize.empty() in function 'resize'

cara encontrada en: /var/www/html/reconocimientoFacial/proyecto_definitivo/admin/files/videos_registro_videos/otraprueba_8.avi
OpenCV(4.5.3) /tmp/pip-req-build-dwj9trv5/opencv/modules/imgproc/src/resize.cpp:4051: error: (-215:Assertion failed) !ssize.empty() in function 'resize'

cara encontrada en: /var/www/html/reconocimientoFacial/proyecto_definitivo/admin/files/videos_registro_videos/otraprueba_8.avi
OpenCV(4.5.3) /tmp/pip-req-build-dwj9trv5/opencv/modules/imgproc/src/resize.cpp:4051: error: (-215:Assertion failed) !ssize.empty() in function 'resize'

voy(8) leyendo el video..
tenemos(8) frame k lo guardo ..
voy(8) leyendo el video..
tenemos(8) frame k lo guardo ..
voy(8) leyendo el video..
tenemos(8) frame k lo guardo ..
cara encontrada en: /var/www/html/reconocimientoFacial/proyecto_definitivo/admin/files/videos_registro_videos/otraprueba_8.avi
OpenCV(4.5.3) /tmp/pip-req-build-dwj9trv5/opencv/modules/imgproc/src/resize.cpp:4051: error: (-215:Assertion failed) !ssize.empty() in function 'resize'

cara encontrada en: /var/www/html/reconocimientoFacial/proyecto_definitivo/admin/files/videos_registro_videos/otraprueba_8.avi
OpenCV(4.5.3) /tmp/pip-req-build-dwj9trv5/opencv/modules/imgproc/src/resize.cpp:4051: error: (-215:Assertion failed) !ssize.empty() in function 'resize'

cara encontrada en: /var/www/html/reconocimientoFacial/proyecto_definitivo/admin/files/videos_registro_videos/otraprueba_8.avi
OpenCV(4.5.3) /tmp/pip-req-build-dwj9trv5/opencv/modules/imgproc/src/resize.cpp:4051: error: (-215:Assertion failed) !ssize.empty() in function 'resize'

cara encontrada en: /var/www/html/reconocimientoFacial/proyecto_definitivo/admin/files/videos_registro_videos/otraprueba_8.avi
OpenCV(4.5.3) /tmp/pip-req-build-dwj9trv5/opencv/modules/imgproc/src/resize.cpp:4051: error: (-215:Assertion failed) !ssize.empty() in function 'resize'

cara encontrada en: /var/www/html/reconocimientoFacial/proyecto_definitivo/admin/files/videos_registro_videos/otraprueba_8.avi
cara guardada en /otraprueba_8.avi_8_15.512319087982178.jpg con esta confidence:0.9983443
cara encontrada en: /var/www/html/reconocimientoFacial/proyecto_definitivo/admin/files/videos_registro_videos/otraprueba_8.avi
OpenCV(4.5.3) /tmp/pip-req-build-dwj9trv5/opencv/modules/imgproc/src/resize.cpp:4051: error: (-215:Assertion failed) !ssize.empty() in function 'resize'

cara encontrada en: /var/www/html/reconocimientoFacial/proyecto_definitivo/admin/files/videos_registro_videos/otraprueba_8.avi
OpenCV(4.5.3) /tmp/pip-req-build-dwj9trv5/opencv/modules/imgproc/src/resize.cpp:4051: error: (-215:Assertion failed) !ssize.empty() in function 'resize'

cara encontrada en: /var/www/html/reconocimientoFacial/proyecto_definitivo/admin/files/videos_registro_videos/otraprueba_8.avi
OpenCV(4.5.3) /tmp/pip-req-build-dwj9trv5/opencv/modules/imgproc/src/resize.cpp:4051: error: (-215:Assertion failed) !ssize.empty() in function 'resize'

cara encontrada en: /var/www/html/reconocimientoFacial/proyecto_definitivo/admin/files/videos_registro_videos/otraprueba_8.avi
OpenCV(4.5.3) /tmp/pip-req-build-dwj9trv5/opencv/modules/imgproc/src/resize.cpp:4051: error: (-215:Assertion failed) !ssize.empty() in function 'resize'

cara encontrada en: /var/www/html/reconocimientoFacial/proyecto_definitivo/admin/files/videos_registro_videos/otraprueba_8.avi
OpenCV(4.5.3) /tmp/pip-req-build-dwj9trv5/opencv/modules/imgproc/src/resize.cpp:4051: error: (-215:Assertion failed) !ssize.empty() in function 'resize'

voy(8) leyendo el video..
tenemos(8) frame k lo guardo ..
voy(8) leyendo el video..
tenemos(8) frame k lo guardo ..
voy(8) leyendo el video..
tenemos(8) frame k lo guardo ..
cara encontrada en: /var/www/html/reconocimientoFacial/proyecto_definitivo/admin/files/videos_registro_videos/otraprueba_8.avi
OpenCV(4.5.3) /tmp/pip-req-build-dwj9trv5/opencv/modules/imgproc/src/resize.cpp:4051: error: (-215:Assertion failed) !ssize.empty() in function 'resize'

cara encontrada en: /var/www/html/reconocimientoFacial/proyecto_definitivo/admin/files/videos_registro_videos/otraprueba_8.avi
OpenCV(4.5.3) /tmp/pip-req-build-dwj9trv5/opencv/modules/imgproc/src/resize.cpp:4051: error: (-215:Assertion failed) !ssize.empty() in function 'resize'

cara encontrada en: /var/www/html/reconocimientoFacial/proyecto_definitivo/admin/files/videos_registro_videos/otraprueba_8.avi
OpenCV(4.5.3) /tmp/pip-req-build-dwj9trv5/opencv/modules/imgproc/src/resize.cpp:4051: error: (-215:Assertion failed) !ssize.empty() in function 'resize'

cara encontrada en: /var/www/html/reconocimientoFacial/proyecto_definitivo/admin/files/videos_registro_videos/otraprueba_8.avi
OpenCV(4.5.3) /tmp/pip-req-build-dwj9trv5/opencv/modules/imgproc/src/resize.cpp:4051: error: (-215:Assertion failed) !ssize.empty() in function 'resize'

cara encontrada en: /var/www/html/reconocimientoFacial/proyecto_definitivo/admin/files/videos_registro_videos/otraprueba_8.avi
cara guardada en /otraprueba_8.avi_8_18.18523669242859.jpg con esta confidence:0.9982077
cara encontrada en: /var/www/html/reconocimientoFacial/proyecto_definitivo/admin/files/videos_registro_videos/otraprueba_8.avi
OpenCV(4.5.3) /tmp/pip-req-build-dwj9trv5/opencv/modules/imgproc/src/resize.cpp:4051: error: (-215:Assertion failed) !ssize.empty() in function 'resize'

cara encontrada en: /var/www/html/reconocimientoFacial/proyecto_definitivo/admin/files/videos_registro_videos/otraprueba_8.avi
OpenCV(4.5.3) /tmp/pip-req-build-dwj9trv5/opencv/modules/imgproc/src/resize.cpp:4051: error: (-215:Assertion failed) !ssize.empty() in function 'resize'

cara encontrada en: /var/www/html/reconocimientoFacial/proyecto_definitivo/admin/files/videos_registro_videos/otraprueba_8.avi
OpenCV(4.5.3) /tmp/pip-req-build-dwj9trv5/opencv/modules/imgproc/src/resize.cpp:4051: error: (-215:Assertion failed) !ssize.empty() in function 'resize'

cara encontrada en: /var/www/html/reconocimientoFacial/proyecto_definitivo/admin/files/videos_registro_videos/otraprueba_8.avi
OpenCV(4.5.3) /tmp/pip-req-build-dwj9trv5/opencv/modules/imgproc/src/resize.cpp:4051: error: (-215:Assertion failed) !ssize.empty() in function 'resize'

cara encontrada en: /var/www/html/reconocimientoFacial/proyecto_definitivo/admin/files/videos_registro_videos/otraprueba_8.avi
OpenCV(4.5.3) /tmp/pip-req-build-dwj9trv5/opencv/modules/imgproc/src/resize.cpp:4051: error: (-215:Assertion failed) !ssize.empty() in function 'resize'

voy(8) leyendo el video..
tenemos(8) frame k lo guardo ..
voy(8) leyendo el video..
tenemos(8) frame k lo guardo ..
voy(8) leyendo el video..
tenemos(8) frame k lo guardo ..
cara encontrada en: /var/www/html/reconocimientoFacial/proyecto_definitivo/admin/files/videos_registro_videos/otraprueba_8.avi
OpenCV(4.5.3) /tmp/pip-req-build-dwj9trv5/opencv/modules/imgproc/src/resize.cpp:4051: error: (-215:Assertion failed) !ssize.empty() in function 'resize'

cara encontrada en: /var/www/html/reconocimientoFacial/proyecto_definitivo/admin/files/videos_registro_videos/otraprueba_8.avi
OpenCV(4.5.3) /tmp/pip-req-build-dwj9trv5/opencv/modules/imgproc/src/resize.cpp:4051: error: (-215:Assertion failed) !ssize.empty() in function 'resize'

cara encontrada en: /var/www/html/reconocimientoFacial/proyecto_definitivo/admin/files/videos_registro_videos/otraprueba_8.avi
OpenCV(4.5.3) /tmp/pip-req-build-dwj9trv5/opencv/modules/imgproc/src/resize.cpp:4051: error: (-215:Assertion failed) !ssize.empty() in function 'resize'

cara encontrada en: /var/www/html/reconocimientoFacial/proyecto_definitivo/admin/files/videos_registro_videos/otraprueba_8.avi
OpenCV(4.5.3) /tmp/pip-req-build-dwj9trv5/opencv/modules/imgproc/src/resize.cpp:4051: error: (-215:Assertion failed) !ssize.empty() in function 'resize'

cara encontrada en: /var/www/html/reconocimientoFacial/proyecto_definitivo/admin/files/videos_registro_videos/otraprueba_8.avi
cara guardada en /otraprueba_8.avi_8_20.828057765960693.jpg con esta confidence:0.99817824
cara encontrada en: /var/www/html/reconocimientoFacial/proyecto_definitivo/admin/files/videos_registro_videos/otraprueba_8.avi
OpenCV(4.5.3) /tmp/pip-req-build-dwj9trv5/opencv/modules/imgproc/src/resize.cpp:4051: error: (-215:Assertion failed) !ssize.empty() in function 'resize'

cara encontrada en: /var/www/html/reconocimientoFacial/proyecto_definitivo/admin/files/videos_registro_videos/otraprueba_8.avi
OpenCV(4.5.3) /tmp/pip-req-build-dwj9trv5/opencv/modules/imgproc/src/resize.cpp:4051: error: (-215:Assertion failed) !ssize.empty() in function 'resize'

cara encontrada en: /var/www/html/reconocimientoFacial/proyecto_definitivo/admin/files/videos_registro_videos/otraprueba_8.avi
OpenCV(4.5.3) /tmp/pip-req-build-dwj9trv5/opencv/modules/imgproc/src/resize.cpp:4051: error: (-215:Assertion failed) !ssize.empty() in function 'resize'

cara encontrada en: /var/www/html/reconocimientoFacial/proyecto_definitivo/admin/files/videos_registro_videos/otraprueba_8.avi
OpenCV(4.5.3) /tmp/pip-req-build-dwj9trv5/opencv/modules/imgproc/src/resize.cpp:4051: error: (-215:Assertion failed) !ssize.empty() in function 'resize'

cara encontrada en: /var/www/html/reconocimientoFacial/proyecto_definitivo/admin/files/videos_registro_videos/otraprueba_8.avi
OpenCV(4.5.3) /tmp/pip-req-build-dwj9trv5/opencv/modules/imgproc/src/resize.cpp:4051: error: (-215:Assertion failed) !ssize.empty() in function 'resize'

voy(8) leyendo el video..
tenemos(8) frame k lo guardo ..
voy(8) leyendo el video..
tenemos(8) frame k lo guardo ..
voy(8) leyendo el video..
tenemos(8) frame k lo guardo ..
cara encontrada en: /var/www/html/reconocimientoFacial/proyecto_definitivo/admin/files/videos_registro_videos/otraprueba_8.avi
OpenCV(4.5.3) /tmp/pip-req-build-dwj9trv5/opencv/modules/imgproc/src/resize.cpp:4051: error: (-215:Assertion failed) !ssize.empty() in function 'resize'

cara encontrada en: /var/www/html/reconocimientoFacial/proyecto_definitivo/admin/files/videos_registro_videos/otraprueba_8.avi
OpenCV(4.5.3) /tmp/pip-req-build-dwj9trv5/opencv/modules/imgproc/src/resize.cpp:4051: error: (-215:Assertion failed) !ssize.empty() in function 'resize'

cara encontrada en: /var/www/html/reconocimientoFacial/proyecto_definitivo/admin/files/videos_registro_videos/otraprueba_8.avi
cara guardada en /otraprueba_8.avi_8_23.211451768875122.jpg con esta confidence:0.9984497
cara encontrada en: /var/www/html/reconocimientoFacial/proyecto_definitivo/admin/files/videos_registro_videos/otraprueba_8.avi
OpenCV(4.5.3) /tmp/pip-req-build-dwj9trv5/opencv/modules/imgproc/src/resize.cpp:4051: error: (-215:Assertion failed) !ssize.empty() in function 'resize'

cara encontrada en: /var/www/html/reconocimientoFacial/proyecto_definitivo/admin/files/videos_registro_videos/otraprueba_8.avi
OpenCV(4.5.3) /tmp/pip-req-build-dwj9trv5/opencv/modules/imgproc/src/resize.cpp:4051: error: (-215:Assertion failed) !ssize.empty() in function 'resize'

cara encontrada en: /var/www/html/reconocimientoFacial/proyecto_definitivo/admin/files/videos_registro_videos/otraprueba_8.avi
OpenCV(4.5.3) /tmp/pip-req-build-dwj9trv5/opencv/modules/imgproc/src/resize.cpp:4051: error: (-215:Assertion failed) !ssize.empty() in function 'resize'

cara encontrada en: /var/www/html/reconocimientoFacial/proyecto_definitivo/admin/files/videos_registro_videos/otraprueba_8.avi
OpenCV(4.5.3) /tmp/pip-req-build-dwj9trv5/opencv/modules/imgproc/src/resize.cpp:4051: error: (-215:Assertion failed) !ssize.empty() in function 'resize'

cara encontrada en: /var/www/html/reconocimientoFacial/proyecto_definitivo/admin/files/videos_registro_videos/otraprueba_8.avi
OpenCV(4.5.3) /tmp/pip-req-build-dwj9trv5/opencv/modules/imgproc/src/resize.cpp:4051: error: (-215:Assertion failed) !ssize.empty() in function 'resize'

cara encontrada en: /var/www/html/reconocimientoFacial/proyecto_definitivo/admin/files/videos_registro_videos/otraprueba_8.avi
OpenCV(4.5.3) /tmp/pip-req-build-dwj9trv5/opencv/modules/imgproc/src/resize.cpp:4051: error: (-215:Assertion failed) !ssize.empty() in function 'resize'

cara encontrada en: /var/www/html/reconocimientoFacial/proyecto_definitivo/admin/files/videos_registro_videos/otraprueba_8.avi
OpenCV(4.5.3) /tmp/pip-req-build-dwj9trv5/opencv/modules/imgproc/src/resize.cpp:4051: error: (-215:Assertion failed) !ssize.empty() in function 'resize'

voy(8) leyendo el video..
tenemos(8) frame k lo guardo ..
voy(8) leyendo el video..
tenemos(8) frame k lo guardo ..
voy(8) leyendo el video..
tenemos(8) frame k lo guardo ..
cara encontrada en: /var/www/html/reconocimientoFacial/proyecto_definitivo/admin/files/videos_registro_videos/otraprueba_8.avi
OpenCV(4.5.3) /tmp/pip-req-build-dwj9trv5/opencv/modules/imgproc/src/resize.cpp:4051: error: (-215:Assertion failed) !ssize.empty() in function 'resize'

cara encontrada en: /var/www/html/reconocimientoFacial/proyecto_definitivo/admin/files/videos_registro_videos/otraprueba_8.avi
OpenCV(4.5.3) /tmp/pip-req-build-dwj9trv5/opencv/modules/imgproc/src/resize.cpp:4051: error: (-215:Assertion failed) !ssize.empty() in function 'resize'

cara encontrada en: /var/www/html/reconocimientoFacial/proyecto_definitivo/admin/files/videos_registro_videos/otraprueba_8.avi
OpenCV(4.5.3) /tmp/pip-req-build-dwj9trv5/opencv/modules/imgproc/src/resize.cpp:4051: error: (-215:Assertion failed) !ssize.empty() in function 'resize'

cara encontrada en: /var/www/html/reconocimientoFacial/proyecto_definitivo/admin/files/videos_registro_videos/otraprueba_8.avi
cara guardada en /otraprueba_8.avi_8_25.89025330543518.jpg con esta confidence:0.9983746
cara encontrada en: /var/www/html/reconocimientoFacial/proyecto_definitivo/admin/files/videos_registro_videos/otraprueba_8.avi
OpenCV(4.5.3) /tmp/pip-req-build-dwj9trv5/opencv/modules/imgproc/src/resize.cpp:4051: error: (-215:Assertion failed) !ssize.empty() in function 'resize'

cara encontrada en: /var/www/html/reconocimientoFacial/proyecto_definitivo/admin/files/videos_registro_videos/otraprueba_8.avi
OpenCV(4.5.3) /tmp/pip-req-build-dwj9trv5/opencv/modules/imgproc/src/resize.cpp:4051: error: (-215:Assertion failed) !ssize.empty() in function 'resize'

cara encontrada en: /var/www/html/reconocimientoFacial/proyecto_definitivo/admin/files/videos_registro_videos/otraprueba_8.avi
OpenCV(4.5.3) /tmp/pip-req-build-dwj9trv5/opencv/modules/imgproc/src/resize.cpp:4051: error: (-215:Assertion failed) !ssize.empty() in function 'resize'

cara encontrada en: /var/www/html/reconocimientoFacial/proyecto_definitivo/admin/files/videos_registro_videos/otraprueba_8.avi
OpenCV(4.5.3) /tmp/pip-req-build-dwj9trv5/opencv/modules/imgproc/src/resize.cpp:4051: error: (-215:Assertion failed) !ssize.empty() in function 'resize'

cara encontrada en: /var/www/html/reconocimientoFacial/proyecto_definitivo/admin/files/videos_registro_videos/otraprueba_8.avi
OpenCV(4.5.3) /tmp/pip-req-build-dwj9trv5/opencv/modules/imgproc/src/resize.cpp:4051: error: (-215:Assertion failed) !ssize.empty() in function 'resize'

cara encontrada en: /var/www/html/reconocimientoFacial/proyecto_definitivo/admin/files/videos_registro_videos/otraprueba_8.avi
OpenCV(4.5.3) /tmp/pip-req-build-dwj9trv5/opencv/modules/imgproc/src/resize.cpp:4051: error: (-215:Assertion failed) !ssize.empty() in function 'resize'

voy(8) leyendo el video..
tenemos(8) frame k lo guardo ..
voy(8) leyendo el video..
tenemos(8) frame k lo guardo ..
voy(8) leyendo el video..
tenemos(8) frame k lo guardo ..
cara encontrada en: /var/www/html/reconocimientoFacial/proyecto_definitivo/admin/files/videos_registro_videos/otraprueba_8.avi
OpenCV(4.5.3) /tmp/pip-req-build-dwj9trv5/opencv/modules/imgproc/src/resize.cpp:4051: error: (-215:Assertion failed) !ssize.empty() in function 'resize'

cara encontrada en: /var/www/html/reconocimientoFacial/proyecto_definitivo/admin/files/videos_registro_videos/otraprueba_8.avi
OpenCV(4.5.3) /tmp/pip-req-build-dwj9trv5/opencv/modules/imgproc/src/resize.cpp:4051: error: (-215:Assertion failed) !ssize.empty() in function 'resize'

cara encontrada en: /var/www/html/reconocimientoFacial/proyecto_definitivo/admin/files/videos_registro_videos/otraprueba_8.avi
OpenCV(4.5.3) /tmp/pip-req-build-dwj9trv5/opencv/modules/imgproc/src/resize.cpp:4051: error: (-215:Assertion failed) !ssize.empty() in function 'resize'

cara encontrada en: /var/www/html/reconocimientoFacial/proyecto_definitivo/admin/files/videos_registro_videos/otraprueba_8.avi
cara guardada en /otraprueba_8.avi_8_28.425434589385986.jpg con esta confidence:0.99841726
cara encontrada en: /var/www/html/reconocimientoFacial/proyecto_definitivo/admin/files/videos_registro_videos/otraprueba_8.avi
OpenCV(4.5.3) /tmp/pip-req-build-dwj9trv5/opencv/modules/imgproc/src/resize.cpp:4051: error: (-215:Assertion failed) !ssize.empty() in function 'resize'

cara encontrada en: /var/www/html/reconocimientoFacial/proyecto_definitivo/admin/files/videos_registro_videos/otraprueba_8.avi
OpenCV(4.5.3) /tmp/pip-req-build-dwj9trv5/opencv/modules/imgproc/src/resize.cpp:4051: error: (-215:Assertion failed) !ssize.empty() in function 'resize'

cara encontrada en: /var/www/html/reconocimientoFacial/proyecto_definitivo/admin/files/videos_registro_videos/otraprueba_8.avi
OpenCV(4.5.3) /tmp/pip-req-build-dwj9trv5/opencv/modules/imgproc/src/resize.cpp:4051: error: (-215:Assertion failed) !ssize.empty() in function 'resize'

cara encontrada en: /var/www/html/reconocimientoFacial/proyecto_definitivo/admin/files/videos_registro_videos/otraprueba_8.avi
OpenCV(4.5.3) /tmp/pip-req-build-dwj9trv5/opencv/modules/imgproc/src/resize.cpp:4051: error: (-215:Assertion failed) !ssize.empty() in function 'resize'

cara encontrada en: /var/www/html/reconocimientoFacial/proyecto_definitivo/admin/files/videos_registro_videos/otraprueba_8.avi
OpenCV(4.5.3) /tmp/pip-req-build-dwj9trv5/opencv/modules/imgproc/src/resize.cpp:4051: error: (-215:Assertion failed) !ssize.empty() in function 'resize'

cara encontrada en: /var/www/html/reconocimientoFacial/proyecto_definitivo/admin/files/videos_registro_videos/otraprueba_8.avi
OpenCV(4.5.3) /tmp/pip-req-build-dwj9trv5/opencv/modules/imgproc/src/resize.cpp:4051: error: (-215:Assertion failed) !ssize.empty() in function 'resize'

voy(8) leyendo el video..
tenemos(8) frame k lo guardo ..
voy(8) leyendo el video..
tenemos(8) frame k lo guardo ..
voy(8) leyendo el video..
tenemos(8) frame k lo guardo ..
cara encontrada en: /var/www/html/reconocimientoFacial/proyecto_definitivo/admin/files/videos_registro_videos/otraprueba_8.avi
OpenCV(4.5.3) /tmp/pip-req-build-dwj9trv5/opencv/modules/imgproc/src/resize.cpp:4051: error: (-215:Assertion failed) !ssize.empty() in function 'resize'

cara encontrada en: /var/www/html/reconocimientoFacial/proyecto_definitivo/admin/files/videos_registro_videos/otraprueba_8.avi
OpenCV(4.5.3) /tmp/pip-req-build-dwj9trv5/opencv/modules/imgproc/src/resize.cpp:4051: error: (-215:Assertion failed) !ssize.empty() in function 'resize'

cara encontrada en: /var/www/html/reconocimientoFacial/proyecto_definitivo/admin/files/videos_registro_videos/otraprueba_8.avi
OpenCV(4.5.3) /tmp/pip-req-build-dwj9trv5/opencv/modules/imgproc/src/resize.cpp:4051: error: (-215:Assertion failed) !ssize.empty() in function 'resize'

cara encontrada en: /var/www/html/reconocimientoFacial/proyecto_definitivo/admin/files/videos_registro_videos/otraprueba_8.avi
OpenCV(4.5.3) /tmp/pip-req-build-dwj9trv5/opencv/modules/imgproc/src/resize.cpp:4051: error: (-215:Assertion failed) !ssize.empty() in function 'resize'

cara encontrada en: /var/www/html/reconocimientoFacial/proyecto_definitivo/admin/files/videos_registro_videos/otraprueba_8.avi
cara guardada en /otraprueba_8.avi_8_30.93489170074463.jpg con esta confidence:0.99820733
cara encontrada en: /var/www/html/reconocimientoFacial/proyecto_definitivo/admin/files/videos_registro_videos/otraprueba_8.avi
OpenCV(4.5.3) /tmp/pip-req-build-dwj9trv5/opencv/modules/imgproc/src/resize.cpp:4051: error: (-215:Assertion failed) !ssize.empty() in function 'resize'

cara encontrada en: /var/www/html/reconocimientoFacial/proyecto_definitivo/admin/files/videos_registro_videos/otraprueba_8.avi
OpenCV(4.5.3) /tmp/pip-req-build-dwj9trv5/opencv/modules/imgproc/src/resize.cpp:4051: error: (-215:Assertion failed) !ssize.empty() in function 'resize'

cara encontrada en: /var/www/html/reconocimientoFacial/proyecto_definitivo/admin/files/videos_registro_videos/otraprueba_8.avi
OpenCV(4.5.3) /tmp/pip-req-build-dwj9trv5/opencv/modules/imgproc/src/resize.cpp:4051: error: (-215:Assertion failed) !ssize.empty() in function 'resize'

cara encontrada en: /var/www/html/reconocimientoFacial/proyecto_definitivo/admin/files/videos_registro_videos/otraprueba_8.avi
OpenCV(4.5.3) /tmp/pip-req-build-dwj9trv5/opencv/modules/imgproc/src/resize.cpp:4051: error: (-215:Assertion failed) !ssize.empty() in function 'resize'

cara encontrada en: /var/www/html/reconocimientoFacial/proyecto_definitivo/admin/files/videos_registro_videos/otraprueba_8.avi
OpenCV(4.5.3) /tmp/pip-req-build-dwj9trv5/opencv/modules/imgproc/src/resize.cpp:4051: error: (-215:Assertion failed) !ssize.empty() in function 'resize'

voy(8) leyendo el video..
tenemos(8) frame k lo guardo ..
voy(8) leyendo el video..
tenemos(8) frame k lo guardo ..
voy(8) leyendo el video..
tenemos(8) frame k lo guardo ..
cara encontrada en: /var/www/html/reconocimientoFacial/proyecto_definitivo/admin/files/videos_registro_videos/otraprueba_8.avi
OpenCV(4.5.3) /tmp/pip-req-build-dwj9trv5/opencv/modules/imgproc/src/resize.cpp:4051: error: (-215:Assertion failed) !ssize.empty() in function 'resize'

cara encontrada en: /var/www/html/reconocimientoFacial/proyecto_definitivo/admin/files/videos_registro_videos/otraprueba_8.avi
OpenCV(4.5.3) /tmp/pip-req-build-dwj9trv5/opencv/modules/imgproc/src/resize.cpp:4051: error: (-215:Assertion failed) !ssize.empty() in function 'resize'

cara encontrada en: /var/www/html/reconocimientoFacial/proyecto_definitivo/admin/files/videos_registro_videos/otraprueba_8.avi
OpenCV(4.5.3) /tmp/pip-req-build-dwj9trv5/opencv/modules/imgproc/src/resize.cpp:4051: error: (-215:Assertion failed) !ssize.empty() in function 'resize'

cara encontrada en: /var/www/html/reconocimientoFacial/proyecto_definitivo/admin/files/videos_registro_videos/otraprueba_8.avi
cara guardada en /otraprueba_8.avi_8_33.47841191291809.jpg con esta confidence:0.9973659
cara encontrada en: /var/www/html/reconocimientoFacial/proyecto_definitivo/admin/files/videos_registro_videos/otraprueba_8.avi
OpenCV(4.5.3) /tmp/pip-req-build-dwj9trv5/opencv/modules/imgproc/src/resize.cpp:4051: error: (-215:Assertion failed) !ssize.empty() in function 'resize'

cara encontrada en: /var/www/html/reconocimientoFacial/proyecto_definitivo/admin/files/videos_registro_videos/otraprueba_8.avi
OpenCV(4.5.3) /tmp/pip-req-build-dwj9trv5/opencv/modules/imgproc/src/resize.cpp:4051: error: (-215:Assertion failed) !ssize.empty() in function 'resize'

cara encontrada en: /var/www/html/reconocimientoFacial/proyecto_definitivo/admin/files/videos_registro_videos/otraprueba_8.avi
OpenCV(4.5.3) /tmp/pip-req-build-dwj9trv5/opencv/modules/imgproc/src/resize.cpp:4051: error: (-215:Assertion failed) !ssize.empty() in function 'resize'

cara encontrada en: /var/www/html/reconocimientoFacial/proyecto_definitivo/admin/files/videos_registro_videos/otraprueba_8.avi
OpenCV(4.5.3) /tmp/pip-req-build-dwj9trv5/opencv/modules/imgproc/src/resize.cpp:4051: error: (-215:Assertion failed) !ssize.empty() in function 'resize'

cara encontrada en: /var/www/html/reconocimientoFacial/proyecto_definitivo/admin/files/videos_registro_videos/otraprueba_8.avi
OpenCV(4.5.3) /tmp/pip-req-build-dwj9trv5/opencv/modules/imgproc/src/resize.cpp:4051: error: (-215:Assertion failed) !ssize.empty() in function 'resize'

voy(8) leyendo el video..
tenemos(8) frame k lo guardo ..
voy(8) leyendo el video..
tenemos(8) frame k lo guardo ..
voy(8) leyendo el video..
tenemos(8) frame k lo guardo ..
cara encontrada en: /var/www/html/reconocimientoFacial/proyecto_definitivo/admin/files/videos_registro_videos/otraprueba_8.avi
OpenCV(4.5.3) /tmp/pip-req-build-dwj9trv5/opencv/modules/imgproc/src/resize.cpp:4051: error: (-215:Assertion failed) !ssize.empty() in function 'resize'

cara encontrada en: /var/www/html/reconocimientoFacial/proyecto_definitivo/admin/files/videos_registro_videos/otraprueba_8.avi
OpenCV(4.5.3) /tmp/pip-req-build-dwj9trv5/opencv/modules/imgproc/src/resize.cpp:4051: error: (-215:Assertion failed) !ssize.empty() in function 'resize'

cara encontrada en: /var/www/html/reconocimientoFacial/proyecto_definitivo/admin/files/videos_registro_videos/otraprueba_8.avi
OpenCV(4.5.3) /tmp/pip-req-build-dwj9trv5/opencv/modules/imgproc/src/resize.cpp:4051: error: (-215:Assertion failed) !ssize.empty() in function 'resize'

cara encontrada en: /var/www/html/reconocimientoFacial/proyecto_definitivo/admin/files/videos_registro_videos/otraprueba_8.avi
OpenCV(4.5.3) /tmp/pip-req-build-dwj9trv5/opencv/modules/imgproc/src/resize.cpp:4051: error: (-215:Assertion failed) !ssize.empty() in function 'resize'

cara encontrada en: /var/www/html/reconocimientoFacial/proyecto_definitivo/admin/files/videos_registro_videos/otraprueba_8.avi
cara guardada en /otraprueba_8.avi_8_35.68311023712158.jpg con esta confidence:0.9953187
cara encontrada en: /var/www/html/reconocimientoFacial/proyecto_definitivo/admin/files/videos_registro_videos/otraprueba_8.avi
OpenCV(4.5.3) /tmp/pip-req-build-dwj9trv5/opencv/modules/imgproc/src/resize.cpp:4051: error: (-215:Assertion failed) !ssize.empty() in function 'resize'

cara encontrada en: /var/www/html/reconocimientoFacial/proyecto_definitivo/admin/files/videos_registro_videos/otraprueba_8.avi
OpenCV(4.5.3) /tmp/pip-req-build-dwj9trv5/opencv/modules/imgproc/src/resize.cpp:4051: error: (-215:Assertion failed) !ssize.empty() in function 'resize'

cara encontrada en: /var/www/html/reconocimientoFacial/proyecto_definitivo/admin/files/videos_registro_videos/otraprueba_8.avi
OpenCV(4.5.3) /tmp/pip-req-build-dwj9trv5/opencv/modules/imgproc/src/resize.cpp:4051: error: (-215:Assertion failed) !ssize.empty() in function 'resize'

cara encontrada en: /var/www/html/reconocimientoFacial/proyecto_definitivo/admin/files/videos_registro_videos/otraprueba_8.avi
OpenCV(4.5.3) /tmp/pip-req-build-dwj9trv5/opencv/modules/imgproc/src/resize.cpp:4051: error: (-215:Assertion failed) !ssize.empty() in function 'resize'

voy(8) leyendo el video..
tenemos(8) frame k lo guardo ..
voy(8) leyendo el video..
tenemos(8) frame k lo guardo ..
voy(8) leyendo el video..
tenemos(8) frame k lo guardo ..
cara encontrada en: /var/www/html/reconocimientoFacial/proyecto_definitivo/admin/files/videos_registro_videos/otraprueba_8.avi
OpenCV(4.5.3) /tmp/pip-req-build-dwj9trv5/opencv/modules/imgproc/src/resize.cpp:4051: error: (-215:Assertion failed) !ssize.empty() in function 'resize'

cara encontrada en: /var/www/html/reconocimientoFacial/proyecto_definitivo/admin/files/videos_registro_videos/otraprueba_8.avi
OpenCV(4.5.3) /tmp/pip-req-build-dwj9trv5/opencv/modules/imgproc/src/resize.cpp:4051: error: (-215:Assertion failed) !ssize.empty() in function 'resize'

cara encontrada en: /var/www/html/reconocimientoFacial/proyecto_definitivo/admin/files/videos_registro_videos/otraprueba_8.avi
OpenCV(4.5.3) /tmp/pip-req-build-dwj9trv5/opencv/modules/imgproc/src/resize.cpp:4051: error: (-215:Assertion failed) !ssize.empty() in function 'resize'

cara encontrada en: /var/www/html/reconocimientoFacial/proyecto_definitivo/admin/files/videos_registro_videos/otraprueba_8.avi
OpenCV(4.5.3) /tmp/pip-req-build-dwj9trv5/opencv/modules/imgproc/src/resize.cpp:4051: error: (-215:Assertion failed) !ssize.empty() in function 'resize'

cara encontrada en: /var/www/html/reconocimientoFacial/proyecto_definitivo/admin/files/videos_registro_videos/otraprueba_8.avi
OpenCV(4.5.3) /tmp/pip-req-build-dwj9trv5/opencv/modules/imgproc/src/resize.cpp:4051: error: (-215:Assertion failed) !ssize.empty() in function 'resize'

cara encontrada en: /var/www/html/reconocimientoFacial/proyecto_definitivo/admin/files/videos_registro_videos/otraprueba_8.avi
cara guardada en /otraprueba_8.avi_8_37.97037863731384.jpg con esta confidence:0.99083847
cara encontrada en: /var/www/html/reconocimientoFacial/proyecto_definitivo/admin/files/videos_registro_videos/otraprueba_8.avi
OpenCV(4.5.3) /tmp/pip-req-build-dwj9trv5/opencv/modules/imgproc/src/resize.cpp:4051: error: (-215:Assertion failed) !ssize.empty() in function 'resize'

cara encontrada en: /var/www/html/reconocimientoFacial/proyecto_definitivo/admin/files/videos_registro_videos/otraprueba_8.avi
OpenCV(4.5.3) /tmp/pip-req-build-dwj9trv5/opencv/modules/imgproc/src/resize.cpp:4051: error: (-215:Assertion failed) !ssize.empty() in function 'resize'

cara encontrada en: /var/www/html/reconocimientoFacial/proyecto_definitivo/admin/files/videos_registro_videos/otraprueba_8.avi
OpenCV(4.5.3) /tmp/pip-req-build-dwj9trv5/opencv/modules/imgproc/src/resize.cpp:4051: error: (-215:Assertion failed) !ssize.empty() in function 'resize'

voy(8) leyendo el video..
tenemos(8) frame k lo guardo ..
voy(8) leyendo el video..
tenemos(8) frame k lo guardo ..
voy(8) leyendo el video..
tenemos(8) frame k lo guardo ..
cara encontrada en: /var/www/html/reconocimientoFacial/proyecto_definitivo/admin/files/videos_registro_videos/otraprueba_8.avi
OpenCV(4.5.3) /tmp/pip-req-build-dwj9trv5/opencv/modules/imgproc/src/resize.cpp:4051: error: (-215:Assertion failed) !ssize.empty() in function 'resize'

cara encontrada en: /var/www/html/reconocimientoFacial/proyecto_definitivo/admin/files/videos_registro_videos/otraprueba_8.avi
OpenCV(4.5.3) /tmp/pip-req-build-dwj9trv5/opencv/modules/imgproc/src/resize.cpp:4051: error: (-215:Assertion failed) !ssize.empty() in function 'resize'

cara encontrada en: /var/www/html/reconocimientoFacial/proyecto_definitivo/admin/files/videos_registro_videos/otraprueba_8.avi
OpenCV(4.5.3) /tmp/pip-req-build-dwj9trv5/opencv/modules/imgproc/src/resize.cpp:4051: error: (-215:Assertion failed) !ssize.empty() in function 'resize'

cara encontrada en: /var/www/html/reconocimientoFacial/proyecto_definitivo/admin/files/videos_registro_videos/otraprueba_8.avi
OpenCV(4.5.3) /tmp/pip-req-build-dwj9trv5/opencv/modules/imgproc/src/resize.cpp:4051: error: (-215:Assertion failed) !ssize.empty() in function 'resize'

cara encontrada en: /var/www/html/reconocimientoFacial/proyecto_definitivo/admin/files/videos_registro_videos/otraprueba_8.avi
OpenCV(4.5.3) /tmp/pip-req-build-dwj9trv5/opencv/modules/imgproc/src/resize.cpp:4051: error: (-215:Assertion failed) !ssize.empty() in function 'resize'

cara encontrada en: /var/www/html/reconocimientoFacial/proyecto_definitivo/admin/files/videos_registro_videos/otraprueba_8.avi
cara guardada en /otraprueba_8.avi_8_39.80811142921448.jpg con esta confidence:0.98419374
cara encontrada en: /var/www/html/reconocimientoFacial/proyecto_definitivo/admin/files/videos_registro_videos/otraprueba_8.avi
OpenCV(4.5.3) /tmp/pip-req-build-dwj9trv5/opencv/modules/imgproc/src/resize.cpp:4051: error: (-215:Assertion failed) !ssize.empty() in function 'resize'

cara encontrada en: /var/www/html/reconocimientoFacial/proyecto_definitivo/admin/files/videos_registro_videos/otraprueba_8.avi
OpenCV(4.5.3) /tmp/pip-req-build-dwj9trv5/opencv/modules/imgproc/src/resize.cpp:4051: error: (-215:Assertion failed) !ssize.empty() in function 'resize'

voy(8) leyendo el video..
tenemos(8) frame k lo guardo ..
voy(8) leyendo el video..
tenemos(8) frame k lo guardo ..
voy(8) leyendo el video..
tenemos(8) frame k lo guardo ..
cara encontrada en: /var/www/html/reconocimientoFacial/proyecto_definitivo/admin/files/videos_registro_videos/otraprueba_8.avi
OpenCV(4.5.3) /tmp/pip-req-build-dwj9trv5/opencv/modules/imgproc/src/resize.cpp:4051: error: (-215:Assertion failed) !ssize.empty() in function 'resize'

cara encontrada en: /var/www/html/reconocimientoFacial/proyecto_definitivo/admin/files/videos_registro_videos/otraprueba_8.avi
OpenCV(4.5.3) /tmp/pip-req-build-dwj9trv5/opencv/modules/imgproc/src/resize.cpp:4051: error: (-215:Assertion failed) !ssize.empty() in function 'resize'

cara encontrada en: /var/www/html/reconocimientoFacial/proyecto_definitivo/admin/files/videos_registro_videos/otraprueba_8.avi
OpenCV(4.5.3) /tmp/pip-req-build-dwj9trv5/opencv/modules/imgproc/src/resize.cpp:4051: error: (-215:Assertion failed) !ssize.empty() in function 'resize'

cara encontrada en: /var/www/html/reconocimientoFacial/proyecto_definitivo/admin/files/videos_registro_videos/otraprueba_8.avi
OpenCV(4.5.3) /tmp/pip-req-build-dwj9trv5/opencv/modules/imgproc/src/resize.cpp:4051: error: (-215:Assertion failed) !ssize.empty() in function 'resize'

cara encontrada en: /var/www/html/reconocimientoFacial/proyecto_definitivo/admin/files/videos_registro_videos/otraprueba_8.avi
OpenCV(4.5.3) /tmp/pip-req-build-dwj9trv5/opencv/modules/imgproc/src/resize.cpp:4051: error: (-215:Assertion failed) !ssize.empty() in function 'resize'

cara encontrada en: /var/www/html/reconocimientoFacial/proyecto_definitivo/admin/files/videos_registro_videos/otraprueba_8.avi
cara guardada en /otraprueba_8.avi_8_41.52066969871521.jpg con esta confidence:0.9648758
cara encontrada en: /var/www/html/reconocimientoFacial/proyecto_definitivo/admin/files/videos_registro_videos/otraprueba_8.avi
OpenCV(4.5.3) /tmp/pip-req-build-dwj9trv5/opencv/modules/imgproc/src/resize.cpp:4051: error: (-215:Assertion failed) !ssize.empty() in function 'resize'

cara encontrada en: /var/www/html/reconocimientoFacial/proyecto_definitivo/admin/files/videos_registro_videos/otraprueba_8.avi
cara guardada en /otraprueba_8.avi_8_41.57385873794556.jpg con esta confidence:0.94031703
cara encontrada en: /var/www/html/reconocimientoFacial/proyecto_definitivo/admin/files/videos_registro_videos/otraprueba_8.avi
OpenCV(4.5.3) /tmp/pip-req-build-dwj9trv5/opencv/modules/imgproc/src/resize.cpp:4051: error: (-215:Assertion failed) !ssize.empty() in function 'resize'

voy(8) leyendo el video..
tenemos(8) frame k lo guardo ..
voy(8) leyendo el video..
Llego al final y remuevo el video!
Tiempo de analizar el video:41.86231255531311
tenemos este video:/var/www/html/reconocimientoFacial/proyecto_definitivo/admin/files/videos_registro_videos/otraprueba_8.avi
voy(8) leyendo el video..
tenemos(8) frame k lo guardo ..
voy(8) leyendo el video..
tenemos(8) frame k lo guardo ..
voy(8) leyendo el video..
tenemos(8) frame k lo guardo ..
cara encontrada en: /var/www/html/reconocimientoFacial/proyecto_definitivo/admin/files/videos_registro_videos/otraprueba_8.avi
OpenCV(4.5.3) /tmp/pip-req-build-dwj9trv5/opencv/modules/imgproc/src/resize.cpp:4051: error: (-215:Assertion failed) !ssize.empty() in function 'resize'

cara encontrada en: /var/www/html/reconocimientoFacial/proyecto_definitivo/admin/files/videos_registro_videos/otraprueba_8.avi
OpenCV(4.5.3) /tmp/pip-req-build-dwj9trv5/opencv/modules/imgproc/src/resize.cpp:4051: error: (-215:Assertion failed) !ssize.empty() in function 'resize'

cara encontrada en: /var/www/html/reconocimientoFacial/proyecto_definitivo/admin/files/videos_registro_videos/otraprueba_8.avi
cara guardada en /otraprueba_8.avi_8_1.4304847717285156.jpg con esta confidence:0.99906546
cara encontrada en: /var/www/html/reconocimientoFacial/proyecto_definitivo/admin/files/videos_registro_videos/otraprueba_8.avi
OpenCV(4.5.3) /tmp/pip-req-build-dwj9trv5/opencv/modules/imgproc/src/resize.cpp:4051: error: (-215:Assertion failed) !ssize.empty() in function 'resize'

cara encontrada en: /var/www/html/reconocimientoFacial/proyecto_definitivo/admin/files/videos_registro_videos/otraprueba_8.avi
OpenCV(4.5.3) /tmp/pip-req-build-dwj9trv5/opencv/modules/imgproc/src/resize.cpp:4051: error: (-215:Assertion failed) !ssize.empty() in function 'resize'

cara encontrada en: /var/www/html/reconocimientoFacial/proyecto_definitivo/admin/files/videos_registro_videos/otraprueba_8.avi
OpenCV(4.5.3) /tmp/pip-req-build-dwj9trv5/opencv/modules/imgproc/src/resize.cpp:4051: error: (-215:Assertion failed) !ssize.empty() in function 'resize'

cara encontrada en: /var/www/html/reconocimientoFacial/proyecto_definitivo/admin/files/videos_registro_videos/otraprueba_8.avi
OpenCV(4.5.3) /tmp/pip-req-build-dwj9trv5/opencv/modules/imgproc/src/resize.cpp:4051: error: (-215:Assertion failed) !ssize.empty() in function 'resize'

cara encontrada en: /var/www/html/reconocimientoFacial/proyecto_definitivo/admin/files/videos_registro_videos/otraprueba_8.avi
OpenCV(4.5.3) /tmp/pip-req-build-dwj9trv5/opencv/modules/imgproc/src/resize.cpp:4051: error: (-215:Assertion failed) !ssize.empty() in function 'resize'

cara encontrada en: /var/www/html/reconocimientoFacial/proyecto_definitivo/admin/files/videos_registro_videos/otraprueba_8.avi
OpenCV(4.5.3) /tmp/pip-req-build-dwj9trv5/opencv/modules/imgproc/src/resize.cpp:4051: error: (-215:Assertion failed) !ssize.empty() in function 'resize'

cara encontrada en: /var/www/html/reconocimientoFacial/proyecto_definitivo/admin/files/videos_registro_videos/otraprueba_8.avi
OpenCV(4.5.3) /tmp/pip-req-build-dwj9trv5/opencv/modules/imgproc/src/resize.cpp:4051: error: (-215:Assertion failed) !ssize.empty() in function 'resize'

voy(8) leyendo el video..
tenemos(8) frame k lo guardo ..
voy(8) leyendo el video..
tenemos(8) frame k lo guardo ..
voy(8) leyendo el video..
tenemos(8) frame k lo guardo ..
cara encontrada en: /var/www/html/reconocimientoFacial/proyecto_definitivo/admin/files/videos_registro_videos/otraprueba_8.avi
OpenCV(4.5.3) /tmp/pip-req-build-dwj9trv5/opencv/modules/imgproc/src/resize.cpp:4051: error: (-215:Assertion failed) !ssize.empty() in function 'resize'

cara encontrada en: /var/www/html/reconocimientoFacial/proyecto_definitivo/admin/files/videos_registro_videos/otraprueba_8.avi
OpenCV(4.5.3) /tmp/pip-req-build-dwj9trv5/opencv/modules/imgproc/src/resize.cpp:4051: error: (-215:Assertion failed) !ssize.empty() in function 'resize'

cara encontrada en: /var/www/html/reconocimientoFacial/proyecto_definitivo/admin/files/videos_registro_videos/otraprueba_8.avi
cara guardada en /otraprueba_8.avi_8_3.005415201187134.jpg con esta confidence:0.9988838
cara encontrada en: /var/www/html/reconocimientoFacial/proyecto_definitivo/admin/files/videos_registro_videos/otraprueba_8.avi
OpenCV(4.5.3) /tmp/pip-req-build-dwj9trv5/opencv/modules/imgproc/src/resize.cpp:4051: error: (-215:Assertion failed) !ssize.empty() in function 'resize'

cara encontrada en: /var/www/html/reconocimientoFacial/proyecto_definitivo/admin/files/videos_registro_videos/otraprueba_8.avi
OpenCV(4.5.3) /tmp/pip-req-build-dwj9trv5/opencv/modules/imgproc/src/resize.cpp:4051: error: (-215:Assertion failed) !ssize.empty() in function 'resize'

cara encontrada en: /var/www/html/reconocimientoFacial/proyecto_definitivo/admin/files/videos_registro_videos/otraprueba_8.avi
OpenCV(4.5.3) /tmp/pip-req-build-dwj9trv5/opencv/modules/imgproc/src/resize.cpp:4051: error: (-215:Assertion failed) !ssize.empty() in function 'resize'

cara encontrada en: /var/www/html/reconocimientoFacial/proyecto_definitivo/admin/files/videos_registro_videos/otraprueba_8.avi
OpenCV(4.5.3) /tmp/pip-req-build-dwj9trv5/opencv/modules/imgproc/src/resize.cpp:4051: error: (-215:Assertion failed) !ssize.empty() in function 'resize'

cara encontrada en: /var/www/html/reconocimientoFacial/proyecto_definitivo/admin/files/videos_registro_videos/otraprueba_8.avi
OpenCV(4.5.3) /tmp/pip-req-build-dwj9trv5/opencv/modules/imgproc/src/resize.cpp:4051: error: (-215:Assertion failed) !ssize.empty() in function 'resize'

cara encontrada en: /var/www/html/reconocimientoFacial/proyecto_definitivo/admin/files/videos_registro_videos/otraprueba_8.avi
OpenCV(4.5.3) /tmp/pip-req-build-dwj9trv5/opencv/modules/imgproc/src/resize.cpp:4051: error: (-215:Assertion failed) !ssize.empty() in function 'resize'

cara encontrada en: /var/www/html/reconocimientoFacial/proyecto_definitivo/admin/files/videos_registro_videos/otraprueba_8.avi
OpenCV(4.5.3) /tmp/pip-req-build-dwj9trv5/opencv/modules/imgproc/src/resize.cpp:4051: error: (-215:Assertion failed) !ssize.empty() in function 'resize'

voy(8) leyendo el video..
tenemos(8) frame k lo guardo ..
voy(8) leyendo el video..
tenemos(8) frame k lo guardo ..
voy(8) leyendo el video..
tenemos(8) frame k lo guardo ..
cara encontrada en: /var/www/html/reconocimientoFacial/proyecto_definitivo/admin/files/videos_registro_videos/otraprueba_8.avi
OpenCV(4.5.3) /tmp/pip-req-build-dwj9trv5/opencv/modules/imgproc/src/resize.cpp:4051: error: (-215:Assertion failed) !ssize.empty() in function 'resize'

cara encontrada en: /var/www/html/reconocimientoFacial/proyecto_definitivo/admin/files/videos_registro_videos/otraprueba_8.avi
OpenCV(4.5.3) /tmp/pip-req-build-dwj9trv5/opencv/modules/imgproc/src/resize.cpp:4051: error: (-215:Assertion failed) !ssize.empty() in function 'resize'

cara encontrada en: /var/www/html/reconocimientoFacial/proyecto_definitivo/admin/files/videos_registro_videos/otraprueba_8.avi
OpenCV(4.5.3) /tmp/pip-req-build-dwj9trv5/opencv/modules/imgproc/src/resize.cpp:4051: error: (-215:Assertion failed) !ssize.empty() in function 'resize'

cara encontrada en: /var/www/html/reconocimientoFacial/proyecto_definitivo/admin/files/videos_registro_videos/otraprueba_8.avi
cara guardada en /otraprueba_8.avi_8_4.652339220046997.jpg con esta confidence:0.99872726
cara encontrada en: /var/www/html/reconocimientoFacial/proyecto_definitivo/admin/files/videos_registro_videos/otraprueba_8.avi
OpenCV(4.5.3) /tmp/pip-req-build-dwj9trv5/opencv/modules/imgproc/src/resize.cpp:4051: error: (-215:Assertion failed) !ssize.empty() in function 'resize'

cara encontrada en: /var/www/html/reconocimientoFacial/proyecto_definitivo/admin/files/videos_registro_videos/otraprueba_8.avi
OpenCV(4.5.3) /tmp/pip-req-build-dwj9trv5/opencv/modules/imgproc/src/resize.cpp:4051: error: (-215:Assertion failed) !ssize.empty() in function 'resize'

cara encontrada en: /var/www/html/reconocimientoFacial/proyecto_definitivo/admin/files/videos_registro_videos/otraprueba_8.avi
OpenCV(4.5.3) /tmp/pip-req-build-dwj9trv5/opencv/modules/imgproc/src/resize.cpp:4051: error: (-215:Assertion failed) !ssize.empty() in function 'resize'

cara encontrada en: /var/www/html/reconocimientoFacial/proyecto_definitivo/admin/files/videos_registro_videos/otraprueba_8.avi
OpenCV(4.5.3) /tmp/pip-req-build-dwj9trv5/opencv/modules/imgproc/src/resize.cpp:4051: error: (-215:Assertion failed) !ssize.empty() in function 'resize'

cara encontrada en: /var/www/html/reconocimientoFacial/proyecto_definitivo/admin/files/videos_registro_videos/otraprueba_8.avi
OpenCV(4.5.3) /tmp/pip-req-build-dwj9trv5/opencv/modules/imgproc/src/resize.cpp:4051: error: (-215:Assertion failed) !ssize.empty() in function 'resize'

cara encontrada en: /var/www/html/reconocimientoFacial/proyecto_definitivo/admin/files/videos_registro_videos/otraprueba_8.avi
OpenCV(4.5.3) /tmp/pip-req-build-dwj9trv5/opencv/modules/imgproc/src/resize.cpp:4051: error: (-215:Assertion failed) !ssize.empty() in function 'resize'

voy(8) leyendo el video..
tenemos(8) frame k lo guardo ..
voy(8) leyendo el video..
tenemos(8) frame k lo guardo ..
voy(8) leyendo el video..
tenemos(8) frame k lo guardo ..
cara encontrada en: /var/www/html/reconocimientoFacial/proyecto_definitivo/admin/files/videos_registro_videos/otraprueba_8.avi
OpenCV(4.5.3) /tmp/pip-req-build-dwj9trv5/opencv/modules/imgproc/src/resize.cpp:4051: error: (-215:Assertion failed) !ssize.empty() in function 'resize'

cara encontrada en: /var/www/html/reconocimientoFacial/proyecto_definitivo/admin/files/videos_registro_videos/otraprueba_8.avi
OpenCV(4.5.3) /tmp/pip-req-build-dwj9trv5/opencv/modules/imgproc/src/resize.cpp:4051: error: (-215:Assertion failed) !ssize.empty() in function 'resize'

cara encontrada en: /var/www/html/reconocimientoFacial/proyecto_definitivo/admin/files/videos_registro_videos/otraprueba_8.avi
OpenCV(4.5.3) /tmp/pip-req-build-dwj9trv5/opencv/modules/imgproc/src/resize.cpp:4051: error: (-215:Assertion failed) !ssize.empty() in function 'resize'

cara encontrada en: /var/www/html/reconocimientoFacial/proyecto_definitivo/admin/files/videos_registro_videos/otraprueba_8.avi
cara guardada en /otraprueba_8.avi_8_6.4168877601623535.jpg con esta confidence:0.99860865
cara encontrada en: /var/www/html/reconocimientoFacial/proyecto_definitivo/admin/files/videos_registro_videos/otraprueba_8.avi
OpenCV(4.5.3) /tmp/pip-req-build-dwj9trv5/opencv/modules/imgproc/src/resize.cpp:4051: error: (-215:Assertion failed) !ssize.empty() in function 'resize'

cara encontrada en: /var/www/html/reconocimientoFacial/proyecto_definitivo/admin/files/videos_registro_videos/otraprueba_8.avi
OpenCV(4.5.3) /tmp/pip-req-build-dwj9trv5/opencv/modules/imgproc/src/resize.cpp:4051: error: (-215:Assertion failed) !ssize.empty() in function 'resize'

cara encontrada en: /var/www/html/reconocimientoFacial/proyecto_definitivo/admin/files/videos_registro_videos/otraprueba_8.avi
OpenCV(4.5.3) /tmp/pip-req-build-dwj9trv5/opencv/modules/imgproc/src/resize.cpp:4051: error: (-215:Assertion failed) !ssize.empty() in function 'resize'

cara encontrada en: /var/www/html/reconocimientoFacial/proyecto_definitivo/admin/files/videos_registro_videos/otraprueba_8.avi
OpenCV(4.5.3) /tmp/pip-req-build-dwj9trv5/opencv/modules/imgproc/src/resize.cpp:4051: error: (-215:Assertion failed) !ssize.empty() in function 'resize'

cara encontrada en: /var/www/html/reconocimientoFacial/proyecto_definitivo/admin/files/videos_registro_videos/otraprueba_8.avi
OpenCV(4.5.3) /tmp/pip-req-build-dwj9trv5/opencv/modules/imgproc/src/resize.cpp:4051: error: (-215:Assertion failed) !ssize.empty() in function 'resize'

cara encontrada en: /var/www/html/reconocimientoFacial/proyecto_definitivo/admin/files/videos_registro_videos/otraprueba_8.avi
OpenCV(4.5.3) /tmp/pip-req-build-dwj9trv5/opencv/modules/imgproc/src/resize.cpp:4051: error: (-215:Assertion failed) !ssize.empty() in function 'resize'

voy(8) leyendo el video..
tenemos(8) frame k lo guardo ..
voy(8) leyendo el video..
tenemos(8) frame k lo guardo ..
voy(8) leyendo el video..
tenemos(8) frame k lo guardo ..
cara encontrada en: /var/www/html/reconocimientoFacial/proyecto_definitivo/admin/files/videos_registro_videos/otraprueba_8.avi
OpenCV(4.5.3) /tmp/pip-req-build-dwj9trv5/opencv/modules/imgproc/src/resize.cpp:4051: error: (-215:Assertion failed) !ssize.empty() in function 'resize'

cara encontrada en: /var/www/html/reconocimientoFacial/proyecto_definitivo/admin/files/videos_registro_videos/otraprueba_8.avi
OpenCV(4.5.3) /tmp/pip-req-build-dwj9trv5/opencv/modules/imgproc/src/resize.cpp:4051: error: (-215:Assertion failed) !ssize.empty() in function 'resize'

cara encontrada en: /var/www/html/reconocimientoFacial/proyecto_definitivo/admin/files/videos_registro_videos/otraprueba_8.avi
OpenCV(4.5.3) /tmp/pip-req-build-dwj9trv5/opencv/modules/imgproc/src/resize.cpp:4051: error: (-215:Assertion failed) !ssize.empty() in function 'resize'

cara encontrada en: /var/www/html/reconocimientoFacial/proyecto_definitivo/admin/files/videos_registro_videos/otraprueba_8.avi
cara guardada en /otraprueba_8.avi_8_8.635069847106934.jpg con esta confidence:0.9984908
cara encontrada en: /var/www/html/reconocimientoFacial/proyecto_definitivo/admin/files/videos_registro_videos/otraprueba_8.avi
OpenCV(4.5.3) /tmp/pip-req-build-dwj9trv5/opencv/modules/imgproc/src/resize.cpp:4051: error: (-215:Assertion failed) !ssize.empty() in function 'resize'

cara encontrada en: /var/www/html/reconocimientoFacial/proyecto_definitivo/admin/files/videos_registro_videos/otraprueba_8.avi
OpenCV(4.5.3) /tmp/pip-req-build-dwj9trv5/opencv/modules/imgproc/src/resize.cpp:4051: error: (-215:Assertion failed) !ssize.empty() in function 'resize'

cara encontrada en: /var/www/html/reconocimientoFacial/proyecto_definitivo/admin/files/videos_registro_videos/otraprueba_8.avi
OpenCV(4.5.3) /tmp/pip-req-build-dwj9trv5/opencv/modules/imgproc/src/resize.cpp:4051: error: (-215:Assertion failed) !ssize.empty() in function 'resize'

cara encontrada en: /var/www/html/reconocimientoFacial/proyecto_definitivo/admin/files/videos_registro_videos/otraprueba_8.avi
OpenCV(4.5.3) /tmp/pip-req-build-dwj9trv5/opencv/modules/imgproc/src/resize.cpp:4051: error: (-215:Assertion failed) !ssize.empty() in function 'resize'

cara encontrada en: /var/www/html/reconocimientoFacial/proyecto_definitivo/admin/files/videos_registro_videos/otraprueba_8.avi
OpenCV(4.5.3) /tmp/pip-req-build-dwj9trv5/opencv/modules/imgproc/src/resize.cpp:4051: error: (-215:Assertion failed) !ssize.empty() in function 'resize'

cara encontrada en: /var/www/html/reconocimientoFacial/proyecto_definitivo/admin/files/videos_registro_videos/otraprueba_8.avi
OpenCV(4.5.3) /tmp/pip-req-build-dwj9trv5/opencv/modules/imgproc/src/resize.cpp:4051: error: (-215:Assertion failed) !ssize.empty() in function 'resize'

voy(8) leyendo el video..
tenemos(8) frame k lo guardo ..
voy(8) leyendo el video..
tenemos(8) frame k lo guardo ..
voy(8) leyendo el video..
tenemos(8) frame k lo guardo ..
cara encontrada en: /var/www/html/reconocimientoFacial/proyecto_definitivo/admin/files/videos_registro_videos/otraprueba_8.avi
OpenCV(4.5.3) /tmp/pip-req-build-dwj9trv5/opencv/modules/imgproc/src/resize.cpp:4051: error: (-215:Assertion failed) !ssize.empty() in function 'resize'

cara encontrada en: /var/www/html/reconocimientoFacial/proyecto_definitivo/admin/files/videos_registro_videos/otraprueba_8.avi
OpenCV(4.5.3) /tmp/pip-req-build-dwj9trv5/opencv/modules/imgproc/src/resize.cpp:4051: error: (-215:Assertion failed) !ssize.empty() in function 'resize'

cara encontrada en: /var/www/html/reconocimientoFacial/proyecto_definitivo/admin/files/videos_registro_videos/otraprueba_8.avi
OpenCV(4.5.3) /tmp/pip-req-build-dwj9trv5/opencv/modules/imgproc/src/resize.cpp:4051: error: (-215:Assertion failed) !ssize.empty() in function 'resize'

cara encontrada en: /var/www/html/reconocimientoFacial/proyecto_definitivo/admin/files/videos_registro_videos/otraprueba_8.avi
cara guardada en /otraprueba_8.avi_8_11.02523946762085.jpg con esta confidence:0.9984652
cara encontrada en: /var/www/html/reconocimientoFacial/proyecto_definitivo/admin/files/videos_registro_videos/otraprueba_8.avi
OpenCV(4.5.3) /tmp/pip-req-build-dwj9trv5/opencv/modules/imgproc/src/resize.cpp:4051: error: (-215:Assertion failed) !ssize.empty() in function 'resize'

cara encontrada en: /var/www/html/reconocimientoFacial/proyecto_definitivo/admin/files/videos_registro_videos/otraprueba_8.avi
OpenCV(4.5.3) /tmp/pip-req-build-dwj9trv5/opencv/modules/imgproc/src/resize.cpp:4051: error: (-215:Assertion failed) !ssize.empty() in function 'resize'

cara encontrada en: /var/www/html/reconocimientoFacial/proyecto_definitivo/admin/files/videos_registro_videos/otraprueba_8.avi
OpenCV(4.5.3) /tmp/pip-req-build-dwj9trv5/opencv/modules/imgproc/src/resize.cpp:4051: error: (-215:Assertion failed) !ssize.empty() in function 'resize'

cara encontrada en: /var/www/html/reconocimientoFacial/proyecto_definitivo/admin/files/videos_registro_videos/otraprueba_8.avi
OpenCV(4.5.3) /tmp/pip-req-build-dwj9trv5/opencv/modules/imgproc/src/resize.cpp:4051: error: (-215:Assertion failed) !ssize.empty() in function 'resize'

cara encontrada en: /var/www/html/reconocimientoFacial/proyecto_definitivo/admin/files/videos_registro_videos/otraprueba_8.avi
OpenCV(4.5.3) /tmp/pip-req-build-dwj9trv5/opencv/modules/imgproc/src/resize.cpp:4051: error: (-215:Assertion failed) !ssize.empty() in function 'resize'

cara encontrada en: /var/www/html/reconocimientoFacial/proyecto_definitivo/admin/files/videos_registro_videos/otraprueba_8.avi
OpenCV(4.5.3) /tmp/pip-req-build-dwj9trv5/opencv/modules/imgproc/src/resize.cpp:4051: error: (-215:Assertion failed) !ssize.empty() in function 'resize'

voy(8) leyendo el video..
tenemos(8) frame k lo guardo ..
voy(8) leyendo el video..
tenemos(8) frame k lo guardo ..
voy(8) leyendo el video..
tenemos(8) frame k lo guardo ..
cara encontrada en: /var/www/html/reconocimientoFacial/proyecto_definitivo/admin/files/videos_registro_videos/otraprueba_8.avi
OpenCV(4.5.3) /tmp/pip-req-build-dwj9trv5/opencv/modules/imgproc/src/resize.cpp:4051: error: (-215:Assertion failed) !ssize.empty() in function 'resize'

cara encontrada en: /var/www/html/reconocimientoFacial/proyecto_definitivo/admin/files/videos_registro_videos/otraprueba_8.avi
OpenCV(4.5.3) /tmp/pip-req-build-dwj9trv5/opencv/modules/imgproc/src/resize.cpp:4051: error: (-215:Assertion failed) !ssize.empty() in function 'resize'

cara encontrada en: /var/www/html/reconocimientoFacial/proyecto_definitivo/admin/files/videos_registro_videos/otraprueba_8.avi
OpenCV(4.5.3) /tmp/pip-req-build-dwj9trv5/opencv/modules/imgproc/src/resize.cpp:4051: error: (-215:Assertion failed) !ssize.empty() in function 'resize'

cara encontrada en: /var/www/html/reconocimientoFacial/proyecto_definitivo/admin/files/videos_registro_videos/otraprueba_8.avi
OpenCV(4.5.3) /tmp/pip-req-build-dwj9trv5/opencv/modules/imgproc/src/resize.cpp:4051: error: (-215:Assertion failed) !ssize.empty() in function 'resize'

cara encontrada en: /var/www/html/reconocimientoFacial/proyecto_definitivo/admin/files/videos_registro_videos/otraprueba_8.avi
cara guardada en /otraprueba_8.avi_8_13.647955179214478.jpg con esta confidence:0.99836034
cara encontrada en: /var/www/html/reconocimientoFacial/proyecto_definitivo/admin/files/videos_registro_videos/otraprueba_8.avi
OpenCV(4.5.3) /tmp/pip-req-build-dwj9trv5/opencv/modules/imgproc/src/resize.cpp:4051: error: (-215:Assertion failed) !ssize.empty() in function 'resize'

cara encontrada en: /var/www/html/reconocimientoFacial/proyecto_definitivo/admin/files/videos_registro_videos/otraprueba_8.avi
OpenCV(4.5.3) /tmp/pip-req-build-dwj9trv5/opencv/modules/imgproc/src/resize.cpp:4051: error: (-215:Assertion failed) !ssize.empty() in function 'resize'

cara encontrada en: /var/www/html/reconocimientoFacial/proyecto_definitivo/admin/files/videos_registro_videos/otraprueba_8.avi
OpenCV(4.5.3) /tmp/pip-req-build-dwj9trv5/opencv/modules/imgproc/src/resize.cpp:4051: error: (-215:Assertion failed) !ssize.empty() in function 'resize'

cara encontrada en: /var/www/html/reconocimientoFacial/proyecto_definitivo/admin/files/videos_registro_videos/otraprueba_8.avi
OpenCV(4.5.3) /tmp/pip-req-build-dwj9trv5/opencv/modules/imgproc/src/resize.cpp:4051: error: (-215:Assertion failed) !ssize.empty() in function 'resize'

cara encontrada en: /var/www/html/reconocimientoFacial/proyecto_definitivo/admin/files/videos_registro_videos/otraprueba_8.avi
OpenCV(4.5.3) /tmp/pip-req-build-dwj9trv5/opencv/modules/imgproc/src/resize.cpp:4051: error: (-215:Assertion failed) !ssize.empty() in function 'resize'

voy(8) leyendo el video..
tenemos(8) frame k lo guardo ..
voy(8) leyendo el video..
tenemos(8) frame k lo guardo ..
voy(8) leyendo el video..
tenemos(8) frame k lo guardo ..
cara encontrada en: /var/www/html/reconocimientoFacial/proyecto_definitivo/admin/files/videos_registro_videos/otraprueba_8.avi
OpenCV(4.5.3) /tmp/pip-req-build-dwj9trv5/opencv/modules/imgproc/src/resize.cpp:4051: error: (-215:Assertion failed) !ssize.empty() in function 'resize'

cara encontrada en: /var/www/html/reconocimientoFacial/proyecto_definitivo/admin/files/videos_registro_videos/otraprueba_8.avi
OpenCV(4.5.3) /tmp/pip-req-build-dwj9trv5/opencv/modules/imgproc/src/resize.cpp:4051: error: (-215:Assertion failed) !ssize.empty() in function 'resize'

cara encontrada en: /var/www/html/reconocimientoFacial/proyecto_definitivo/admin/files/videos_registro_videos/otraprueba_8.avi
OpenCV(4.5.3) /tmp/pip-req-build-dwj9trv5/opencv/modules/imgproc/src/resize.cpp:4051: error: (-215:Assertion failed) !ssize.empty() in function 'resize'

cara encontrada en: /var/www/html/reconocimientoFacial/proyecto_definitivo/admin/files/videos_registro_videos/otraprueba_8.avi
OpenCV(4.5.3) /tmp/pip-req-build-dwj9trv5/opencv/modules/imgproc/src/resize.cpp:4051: error: (-215:Assertion failed) !ssize.empty() in function 'resize'

cara encontrada en: /var/www/html/reconocimientoFacial/proyecto_definitivo/admin/files/videos_registro_videos/otraprueba_8.avi
cara guardada en /otraprueba_8.avi_8_16.5007586479187.jpg con esta confidence:0.9983443
cara encontrada en: /var/www/html/reconocimientoFacial/proyecto_definitivo/admin/files/videos_registro_videos/otraprueba_8.avi
OpenCV(4.5.3) /tmp/pip-req-build-dwj9trv5/opencv/modules/imgproc/src/resize.cpp:4051: error: (-215:Assertion failed) !ssize.empty() in function 'resize'

cara encontrada en: /var/www/html/reconocimientoFacial/proyecto_definitivo/admin/files/videos_registro_videos/otraprueba_8.avi
OpenCV(4.5.3) /tmp/pip-req-build-dwj9trv5/opencv/modules/imgproc/src/resize.cpp:4051: error: (-215:Assertion failed) !ssize.empty() in function 'resize'

cara encontrada en: /var/www/html/reconocimientoFacial/proyecto_definitivo/admin/files/videos_registro_videos/otraprueba_8.avi
OpenCV(4.5.3) /tmp/pip-req-build-dwj9trv5/opencv/modules/imgproc/src/resize.cpp:4051: error: (-215:Assertion failed) !ssize.empty() in function 'resize'

cara encontrada en: /var/www/html/reconocimientoFacial/proyecto_definitivo/admin/files/videos_registro_videos/otraprueba_8.avi
OpenCV(4.5.3) /tmp/pip-req-build-dwj9trv5/opencv/modules/imgproc/src/resize.cpp:4051: error: (-215:Assertion failed) !ssize.empty() in function 'resize'

cara encontrada en: /var/www/html/reconocimientoFacial/proyecto_definitivo/admin/files/videos_registro_videos/otraprueba_8.avi
OpenCV(4.5.3) /tmp/pip-req-build-dwj9trv5/opencv/modules/imgproc/src/resize.cpp:4051: error: (-215:Assertion failed) !ssize.empty() in function 'resize'

voy(8) leyendo el video..
tenemos(8) frame k lo guardo ..
voy(8) leyendo el video..
tenemos(8) frame k lo guardo ..
voy(8) leyendo el video..
tenemos(8) frame k lo guardo ..
cara encontrada en: /var/www/html/reconocimientoFacial/proyecto_definitivo/admin/files/videos_registro_videos/otraprueba_8.avi
OpenCV(4.5.3) /tmp/pip-req-build-dwj9trv5/opencv/modules/imgproc/src/resize.cpp:4051: error: (-215:Assertion failed) !ssize.empty() in function 'resize'

cara encontrada en: /var/www/html/reconocimientoFacial/proyecto_definitivo/admin/files/videos_registro_videos/otraprueba_8.avi
OpenCV(4.5.3) /tmp/pip-req-build-dwj9trv5/opencv/modules/imgproc/src/resize.cpp:4051: error: (-215:Assertion failed) !ssize.empty() in function 'resize'

cara encontrada en: /var/www/html/reconocimientoFacial/proyecto_definitivo/admin/files/videos_registro_videos/otraprueba_8.avi
OpenCV(4.5.3) /tmp/pip-req-build-dwj9trv5/opencv/modules/imgproc/src/resize.cpp:4051: error: (-215:Assertion failed) !ssize.empty() in function 'resize'

cara encontrada en: /var/www/html/reconocimientoFacial/proyecto_definitivo/admin/files/videos_registro_videos/otraprueba_8.avi
OpenCV(4.5.3) /tmp/pip-req-build-dwj9trv5/opencv/modules/imgproc/src/resize.cpp:4051: error: (-215:Assertion failed) !ssize.empty() in function 'resize'

cara encontrada en: /var/www/html/reconocimientoFacial/proyecto_definitivo/admin/files/videos_registro_videos/otraprueba_8.avi
cara guardada en /otraprueba_8.avi_8_19.350467681884766.jpg con esta confidence:0.9982077
cara encontrada en: /var/www/html/reconocimientoFacial/proyecto_definitivo/admin/files/videos_registro_videos/otraprueba_8.avi
OpenCV(4.5.3) /tmp/pip-req-build-dwj9trv5/opencv/modules/imgproc/src/resize.cpp:4051: error: (-215:Assertion failed) !ssize.empty() in function 'resize'

cara encontrada en: /var/www/html/reconocimientoFacial/proyecto_definitivo/admin/files/videos_registro_videos/otraprueba_8.avi
OpenCV(4.5.3) /tmp/pip-req-build-dwj9trv5/opencv/modules/imgproc/src/resize.cpp:4051: error: (-215:Assertion failed) !ssize.empty() in function 'resize'

cara encontrada en: /var/www/html/reconocimientoFacial/proyecto_definitivo/admin/files/videos_registro_videos/otraprueba_8.avi
OpenCV(4.5.3) /tmp/pip-req-build-dwj9trv5/opencv/modules/imgproc/src/resize.cpp:4051: error: (-215:Assertion failed) !ssize.empty() in function 'resize'

cara encontrada en: /var/www/html/reconocimientoFacial/proyecto_definitivo/admin/files/videos_registro_videos/otraprueba_8.avi
OpenCV(4.5.3) /tmp/pip-req-build-dwj9trv5/opencv/modules/imgproc/src/resize.cpp:4051: error: (-215:Assertion failed) !ssize.empty() in function 'resize'

cara encontrada en: /var/www/html/reconocimientoFacial/proyecto_definitivo/admin/files/videos_registro_videos/otraprueba_8.avi
OpenCV(4.5.3) /tmp/pip-req-build-dwj9trv5/opencv/modules/imgproc/src/resize.cpp:4051: error: (-215:Assertion failed) !ssize.empty() in function 'resize'

voy(8) leyendo el video..
tenemos(8) frame k lo guardo ..
voy(8) leyendo el video..
tenemos(8) frame k lo guardo ..
voy(8) leyendo el video..
tenemos(8) frame k lo guardo ..
cara encontrada en: /var/www/html/reconocimientoFacial/proyecto_definitivo/admin/files/videos_registro_videos/otraprueba_8.avi
OpenCV(4.5.3) /tmp/pip-req-build-dwj9trv5/opencv/modules/imgproc/src/resize.cpp:4051: error: (-215:Assertion failed) !ssize.empty() in function 'resize'

cara encontrada en: /var/www/html/reconocimientoFacial/proyecto_definitivo/admin/files/videos_registro_videos/otraprueba_8.avi
OpenCV(4.5.3) /tmp/pip-req-build-dwj9trv5/opencv/modules/imgproc/src/resize.cpp:4051: error: (-215:Assertion failed) !ssize.empty() in function 'resize'

cara encontrada en: /var/www/html/reconocimientoFacial/proyecto_definitivo/admin/files/videos_registro_videos/otraprueba_8.avi
OpenCV(4.5.3) /tmp/pip-req-build-dwj9trv5/opencv/modules/imgproc/src/resize.cpp:4051: error: (-215:Assertion failed) !ssize.empty() in function 'resize'

cara encontrada en: /var/www/html/reconocimientoFacial/proyecto_definitivo/admin/files/videos_registro_videos/otraprueba_8.avi
OpenCV(4.5.3) /tmp/pip-req-build-dwj9trv5/opencv/modules/imgproc/src/resize.cpp:4051: error: (-215:Assertion failed) !ssize.empty() in function 'resize'

cara encontrada en: /var/www/html/reconocimientoFacial/proyecto_definitivo/admin/files/videos_registro_videos/otraprueba_8.avi
cara guardada en /otraprueba_8.avi_8_22.194578647613525.jpg con esta confidence:0.99817824
cara encontrada en: /var/www/html/reconocimientoFacial/proyecto_definitivo/admin/files/videos_registro_videos/otraprueba_8.avi
OpenCV(4.5.3) /tmp/pip-req-build-dwj9trv5/opencv/modules/imgproc/src/resize.cpp:4051: error: (-215:Assertion failed) !ssize.empty() in function 'resize'

cara encontrada en: /var/www/html/reconocimientoFacial/proyecto_definitivo/admin/files/videos_registro_videos/otraprueba_8.avi
OpenCV(4.5.3) /tmp/pip-req-build-dwj9trv5/opencv/modules/imgproc/src/resize.cpp:4051: error: (-215:Assertion failed) !ssize.empty() in function 'resize'

cara encontrada en: /var/www/html/reconocimientoFacial/proyecto_definitivo/admin/files/videos_registro_videos/otraprueba_8.avi
OpenCV(4.5.3) /tmp/pip-req-build-dwj9trv5/opencv/modules/imgproc/src/resize.cpp:4051: error: (-215:Assertion failed) !ssize.empty() in function 'resize'

cara encontrada en: /var/www/html/reconocimientoFacial/proyecto_definitivo/admin/files/videos_registro_videos/otraprueba_8.avi
OpenCV(4.5.3) /tmp/pip-req-build-dwj9trv5/opencv/modules/imgproc/src/resize.cpp:4051: error: (-215:Assertion failed) !ssize.empty() in function 'resize'

cara encontrada en: /var/www/html/reconocimientoFacial/proyecto_definitivo/admin/files/videos_registro_videos/otraprueba_8.avi
OpenCV(4.5.3) /tmp/pip-req-build-dwj9trv5/opencv/modules/imgproc/src/resize.cpp:4051: error: (-215:Assertion failed) !ssize.empty() in function 'resize'

voy(8) leyendo el video..
tenemos(8) frame k lo guardo ..
voy(8) leyendo el video..
tenemos(8) frame k lo guardo ..
voy(8) leyendo el video..
tenemos(8) frame k lo guardo ..
cara encontrada en: /var/www/html/reconocimientoFacial/proyecto_definitivo/admin/files/videos_registro_videos/otraprueba_8.avi
OpenCV(4.5.3) /tmp/pip-req-build-dwj9trv5/opencv/modules/imgproc/src/resize.cpp:4051: error: (-215:Assertion failed) !ssize.empty() in function 'resize'

cara encontrada en: /var/www/html/reconocimientoFacial/proyecto_definitivo/admin/files/videos_registro_videos/otraprueba_8.avi
OpenCV(4.5.3) /tmp/pip-req-build-dwj9trv5/opencv/modules/imgproc/src/resize.cpp:4051: error: (-215:Assertion failed) !ssize.empty() in function 'resize'

cara encontrada en: /var/www/html/reconocimientoFacial/proyecto_definitivo/admin/files/videos_registro_videos/otraprueba_8.avi
cara guardada en /otraprueba_8.avi_8_25.06573176383972.jpg con esta confidence:0.9984497
cara encontrada en: /var/www/html/reconocimientoFacial/proyecto_definitivo/admin/files/videos_registro_videos/otraprueba_8.avi
OpenCV(4.5.3) /tmp/pip-req-build-dwj9trv5/opencv/modules/imgproc/src/resize.cpp:4051: error: (-215:Assertion failed) !ssize.empty() in function 'resize'

cara encontrada en: /var/www/html/reconocimientoFacial/proyecto_definitivo/admin/files/videos_registro_videos/otraprueba_8.avi
OpenCV(4.5.3) /tmp/pip-req-build-dwj9trv5/opencv/modules/imgproc/src/resize.cpp:4051: error: (-215:Assertion failed) !ssize.empty() in function 'resize'

cara encontrada en: /var/www/html/reconocimientoFacial/proyecto_definitivo/admin/files/videos_registro_videos/otraprueba_8.avi
OpenCV(4.5.3) /tmp/pip-req-build-dwj9trv5/opencv/modules/imgproc/src/resize.cpp:4051: error: (-215:Assertion failed) !ssize.empty() in function 'resize'

cara encontrada en: /var/www/html/reconocimientoFacial/proyecto_definitivo/admin/files/videos_registro_videos/otraprueba_8.avi
OpenCV(4.5.3) /tmp/pip-req-build-dwj9trv5/opencv/modules/imgproc/src/resize.cpp:4051: error: (-215:Assertion failed) !ssize.empty() in function 'resize'

cara encontrada en: /var/www/html/reconocimientoFacial/proyecto_definitivo/admin/files/videos_registro_videos/otraprueba_8.avi
OpenCV(4.5.3) /tmp/pip-req-build-dwj9trv5/opencv/modules/imgproc/src/resize.cpp:4051: error: (-215:Assertion failed) !ssize.empty() in function 'resize'

cara encontrada en: /var/www/html/reconocimientoFacial/proyecto_definitivo/admin/files/videos_registro_videos/otraprueba_8.avi
OpenCV(4.5.3) /tmp/pip-req-build-dwj9trv5/opencv/modules/imgproc/src/resize.cpp:4051: error: (-215:Assertion failed) !ssize.empty() in function 'resize'

cara encontrada en: /var/www/html/reconocimientoFacial/proyecto_definitivo/admin/files/videos_registro_videos/otraprueba_8.avi
OpenCV(4.5.3) /tmp/pip-req-build-dwj9trv5/opencv/modules/imgproc/src/resize.cpp:4051: error: (-215:Assertion failed) !ssize.empty() in function 'resize'

voy(8) leyendo el video..
tenemos(8) frame k lo guardo ..
voy(8) leyendo el video..
tenemos(8) frame k lo guardo ..
voy(8) leyendo el video..
tenemos(8) frame k lo guardo ..
cara encontrada en: /var/www/html/reconocimientoFacial/proyecto_definitivo/admin/files/videos_registro_videos/otraprueba_8.avi
OpenCV(4.5.3) /tmp/pip-req-build-dwj9trv5/opencv/modules/imgproc/src/resize.cpp:4051: error: (-215:Assertion failed) !ssize.empty() in function 'resize'

cara encontrada en: /var/www/html/reconocimientoFacial/proyecto_definitivo/admin/files/videos_registro_videos/otraprueba_8.avi
OpenCV(4.5.3) /tmp/pip-req-build-dwj9trv5/opencv/modules/imgproc/src/resize.cpp:4051: error: (-215:Assertion failed) !ssize.empty() in function 'resize'

cara encontrada en: /var/www/html/reconocimientoFacial/proyecto_definitivo/admin/files/videos_registro_videos/otraprueba_8.avi
OpenCV(4.5.3) /tmp/pip-req-build-dwj9trv5/opencv/modules/imgproc/src/resize.cpp:4051: error: (-215:Assertion failed) !ssize.empty() in function 'resize'

cara encontrada en: /var/www/html/reconocimientoFacial/proyecto_definitivo/admin/files/videos_registro_videos/otraprueba_8.avi
cara guardada en /otraprueba_8.avi_8_27.581165552139282.jpg con esta confidence:0.9983746
cara encontrada en: /var/www/html/reconocimientoFacial/proyecto_definitivo/admin/files/videos_registro_videos/otraprueba_8.avi
OpenCV(4.5.3) /tmp/pip-req-build-dwj9trv5/opencv/modules/imgproc/src/resize.cpp:4051: error: (-215:Assertion failed) !ssize.empty() in function 'resize'

cara encontrada en: /var/www/html/reconocimientoFacial/proyecto_definitivo/admin/files/videos_registro_videos/otraprueba_8.avi
OpenCV(4.5.3) /tmp/pip-req-build-dwj9trv5/opencv/modules/imgproc/src/resize.cpp:4051: error: (-215:Assertion failed) !ssize.empty() in function 'resize'

cara encontrada en: /var/www/html/reconocimientoFacial/proyecto_definitivo/admin/files/videos_registro_videos/otraprueba_8.avi
OpenCV(4.5.3) /tmp/pip-req-build-dwj9trv5/opencv/modules/imgproc/src/resize.cpp:4051: error: (-215:Assertion failed) !ssize.empty() in function 'resize'

cara encontrada en: /var/www/html/reconocimientoFacial/proyecto_definitivo/admin/files/videos_registro_videos/otraprueba_8.avi
OpenCV(4.5.3) /tmp/pip-req-build-dwj9trv5/opencv/modules/imgproc/src/resize.cpp:4051: error: (-215:Assertion failed) !ssize.empty() in function 'resize'

cara encontrada en: /var/www/html/reconocimientoFacial/proyecto_definitivo/admin/files/videos_registro_videos/otraprueba_8.avi
OpenCV(4.5.3) /tmp/pip-req-build-dwj9trv5/opencv/modules/imgproc/src/resize.cpp:4051: error: (-215:Assertion failed) !ssize.empty() in function 'resize'

cara encontrada en: /var/www/html/reconocimientoFacial/proyecto_definitivo/admin/files/videos_registro_videos/otraprueba_8.avi
OpenCV(4.5.3) /tmp/pip-req-build-dwj9trv5/opencv/modules/imgproc/src/resize.cpp:4051: error: (-215:Assertion failed) !ssize.empty() in function 'resize'

voy(8) leyendo el video..
tenemos(8) frame k lo guardo ..
voy(8) leyendo el video..
tenemos(8) frame k lo guardo ..
voy(8) leyendo el video..
tenemos(8) frame k lo guardo ..
cara encontrada en: /var/www/html/reconocimientoFacial/proyecto_definitivo/admin/files/videos_registro_videos/otraprueba_8.avi
OpenCV(4.5.3) /tmp/pip-req-build-dwj9trv5/opencv/modules/imgproc/src/resize.cpp:4051: error: (-215:Assertion failed) !ssize.empty() in function 'resize'

cara encontrada en: /var/www/html/reconocimientoFacial/proyecto_definitivo/admin/files/videos_registro_videos/otraprueba_8.avi
OpenCV(4.5.3) /tmp/pip-req-build-dwj9trv5/opencv/modules/imgproc/src/resize.cpp:4051: error: (-215:Assertion failed) !ssize.empty() in function 'resize'

cara encontrada en: /var/www/html/reconocimientoFacial/proyecto_definitivo/admin/files/videos_registro_videos/otraprueba_8.avi
OpenCV(4.5.3) /tmp/pip-req-build-dwj9trv5/opencv/modules/imgproc/src/resize.cpp:4051: error: (-215:Assertion failed) !ssize.empty() in function 'resize'

cara encontrada en: /var/www/html/reconocimientoFacial/proyecto_definitivo/admin/files/videos_registro_videos/otraprueba_8.avi
cara guardada en /otraprueba_8.avi_8_30.0827374458313.jpg con esta confidence:0.99841726
cara encontrada en: /var/www/html/reconocimientoFacial/proyecto_definitivo/admin/files/videos_registro_videos/otraprueba_8.avi
OpenCV(4.5.3) /tmp/pip-req-build-dwj9trv5/opencv/modules/imgproc/src/resize.cpp:4051: error: (-215:Assertion failed) !ssize.empty() in function 'resize'

cara encontrada en: /var/www/html/reconocimientoFacial/proyecto_definitivo/admin/files/videos_registro_videos/otraprueba_8.avi
OpenCV(4.5.3) /tmp/pip-req-build-dwj9trv5/opencv/modules/imgproc/src/resize.cpp:4051: error: (-215:Assertion failed) !ssize.empty() in function 'resize'

cara encontrada en: /var/www/html/reconocimientoFacial/proyecto_definitivo/admin/files/videos_registro_videos/otraprueba_8.avi
OpenCV(4.5.3) /tmp/pip-req-build-dwj9trv5/opencv/modules/imgproc/src/resize.cpp:4051: error: (-215:Assertion failed) !ssize.empty() in function 'resize'

cara encontrada en: /var/www/html/reconocimientoFacial/proyecto_definitivo/admin/files/videos_registro_videos/otraprueba_8.avi
OpenCV(4.5.3) /tmp/pip-req-build-dwj9trv5/opencv/modules/imgproc/src/resize.cpp:4051: error: (-215:Assertion failed) !ssize.empty() in function 'resize'

cara encontrada en: /var/www/html/reconocimientoFacial/proyecto_definitivo/admin/files/videos_registro_videos/otraprueba_8.avi
OpenCV(4.5.3) /tmp/pip-req-build-dwj9trv5/opencv/modules/imgproc/src/resize.cpp:4051: error: (-215:Assertion failed) !ssize.empty() in function 'resize'

cara encontrada en: /var/www/html/reconocimientoFacial/proyecto_definitivo/admin/files/videos_registro_videos/otraprueba_8.avi
OpenCV(4.5.3) /tmp/pip-req-build-dwj9trv5/opencv/modules/imgproc/src/resize.cpp:4051: error: (-215:Assertion failed) !ssize.empty() in function 'resize'

voy(8) leyendo el video..
tenemos(8) frame k lo guardo ..
voy(8) leyendo el video..
tenemos(8) frame k lo guardo ..
voy(8) leyendo el video..
tenemos(8) frame k lo guardo ..
cara encontrada en: /var/www/html/reconocimientoFacial/proyecto_definitivo/admin/files/videos_registro_videos/otraprueba_8.avi
OpenCV(4.5.3) /tmp/pip-req-build-dwj9trv5/opencv/modules/imgproc/src/resize.cpp:4051: error: (-215:Assertion failed) !ssize.empty() in function 'resize'

cara encontrada en: /var/www/html/reconocimientoFacial/proyecto_definitivo/admin/files/videos_registro_videos/otraprueba_8.avi
OpenCV(4.5.3) /tmp/pip-req-build-dwj9trv5/opencv/modules/imgproc/src/resize.cpp:4051: error: (-215:Assertion failed) !ssize.empty() in function 'resize'

cara encontrada en: /var/www/html/reconocimientoFacial/proyecto_definitivo/admin/files/videos_registro_videos/otraprueba_8.avi
OpenCV(4.5.3) /tmp/pip-req-build-dwj9trv5/opencv/modules/imgproc/src/resize.cpp:4051: error: (-215:Assertion failed) !ssize.empty() in function 'resize'

cara encontrada en: /var/www/html/reconocimientoFacial/proyecto_definitivo/admin/files/videos_registro_videos/otraprueba_8.avi
OpenCV(4.5.3) /tmp/pip-req-build-dwj9trv5/opencv/modules/imgproc/src/resize.cpp:4051: error: (-215:Assertion failed) !ssize.empty() in function 'resize'

cara encontrada en: /var/www/html/reconocimientoFacial/proyecto_definitivo/admin/files/videos_registro_videos/otraprueba_8.avi
cara guardada en /otraprueba_8.avi_8_32.66088533401489.jpg con esta confidence:0.99820733
cara encontrada en: /var/www/html/reconocimientoFacial/proyecto_definitivo/admin/files/videos_registro_videos/otraprueba_8.avi
OpenCV(4.5.3) /tmp/pip-req-build-dwj9trv5/opencv/modules/imgproc/src/resize.cpp:4051: error: (-215:Assertion failed) !ssize.empty() in function 'resize'

cara encontrada en: /var/www/html/reconocimientoFacial/proyecto_definitivo/admin/files/videos_registro_videos/otraprueba_8.avi
OpenCV(4.5.3) /tmp/pip-req-build-dwj9trv5/opencv/modules/imgproc/src/resize.cpp:4051: error: (-215:Assertion failed) !ssize.empty() in function 'resize'

cara encontrada en: /var/www/html/reconocimientoFacial/proyecto_definitivo/admin/files/videos_registro_videos/otraprueba_8.avi
OpenCV(4.5.3) /tmp/pip-req-build-dwj9trv5/opencv/modules/imgproc/src/resize.cpp:4051: error: (-215:Assertion failed) !ssize.empty() in function 'resize'

cara encontrada en: /var/www/html/reconocimientoFacial/proyecto_definitivo/admin/files/videos_registro_videos/otraprueba_8.avi
OpenCV(4.5.3) /tmp/pip-req-build-dwj9trv5/opencv/modules/imgproc/src/resize.cpp:4051: error: (-215:Assertion failed) !ssize.empty() in function 'resize'

cara encontrada en: /var/www/html/reconocimientoFacial/proyecto_definitivo/admin/files/videos_registro_videos/otraprueba_8.avi
OpenCV(4.5.3) /tmp/pip-req-build-dwj9trv5/opencv/modules/imgproc/src/resize.cpp:4051: error: (-215:Assertion failed) !ssize.empty() in function 'resize'

voy(8) leyendo el video..
tenemos(8) frame k lo guardo ..
voy(8) leyendo el video..
tenemos(8) frame k lo guardo ..
voy(8) leyendo el video..
tenemos(8) frame k lo guardo ..
cara encontrada en: /var/www/html/reconocimientoFacial/proyecto_definitivo/admin/files/videos_registro_videos/otraprueba_8.avi
OpenCV(4.5.3) /tmp/pip-req-build-dwj9trv5/opencv/modules/imgproc/src/resize.cpp:4051: error: (-215:Assertion failed) !ssize.empty() in function 'resize'

cara encontrada en: /var/www/html/reconocimientoFacial/proyecto_definitivo/admin/files/videos_registro_videos/otraprueba_8.avi
OpenCV(4.5.3) /tmp/pip-req-build-dwj9trv5/opencv/modules/imgproc/src/resize.cpp:4051: error: (-215:Assertion failed) !ssize.empty() in function 'resize'

cara encontrada en: /var/www/html/reconocimientoFacial/proyecto_definitivo/admin/files/videos_registro_videos/otraprueba_8.avi
OpenCV(4.5.3) /tmp/pip-req-build-dwj9trv5/opencv/modules/imgproc/src/resize.cpp:4051: error: (-215:Assertion failed) !ssize.empty() in function 'resize'

cara encontrada en: /var/www/html/reconocimientoFacial/proyecto_definitivo/admin/files/videos_registro_videos/otraprueba_8.avi
cara guardada en /otraprueba_8.avi_8_35.29255270957947.jpg con esta confidence:0.9973659
cara encontrada en: /var/www/html/reconocimientoFacial/proyecto_definitivo/admin/files/videos_registro_videos/otraprueba_8.avi
OpenCV(4.5.3) /tmp/pip-req-build-dwj9trv5/opencv/modules/imgproc/src/resize.cpp:4051: error: (-215:Assertion failed) !ssize.empty() in function 'resize'

cara encontrada en: /var/www/html/reconocimientoFacial/proyecto_definitivo/admin/files/videos_registro_videos/otraprueba_8.avi
OpenCV(4.5.3) /tmp/pip-req-build-dwj9trv5/opencv/modules/imgproc/src/resize.cpp:4051: error: (-215:Assertion failed) !ssize.empty() in function 'resize'

cara encontrada en: /var/www/html/reconocimientoFacial/proyecto_definitivo/admin/files/videos_registro_videos/otraprueba_8.avi
OpenCV(4.5.3) /tmp/pip-req-build-dwj9trv5/opencv/modules/imgproc/src/resize.cpp:4051: error: (-215:Assertion failed) !ssize.empty() in function 'resize'

cara encontrada en: /var/www/html/reconocimientoFacial/proyecto_definitivo/admin/files/videos_registro_videos/otraprueba_8.avi
OpenCV(4.5.3) /tmp/pip-req-build-dwj9trv5/opencv/modules/imgproc/src/resize.cpp:4051: error: (-215:Assertion failed) !ssize.empty() in function 'resize'

cara encontrada en: /var/www/html/reconocimientoFacial/proyecto_definitivo/admin/files/videos_registro_videos/otraprueba_8.avi
OpenCV(4.5.3) /tmp/pip-req-build-dwj9trv5/opencv/modules/imgproc/src/resize.cpp:4051: error: (-215:Assertion failed) !ssize.empty() in function 'resize'

voy(8) leyendo el video..
tenemos(8) frame k lo guardo ..
voy(8) leyendo el video..
tenemos(8) frame k lo guardo ..
voy(8) leyendo el video..
tenemos(8) frame k lo guardo ..
cara encontrada en: /var/www/html/reconocimientoFacial/proyecto_definitivo/admin/files/videos_registro_videos/otraprueba_8.avi
OpenCV(4.5.3) /tmp/pip-req-build-dwj9trv5/opencv/modules/imgproc/src/resize.cpp:4051: error: (-215:Assertion failed) !ssize.empty() in function 'resize'

cara encontrada en: /var/www/html/reconocimientoFacial/proyecto_definitivo/admin/files/videos_registro_videos/otraprueba_8.avi
OpenCV(4.5.3) /tmp/pip-req-build-dwj9trv5/opencv/modules/imgproc/src/resize.cpp:4051: error: (-215:Assertion failed) !ssize.empty() in function 'resize'

cara encontrada en: /var/www/html/reconocimientoFacial/proyecto_definitivo/admin/files/videos_registro_videos/otraprueba_8.avi
OpenCV(4.5.3) /tmp/pip-req-build-dwj9trv5/opencv/modules/imgproc/src/resize.cpp:4051: error: (-215:Assertion failed) !ssize.empty() in function 'resize'

cara encontrada en: /var/www/html/reconocimientoFacial/proyecto_definitivo/admin/files/videos_registro_videos/otraprueba_8.avi
OpenCV(4.5.3) /tmp/pip-req-build-dwj9trv5/opencv/modules/imgproc/src/resize.cpp:4051: error: (-215:Assertion failed) !ssize.empty() in function 'resize'

cara encontrada en: /var/www/html/reconocimientoFacial/proyecto_definitivo/admin/files/videos_registro_videos/otraprueba_8.avi
cara guardada en /otraprueba_8.avi_8_37.91656041145325.jpg con esta confidence:0.9953187
cara encontrada en: /var/www/html/reconocimientoFacial/proyecto_definitivo/admin/files/videos_registro_videos/otraprueba_8.avi
OpenCV(4.5.3) /tmp/pip-req-build-dwj9trv5/opencv/modules/imgproc/src/resize.cpp:4051: error: (-215:Assertion failed) !ssize.empty() in function 'resize'

cara encontrada en: /var/www/html/reconocimientoFacial/proyecto_definitivo/admin/files/videos_registro_videos/otraprueba_8.avi
OpenCV(4.5.3) /tmp/pip-req-build-dwj9trv5/opencv/modules/imgproc/src/resize.cpp:4051: error: (-215:Assertion failed) !ssize.empty() in function 'resize'

cara encontrada en: /var/www/html/reconocimientoFacial/proyecto_definitivo/admin/files/videos_registro_videos/otraprueba_8.avi
OpenCV(4.5.3) /tmp/pip-req-build-dwj9trv5/opencv/modules/imgproc/src/resize.cpp:4051: error: (-215:Assertion failed) !ssize.empty() in function 'resize'

cara encontrada en: /var/www/html/reconocimientoFacial/proyecto_definitivo/admin/files/videos_registro_videos/otraprueba_8.avi
OpenCV(4.5.3) /tmp/pip-req-build-dwj9trv5/opencv/modules/imgproc/src/resize.cpp:4051: error: (-215:Assertion failed) !ssize.empty() in function 'resize'

voy(8) leyendo el video..
tenemos(8) frame k lo guardo ..
voy(8) leyendo el video..
tenemos(8) frame k lo guardo ..
voy(8) leyendo el video..
tenemos(8) frame k lo guardo ..
cara encontrada en: /var/www/html/reconocimientoFacial/proyecto_definitivo/admin/files/videos_registro_videos/otraprueba_8.avi
OpenCV(4.5.3) /tmp/pip-req-build-dwj9trv5/opencv/modules/imgproc/src/resize.cpp:4051: error: (-215:Assertion failed) !ssize.empty() in function 'resize'

cara encontrada en: /var/www/html/reconocimientoFacial/proyecto_definitivo/admin/files/videos_registro_videos/otraprueba_8.avi
OpenCV(4.5.3) /tmp/pip-req-build-dwj9trv5/opencv/modules/imgproc/src/resize.cpp:4051: error: (-215:Assertion failed) !ssize.empty() in function 'resize'

cara encontrada en: /var/www/html/reconocimientoFacial/proyecto_definitivo/admin/files/videos_registro_videos/otraprueba_8.avi
OpenCV(4.5.3) /tmp/pip-req-build-dwj9trv5/opencv/modules/imgproc/src/resize.cpp:4051: error: (-215:Assertion failed) !ssize.empty() in function 'resize'

cara encontrada en: /var/www/html/reconocimientoFacial/proyecto_definitivo/admin/files/videos_registro_videos/otraprueba_8.avi
OpenCV(4.5.3) /tmp/pip-req-build-dwj9trv5/opencv/modules/imgproc/src/resize.cpp:4051: error: (-215:Assertion failed) !ssize.empty() in function 'resize'

cara encontrada en: /var/www/html/reconocimientoFacial/proyecto_definitivo/admin/files/videos_registro_videos/otraprueba_8.avi
OpenCV(4.5.3) /tmp/pip-req-build-dwj9trv5/opencv/modules/imgproc/src/resize.cpp:4051: error: (-215:Assertion failed) !ssize.empty() in function 'resize'

cara encontrada en: /var/www/html/reconocimientoFacial/proyecto_definitivo/admin/files/videos_registro_videos/otraprueba_8.avi
cara guardada en /otraprueba_8.avi_8_40.1551353931427.jpg con esta confidence:0.99083847
cara encontrada en: /var/www/html/reconocimientoFacial/proyecto_definitivo/admin/files/videos_registro_videos/otraprueba_8.avi
OpenCV(4.5.3) /tmp/pip-req-build-dwj9trv5/opencv/modules/imgproc/src/resize.cpp:4051: error: (-215:Assertion failed) !ssize.empty() in function 'resize'

cara encontrada en: /var/www/html/reconocimientoFacial/proyecto_definitivo/admin/files/videos_registro_videos/otraprueba_8.avi
OpenCV(4.5.3) /tmp/pip-req-build-dwj9trv5/opencv/modules/imgproc/src/resize.cpp:4051: error: (-215:Assertion failed) !ssize.empty() in function 'resize'

cara encontrada en: /var/www/html/reconocimientoFacial/proyecto_definitivo/admin/files/videos_registro_videos/otraprueba_8.avi
OpenCV(4.5.3) /tmp/pip-req-build-dwj9trv5/opencv/modules/imgproc/src/resize.cpp:4051: error: (-215:Assertion failed) !ssize.empty() in function 'resize'

voy(8) leyendo el video..
tenemos(8) frame k lo guardo ..
voy(8) leyendo el video..
tenemos(8) frame k lo guardo ..
voy(8) leyendo el video..
tenemos(8) frame k lo guardo ..
cara encontrada en: /var/www/html/reconocimientoFacial/proyecto_definitivo/admin/files/videos_registro_videos/otraprueba_8.avi
OpenCV(4.5.3) /tmp/pip-req-build-dwj9trv5/opencv/modules/imgproc/src/resize.cpp:4051: error: (-215:Assertion failed) !ssize.empty() in function 'resize'

cara encontrada en: /var/www/html/reconocimientoFacial/proyecto_definitivo/admin/files/videos_registro_videos/otraprueba_8.avi
OpenCV(4.5.3) /tmp/pip-req-build-dwj9trv5/opencv/modules/imgproc/src/resize.cpp:4051: error: (-215:Assertion failed) !ssize.empty() in function 'resize'

cara encontrada en: /var/www/html/reconocimientoFacial/proyecto_definitivo/admin/files/videos_registro_videos/otraprueba_8.avi
OpenCV(4.5.3) /tmp/pip-req-build-dwj9trv5/opencv/modules/imgproc/src/resize.cpp:4051: error: (-215:Assertion failed) !ssize.empty() in function 'resize'

cara encontrada en: /var/www/html/reconocimientoFacial/proyecto_definitivo/admin/files/videos_registro_videos/otraprueba_8.avi
OpenCV(4.5.3) /tmp/pip-req-build-dwj9trv5/opencv/modules/imgproc/src/resize.cpp:4051: error: (-215:Assertion failed) !ssize.empty() in function 'resize'

cara encontrada en: /var/www/html/reconocimientoFacial/proyecto_definitivo/admin/files/videos_registro_videos/otraprueba_8.avi
OpenCV(4.5.3) /tmp/pip-req-build-dwj9trv5/opencv/modules/imgproc/src/resize.cpp:4051: error: (-215:Assertion failed) !ssize.empty() in function 'resize'

cara encontrada en: /var/www/html/reconocimientoFacial/proyecto_definitivo/admin/files/videos_registro_videos/otraprueba_8.avi
cara guardada en /otraprueba_8.avi_8_42.067708253860474.jpg con esta confidence:0.98419374
cara encontrada en: /var/www/html/reconocimientoFacial/proyecto_definitivo/admin/files/videos_registro_videos/otraprueba_8.avi
OpenCV(4.5.3) /tmp/pip-req-build-dwj9trv5/opencv/modules/imgproc/src/resize.cpp:4051: error: (-215:Assertion failed) !ssize.empty() in function 'resize'

cara encontrada en: /var/www/html/reconocimientoFacial/proyecto_definitivo/admin/files/videos_registro_videos/otraprueba_8.avi
OpenCV(4.5.3) /tmp/pip-req-build-dwj9trv5/opencv/modules/imgproc/src/resize.cpp:4051: error: (-215:Assertion failed) !ssize.empty() in function 'resize'

voy(8) leyendo el video..
tenemos(8) frame k lo guardo ..
voy(8) leyendo el video..
tenemos(8) frame k lo guardo ..
voy(8) leyendo el video..
tenemos(8) frame k lo guardo ..
cara encontrada en: /var/www/html/reconocimientoFacial/proyecto_definitivo/admin/files/videos_registro_videos/otraprueba_8.avi
OpenCV(4.5.3) /tmp/pip-req-build-dwj9trv5/opencv/modules/imgproc/src/resize.cpp:4051: error: (-215:Assertion failed) !ssize.empty() in function 'resize'

cara encontrada en: /var/www/html/reconocimientoFacial/proyecto_definitivo/admin/files/videos_registro_videos/otraprueba_8.avi
OpenCV(4.5.3) /tmp/pip-req-build-dwj9trv5/opencv/modules/imgproc/src/resize.cpp:4051: error: (-215:Assertion failed) !ssize.empty() in function 'resize'

cara encontrada en: /var/www/html/reconocimientoFacial/proyecto_definitivo/admin/files/videos_registro_videos/otraprueba_8.avi
OpenCV(4.5.3) /tmp/pip-req-build-dwj9trv5/opencv/modules/imgproc/src/resize.cpp:4051: error: (-215:Assertion failed) !ssize.empty() in function 'resize'

cara encontrada en: /var/www/html/reconocimientoFacial/proyecto_definitivo/admin/files/videos_registro_videos/otraprueba_8.avi
OpenCV(4.5.3) /tmp/pip-req-build-dwj9trv5/opencv/modules/imgproc/src/resize.cpp:4051: error: (-215:Assertion failed) !ssize.empty() in function 'resize'

cara encontrada en: /var/www/html/reconocimientoFacial/proyecto_definitivo/admin/files/videos_registro_videos/otraprueba_8.avi
OpenCV(4.5.3) /tmp/pip-req-build-dwj9trv5/opencv/modules/imgproc/src/resize.cpp:4051: error: (-215:Assertion failed) !ssize.empty() in function 'resize'

cara encontrada en: /var/www/html/reconocimientoFacial/proyecto_definitivo/admin/files/videos_registro_videos/otraprueba_8.avi
cara guardada en /otraprueba_8.avi_8_44.02423858642578.jpg con esta confidence:0.9648758
cara encontrada en: /var/www/html/reconocimientoFacial/proyecto_definitivo/admin/files/videos_registro_videos/otraprueba_8.avi
OpenCV(4.5.3) /tmp/pip-req-build-dwj9trv5/opencv/modules/imgproc/src/resize.cpp:4051: error: (-215:Assertion failed) !ssize.empty() in function 'resize'

cara encontrada en: /var/www/html/reconocimientoFacial/proyecto_definitivo/admin/files/videos_registro_videos/otraprueba_8.avi
cara guardada en /otraprueba_8.avi_8_44.12988018989563.jpg con esta confidence:0.94031703
cara encontrada en: /var/www/html/reconocimientoFacial/proyecto_definitivo/admin/files/videos_registro_videos/otraprueba_8.avi
OpenCV(4.5.3) /tmp/pip-req-build-dwj9trv5/opencv/modules/imgproc/src/resize.cpp:4051: error: (-215:Assertion failed) !ssize.empty() in function 'resize'

voy(8) leyendo el video..
tenemos(8) frame k lo guardo ..
voy(8) leyendo el video..
Llego al final y remuevo el video!
Tiempo de analizar el video:44.44569134712219
