tenemos este video:/var/www/html/reconocimientoFacial/proyecto_definitivo/admin/files/videos_registro_videos/otraprueba_9.avi
voy(9) leyendo el video..
tenemos(9) frame k lo guardo ..
voy(9) leyendo el video..
tenemos(9) frame k lo guardo ..
voy(9) leyendo el video..
tenemos(9) frame k lo guardo ..
cara encontrada en: /var/www/html/reconocimientoFacial/proyecto_definitivo/admin/files/videos_registro_videos/otraprueba_9.avi
OpenCV(4.5.3) /tmp/pip-req-build-dwj9trv5/opencv/modules/imgproc/src/resize.cpp:4051: error: (-215:Assertion failed) !ssize.empty() in function 'resize'

cara encontrada en: /var/www/html/reconocimientoFacial/proyecto_definitivo/admin/files/videos_registro_videos/otraprueba_9.avi
OpenCV(4.5.3) /tmp/pip-req-build-dwj9trv5/opencv/modules/imgproc/src/resize.cpp:4051: error: (-215:Assertion failed) !ssize.empty() in function 'resize'

cara encontrada en: /var/www/html/reconocimientoFacial/proyecto_definitivo/admin/files/videos_registro_videos/otraprueba_9.avi
OpenCV(4.5.3) /tmp/pip-req-build-dwj9trv5/opencv/modules/imgproc/src/resize.cpp:4051: error: (-215:Assertion failed) !ssize.empty() in function 'resize'

cara encontrada en: /var/www/html/reconocimientoFacial/proyecto_definitivo/admin/files/videos_registro_videos/otraprueba_9.avi
OpenCV(4.5.3) /tmp/pip-req-build-dwj9trv5/opencv/modules/imgproc/src/resize.cpp:4051: error: (-215:Assertion failed) !ssize.empty() in function 'resize'

cara encontrada en: /var/www/html/reconocimientoFacial/proyecto_definitivo/admin/files/videos_registro_videos/otraprueba_9.avi
OpenCV(4.5.3) /tmp/pip-req-build-dwj9trv5/opencv/modules/imgproc/src/resize.cpp:4051: error: (-215:Assertion failed) !ssize.empty() in function 'resize'

cara encontrada en: /var/www/html/reconocimientoFacial/proyecto_definitivo/admin/files/videos_registro_videos/otraprueba_9.avi
cara guardada en /otraprueba_9.avi_9_1.472043514251709.jpg con esta confidence:0.9745146
cara encontrada en: /var/www/html/reconocimientoFacial/proyecto_definitivo/admin/files/videos_registro_videos/otraprueba_9.avi
OpenCV(4.5.3) /tmp/pip-req-build-dwj9trv5/opencv/modules/imgproc/src/resize.cpp:4051: error: (-215:Assertion failed) !ssize.empty() in function 'resize'

cara encontrada en: /var/www/html/reconocimientoFacial/proyecto_definitivo/admin/files/videos_registro_videos/otraprueba_9.avi
OpenCV(4.5.3) /tmp/pip-req-build-dwj9trv5/opencv/modules/imgproc/src/resize.cpp:4051: error: (-215:Assertion failed) !ssize.empty() in function 'resize'

cara encontrada en: /var/www/html/reconocimientoFacial/proyecto_definitivo/admin/files/videos_registro_videos/otraprueba_9.avi
OpenCV(4.5.3) /tmp/pip-req-build-dwj9trv5/opencv/modules/imgproc/src/resize.cpp:4051: error: (-215:Assertion failed) !ssize.empty() in function 'resize'

voy(9) leyendo el video..
tenemos(9) frame k lo guardo ..
voy(9) leyendo el video..
tenemos(9) frame k lo guardo ..
voy(9) leyendo el video..
tenemos(9) frame k lo guardo ..
cara encontrada en: /var/www/html/reconocimientoFacial/proyecto_definitivo/admin/files/videos_registro_videos/otraprueba_9.avi
OpenCV(4.5.3) /tmp/pip-req-build-dwj9trv5/opencv/modules/imgproc/src/resize.cpp:4051: error: (-215:Assertion failed) !ssize.empty() in function 'resize'

cara encontrada en: /var/www/html/reconocimientoFacial/proyecto_definitivo/admin/files/videos_registro_videos/otraprueba_9.avi
OpenCV(4.5.3) /tmp/pip-req-build-dwj9trv5/opencv/modules/imgproc/src/resize.cpp:4051: error: (-215:Assertion failed) !ssize.empty() in function 'resize'

cara encontrada en: /var/www/html/reconocimientoFacial/proyecto_definitivo/admin/files/videos_registro_videos/otraprueba_9.avi
OpenCV(4.5.3) /tmp/pip-req-build-dwj9trv5/opencv/modules/imgproc/src/resize.cpp:4051: error: (-215:Assertion failed) !ssize.empty() in function 'resize'

cara encontrada en: /var/www/html/reconocimientoFacial/proyecto_definitivo/admin/files/videos_registro_videos/otraprueba_9.avi
OpenCV(4.5.3) /tmp/pip-req-build-dwj9trv5/opencv/modules/imgproc/src/resize.cpp:4051: error: (-215:Assertion failed) !ssize.empty() in function 'resize'

cara encontrada en: /var/www/html/reconocimientoFacial/proyecto_definitivo/admin/files/videos_registro_videos/otraprueba_9.avi
OpenCV(4.5.3) /tmp/pip-req-build-dwj9trv5/opencv/modules/imgproc/src/resize.cpp:4051: error: (-215:Assertion failed) !ssize.empty() in function 'resize'

cara encontrada en: /var/www/html/reconocimientoFacial/proyecto_definitivo/admin/files/videos_registro_videos/otraprueba_9.avi
cara guardada en /otraprueba_9.avi_9_3.094325542449951.jpg con esta confidence:0.98019546
cara encontrada en: /var/www/html/reconocimientoFacial/proyecto_definitivo/admin/files/videos_registro_videos/otraprueba_9.avi
OpenCV(4.5.3) /tmp/pip-req-build-dwj9trv5/opencv/modules/imgproc/src/resize.cpp:4051: error: (-215:Assertion failed) !ssize.empty() in function 'resize'

cara encontrada en: /var/www/html/reconocimientoFacial/proyecto_definitivo/admin/files/videos_registro_videos/otraprueba_9.avi
OpenCV(4.5.3) /tmp/pip-req-build-dwj9trv5/opencv/modules/imgproc/src/resize.cpp:4051: error: (-215:Assertion failed) !ssize.empty() in function 'resize'

cara encontrada en: /var/www/html/reconocimientoFacial/proyecto_definitivo/admin/files/videos_registro_videos/otraprueba_9.avi
OpenCV(4.5.3) /tmp/pip-req-build-dwj9trv5/opencv/modules/imgproc/src/resize.cpp:4051: error: (-215:Assertion failed) !ssize.empty() in function 'resize'

voy(9) leyendo el video..
tenemos(9) frame k lo guardo ..
voy(9) leyendo el video..
tenemos(9) frame k lo guardo ..
voy(9) leyendo el video..
tenemos(9) frame k lo guardo ..
cara encontrada en: /var/www/html/reconocimientoFacial/proyecto_definitivo/admin/files/videos_registro_videos/otraprueba_9.avi
OpenCV(4.5.3) /tmp/pip-req-build-dwj9trv5/opencv/modules/imgproc/src/resize.cpp:4051: error: (-215:Assertion failed) !ssize.empty() in function 'resize'

cara encontrada en: /var/www/html/reconocimientoFacial/proyecto_definitivo/admin/files/videos_registro_videos/otraprueba_9.avi
OpenCV(4.5.3) /tmp/pip-req-build-dwj9trv5/opencv/modules/imgproc/src/resize.cpp:4051: error: (-215:Assertion failed) !ssize.empty() in function 'resize'

cara encontrada en: /var/www/html/reconocimientoFacial/proyecto_definitivo/admin/files/videos_registro_videos/otraprueba_9.avi
OpenCV(4.5.3) /tmp/pip-req-build-dwj9trv5/opencv/modules/imgproc/src/resize.cpp:4051: error: (-215:Assertion failed) !ssize.empty() in function 'resize'

cara encontrada en: /var/www/html/reconocimientoFacial/proyecto_definitivo/admin/files/videos_registro_videos/otraprueba_9.avi
OpenCV(4.5.3) /tmp/pip-req-build-dwj9trv5/opencv/modules/imgproc/src/resize.cpp:4051: error: (-215:Assertion failed) !ssize.empty() in function 'resize'

cara encontrada en: /var/www/html/reconocimientoFacial/proyecto_definitivo/admin/files/videos_registro_videos/otraprueba_9.avi
OpenCV(4.5.3) /tmp/pip-req-build-dwj9trv5/opencv/modules/imgproc/src/resize.cpp:4051: error: (-215:Assertion failed) !ssize.empty() in function 'resize'

cara encontrada en: /var/www/html/reconocimientoFacial/proyecto_definitivo/admin/files/videos_registro_videos/otraprueba_9.avi
cara guardada en /otraprueba_9.avi_9_4.923622131347656.jpg con esta confidence:0.9802414
cara encontrada en: /var/www/html/reconocimientoFacial/proyecto_definitivo/admin/files/videos_registro_videos/otraprueba_9.avi
OpenCV(4.5.3) /tmp/pip-req-build-dwj9trv5/opencv/modules/imgproc/src/resize.cpp:4051: error: (-215:Assertion failed) !ssize.empty() in function 'resize'

cara encontrada en: /var/www/html/reconocimientoFacial/proyecto_definitivo/admin/files/videos_registro_videos/otraprueba_9.avi
OpenCV(4.5.3) /tmp/pip-req-build-dwj9trv5/opencv/modules/imgproc/src/resize.cpp:4051: error: (-215:Assertion failed) !ssize.empty() in function 'resize'

cara encontrada en: /var/www/html/reconocimientoFacial/proyecto_definitivo/admin/files/videos_registro_videos/otraprueba_9.avi
OpenCV(4.5.3) /tmp/pip-req-build-dwj9trv5/opencv/modules/imgproc/src/resize.cpp:4051: error: (-215:Assertion failed) !ssize.empty() in function 'resize'

voy(9) leyendo el video..
tenemos(9) frame k lo guardo ..
voy(9) leyendo el video..
tenemos(9) frame k lo guardo ..
voy(9) leyendo el video..
tenemos(9) frame k lo guardo ..
cara encontrada en: /var/www/html/reconocimientoFacial/proyecto_definitivo/admin/files/videos_registro_videos/otraprueba_9.avi
OpenCV(4.5.3) /tmp/pip-req-build-dwj9trv5/opencv/modules/imgproc/src/resize.cpp:4051: error: (-215:Assertion failed) !ssize.empty() in function 'resize'

cara encontrada en: /var/www/html/reconocimientoFacial/proyecto_definitivo/admin/files/videos_registro_videos/otraprueba_9.avi
OpenCV(4.5.3) /tmp/pip-req-build-dwj9trv5/opencv/modules/imgproc/src/resize.cpp:4051: error: (-215:Assertion failed) !ssize.empty() in function 'resize'

cara encontrada en: /var/www/html/reconocimientoFacial/proyecto_definitivo/admin/files/videos_registro_videos/otraprueba_9.avi
OpenCV(4.5.3) /tmp/pip-req-build-dwj9trv5/opencv/modules/imgproc/src/resize.cpp:4051: error: (-215:Assertion failed) !ssize.empty() in function 'resize'

cara encontrada en: /var/www/html/reconocimientoFacial/proyecto_definitivo/admin/files/videos_registro_videos/otraprueba_9.avi
OpenCV(4.5.3) /tmp/pip-req-build-dwj9trv5/opencv/modules/imgproc/src/resize.cpp:4051: error: (-215:Assertion failed) !ssize.empty() in function 'resize'

cara encontrada en: /var/www/html/reconocimientoFacial/proyecto_definitivo/admin/files/videos_registro_videos/otraprueba_9.avi
OpenCV(4.5.3) /tmp/pip-req-build-dwj9trv5/opencv/modules/imgproc/src/resize.cpp:4051: error: (-215:Assertion failed) !ssize.empty() in function 'resize'

cara encontrada en: /var/www/html/reconocimientoFacial/proyecto_definitivo/admin/files/videos_registro_videos/otraprueba_9.avi
cara guardada en /otraprueba_9.avi_9_6.741226673126221.jpg con esta confidence:0.98401976
cara encontrada en: /var/www/html/reconocimientoFacial/proyecto_definitivo/admin/files/videos_registro_videos/otraprueba_9.avi
OpenCV(4.5.3) /tmp/pip-req-build-dwj9trv5/opencv/modules/imgproc/src/resize.cpp:4051: error: (-215:Assertion failed) !ssize.empty() in function 'resize'

cara encontrada en: /var/www/html/reconocimientoFacial/proyecto_definitivo/admin/files/videos_registro_videos/otraprueba_9.avi
OpenCV(4.5.3) /tmp/pip-req-build-dwj9trv5/opencv/modules/imgproc/src/resize.cpp:4051: error: (-215:Assertion failed) !ssize.empty() in function 'resize'

cara encontrada en: /var/www/html/reconocimientoFacial/proyecto_definitivo/admin/files/videos_registro_videos/otraprueba_9.avi
OpenCV(4.5.3) /tmp/pip-req-build-dwj9trv5/opencv/modules/imgproc/src/resize.cpp:4051: error: (-215:Assertion failed) !ssize.empty() in function 'resize'

voy(9) leyendo el video..
tenemos(9) frame k lo guardo ..
voy(9) leyendo el video..
tenemos(9) frame k lo guardo ..
voy(9) leyendo el video..
tenemos(9) frame k lo guardo ..
cara encontrada en: /var/www/html/reconocimientoFacial/proyecto_definitivo/admin/files/videos_registro_videos/otraprueba_9.avi
OpenCV(4.5.3) /tmp/pip-req-build-dwj9trv5/opencv/modules/imgproc/src/resize.cpp:4051: error: (-215:Assertion failed) !ssize.empty() in function 'resize'

cara encontrada en: /var/www/html/reconocimientoFacial/proyecto_definitivo/admin/files/videos_registro_videos/otraprueba_9.avi
OpenCV(4.5.3) /tmp/pip-req-build-dwj9trv5/opencv/modules/imgproc/src/resize.cpp:4051: error: (-215:Assertion failed) !ssize.empty() in function 'resize'

cara encontrada en: /var/www/html/reconocimientoFacial/proyecto_definitivo/admin/files/videos_registro_videos/otraprueba_9.avi
OpenCV(4.5.3) /tmp/pip-req-build-dwj9trv5/opencv/modules/imgproc/src/resize.cpp:4051: error: (-215:Assertion failed) !ssize.empty() in function 'resize'

cara encontrada en: /var/www/html/reconocimientoFacial/proyecto_definitivo/admin/files/videos_registro_videos/otraprueba_9.avi
OpenCV(4.5.3) /tmp/pip-req-build-dwj9trv5/opencv/modules/imgproc/src/resize.cpp:4051: error: (-215:Assertion failed) !ssize.empty() in function 'resize'

cara encontrada en: /var/www/html/reconocimientoFacial/proyecto_definitivo/admin/files/videos_registro_videos/otraprueba_9.avi
cara guardada en /otraprueba_9.avi_9_8.662952661514282.jpg con esta confidence:0.9955277
cara encontrada en: /var/www/html/reconocimientoFacial/proyecto_definitivo/admin/files/videos_registro_videos/otraprueba_9.avi
OpenCV(4.5.3) /tmp/pip-req-build-dwj9trv5/opencv/modules/imgproc/src/resize.cpp:4051: error: (-215:Assertion failed) !ssize.empty() in function 'resize'

cara encontrada en: /var/www/html/reconocimientoFacial/proyecto_definitivo/admin/files/videos_registro_videos/otraprueba_9.avi
OpenCV(4.5.3) /tmp/pip-req-build-dwj9trv5/opencv/modules/imgproc/src/resize.cpp:4051: error: (-215:Assertion failed) !ssize.empty() in function 'resize'

cara encontrada en: /var/www/html/reconocimientoFacial/proyecto_definitivo/admin/files/videos_registro_videos/otraprueba_9.avi
OpenCV(4.5.3) /tmp/pip-req-build-dwj9trv5/opencv/modules/imgproc/src/resize.cpp:4051: error: (-215:Assertion failed) !ssize.empty() in function 'resize'

cara encontrada en: /var/www/html/reconocimientoFacial/proyecto_definitivo/admin/files/videos_registro_videos/otraprueba_9.avi
OpenCV(4.5.3) /tmp/pip-req-build-dwj9trv5/opencv/modules/imgproc/src/resize.cpp:4051: error: (-215:Assertion failed) !ssize.empty() in function 'resize'

voy(9) leyendo el video..
tenemos(9) frame k lo guardo ..
voy(9) leyendo el video..
tenemos(9) frame k lo guardo ..
voy(9) leyendo el video..
tenemos(9) frame k lo guardo ..
cara encontrada en: /var/www/html/reconocimientoFacial/proyecto_definitivo/admin/files/videos_registro_videos/otraprueba_9.avi
OpenCV(4.5.3) /tmp/pip-req-build-dwj9trv5/opencv/modules/imgproc/src/resize.cpp:4051: error: (-215:Assertion failed) !ssize.empty() in function 'resize'

cara encontrada en: /var/www/html/reconocimientoFacial/proyecto_definitivo/admin/files/videos_registro_videos/otraprueba_9.avi
OpenCV(4.5.3) /tmp/pip-req-build-dwj9trv5/opencv/modules/imgproc/src/resize.cpp:4051: error: (-215:Assertion failed) !ssize.empty() in function 'resize'

cara encontrada en: /var/www/html/reconocimientoFacial/proyecto_definitivo/admin/files/videos_registro_videos/otraprueba_9.avi
OpenCV(4.5.3) /tmp/pip-req-build-dwj9trv5/opencv/modules/imgproc/src/resize.cpp:4051: error: (-215:Assertion failed) !ssize.empty() in function 'resize'

cara encontrada en: /var/www/html/reconocimientoFacial/proyecto_definitivo/admin/files/videos_registro_videos/otraprueba_9.avi
OpenCV(4.5.3) /tmp/pip-req-build-dwj9trv5/opencv/modules/imgproc/src/resize.cpp:4051: error: (-215:Assertion failed) !ssize.empty() in function 'resize'

cara encontrada en: /var/www/html/reconocimientoFacial/proyecto_definitivo/admin/files/videos_registro_videos/otraprueba_9.avi
cara guardada en /otraprueba_9.avi_9_10.608551025390625.jpg con esta confidence:0.9962136
cara encontrada en: /var/www/html/reconocimientoFacial/proyecto_definitivo/admin/files/videos_registro_videos/otraprueba_9.avi
OpenCV(4.5.3) /tmp/pip-req-build-dwj9trv5/opencv/modules/imgproc/src/resize.cpp:4051: error: (-215:Assertion failed) !ssize.empty() in function 'resize'

cara encontrada en: /var/www/html/reconocimientoFacial/proyecto_definitivo/admin/files/videos_registro_videos/otraprueba_9.avi
OpenCV(4.5.3) /tmp/pip-req-build-dwj9trv5/opencv/modules/imgproc/src/resize.cpp:4051: error: (-215:Assertion failed) !ssize.empty() in function 'resize'

cara encontrada en: /var/www/html/reconocimientoFacial/proyecto_definitivo/admin/files/videos_registro_videos/otraprueba_9.avi
OpenCV(4.5.3) /tmp/pip-req-build-dwj9trv5/opencv/modules/imgproc/src/resize.cpp:4051: error: (-215:Assertion failed) !ssize.empty() in function 'resize'

cara encontrada en: /var/www/html/reconocimientoFacial/proyecto_definitivo/admin/files/videos_registro_videos/otraprueba_9.avi
OpenCV(4.5.3) /tmp/pip-req-build-dwj9trv5/opencv/modules/imgproc/src/resize.cpp:4051: error: (-215:Assertion failed) !ssize.empty() in function 'resize'

cara encontrada en: /var/www/html/reconocimientoFacial/proyecto_definitivo/admin/files/videos_registro_videos/otraprueba_9.avi
OpenCV(4.5.3) /tmp/pip-req-build-dwj9trv5/opencv/modules/imgproc/src/resize.cpp:4051: error: (-215:Assertion failed) !ssize.empty() in function 'resize'

voy(9) leyendo el video..
tenemos(9) frame k lo guardo ..
voy(9) leyendo el video..
tenemos(9) frame k lo guardo ..
voy(9) leyendo el video..
tenemos(9) frame k lo guardo ..
cara encontrada en: /var/www/html/reconocimientoFacial/proyecto_definitivo/admin/files/videos_registro_videos/otraprueba_9.avi
OpenCV(4.5.3) /tmp/pip-req-build-dwj9trv5/opencv/modules/imgproc/src/resize.cpp:4051: error: (-215:Assertion failed) !ssize.empty() in function 'resize'

cara encontrada en: /var/www/html/reconocimientoFacial/proyecto_definitivo/admin/files/videos_registro_videos/otraprueba_9.avi
OpenCV(4.5.3) /tmp/pip-req-build-dwj9trv5/opencv/modules/imgproc/src/resize.cpp:4051: error: (-215:Assertion failed) !ssize.empty() in function 'resize'

cara encontrada en: /var/www/html/reconocimientoFacial/proyecto_definitivo/admin/files/videos_registro_videos/otraprueba_9.avi
OpenCV(4.5.3) /tmp/pip-req-build-dwj9trv5/opencv/modules/imgproc/src/resize.cpp:4051: error: (-215:Assertion failed) !ssize.empty() in function 'resize'

cara encontrada en: /var/www/html/reconocimientoFacial/proyecto_definitivo/admin/files/videos_registro_videos/otraprueba_9.avi
OpenCV(4.5.3) /tmp/pip-req-build-dwj9trv5/opencv/modules/imgproc/src/resize.cpp:4051: error: (-215:Assertion failed) !ssize.empty() in function 'resize'

cara encontrada en: /var/www/html/reconocimientoFacial/proyecto_definitivo/admin/files/videos_registro_videos/otraprueba_9.avi
OpenCV(4.5.3) /tmp/pip-req-build-dwj9trv5/opencv/modules/imgproc/src/resize.cpp:4051: error: (-215:Assertion failed) !ssize.empty() in function 'resize'

cara encontrada en: /var/www/html/reconocimientoFacial/proyecto_definitivo/admin/files/videos_registro_videos/otraprueba_9.avi
cara guardada en /otraprueba_9.avi_9_13.00174880027771.jpg con esta confidence:0.993417
cara encontrada en: /var/www/html/reconocimientoFacial/proyecto_definitivo/admin/files/videos_registro_videos/otraprueba_9.avi
OpenCV(4.5.3) /tmp/pip-req-build-dwj9trv5/opencv/modules/imgproc/src/resize.cpp:4051: error: (-215:Assertion failed) !ssize.empty() in function 'resize'

cara encontrada en: /var/www/html/reconocimientoFacial/proyecto_definitivo/admin/files/videos_registro_videos/otraprueba_9.avi
OpenCV(4.5.3) /tmp/pip-req-build-dwj9trv5/opencv/modules/imgproc/src/resize.cpp:4051: error: (-215:Assertion failed) !ssize.empty() in function 'resize'

cara encontrada en: /var/www/html/reconocimientoFacial/proyecto_definitivo/admin/files/videos_registro_videos/otraprueba_9.avi
OpenCV(4.5.3) /tmp/pip-req-build-dwj9trv5/opencv/modules/imgproc/src/resize.cpp:4051: error: (-215:Assertion failed) !ssize.empty() in function 'resize'

voy(9) leyendo el video..
tenemos(9) frame k lo guardo ..
voy(9) leyendo el video..
tenemos(9) frame k lo guardo ..
voy(9) leyendo el video..
tenemos(9) frame k lo guardo ..
cara encontrada en: /var/www/html/reconocimientoFacial/proyecto_definitivo/admin/files/videos_registro_videos/otraprueba_9.avi
OpenCV(4.5.3) /tmp/pip-req-build-dwj9trv5/opencv/modules/imgproc/src/resize.cpp:4051: error: (-215:Assertion failed) !ssize.empty() in function 'resize'

cara encontrada en: /var/www/html/reconocimientoFacial/proyecto_definitivo/admin/files/videos_registro_videos/otraprueba_9.avi
OpenCV(4.5.3) /tmp/pip-req-build-dwj9trv5/opencv/modules/imgproc/src/resize.cpp:4051: error: (-215:Assertion failed) !ssize.empty() in function 'resize'

cara encontrada en: /var/www/html/reconocimientoFacial/proyecto_definitivo/admin/files/videos_registro_videos/otraprueba_9.avi
OpenCV(4.5.3) /tmp/pip-req-build-dwj9trv5/opencv/modules/imgproc/src/resize.cpp:4051: error: (-215:Assertion failed) !ssize.empty() in function 'resize'

cara encontrada en: /var/www/html/reconocimientoFacial/proyecto_definitivo/admin/files/videos_registro_videos/otraprueba_9.avi
OpenCV(4.5.3) /tmp/pip-req-build-dwj9trv5/opencv/modules/imgproc/src/resize.cpp:4051: error: (-215:Assertion failed) !ssize.empty() in function 'resize'

cara encontrada en: /var/www/html/reconocimientoFacial/proyecto_definitivo/admin/files/videos_registro_videos/otraprueba_9.avi
OpenCV(4.5.3) /tmp/pip-req-build-dwj9trv5/opencv/modules/imgproc/src/resize.cpp:4051: error: (-215:Assertion failed) !ssize.empty() in function 'resize'

cara encontrada en: /var/www/html/reconocimientoFacial/proyecto_definitivo/admin/files/videos_registro_videos/otraprueba_9.avi
cara guardada en /otraprueba_9.avi_9_15.445090293884277.jpg con esta confidence:0.9910856
cara encontrada en: /var/www/html/reconocimientoFacial/proyecto_definitivo/admin/files/videos_registro_videos/otraprueba_9.avi
OpenCV(4.5.3) /tmp/pip-req-build-dwj9trv5/opencv/modules/imgproc/src/resize.cpp:4051: error: (-215:Assertion failed) !ssize.empty() in function 'resize'

cara encontrada en: /var/www/html/reconocimientoFacial/proyecto_definitivo/admin/files/videos_registro_videos/otraprueba_9.avi
OpenCV(4.5.3) /tmp/pip-req-build-dwj9trv5/opencv/modules/imgproc/src/resize.cpp:4051: error: (-215:Assertion failed) !ssize.empty() in function 'resize'

cara encontrada en: /var/www/html/reconocimientoFacial/proyecto_definitivo/admin/files/videos_registro_videos/otraprueba_9.avi
OpenCV(4.5.3) /tmp/pip-req-build-dwj9trv5/opencv/modules/imgproc/src/resize.cpp:4051: error: (-215:Assertion failed) !ssize.empty() in function 'resize'

voy(9) leyendo el video..
tenemos(9) frame k lo guardo ..
voy(9) leyendo el video..
tenemos(9) frame k lo guardo ..
voy(9) leyendo el video..
tenemos(9) frame k lo guardo ..
cara encontrada en: /var/www/html/reconocimientoFacial/proyecto_definitivo/admin/files/videos_registro_videos/otraprueba_9.avi
OpenCV(4.5.3) /tmp/pip-req-build-dwj9trv5/opencv/modules/imgproc/src/resize.cpp:4051: error: (-215:Assertion failed) !ssize.empty() in function 'resize'

cara encontrada en: /var/www/html/reconocimientoFacial/proyecto_definitivo/admin/files/videos_registro_videos/otraprueba_9.avi
OpenCV(4.5.3) /tmp/pip-req-build-dwj9trv5/opencv/modules/imgproc/src/resize.cpp:4051: error: (-215:Assertion failed) !ssize.empty() in function 'resize'

cara encontrada en: /var/www/html/reconocimientoFacial/proyecto_definitivo/admin/files/videos_registro_videos/otraprueba_9.avi
OpenCV(4.5.3) /tmp/pip-req-build-dwj9trv5/opencv/modules/imgproc/src/resize.cpp:4051: error: (-215:Assertion failed) !ssize.empty() in function 'resize'

cara encontrada en: /var/www/html/reconocimientoFacial/proyecto_definitivo/admin/files/videos_registro_videos/otraprueba_9.avi
OpenCV(4.5.3) /tmp/pip-req-build-dwj9trv5/opencv/modules/imgproc/src/resize.cpp:4051: error: (-215:Assertion failed) !ssize.empty() in function 'resize'

cara encontrada en: /var/www/html/reconocimientoFacial/proyecto_definitivo/admin/files/videos_registro_videos/otraprueba_9.avi
OpenCV(4.5.3) /tmp/pip-req-build-dwj9trv5/opencv/modules/imgproc/src/resize.cpp:4051: error: (-215:Assertion failed) !ssize.empty() in function 'resize'

cara encontrada en: /var/www/html/reconocimientoFacial/proyecto_definitivo/admin/files/videos_registro_videos/otraprueba_9.avi
cara guardada en /otraprueba_9.avi_9_18.08141779899597.jpg con esta confidence:0.9917331
cara encontrada en: /var/www/html/reconocimientoFacial/proyecto_definitivo/admin/files/videos_registro_videos/otraprueba_9.avi
OpenCV(4.5.3) /tmp/pip-req-build-dwj9trv5/opencv/modules/imgproc/src/resize.cpp:4051: error: (-215:Assertion failed) !ssize.empty() in function 'resize'

cara encontrada en: /var/www/html/reconocimientoFacial/proyecto_definitivo/admin/files/videos_registro_videos/otraprueba_9.avi
OpenCV(4.5.3) /tmp/pip-req-build-dwj9trv5/opencv/modules/imgproc/src/resize.cpp:4051: error: (-215:Assertion failed) !ssize.empty() in function 'resize'

cara encontrada en: /var/www/html/reconocimientoFacial/proyecto_definitivo/admin/files/videos_registro_videos/otraprueba_9.avi
OpenCV(4.5.3) /tmp/pip-req-build-dwj9trv5/opencv/modules/imgproc/src/resize.cpp:4051: error: (-215:Assertion failed) !ssize.empty() in function 'resize'

voy(9) leyendo el video..
tenemos(9) frame k lo guardo ..
voy(9) leyendo el video..
tenemos(9) frame k lo guardo ..
voy(9) leyendo el video..
tenemos(9) frame k lo guardo ..
cara encontrada en: /var/www/html/reconocimientoFacial/proyecto_definitivo/admin/files/videos_registro_videos/otraprueba_9.avi
OpenCV(4.5.3) /tmp/pip-req-build-dwj9trv5/opencv/modules/imgproc/src/resize.cpp:4051: error: (-215:Assertion failed) !ssize.empty() in function 'resize'

cara encontrada en: /var/www/html/reconocimientoFacial/proyecto_definitivo/admin/files/videos_registro_videos/otraprueba_9.avi
OpenCV(4.5.3) /tmp/pip-req-build-dwj9trv5/opencv/modules/imgproc/src/resize.cpp:4051: error: (-215:Assertion failed) !ssize.empty() in function 'resize'

cara encontrada en: /var/www/html/reconocimientoFacial/proyecto_definitivo/admin/files/videos_registro_videos/otraprueba_9.avi
OpenCV(4.5.3) /tmp/pip-req-build-dwj9trv5/opencv/modules/imgproc/src/resize.cpp:4051: error: (-215:Assertion failed) !ssize.empty() in function 'resize'

cara encontrada en: /var/www/html/reconocimientoFacial/proyecto_definitivo/admin/files/videos_registro_videos/otraprueba_9.avi
OpenCV(4.5.3) /tmp/pip-req-build-dwj9trv5/opencv/modules/imgproc/src/resize.cpp:4051: error: (-215:Assertion failed) !ssize.empty() in function 'resize'

cara encontrada en: /var/www/html/reconocimientoFacial/proyecto_definitivo/admin/files/videos_registro_videos/otraprueba_9.avi
OpenCV(4.5.3) /tmp/pip-req-build-dwj9trv5/opencv/modules/imgproc/src/resize.cpp:4051: error: (-215:Assertion failed) !ssize.empty() in function 'resize'

cara encontrada en: /var/www/html/reconocimientoFacial/proyecto_definitivo/admin/files/videos_registro_videos/otraprueba_9.avi
cara guardada en /otraprueba_9.avi_9_20.370324850082397.jpg con esta confidence:0.985594
cara encontrada en: /var/www/html/reconocimientoFacial/proyecto_definitivo/admin/files/videos_registro_videos/otraprueba_9.avi
OpenCV(4.5.3) /tmp/pip-req-build-dwj9trv5/opencv/modules/imgproc/src/resize.cpp:4051: error: (-215:Assertion failed) !ssize.empty() in function 'resize'

cara encontrada en: /var/www/html/reconocimientoFacial/proyecto_definitivo/admin/files/videos_registro_videos/otraprueba_9.avi
OpenCV(4.5.3) /tmp/pip-req-build-dwj9trv5/opencv/modules/imgproc/src/resize.cpp:4051: error: (-215:Assertion failed) !ssize.empty() in function 'resize'

cara encontrada en: /var/www/html/reconocimientoFacial/proyecto_definitivo/admin/files/videos_registro_videos/otraprueba_9.avi
OpenCV(4.5.3) /tmp/pip-req-build-dwj9trv5/opencv/modules/imgproc/src/resize.cpp:4051: error: (-215:Assertion failed) !ssize.empty() in function 'resize'

cara encontrada en: /var/www/html/reconocimientoFacial/proyecto_definitivo/admin/files/videos_registro_videos/otraprueba_9.avi
OpenCV(4.5.3) /tmp/pip-req-build-dwj9trv5/opencv/modules/imgproc/src/resize.cpp:4051: error: (-215:Assertion failed) !ssize.empty() in function 'resize'

cara encontrada en: /var/www/html/reconocimientoFacial/proyecto_definitivo/admin/files/videos_registro_videos/otraprueba_9.avi
cara guardada en /otraprueba_9.avi_9_20.422669172286987.jpg con esta confidence:0.85094005
voy(9) leyendo el video..
tenemos(9) frame k lo guardo ..
voy(9) leyendo el video..
tenemos(9) frame k lo guardo ..
voy(9) leyendo el video..
tenemos(9) frame k lo guardo ..
cara encontrada en: /var/www/html/reconocimientoFacial/proyecto_definitivo/admin/files/videos_registro_videos/otraprueba_9.avi
OpenCV(4.5.3) /tmp/pip-req-build-dwj9trv5/opencv/modules/imgproc/src/resize.cpp:4051: error: (-215:Assertion failed) !ssize.empty() in function 'resize'

cara encontrada en: /var/www/html/reconocimientoFacial/proyecto_definitivo/admin/files/videos_registro_videos/otraprueba_9.avi
OpenCV(4.5.3) /tmp/pip-req-build-dwj9trv5/opencv/modules/imgproc/src/resize.cpp:4051: error: (-215:Assertion failed) !ssize.empty() in function 'resize'

cara encontrada en: /var/www/html/reconocimientoFacial/proyecto_definitivo/admin/files/videos_registro_videos/otraprueba_9.avi
OpenCV(4.5.3) /tmp/pip-req-build-dwj9trv5/opencv/modules/imgproc/src/resize.cpp:4051: error: (-215:Assertion failed) !ssize.empty() in function 'resize'

cara encontrada en: /var/www/html/reconocimientoFacial/proyecto_definitivo/admin/files/videos_registro_videos/otraprueba_9.avi
OpenCV(4.5.3) /tmp/pip-req-build-dwj9trv5/opencv/modules/imgproc/src/resize.cpp:4051: error: (-215:Assertion failed) !ssize.empty() in function 'resize'

cara encontrada en: /var/www/html/reconocimientoFacial/proyecto_definitivo/admin/files/videos_registro_videos/otraprueba_9.avi
OpenCV(4.5.3) /tmp/pip-req-build-dwj9trv5/opencv/modules/imgproc/src/resize.cpp:4051: error: (-215:Assertion failed) !ssize.empty() in function 'resize'

cara encontrada en: /var/www/html/reconocimientoFacial/proyecto_definitivo/admin/files/videos_registro_videos/otraprueba_9.avi
OpenCV(4.5.3) /tmp/pip-req-build-dwj9trv5/opencv/modules/imgproc/src/resize.cpp:4051: error: (-215:Assertion failed) !ssize.empty() in function 'resize'

cara encontrada en: /var/www/html/reconocimientoFacial/proyecto_definitivo/admin/files/videos_registro_videos/otraprueba_9.avi
OpenCV(4.5.3) /tmp/pip-req-build-dwj9trv5/opencv/modules/imgproc/src/resize.cpp:4051: error: (-215:Assertion failed) !ssize.empty() in function 'resize'

cara encontrada en: /var/www/html/reconocimientoFacial/proyecto_definitivo/admin/files/videos_registro_videos/otraprueba_9.avi
cara guardada en /otraprueba_9.avi_9_22.858086347579956.jpg con esta confidence:0.9831402
cara encontrada en: /var/www/html/reconocimientoFacial/proyecto_definitivo/admin/files/videos_registro_videos/otraprueba_9.avi
OpenCV(4.5.3) /tmp/pip-req-build-dwj9trv5/opencv/modules/imgproc/src/resize.cpp:4051: error: (-215:Assertion failed) !ssize.empty() in function 'resize'

cara encontrada en: /var/www/html/reconocimientoFacial/proyecto_definitivo/admin/files/videos_registro_videos/otraprueba_9.avi
OpenCV(4.5.3) /tmp/pip-req-build-dwj9trv5/opencv/modules/imgproc/src/resize.cpp:4051: error: (-215:Assertion failed) !ssize.empty() in function 'resize'

cara encontrada en: /var/www/html/reconocimientoFacial/proyecto_definitivo/admin/files/videos_registro_videos/otraprueba_9.avi
cara guardada en /otraprueba_9.avi_9_22.9146249294281.jpg con esta confidence:0.761822
cara encontrada en: /var/www/html/reconocimientoFacial/proyecto_definitivo/admin/files/videos_registro_videos/otraprueba_9.avi
OpenCV(4.5.3) /tmp/pip-req-build-dwj9trv5/opencv/modules/imgproc/src/resize.cpp:4051: error: (-215:Assertion failed) !ssize.empty() in function 'resize'

voy(9) leyendo el video..
tenemos(9) frame k lo guardo ..
voy(9) leyendo el video..
tenemos(9) frame k lo guardo ..
voy(9) leyendo el video..
tenemos(9) frame k lo guardo ..
cara encontrada en: /var/www/html/reconocimientoFacial/proyecto_definitivo/admin/files/videos_registro_videos/otraprueba_9.avi
OpenCV(4.5.3) /tmp/pip-req-build-dwj9trv5/opencv/modules/imgproc/src/resize.cpp:4051: error: (-215:Assertion failed) !ssize.empty() in function 'resize'

cara encontrada en: /var/www/html/reconocimientoFacial/proyecto_definitivo/admin/files/videos_registro_videos/otraprueba_9.avi
OpenCV(4.5.3) /tmp/pip-req-build-dwj9trv5/opencv/modules/imgproc/src/resize.cpp:4051: error: (-215:Assertion failed) !ssize.empty() in function 'resize'

cara encontrada en: /var/www/html/reconocimientoFacial/proyecto_definitivo/admin/files/videos_registro_videos/otraprueba_9.avi
OpenCV(4.5.3) /tmp/pip-req-build-dwj9trv5/opencv/modules/imgproc/src/resize.cpp:4051: error: (-215:Assertion failed) !ssize.empty() in function 'resize'

cara encontrada en: /var/www/html/reconocimientoFacial/proyecto_definitivo/admin/files/videos_registro_videos/otraprueba_9.avi
OpenCV(4.5.3) /tmp/pip-req-build-dwj9trv5/opencv/modules/imgproc/src/resize.cpp:4051: error: (-215:Assertion failed) !ssize.empty() in function 'resize'

cara encontrada en: /var/www/html/reconocimientoFacial/proyecto_definitivo/admin/files/videos_registro_videos/otraprueba_9.avi
OpenCV(4.5.3) /tmp/pip-req-build-dwj9trv5/opencv/modules/imgproc/src/resize.cpp:4051: error: (-215:Assertion failed) !ssize.empty() in function 'resize'

cara encontrada en: /var/www/html/reconocimientoFacial/proyecto_definitivo/admin/files/videos_registro_videos/otraprueba_9.avi
OpenCV(4.5.3) /tmp/pip-req-build-dwj9trv5/opencv/modules/imgproc/src/resize.cpp:4051: error: (-215:Assertion failed) !ssize.empty() in function 'resize'

cara encontrada en: /var/www/html/reconocimientoFacial/proyecto_definitivo/admin/files/videos_registro_videos/otraprueba_9.avi
OpenCV(4.5.3) /tmp/pip-req-build-dwj9trv5/opencv/modules/imgproc/src/resize.cpp:4051: error: (-215:Assertion failed) !ssize.empty() in function 'resize'

cara encontrada en: /var/www/html/reconocimientoFacial/proyecto_definitivo/admin/files/videos_registro_videos/otraprueba_9.avi
cara guardada en /otraprueba_9.avi_9_25.441858291625977.jpg con esta confidence:0.98404664
cara encontrada en: /var/www/html/reconocimientoFacial/proyecto_definitivo/admin/files/videos_registro_videos/otraprueba_9.avi
OpenCV(4.5.3) /tmp/pip-req-build-dwj9trv5/opencv/modules/imgproc/src/resize.cpp:4051: error: (-215:Assertion failed) !ssize.empty() in function 'resize'

cara encontrada en: /var/www/html/reconocimientoFacial/proyecto_definitivo/admin/files/videos_registro_videos/otraprueba_9.avi
OpenCV(4.5.3) /tmp/pip-req-build-dwj9trv5/opencv/modules/imgproc/src/resize.cpp:4051: error: (-215:Assertion failed) !ssize.empty() in function 'resize'

cara encontrada en: /var/www/html/reconocimientoFacial/proyecto_definitivo/admin/files/videos_registro_videos/otraprueba_9.avi
OpenCV(4.5.3) /tmp/pip-req-build-dwj9trv5/opencv/modules/imgproc/src/resize.cpp:4051: error: (-215:Assertion failed) !ssize.empty() in function 'resize'

voy(9) leyendo el video..
tenemos(9) frame k lo guardo ..
voy(9) leyendo el video..
tenemos(9) frame k lo guardo ..
voy(9) leyendo el video..
tenemos(9) frame k lo guardo ..
cara encontrada en: /var/www/html/reconocimientoFacial/proyecto_definitivo/admin/files/videos_registro_videos/otraprueba_9.avi
OpenCV(4.5.3) /tmp/pip-req-build-dwj9trv5/opencv/modules/imgproc/src/resize.cpp:4051: error: (-215:Assertion failed) !ssize.empty() in function 'resize'

cara encontrada en: /var/www/html/reconocimientoFacial/proyecto_definitivo/admin/files/videos_registro_videos/otraprueba_9.avi
OpenCV(4.5.3) /tmp/pip-req-build-dwj9trv5/opencv/modules/imgproc/src/resize.cpp:4051: error: (-215:Assertion failed) !ssize.empty() in function 'resize'

cara encontrada en: /var/www/html/reconocimientoFacial/proyecto_definitivo/admin/files/videos_registro_videos/otraprueba_9.avi
OpenCV(4.5.3) /tmp/pip-req-build-dwj9trv5/opencv/modules/imgproc/src/resize.cpp:4051: error: (-215:Assertion failed) !ssize.empty() in function 'resize'

cara encontrada en: /var/www/html/reconocimientoFacial/proyecto_definitivo/admin/files/videos_registro_videos/otraprueba_9.avi
OpenCV(4.5.3) /tmp/pip-req-build-dwj9trv5/opencv/modules/imgproc/src/resize.cpp:4051: error: (-215:Assertion failed) !ssize.empty() in function 'resize'

cara encontrada en: /var/www/html/reconocimientoFacial/proyecto_definitivo/admin/files/videos_registro_videos/otraprueba_9.avi
OpenCV(4.5.3) /tmp/pip-req-build-dwj9trv5/opencv/modules/imgproc/src/resize.cpp:4051: error: (-215:Assertion failed) !ssize.empty() in function 'resize'

cara encontrada en: /var/www/html/reconocimientoFacial/proyecto_definitivo/admin/files/videos_registro_videos/otraprueba_9.avi
OpenCV(4.5.3) /tmp/pip-req-build-dwj9trv5/opencv/modules/imgproc/src/resize.cpp:4051: error: (-215:Assertion failed) !ssize.empty() in function 'resize'

cara encontrada en: /var/www/html/reconocimientoFacial/proyecto_definitivo/admin/files/videos_registro_videos/otraprueba_9.avi
OpenCV(4.5.3) /tmp/pip-req-build-dwj9trv5/opencv/modules/imgproc/src/resize.cpp:4051: error: (-215:Assertion failed) !ssize.empty() in function 'resize'

cara encontrada en: /var/www/html/reconocimientoFacial/proyecto_definitivo/admin/files/videos_registro_videos/otraprueba_9.avi
cara guardada en /otraprueba_9.avi_9_28.009968996047974.jpg con esta confidence:0.9830253
cara encontrada en: /var/www/html/reconocimientoFacial/proyecto_definitivo/admin/files/videos_registro_videos/otraprueba_9.avi
OpenCV(4.5.3) /tmp/pip-req-build-dwj9trv5/opencv/modules/imgproc/src/resize.cpp:4051: error: (-215:Assertion failed) !ssize.empty() in function 'resize'

cara encontrada en: /var/www/html/reconocimientoFacial/proyecto_definitivo/admin/files/videos_registro_videos/otraprueba_9.avi
OpenCV(4.5.3) /tmp/pip-req-build-dwj9trv5/opencv/modules/imgproc/src/resize.cpp:4051: error: (-215:Assertion failed) !ssize.empty() in function 'resize'

cara encontrada en: /var/www/html/reconocimientoFacial/proyecto_definitivo/admin/files/videos_registro_videos/otraprueba_9.avi
OpenCV(4.5.3) /tmp/pip-req-build-dwj9trv5/opencv/modules/imgproc/src/resize.cpp:4051: error: (-215:Assertion failed) !ssize.empty() in function 'resize'

voy(9) leyendo el video..
tenemos(9) frame k lo guardo ..
voy(9) leyendo el video..
tenemos(9) frame k lo guardo ..
voy(9) leyendo el video..
tenemos(9) frame k lo guardo ..
cara encontrada en: /var/www/html/reconocimientoFacial/proyecto_definitivo/admin/files/videos_registro_videos/otraprueba_9.avi
OpenCV(4.5.3) /tmp/pip-req-build-dwj9trv5/opencv/modules/imgproc/src/resize.cpp:4051: error: (-215:Assertion failed) !ssize.empty() in function 'resize'

cara encontrada en: /var/www/html/reconocimientoFacial/proyecto_definitivo/admin/files/videos_registro_videos/otraprueba_9.avi
OpenCV(4.5.3) /tmp/pip-req-build-dwj9trv5/opencv/modules/imgproc/src/resize.cpp:4051: error: (-215:Assertion failed) !ssize.empty() in function 'resize'

cara encontrada en: /var/www/html/reconocimientoFacial/proyecto_definitivo/admin/files/videos_registro_videos/otraprueba_9.avi
OpenCV(4.5.3) /tmp/pip-req-build-dwj9trv5/opencv/modules/imgproc/src/resize.cpp:4051: error: (-215:Assertion failed) !ssize.empty() in function 'resize'

cara encontrada en: /var/www/html/reconocimientoFacial/proyecto_definitivo/admin/files/videos_registro_videos/otraprueba_9.avi
OpenCV(4.5.3) /tmp/pip-req-build-dwj9trv5/opencv/modules/imgproc/src/resize.cpp:4051: error: (-215:Assertion failed) !ssize.empty() in function 'resize'

cara encontrada en: /var/www/html/reconocimientoFacial/proyecto_definitivo/admin/files/videos_registro_videos/otraprueba_9.avi
OpenCV(4.5.3) /tmp/pip-req-build-dwj9trv5/opencv/modules/imgproc/src/resize.cpp:4051: error: (-215:Assertion failed) !ssize.empty() in function 'resize'

cara encontrada en: /var/www/html/reconocimientoFacial/proyecto_definitivo/admin/files/videos_registro_videos/otraprueba_9.avi
cara guardada en /otraprueba_9.avi_9_30.577248334884644.jpg con esta confidence:0.99424183
cara encontrada en: /var/www/html/reconocimientoFacial/proyecto_definitivo/admin/files/videos_registro_videos/otraprueba_9.avi
OpenCV(4.5.3) /tmp/pip-req-build-dwj9trv5/opencv/modules/imgproc/src/resize.cpp:4051: error: (-215:Assertion failed) !ssize.empty() in function 'resize'

cara encontrada en: /var/www/html/reconocimientoFacial/proyecto_definitivo/admin/files/videos_registro_videos/otraprueba_9.avi
OpenCV(4.5.3) /tmp/pip-req-build-dwj9trv5/opencv/modules/imgproc/src/resize.cpp:4051: error: (-215:Assertion failed) !ssize.empty() in function 'resize'

cara encontrada en: /var/www/html/reconocimientoFacial/proyecto_definitivo/admin/files/videos_registro_videos/otraprueba_9.avi
OpenCV(4.5.3) /tmp/pip-req-build-dwj9trv5/opencv/modules/imgproc/src/resize.cpp:4051: error: (-215:Assertion failed) !ssize.empty() in function 'resize'

cara encontrada en: /var/www/html/reconocimientoFacial/proyecto_definitivo/admin/files/videos_registro_videos/otraprueba_9.avi
OpenCV(4.5.3) /tmp/pip-req-build-dwj9trv5/opencv/modules/imgproc/src/resize.cpp:4051: error: (-215:Assertion failed) !ssize.empty() in function 'resize'

voy(9) leyendo el video..
tenemos(9) frame k lo guardo ..
voy(9) leyendo el video..
tenemos(9) frame k lo guardo ..
voy(9) leyendo el video..
tenemos(9) frame k lo guardo ..
cara encontrada en: /var/www/html/reconocimientoFacial/proyecto_definitivo/admin/files/videos_registro_videos/otraprueba_9.avi
OpenCV(4.5.3) /tmp/pip-req-build-dwj9trv5/opencv/modules/imgproc/src/resize.cpp:4051: error: (-215:Assertion failed) !ssize.empty() in function 'resize'

cara encontrada en: /var/www/html/reconocimientoFacial/proyecto_definitivo/admin/files/videos_registro_videos/otraprueba_9.avi
OpenCV(4.5.3) /tmp/pip-req-build-dwj9trv5/opencv/modules/imgproc/src/resize.cpp:4051: error: (-215:Assertion failed) !ssize.empty() in function 'resize'

cara encontrada en: /var/www/html/reconocimientoFacial/proyecto_definitivo/admin/files/videos_registro_videos/otraprueba_9.avi
OpenCV(4.5.3) /tmp/pip-req-build-dwj9trv5/opencv/modules/imgproc/src/resize.cpp:4051: error: (-215:Assertion failed) !ssize.empty() in function 'resize'

cara encontrada en: /var/www/html/reconocimientoFacial/proyecto_definitivo/admin/files/videos_registro_videos/otraprueba_9.avi
OpenCV(4.5.3) /tmp/pip-req-build-dwj9trv5/opencv/modules/imgproc/src/resize.cpp:4051: error: (-215:Assertion failed) !ssize.empty() in function 'resize'

cara encontrada en: /var/www/html/reconocimientoFacial/proyecto_definitivo/admin/files/videos_registro_videos/otraprueba_9.avi
cara guardada en /otraprueba_9.avi_9_33.13505983352661.jpg con esta confidence:0.9958859
cara encontrada en: /var/www/html/reconocimientoFacial/proyecto_definitivo/admin/files/videos_registro_videos/otraprueba_9.avi
OpenCV(4.5.3) /tmp/pip-req-build-dwj9trv5/opencv/modules/imgproc/src/resize.cpp:4051: error: (-215:Assertion failed) !ssize.empty() in function 'resize'

cara encontrada en: /var/www/html/reconocimientoFacial/proyecto_definitivo/admin/files/videos_registro_videos/otraprueba_9.avi
OpenCV(4.5.3) /tmp/pip-req-build-dwj9trv5/opencv/modules/imgproc/src/resize.cpp:4051: error: (-215:Assertion failed) !ssize.empty() in function 'resize'

cara encontrada en: /var/www/html/reconocimientoFacial/proyecto_definitivo/admin/files/videos_registro_videos/otraprueba_9.avi
OpenCV(4.5.3) /tmp/pip-req-build-dwj9trv5/opencv/modules/imgproc/src/resize.cpp:4051: error: (-215:Assertion failed) !ssize.empty() in function 'resize'

cara encontrada en: /var/www/html/reconocimientoFacial/proyecto_definitivo/admin/files/videos_registro_videos/otraprueba_9.avi
OpenCV(4.5.3) /tmp/pip-req-build-dwj9trv5/opencv/modules/imgproc/src/resize.cpp:4051: error: (-215:Assertion failed) !ssize.empty() in function 'resize'

cara encontrada en: /var/www/html/reconocimientoFacial/proyecto_definitivo/admin/files/videos_registro_videos/otraprueba_9.avi
OpenCV(4.5.3) /tmp/pip-req-build-dwj9trv5/opencv/modules/imgproc/src/resize.cpp:4051: error: (-215:Assertion failed) !ssize.empty() in function 'resize'

voy(9) leyendo el video..
tenemos(9) frame k lo guardo ..
voy(9) leyendo el video..
tenemos(9) frame k lo guardo ..
voy(9) leyendo el video..
tenemos(9) frame k lo guardo ..
cara encontrada en: /var/www/html/reconocimientoFacial/proyecto_definitivo/admin/files/videos_registro_videos/otraprueba_9.avi
OpenCV(4.5.3) /tmp/pip-req-build-dwj9trv5/opencv/modules/imgproc/src/resize.cpp:4051: error: (-215:Assertion failed) !ssize.empty() in function 'resize'

cara encontrada en: /var/www/html/reconocimientoFacial/proyecto_definitivo/admin/files/videos_registro_videos/otraprueba_9.avi
OpenCV(4.5.3) /tmp/pip-req-build-dwj9trv5/opencv/modules/imgproc/src/resize.cpp:4051: error: (-215:Assertion failed) !ssize.empty() in function 'resize'

cara encontrada en: /var/www/html/reconocimientoFacial/proyecto_definitivo/admin/files/videos_registro_videos/otraprueba_9.avi
OpenCV(4.5.3) /tmp/pip-req-build-dwj9trv5/opencv/modules/imgproc/src/resize.cpp:4051: error: (-215:Assertion failed) !ssize.empty() in function 'resize'

cara encontrada en: /var/www/html/reconocimientoFacial/proyecto_definitivo/admin/files/videos_registro_videos/otraprueba_9.avi
OpenCV(4.5.3) /tmp/pip-req-build-dwj9trv5/opencv/modules/imgproc/src/resize.cpp:4051: error: (-215:Assertion failed) !ssize.empty() in function 'resize'

cara encontrada en: /var/www/html/reconocimientoFacial/proyecto_definitivo/admin/files/videos_registro_videos/otraprueba_9.avi
cara guardada en /otraprueba_9.avi_9_35.4079110622406.jpg con esta confidence:0.9923316
cara encontrada en: /var/www/html/reconocimientoFacial/proyecto_definitivo/admin/files/videos_registro_videos/otraprueba_9.avi
OpenCV(4.5.3) /tmp/pip-req-build-dwj9trv5/opencv/modules/imgproc/src/resize.cpp:4051: error: (-215:Assertion failed) !ssize.empty() in function 'resize'

cara encontrada en: /var/www/html/reconocimientoFacial/proyecto_definitivo/admin/files/videos_registro_videos/otraprueba_9.avi
OpenCV(4.5.3) /tmp/pip-req-build-dwj9trv5/opencv/modules/imgproc/src/resize.cpp:4051: error: (-215:Assertion failed) !ssize.empty() in function 'resize'

cara encontrada en: /var/www/html/reconocimientoFacial/proyecto_definitivo/admin/files/videos_registro_videos/otraprueba_9.avi
OpenCV(4.5.3) /tmp/pip-req-build-dwj9trv5/opencv/modules/imgproc/src/resize.cpp:4051: error: (-215:Assertion failed) !ssize.empty() in function 'resize'

voy(9) leyendo el video..
tenemos(9) frame k lo guardo ..
voy(9) leyendo el video..
tenemos(9) frame k lo guardo ..
voy(9) leyendo el video..
tenemos(9) frame k lo guardo ..
cara encontrada en: /var/www/html/reconocimientoFacial/proyecto_definitivo/admin/files/videos_registro_videos/otraprueba_9.avi
OpenCV(4.5.3) /tmp/pip-req-build-dwj9trv5/opencv/modules/imgproc/src/resize.cpp:4051: error: (-215:Assertion failed) !ssize.empty() in function 'resize'

cara encontrada en: /var/www/html/reconocimientoFacial/proyecto_definitivo/admin/files/videos_registro_videos/otraprueba_9.avi
OpenCV(4.5.3) /tmp/pip-req-build-dwj9trv5/opencv/modules/imgproc/src/resize.cpp:4051: error: (-215:Assertion failed) !ssize.empty() in function 'resize'

cara encontrada en: /var/www/html/reconocimientoFacial/proyecto_definitivo/admin/files/videos_registro_videos/otraprueba_9.avi
OpenCV(4.5.3) /tmp/pip-req-build-dwj9trv5/opencv/modules/imgproc/src/resize.cpp:4051: error: (-215:Assertion failed) !ssize.empty() in function 'resize'

cara encontrada en: /var/www/html/reconocimientoFacial/proyecto_definitivo/admin/files/videos_registro_videos/otraprueba_9.avi
OpenCV(4.5.3) /tmp/pip-req-build-dwj9trv5/opencv/modules/imgproc/src/resize.cpp:4051: error: (-215:Assertion failed) !ssize.empty() in function 'resize'

cara encontrada en: /var/www/html/reconocimientoFacial/proyecto_definitivo/admin/files/videos_registro_videos/otraprueba_9.avi
OpenCV(4.5.3) /tmp/pip-req-build-dwj9trv5/opencv/modules/imgproc/src/resize.cpp:4051: error: (-215:Assertion failed) !ssize.empty() in function 'resize'

cara encontrada en: /var/www/html/reconocimientoFacial/proyecto_definitivo/admin/files/videos_registro_videos/otraprueba_9.avi
OpenCV(4.5.3) /tmp/pip-req-build-dwj9trv5/opencv/modules/imgproc/src/resize.cpp:4051: error: (-215:Assertion failed) !ssize.empty() in function 'resize'

cara encontrada en: /var/www/html/reconocimientoFacial/proyecto_definitivo/admin/files/videos_registro_videos/otraprueba_9.avi
cara guardada en /otraprueba_9.avi_9_37.733349561691284.jpg con esta confidence:0.9890238
cara encontrada en: /var/www/html/reconocimientoFacial/proyecto_definitivo/admin/files/videos_registro_videos/otraprueba_9.avi
OpenCV(4.5.3) /tmp/pip-req-build-dwj9trv5/opencv/modules/imgproc/src/resize.cpp:4051: error: (-215:Assertion failed) !ssize.empty() in function 'resize'

voy(9) leyendo el video..
tenemos(9) frame k lo guardo ..
voy(9) leyendo el video..
tenemos(9) frame k lo guardo ..
voy(9) leyendo el video..
tenemos(9) frame k lo guardo ..
cara encontrada en: /var/www/html/reconocimientoFacial/proyecto_definitivo/admin/files/videos_registro_videos/otraprueba_9.avi
OpenCV(4.5.3) /tmp/pip-req-build-dwj9trv5/opencv/modules/imgproc/src/resize.cpp:4051: error: (-215:Assertion failed) !ssize.empty() in function 'resize'

cara encontrada en: /var/www/html/reconocimientoFacial/proyecto_definitivo/admin/files/videos_registro_videos/otraprueba_9.avi
OpenCV(4.5.3) /tmp/pip-req-build-dwj9trv5/opencv/modules/imgproc/src/resize.cpp:4051: error: (-215:Assertion failed) !ssize.empty() in function 'resize'

cara encontrada en: /var/www/html/reconocimientoFacial/proyecto_definitivo/admin/files/videos_registro_videos/otraprueba_9.avi
OpenCV(4.5.3) /tmp/pip-req-build-dwj9trv5/opencv/modules/imgproc/src/resize.cpp:4051: error: (-215:Assertion failed) !ssize.empty() in function 'resize'

cara encontrada en: /var/www/html/reconocimientoFacial/proyecto_definitivo/admin/files/videos_registro_videos/otraprueba_9.avi
OpenCV(4.5.3) /tmp/pip-req-build-dwj9trv5/opencv/modules/imgproc/src/resize.cpp:4051: error: (-215:Assertion failed) !ssize.empty() in function 'resize'

cara encontrada en: /var/www/html/reconocimientoFacial/proyecto_definitivo/admin/files/videos_registro_videos/otraprueba_9.avi
OpenCV(4.5.3) /tmp/pip-req-build-dwj9trv5/opencv/modules/imgproc/src/resize.cpp:4051: error: (-215:Assertion failed) !ssize.empty() in function 'resize'

cara encontrada en: /var/www/html/reconocimientoFacial/proyecto_definitivo/admin/files/videos_registro_videos/otraprueba_9.avi
OpenCV(4.5.3) /tmp/pip-req-build-dwj9trv5/opencv/modules/imgproc/src/resize.cpp:4051: error: (-215:Assertion failed) !ssize.empty() in function 'resize'

cara encontrada en: /var/www/html/reconocimientoFacial/proyecto_definitivo/admin/files/videos_registro_videos/otraprueba_9.avi
cara guardada en /otraprueba_9.avi_9_39.965975761413574.jpg con esta confidence:0.9436894
cara encontrada en: /var/www/html/reconocimientoFacial/proyecto_definitivo/admin/files/videos_registro_videos/otraprueba_9.avi
OpenCV(4.5.3) /tmp/pip-req-build-dwj9trv5/opencv/modules/imgproc/src/resize.cpp:4051: error: (-215:Assertion failed) !ssize.empty() in function 'resize'

cara encontrada en: /var/www/html/reconocimientoFacial/proyecto_definitivo/admin/files/videos_registro_videos/otraprueba_9.avi
OpenCV(4.5.3) /tmp/pip-req-build-dwj9trv5/opencv/modules/imgproc/src/resize.cpp:4051: error: (-215:Assertion failed) !ssize.empty() in function 'resize'

cara encontrada en: /var/www/html/reconocimientoFacial/proyecto_definitivo/admin/files/videos_registro_videos/otraprueba_9.avi
OpenCV(4.5.3) /tmp/pip-req-build-dwj9trv5/opencv/modules/imgproc/src/resize.cpp:4051: error: (-215:Assertion failed) !ssize.empty() in function 'resize'

cara encontrada en: /var/www/html/reconocimientoFacial/proyecto_definitivo/admin/files/videos_registro_videos/otraprueba_9.avi
OpenCV(4.5.3) /tmp/pip-req-build-dwj9trv5/opencv/modules/imgproc/src/resize.cpp:4051: error: (-215:Assertion failed) !ssize.empty() in function 'resize'

voy(9) leyendo el video..
tenemos(9) frame k lo guardo ..
voy(9) leyendo el video..
tenemos(9) frame k lo guardo ..
voy(9) leyendo el video..
tenemos(9) frame k lo guardo ..
cara encontrada en: /var/www/html/reconocimientoFacial/proyecto_definitivo/admin/files/videos_registro_videos/otraprueba_9.avi
OpenCV(4.5.3) /tmp/pip-req-build-dwj9trv5/opencv/modules/imgproc/src/resize.cpp:4051: error: (-215:Assertion failed) !ssize.empty() in function 'resize'

cara encontrada en: /var/www/html/reconocimientoFacial/proyecto_definitivo/admin/files/videos_registro_videos/otraprueba_9.avi
OpenCV(4.5.3) /tmp/pip-req-build-dwj9trv5/opencv/modules/imgproc/src/resize.cpp:4051: error: (-215:Assertion failed) !ssize.empty() in function 'resize'

cara encontrada en: /var/www/html/reconocimientoFacial/proyecto_definitivo/admin/files/videos_registro_videos/otraprueba_9.avi
OpenCV(4.5.3) /tmp/pip-req-build-dwj9trv5/opencv/modules/imgproc/src/resize.cpp:4051: error: (-215:Assertion failed) !ssize.empty() in function 'resize'

cara encontrada en: /var/www/html/reconocimientoFacial/proyecto_definitivo/admin/files/videos_registro_videos/otraprueba_9.avi
OpenCV(4.5.3) /tmp/pip-req-build-dwj9trv5/opencv/modules/imgproc/src/resize.cpp:4051: error: (-215:Assertion failed) !ssize.empty() in function 'resize'

cara encontrada en: /var/www/html/reconocimientoFacial/proyecto_definitivo/admin/files/videos_registro_videos/otraprueba_9.avi
OpenCV(4.5.3) /tmp/pip-req-build-dwj9trv5/opencv/modules/imgproc/src/resize.cpp:4051: error: (-215:Assertion failed) !ssize.empty() in function 'resize'

cara encontrada en: /var/www/html/reconocimientoFacial/proyecto_definitivo/admin/files/videos_registro_videos/otraprueba_9.avi
OpenCV(4.5.3) /tmp/pip-req-build-dwj9trv5/opencv/modules/imgproc/src/resize.cpp:4051: error: (-215:Assertion failed) !ssize.empty() in function 'resize'

cara encontrada en: /var/www/html/reconocimientoFacial/proyecto_definitivo/admin/files/videos_registro_videos/otraprueba_9.avi
OpenCV(4.5.3) /tmp/pip-req-build-dwj9trv5/opencv/modules/imgproc/src/resize.cpp:4051: error: (-215:Assertion failed) !ssize.empty() in function 'resize'

cara encontrada en: /var/www/html/reconocimientoFacial/proyecto_definitivo/admin/files/videos_registro_videos/otraprueba_9.avi
OpenCV(4.5.3) /tmp/pip-req-build-dwj9trv5/opencv/modules/imgproc/src/resize.cpp:4051: error: (-215:Assertion failed) !ssize.empty() in function 'resize'

cara encontrada en: /var/www/html/reconocimientoFacial/proyecto_definitivo/admin/files/videos_registro_videos/otraprueba_9.avi
OpenCV(4.5.3) /tmp/pip-req-build-dwj9trv5/opencv/modules/imgproc/src/resize.cpp:4051: error: (-215:Assertion failed) !ssize.empty() in function 'resize'

cara encontrada en: /var/www/html/reconocimientoFacial/proyecto_definitivo/admin/files/videos_registro_videos/otraprueba_9.avi
OpenCV(4.5.3) /tmp/pip-req-build-dwj9trv5/opencv/modules/imgproc/src/resize.cpp:4051: error: (-215:Assertion failed) !ssize.empty() in function 'resize'

cara encontrada en: /var/www/html/reconocimientoFacial/proyecto_definitivo/admin/files/videos_registro_videos/otraprueba_9.avi
OpenCV(4.5.3) /tmp/pip-req-build-dwj9trv5/opencv/modules/imgproc/src/resize.cpp:4051: error: (-215:Assertion failed) !ssize.empty() in function 'resize'

cara encontrada en: /var/www/html/reconocimientoFacial/proyecto_definitivo/admin/files/videos_registro_videos/otraprueba_9.avi
cara guardada en /otraprueba_9.avi_9_41.956624269485474.jpg con esta confidence:0.73048264
cara encontrada en: /var/www/html/reconocimientoFacial/proyecto_definitivo/admin/files/videos_registro_videos/otraprueba_9.avi
OpenCV(4.5.3) /tmp/pip-req-build-dwj9trv5/opencv/modules/imgproc/src/resize.cpp:4051: error: (-215:Assertion failed) !ssize.empty() in function 'resize'

cara encontrada en: /var/www/html/reconocimientoFacial/proyecto_definitivo/admin/files/videos_registro_videos/otraprueba_9.avi
OpenCV(4.5.3) /tmp/pip-req-build-dwj9trv5/opencv/modules/imgproc/src/resize.cpp:4051: error: (-215:Assertion failed) !ssize.empty() in function 'resize'

voy(9) leyendo el video..
Llego al final y remuevo el video!
Tiempo de analizar el video:42.30906343460083
tenemos este video:/var/www/html/reconocimientoFacial/proyecto_definitivo/admin/files/videos_registro_videos/otraprueba_9.avi
voy(9) leyendo el video..
tenemos(9) frame k lo guardo ..
voy(9) leyendo el video..
tenemos(9) frame k lo guardo ..
voy(9) leyendo el video..
tenemos(9) frame k lo guardo ..
cara encontrada en: /var/www/html/reconocimientoFacial/proyecto_definitivo/admin/files/videos_registro_videos/otraprueba_9.avi
OpenCV(4.5.3) /tmp/pip-req-build-dwj9trv5/opencv/modules/imgproc/src/resize.cpp:4051: error: (-215:Assertion failed) !ssize.empty() in function 'resize'

cara encontrada en: /var/www/html/reconocimientoFacial/proyecto_definitivo/admin/files/videos_registro_videos/otraprueba_9.avi
OpenCV(4.5.3) /tmp/pip-req-build-dwj9trv5/opencv/modules/imgproc/src/resize.cpp:4051: error: (-215:Assertion failed) !ssize.empty() in function 'resize'

cara encontrada en: /var/www/html/reconocimientoFacial/proyecto_definitivo/admin/files/videos_registro_videos/otraprueba_9.avi
OpenCV(4.5.3) /tmp/pip-req-build-dwj9trv5/opencv/modules/imgproc/src/resize.cpp:4051: error: (-215:Assertion failed) !ssize.empty() in function 'resize'

cara encontrada en: /var/www/html/reconocimientoFacial/proyecto_definitivo/admin/files/videos_registro_videos/otraprueba_9.avi
OpenCV(4.5.3) /tmp/pip-req-build-dwj9trv5/opencv/modules/imgproc/src/resize.cpp:4051: error: (-215:Assertion failed) !ssize.empty() in function 'resize'

cara encontrada en: /var/www/html/reconocimientoFacial/proyecto_definitivo/admin/files/videos_registro_videos/otraprueba_9.avi
OpenCV(4.5.3) /tmp/pip-req-build-dwj9trv5/opencv/modules/imgproc/src/resize.cpp:4051: error: (-215:Assertion failed) !ssize.empty() in function 'resize'

cara encontrada en: /var/www/html/reconocimientoFacial/proyecto_definitivo/admin/files/videos_registro_videos/otraprueba_9.avi
cara guardada en /otraprueba_9.avi_9_1.4399454593658447.jpg con esta confidence:0.9745146
cara encontrada en: /var/www/html/reconocimientoFacial/proyecto_definitivo/admin/files/videos_registro_videos/otraprueba_9.avi
OpenCV(4.5.3) /tmp/pip-req-build-dwj9trv5/opencv/modules/imgproc/src/resize.cpp:4051: error: (-215:Assertion failed) !ssize.empty() in function 'resize'

cara encontrada en: /var/www/html/reconocimientoFacial/proyecto_definitivo/admin/files/videos_registro_videos/otraprueba_9.avi
OpenCV(4.5.3) /tmp/pip-req-build-dwj9trv5/opencv/modules/imgproc/src/resize.cpp:4051: error: (-215:Assertion failed) !ssize.empty() in function 'resize'

cara encontrada en: /var/www/html/reconocimientoFacial/proyecto_definitivo/admin/files/videos_registro_videos/otraprueba_9.avi
OpenCV(4.5.3) /tmp/pip-req-build-dwj9trv5/opencv/modules/imgproc/src/resize.cpp:4051: error: (-215:Assertion failed) !ssize.empty() in function 'resize'

voy(9) leyendo el video..
tenemos(9) frame k lo guardo ..
voy(9) leyendo el video..
tenemos(9) frame k lo guardo ..
voy(9) leyendo el video..
tenemos(9) frame k lo guardo ..
cara encontrada en: /var/www/html/reconocimientoFacial/proyecto_definitivo/admin/files/videos_registro_videos/otraprueba_9.avi
OpenCV(4.5.3) /tmp/pip-req-build-dwj9trv5/opencv/modules/imgproc/src/resize.cpp:4051: error: (-215:Assertion failed) !ssize.empty() in function 'resize'

cara encontrada en: /var/www/html/reconocimientoFacial/proyecto_definitivo/admin/files/videos_registro_videos/otraprueba_9.avi
OpenCV(4.5.3) /tmp/pip-req-build-dwj9trv5/opencv/modules/imgproc/src/resize.cpp:4051: error: (-215:Assertion failed) !ssize.empty() in function 'resize'

cara encontrada en: /var/www/html/reconocimientoFacial/proyecto_definitivo/admin/files/videos_registro_videos/otraprueba_9.avi
OpenCV(4.5.3) /tmp/pip-req-build-dwj9trv5/opencv/modules/imgproc/src/resize.cpp:4051: error: (-215:Assertion failed) !ssize.empty() in function 'resize'

cara encontrada en: /var/www/html/reconocimientoFacial/proyecto_definitivo/admin/files/videos_registro_videos/otraprueba_9.avi
OpenCV(4.5.3) /tmp/pip-req-build-dwj9trv5/opencv/modules/imgproc/src/resize.cpp:4051: error: (-215:Assertion failed) !ssize.empty() in function 'resize'

cara encontrada en: /var/www/html/reconocimientoFacial/proyecto_definitivo/admin/files/videos_registro_videos/otraprueba_9.avi
OpenCV(4.5.3) /tmp/pip-req-build-dwj9trv5/opencv/modules/imgproc/src/resize.cpp:4051: error: (-215:Assertion failed) !ssize.empty() in function 'resize'

cara encontrada en: /var/www/html/reconocimientoFacial/proyecto_definitivo/admin/files/videos_registro_videos/otraprueba_9.avi
cara guardada en /otraprueba_9.avi_9_3.099820613861084.jpg con esta confidence:0.98019546
cara encontrada en: /var/www/html/reconocimientoFacial/proyecto_definitivo/admin/files/videos_registro_videos/otraprueba_9.avi
OpenCV(4.5.3) /tmp/pip-req-build-dwj9trv5/opencv/modules/imgproc/src/resize.cpp:4051: error: (-215:Assertion failed) !ssize.empty() in function 'resize'

cara encontrada en: /var/www/html/reconocimientoFacial/proyecto_definitivo/admin/files/videos_registro_videos/otraprueba_9.avi
OpenCV(4.5.3) /tmp/pip-req-build-dwj9trv5/opencv/modules/imgproc/src/resize.cpp:4051: error: (-215:Assertion failed) !ssize.empty() in function 'resize'

cara encontrada en: /var/www/html/reconocimientoFacial/proyecto_definitivo/admin/files/videos_registro_videos/otraprueba_9.avi
OpenCV(4.5.3) /tmp/pip-req-build-dwj9trv5/opencv/modules/imgproc/src/resize.cpp:4051: error: (-215:Assertion failed) !ssize.empty() in function 'resize'

voy(9) leyendo el video..
tenemos(9) frame k lo guardo ..
voy(9) leyendo el video..
tenemos(9) frame k lo guardo ..
voy(9) leyendo el video..
tenemos(9) frame k lo guardo ..
cara encontrada en: /var/www/html/reconocimientoFacial/proyecto_definitivo/admin/files/videos_registro_videos/otraprueba_9.avi
OpenCV(4.5.3) /tmp/pip-req-build-dwj9trv5/opencv/modules/imgproc/src/resize.cpp:4051: error: (-215:Assertion failed) !ssize.empty() in function 'resize'

cara encontrada en: /var/www/html/reconocimientoFacial/proyecto_definitivo/admin/files/videos_registro_videos/otraprueba_9.avi
OpenCV(4.5.3) /tmp/pip-req-build-dwj9trv5/opencv/modules/imgproc/src/resize.cpp:4051: error: (-215:Assertion failed) !ssize.empty() in function 'resize'

cara encontrada en: /var/www/html/reconocimientoFacial/proyecto_definitivo/admin/files/videos_registro_videos/otraprueba_9.avi
OpenCV(4.5.3) /tmp/pip-req-build-dwj9trv5/opencv/modules/imgproc/src/resize.cpp:4051: error: (-215:Assertion failed) !ssize.empty() in function 'resize'

cara encontrada en: /var/www/html/reconocimientoFacial/proyecto_definitivo/admin/files/videos_registro_videos/otraprueba_9.avi
OpenCV(4.5.3) /tmp/pip-req-build-dwj9trv5/opencv/modules/imgproc/src/resize.cpp:4051: error: (-215:Assertion failed) !ssize.empty() in function 'resize'

cara encontrada en: /var/www/html/reconocimientoFacial/proyecto_definitivo/admin/files/videos_registro_videos/otraprueba_9.avi
OpenCV(4.5.3) /tmp/pip-req-build-dwj9trv5/opencv/modules/imgproc/src/resize.cpp:4051: error: (-215:Assertion failed) !ssize.empty() in function 'resize'

cara encontrada en: /var/www/html/reconocimientoFacial/proyecto_definitivo/admin/files/videos_registro_videos/otraprueba_9.avi
cara guardada en /otraprueba_9.avi_9_5.042193174362183.jpg con esta confidence:0.9802414
cara encontrada en: /var/www/html/reconocimientoFacial/proyecto_definitivo/admin/files/videos_registro_videos/otraprueba_9.avi
OpenCV(4.5.3) /tmp/pip-req-build-dwj9trv5/opencv/modules/imgproc/src/resize.cpp:4051: error: (-215:Assertion failed) !ssize.empty() in function 'resize'

cara encontrada en: /var/www/html/reconocimientoFacial/proyecto_definitivo/admin/files/videos_registro_videos/otraprueba_9.avi
OpenCV(4.5.3) /tmp/pip-req-build-dwj9trv5/opencv/modules/imgproc/src/resize.cpp:4051: error: (-215:Assertion failed) !ssize.empty() in function 'resize'

cara encontrada en: /var/www/html/reconocimientoFacial/proyecto_definitivo/admin/files/videos_registro_videos/otraprueba_9.avi
OpenCV(4.5.3) /tmp/pip-req-build-dwj9trv5/opencv/modules/imgproc/src/resize.cpp:4051: error: (-215:Assertion failed) !ssize.empty() in function 'resize'

voy(9) leyendo el video..
tenemos(9) frame k lo guardo ..
voy(9) leyendo el video..
tenemos(9) frame k lo guardo ..
voy(9) leyendo el video..
tenemos(9) frame k lo guardo ..
cara encontrada en: /var/www/html/reconocimientoFacial/proyecto_definitivo/admin/files/videos_registro_videos/otraprueba_9.avi
OpenCV(4.5.3) /tmp/pip-req-build-dwj9trv5/opencv/modules/imgproc/src/resize.cpp:4051: error: (-215:Assertion failed) !ssize.empty() in function 'resize'

cara encontrada en: /var/www/html/reconocimientoFacial/proyecto_definitivo/admin/files/videos_registro_videos/otraprueba_9.avi
OpenCV(4.5.3) /tmp/pip-req-build-dwj9trv5/opencv/modules/imgproc/src/resize.cpp:4051: error: (-215:Assertion failed) !ssize.empty() in function 'resize'

cara encontrada en: /var/www/html/reconocimientoFacial/proyecto_definitivo/admin/files/videos_registro_videos/otraprueba_9.avi
OpenCV(4.5.3) /tmp/pip-req-build-dwj9trv5/opencv/modules/imgproc/src/resize.cpp:4051: error: (-215:Assertion failed) !ssize.empty() in function 'resize'

cara encontrada en: /var/www/html/reconocimientoFacial/proyecto_definitivo/admin/files/videos_registro_videos/otraprueba_9.avi
OpenCV(4.5.3) /tmp/pip-req-build-dwj9trv5/opencv/modules/imgproc/src/resize.cpp:4051: error: (-215:Assertion failed) !ssize.empty() in function 'resize'

cara encontrada en: /var/www/html/reconocimientoFacial/proyecto_definitivo/admin/files/videos_registro_videos/otraprueba_9.avi
OpenCV(4.5.3) /tmp/pip-req-build-dwj9trv5/opencv/modules/imgproc/src/resize.cpp:4051: error: (-215:Assertion failed) !ssize.empty() in function 'resize'

cara encontrada en: /var/www/html/reconocimientoFacial/proyecto_definitivo/admin/files/videos_registro_videos/otraprueba_9.avi
cara guardada en /otraprueba_9.avi_9_7.283024549484253.jpg con esta confidence:0.98401976
cara encontrada en: /var/www/html/reconocimientoFacial/proyecto_definitivo/admin/files/videos_registro_videos/otraprueba_9.avi
OpenCV(4.5.3) /tmp/pip-req-build-dwj9trv5/opencv/modules/imgproc/src/resize.cpp:4051: error: (-215:Assertion failed) !ssize.empty() in function 'resize'

cara encontrada en: /var/www/html/reconocimientoFacial/proyecto_definitivo/admin/files/videos_registro_videos/otraprueba_9.avi
OpenCV(4.5.3) /tmp/pip-req-build-dwj9trv5/opencv/modules/imgproc/src/resize.cpp:4051: error: (-215:Assertion failed) !ssize.empty() in function 'resize'

cara encontrada en: /var/www/html/reconocimientoFacial/proyecto_definitivo/admin/files/videos_registro_videos/otraprueba_9.avi
OpenCV(4.5.3) /tmp/pip-req-build-dwj9trv5/opencv/modules/imgproc/src/resize.cpp:4051: error: (-215:Assertion failed) !ssize.empty() in function 'resize'

voy(9) leyendo el video..
tenemos(9) frame k lo guardo ..
voy(9) leyendo el video..
tenemos(9) frame k lo guardo ..
voy(9) leyendo el video..
tenemos(9) frame k lo guardo ..
cara encontrada en: /var/www/html/reconocimientoFacial/proyecto_definitivo/admin/files/videos_registro_videos/otraprueba_9.avi
OpenCV(4.5.3) /tmp/pip-req-build-dwj9trv5/opencv/modules/imgproc/src/resize.cpp:4051: error: (-215:Assertion failed) !ssize.empty() in function 'resize'

cara encontrada en: /var/www/html/reconocimientoFacial/proyecto_definitivo/admin/files/videos_registro_videos/otraprueba_9.avi
OpenCV(4.5.3) /tmp/pip-req-build-dwj9trv5/opencv/modules/imgproc/src/resize.cpp:4051: error: (-215:Assertion failed) !ssize.empty() in function 'resize'

cara encontrada en: /var/www/html/reconocimientoFacial/proyecto_definitivo/admin/files/videos_registro_videos/otraprueba_9.avi
OpenCV(4.5.3) /tmp/pip-req-build-dwj9trv5/opencv/modules/imgproc/src/resize.cpp:4051: error: (-215:Assertion failed) !ssize.empty() in function 'resize'

cara encontrada en: /var/www/html/reconocimientoFacial/proyecto_definitivo/admin/files/videos_registro_videos/otraprueba_9.avi
OpenCV(4.5.3) /tmp/pip-req-build-dwj9trv5/opencv/modules/imgproc/src/resize.cpp:4051: error: (-215:Assertion failed) !ssize.empty() in function 'resize'

cara encontrada en: /var/www/html/reconocimientoFacial/proyecto_definitivo/admin/files/videos_registro_videos/otraprueba_9.avi
cara guardada en /otraprueba_9.avi_9_9.496723890304565.jpg con esta confidence:0.9955277
cara encontrada en: /var/www/html/reconocimientoFacial/proyecto_definitivo/admin/files/videos_registro_videos/otraprueba_9.avi
OpenCV(4.5.3) /tmp/pip-req-build-dwj9trv5/opencv/modules/imgproc/src/resize.cpp:4051: error: (-215:Assertion failed) !ssize.empty() in function 'resize'

cara encontrada en: /var/www/html/reconocimientoFacial/proyecto_definitivo/admin/files/videos_registro_videos/otraprueba_9.avi
OpenCV(4.5.3) /tmp/pip-req-build-dwj9trv5/opencv/modules/imgproc/src/resize.cpp:4051: error: (-215:Assertion failed) !ssize.empty() in function 'resize'

cara encontrada en: /var/www/html/reconocimientoFacial/proyecto_definitivo/admin/files/videos_registro_videos/otraprueba_9.avi
OpenCV(4.5.3) /tmp/pip-req-build-dwj9trv5/opencv/modules/imgproc/src/resize.cpp:4051: error: (-215:Assertion failed) !ssize.empty() in function 'resize'

cara encontrada en: /var/www/html/reconocimientoFacial/proyecto_definitivo/admin/files/videos_registro_videos/otraprueba_9.avi
OpenCV(4.5.3) /tmp/pip-req-build-dwj9trv5/opencv/modules/imgproc/src/resize.cpp:4051: error: (-215:Assertion failed) !ssize.empty() in function 'resize'

voy(9) leyendo el video..
tenemos(9) frame k lo guardo ..
voy(9) leyendo el video..
tenemos(9) frame k lo guardo ..
voy(9) leyendo el video..
tenemos(9) frame k lo guardo ..
cara encontrada en: /var/www/html/reconocimientoFacial/proyecto_definitivo/admin/files/videos_registro_videos/otraprueba_9.avi
OpenCV(4.5.3) /tmp/pip-req-build-dwj9trv5/opencv/modules/imgproc/src/resize.cpp:4051: error: (-215:Assertion failed) !ssize.empty() in function 'resize'

cara encontrada en: /var/www/html/reconocimientoFacial/proyecto_definitivo/admin/files/videos_registro_videos/otraprueba_9.avi
OpenCV(4.5.3) /tmp/pip-req-build-dwj9trv5/opencv/modules/imgproc/src/resize.cpp:4051: error: (-215:Assertion failed) !ssize.empty() in function 'resize'

cara encontrada en: /var/www/html/reconocimientoFacial/proyecto_definitivo/admin/files/videos_registro_videos/otraprueba_9.avi
OpenCV(4.5.3) /tmp/pip-req-build-dwj9trv5/opencv/modules/imgproc/src/resize.cpp:4051: error: (-215:Assertion failed) !ssize.empty() in function 'resize'

cara encontrada en: /var/www/html/reconocimientoFacial/proyecto_definitivo/admin/files/videos_registro_videos/otraprueba_9.avi
OpenCV(4.5.3) /tmp/pip-req-build-dwj9trv5/opencv/modules/imgproc/src/resize.cpp:4051: error: (-215:Assertion failed) !ssize.empty() in function 'resize'

cara encontrada en: /var/www/html/reconocimientoFacial/proyecto_definitivo/admin/files/videos_registro_videos/otraprueba_9.avi
cara guardada en /otraprueba_9.avi_9_11.889994859695435.jpg con esta confidence:0.9962136
cara encontrada en: /var/www/html/reconocimientoFacial/proyecto_definitivo/admin/files/videos_registro_videos/otraprueba_9.avi
OpenCV(4.5.3) /tmp/pip-req-build-dwj9trv5/opencv/modules/imgproc/src/resize.cpp:4051: error: (-215:Assertion failed) !ssize.empty() in function 'resize'

cara encontrada en: /var/www/html/reconocimientoFacial/proyecto_definitivo/admin/files/videos_registro_videos/otraprueba_9.avi
OpenCV(4.5.3) /tmp/pip-req-build-dwj9trv5/opencv/modules/imgproc/src/resize.cpp:4051: error: (-215:Assertion failed) !ssize.empty() in function 'resize'

cara encontrada en: /var/www/html/reconocimientoFacial/proyecto_definitivo/admin/files/videos_registro_videos/otraprueba_9.avi
OpenCV(4.5.3) /tmp/pip-req-build-dwj9trv5/opencv/modules/imgproc/src/resize.cpp:4051: error: (-215:Assertion failed) !ssize.empty() in function 'resize'

cara encontrada en: /var/www/html/reconocimientoFacial/proyecto_definitivo/admin/files/videos_registro_videos/otraprueba_9.avi
OpenCV(4.5.3) /tmp/pip-req-build-dwj9trv5/opencv/modules/imgproc/src/resize.cpp:4051: error: (-215:Assertion failed) !ssize.empty() in function 'resize'

cara encontrada en: /var/www/html/reconocimientoFacial/proyecto_definitivo/admin/files/videos_registro_videos/otraprueba_9.avi
OpenCV(4.5.3) /tmp/pip-req-build-dwj9trv5/opencv/modules/imgproc/src/resize.cpp:4051: error: (-215:Assertion failed) !ssize.empty() in function 'resize'

voy(9) leyendo el video..
tenemos(9) frame k lo guardo ..
voy(9) leyendo el video..
tenemos(9) frame k lo guardo ..
voy(9) leyendo el video..
tenemos(9) frame k lo guardo ..
cara encontrada en: /var/www/html/reconocimientoFacial/proyecto_definitivo/admin/files/videos_registro_videos/otraprueba_9.avi
OpenCV(4.5.3) /tmp/pip-req-build-dwj9trv5/opencv/modules/imgproc/src/resize.cpp:4051: error: (-215:Assertion failed) !ssize.empty() in function 'resize'

cara encontrada en: /var/www/html/reconocimientoFacial/proyecto_definitivo/admin/files/videos_registro_videos/otraprueba_9.avi
OpenCV(4.5.3) /tmp/pip-req-build-dwj9trv5/opencv/modules/imgproc/src/resize.cpp:4051: error: (-215:Assertion failed) !ssize.empty() in function 'resize'

cara encontrada en: /var/www/html/reconocimientoFacial/proyecto_definitivo/admin/files/videos_registro_videos/otraprueba_9.avi
OpenCV(4.5.3) /tmp/pip-req-build-dwj9trv5/opencv/modules/imgproc/src/resize.cpp:4051: error: (-215:Assertion failed) !ssize.empty() in function 'resize'

cara encontrada en: /var/www/html/reconocimientoFacial/proyecto_definitivo/admin/files/videos_registro_videos/otraprueba_9.avi
OpenCV(4.5.3) /tmp/pip-req-build-dwj9trv5/opencv/modules/imgproc/src/resize.cpp:4051: error: (-215:Assertion failed) !ssize.empty() in function 'resize'

cara encontrada en: /var/www/html/reconocimientoFacial/proyecto_definitivo/admin/files/videos_registro_videos/otraprueba_9.avi
OpenCV(4.5.3) /tmp/pip-req-build-dwj9trv5/opencv/modules/imgproc/src/resize.cpp:4051: error: (-215:Assertion failed) !ssize.empty() in function 'resize'

cara encontrada en: /var/www/html/reconocimientoFacial/proyecto_definitivo/admin/files/videos_registro_videos/otraprueba_9.avi
cara guardada en /otraprueba_9.avi_9_14.312392711639404.jpg con esta confidence:0.993417
cara encontrada en: /var/www/html/reconocimientoFacial/proyecto_definitivo/admin/files/videos_registro_videos/otraprueba_9.avi
OpenCV(4.5.3) /tmp/pip-req-build-dwj9trv5/opencv/modules/imgproc/src/resize.cpp:4051: error: (-215:Assertion failed) !ssize.empty() in function 'resize'

cara encontrada en: /var/www/html/reconocimientoFacial/proyecto_definitivo/admin/files/videos_registro_videos/otraprueba_9.avi
OpenCV(4.5.3) /tmp/pip-req-build-dwj9trv5/opencv/modules/imgproc/src/resize.cpp:4051: error: (-215:Assertion failed) !ssize.empty() in function 'resize'

cara encontrada en: /var/www/html/reconocimientoFacial/proyecto_definitivo/admin/files/videos_registro_videos/otraprueba_9.avi
OpenCV(4.5.3) /tmp/pip-req-build-dwj9trv5/opencv/modules/imgproc/src/resize.cpp:4051: error: (-215:Assertion failed) !ssize.empty() in function 'resize'

voy(9) leyendo el video..
tenemos(9) frame k lo guardo ..
voy(9) leyendo el video..
tenemos(9) frame k lo guardo ..
voy(9) leyendo el video..
tenemos(9) frame k lo guardo ..
cara encontrada en: /var/www/html/reconocimientoFacial/proyecto_definitivo/admin/files/videos_registro_videos/otraprueba_9.avi
OpenCV(4.5.3) /tmp/pip-req-build-dwj9trv5/opencv/modules/imgproc/src/resize.cpp:4051: error: (-215:Assertion failed) !ssize.empty() in function 'resize'

cara encontrada en: /var/www/html/reconocimientoFacial/proyecto_definitivo/admin/files/videos_registro_videos/otraprueba_9.avi
OpenCV(4.5.3) /tmp/pip-req-build-dwj9trv5/opencv/modules/imgproc/src/resize.cpp:4051: error: (-215:Assertion failed) !ssize.empty() in function 'resize'

cara encontrada en: /var/www/html/reconocimientoFacial/proyecto_definitivo/admin/files/videos_registro_videos/otraprueba_9.avi
OpenCV(4.5.3) /tmp/pip-req-build-dwj9trv5/opencv/modules/imgproc/src/resize.cpp:4051: error: (-215:Assertion failed) !ssize.empty() in function 'resize'

cara encontrada en: /var/www/html/reconocimientoFacial/proyecto_definitivo/admin/files/videos_registro_videos/otraprueba_9.avi
OpenCV(4.5.3) /tmp/pip-req-build-dwj9trv5/opencv/modules/imgproc/src/resize.cpp:4051: error: (-215:Assertion failed) !ssize.empty() in function 'resize'

cara encontrada en: /var/www/html/reconocimientoFacial/proyecto_definitivo/admin/files/videos_registro_videos/otraprueba_9.avi
OpenCV(4.5.3) /tmp/pip-req-build-dwj9trv5/opencv/modules/imgproc/src/resize.cpp:4051: error: (-215:Assertion failed) !ssize.empty() in function 'resize'

cara encontrada en: /var/www/html/reconocimientoFacial/proyecto_definitivo/admin/files/videos_registro_videos/otraprueba_9.avi
cara guardada en /otraprueba_9.avi_9_16.920567750930786.jpg con esta confidence:0.9910856
cara encontrada en: /var/www/html/reconocimientoFacial/proyecto_definitivo/admin/files/videos_registro_videos/otraprueba_9.avi
OpenCV(4.5.3) /tmp/pip-req-build-dwj9trv5/opencv/modules/imgproc/src/resize.cpp:4051: error: (-215:Assertion failed) !ssize.empty() in function 'resize'

cara encontrada en: /var/www/html/reconocimientoFacial/proyecto_definitivo/admin/files/videos_registro_videos/otraprueba_9.avi
OpenCV(4.5.3) /tmp/pip-req-build-dwj9trv5/opencv/modules/imgproc/src/resize.cpp:4051: error: (-215:Assertion failed) !ssize.empty() in function 'resize'

cara encontrada en: /var/www/html/reconocimientoFacial/proyecto_definitivo/admin/files/videos_registro_videos/otraprueba_9.avi
OpenCV(4.5.3) /tmp/pip-req-build-dwj9trv5/opencv/modules/imgproc/src/resize.cpp:4051: error: (-215:Assertion failed) !ssize.empty() in function 'resize'

voy(9) leyendo el video..
tenemos(9) frame k lo guardo ..
voy(9) leyendo el video..
tenemos(9) frame k lo guardo ..
voy(9) leyendo el video..
tenemos(9) frame k lo guardo ..
cara encontrada en: /var/www/html/reconocimientoFacial/proyecto_definitivo/admin/files/videos_registro_videos/otraprueba_9.avi
OpenCV(4.5.3) /tmp/pip-req-build-dwj9trv5/opencv/modules/imgproc/src/resize.cpp:4051: error: (-215:Assertion failed) !ssize.empty() in function 'resize'

cara encontrada en: /var/www/html/reconocimientoFacial/proyecto_definitivo/admin/files/videos_registro_videos/otraprueba_9.avi
OpenCV(4.5.3) /tmp/pip-req-build-dwj9trv5/opencv/modules/imgproc/src/resize.cpp:4051: error: (-215:Assertion failed) !ssize.empty() in function 'resize'

cara encontrada en: /var/www/html/reconocimientoFacial/proyecto_definitivo/admin/files/videos_registro_videos/otraprueba_9.avi
OpenCV(4.5.3) /tmp/pip-req-build-dwj9trv5/opencv/modules/imgproc/src/resize.cpp:4051: error: (-215:Assertion failed) !ssize.empty() in function 'resize'

cara encontrada en: /var/www/html/reconocimientoFacial/proyecto_definitivo/admin/files/videos_registro_videos/otraprueba_9.avi
OpenCV(4.5.3) /tmp/pip-req-build-dwj9trv5/opencv/modules/imgproc/src/resize.cpp:4051: error: (-215:Assertion failed) !ssize.empty() in function 'resize'

cara encontrada en: /var/www/html/reconocimientoFacial/proyecto_definitivo/admin/files/videos_registro_videos/otraprueba_9.avi
OpenCV(4.5.3) /tmp/pip-req-build-dwj9trv5/opencv/modules/imgproc/src/resize.cpp:4051: error: (-215:Assertion failed) !ssize.empty() in function 'resize'

cara encontrada en: /var/www/html/reconocimientoFacial/proyecto_definitivo/admin/files/videos_registro_videos/otraprueba_9.avi
cara guardada en /otraprueba_9.avi_9_19.60499119758606.jpg con esta confidence:0.9917331
cara encontrada en: /var/www/html/reconocimientoFacial/proyecto_definitivo/admin/files/videos_registro_videos/otraprueba_9.avi
OpenCV(4.5.3) /tmp/pip-req-build-dwj9trv5/opencv/modules/imgproc/src/resize.cpp:4051: error: (-215:Assertion failed) !ssize.empty() in function 'resize'

cara encontrada en: /var/www/html/reconocimientoFacial/proyecto_definitivo/admin/files/videos_registro_videos/otraprueba_9.avi
OpenCV(4.5.3) /tmp/pip-req-build-dwj9trv5/opencv/modules/imgproc/src/resize.cpp:4051: error: (-215:Assertion failed) !ssize.empty() in function 'resize'

cara encontrada en: /var/www/html/reconocimientoFacial/proyecto_definitivo/admin/files/videos_registro_videos/otraprueba_9.avi
OpenCV(4.5.3) /tmp/pip-req-build-dwj9trv5/opencv/modules/imgproc/src/resize.cpp:4051: error: (-215:Assertion failed) !ssize.empty() in function 'resize'

voy(9) leyendo el video..
tenemos(9) frame k lo guardo ..
voy(9) leyendo el video..
tenemos(9) frame k lo guardo ..
voy(9) leyendo el video..
tenemos(9) frame k lo guardo ..
cara encontrada en: /var/www/html/reconocimientoFacial/proyecto_definitivo/admin/files/videos_registro_videos/otraprueba_9.avi
OpenCV(4.5.3) /tmp/pip-req-build-dwj9trv5/opencv/modules/imgproc/src/resize.cpp:4051: error: (-215:Assertion failed) !ssize.empty() in function 'resize'

cara encontrada en: /var/www/html/reconocimientoFacial/proyecto_definitivo/admin/files/videos_registro_videos/otraprueba_9.avi
OpenCV(4.5.3) /tmp/pip-req-build-dwj9trv5/opencv/modules/imgproc/src/resize.cpp:4051: error: (-215:Assertion failed) !ssize.empty() in function 'resize'

cara encontrada en: /var/www/html/reconocimientoFacial/proyecto_definitivo/admin/files/videos_registro_videos/otraprueba_9.avi
OpenCV(4.5.3) /tmp/pip-req-build-dwj9trv5/opencv/modules/imgproc/src/resize.cpp:4051: error: (-215:Assertion failed) !ssize.empty() in function 'resize'

cara encontrada en: /var/www/html/reconocimientoFacial/proyecto_definitivo/admin/files/videos_registro_videos/otraprueba_9.avi
OpenCV(4.5.3) /tmp/pip-req-build-dwj9trv5/opencv/modules/imgproc/src/resize.cpp:4051: error: (-215:Assertion failed) !ssize.empty() in function 'resize'

cara encontrada en: /var/www/html/reconocimientoFacial/proyecto_definitivo/admin/files/videos_registro_videos/otraprueba_9.avi
OpenCV(4.5.3) /tmp/pip-req-build-dwj9trv5/opencv/modules/imgproc/src/resize.cpp:4051: error: (-215:Assertion failed) !ssize.empty() in function 'resize'

cara encontrada en: /var/www/html/reconocimientoFacial/proyecto_definitivo/admin/files/videos_registro_videos/otraprueba_9.avi
cara guardada en /otraprueba_9.avi_9_22.23251700401306.jpg con esta confidence:0.985594
cara encontrada en: /var/www/html/reconocimientoFacial/proyecto_definitivo/admin/files/videos_registro_videos/otraprueba_9.avi
OpenCV(4.5.3) /tmp/pip-req-build-dwj9trv5/opencv/modules/imgproc/src/resize.cpp:4051: error: (-215:Assertion failed) !ssize.empty() in function 'resize'

cara encontrada en: /var/www/html/reconocimientoFacial/proyecto_definitivo/admin/files/videos_registro_videos/otraprueba_9.avi
OpenCV(4.5.3) /tmp/pip-req-build-dwj9trv5/opencv/modules/imgproc/src/resize.cpp:4051: error: (-215:Assertion failed) !ssize.empty() in function 'resize'

cara encontrada en: /var/www/html/reconocimientoFacial/proyecto_definitivo/admin/files/videos_registro_videos/otraprueba_9.avi
OpenCV(4.5.3) /tmp/pip-req-build-dwj9trv5/opencv/modules/imgproc/src/resize.cpp:4051: error: (-215:Assertion failed) !ssize.empty() in function 'resize'

cara encontrada en: /var/www/html/reconocimientoFacial/proyecto_definitivo/admin/files/videos_registro_videos/otraprueba_9.avi
OpenCV(4.5.3) /tmp/pip-req-build-dwj9trv5/opencv/modules/imgproc/src/resize.cpp:4051: error: (-215:Assertion failed) !ssize.empty() in function 'resize'

cara encontrada en: /var/www/html/reconocimientoFacial/proyecto_definitivo/admin/files/videos_registro_videos/otraprueba_9.avi
cara guardada en /otraprueba_9.avi_9_22.315850734710693.jpg con esta confidence:0.85094005
voy(9) leyendo el video..
tenemos(9) frame k lo guardo ..
voy(9) leyendo el video..
tenemos(9) frame k lo guardo ..
voy(9) leyendo el video..
tenemos(9) frame k lo guardo ..
cara encontrada en: /var/www/html/reconocimientoFacial/proyecto_definitivo/admin/files/videos_registro_videos/otraprueba_9.avi
OpenCV(4.5.3) /tmp/pip-req-build-dwj9trv5/opencv/modules/imgproc/src/resize.cpp:4051: error: (-215:Assertion failed) !ssize.empty() in function 'resize'

cara encontrada en: /var/www/html/reconocimientoFacial/proyecto_definitivo/admin/files/videos_registro_videos/otraprueba_9.avi
OpenCV(4.5.3) /tmp/pip-req-build-dwj9trv5/opencv/modules/imgproc/src/resize.cpp:4051: error: (-215:Assertion failed) !ssize.empty() in function 'resize'

cara encontrada en: /var/www/html/reconocimientoFacial/proyecto_definitivo/admin/files/videos_registro_videos/otraprueba_9.avi
OpenCV(4.5.3) /tmp/pip-req-build-dwj9trv5/opencv/modules/imgproc/src/resize.cpp:4051: error: (-215:Assertion failed) !ssize.empty() in function 'resize'

cara encontrada en: /var/www/html/reconocimientoFacial/proyecto_definitivo/admin/files/videos_registro_videos/otraprueba_9.avi
OpenCV(4.5.3) /tmp/pip-req-build-dwj9trv5/opencv/modules/imgproc/src/resize.cpp:4051: error: (-215:Assertion failed) !ssize.empty() in function 'resize'

cara encontrada en: /var/www/html/reconocimientoFacial/proyecto_definitivo/admin/files/videos_registro_videos/otraprueba_9.avi
OpenCV(4.5.3) /tmp/pip-req-build-dwj9trv5/opencv/modules/imgproc/src/resize.cpp:4051: error: (-215:Assertion failed) !ssize.empty() in function 'resize'

cara encontrada en: /var/www/html/reconocimientoFacial/proyecto_definitivo/admin/files/videos_registro_videos/otraprueba_9.avi
OpenCV(4.5.3) /tmp/pip-req-build-dwj9trv5/opencv/modules/imgproc/src/resize.cpp:4051: error: (-215:Assertion failed) !ssize.empty() in function 'resize'

cara encontrada en: /var/www/html/reconocimientoFacial/proyecto_definitivo/admin/files/videos_registro_videos/otraprueba_9.avi
OpenCV(4.5.3) /tmp/pip-req-build-dwj9trv5/opencv/modules/imgproc/src/resize.cpp:4051: error: (-215:Assertion failed) !ssize.empty() in function 'resize'

cara encontrada en: /var/www/html/reconocimientoFacial/proyecto_definitivo/admin/files/videos_registro_videos/otraprueba_9.avi
cara guardada en /otraprueba_9.avi_9_24.938416957855225.jpg con esta confidence:0.9831402
cara encontrada en: /var/www/html/reconocimientoFacial/proyecto_definitivo/admin/files/videos_registro_videos/otraprueba_9.avi
OpenCV(4.5.3) /tmp/pip-req-build-dwj9trv5/opencv/modules/imgproc/src/resize.cpp:4051: error: (-215:Assertion failed) !ssize.empty() in function 'resize'

cara encontrada en: /var/www/html/reconocimientoFacial/proyecto_definitivo/admin/files/videos_registro_videos/otraprueba_9.avi
OpenCV(4.5.3) /tmp/pip-req-build-dwj9trv5/opencv/modules/imgproc/src/resize.cpp:4051: error: (-215:Assertion failed) !ssize.empty() in function 'resize'

cara encontrada en: /var/www/html/reconocimientoFacial/proyecto_definitivo/admin/files/videos_registro_videos/otraprueba_9.avi
cara guardada en /otraprueba_9.avi_9_25.12217903137207.jpg con esta confidence:0.761822
cara encontrada en: /var/www/html/reconocimientoFacial/proyecto_definitivo/admin/files/videos_registro_videos/otraprueba_9.avi
OpenCV(4.5.3) /tmp/pip-req-build-dwj9trv5/opencv/modules/imgproc/src/resize.cpp:4051: error: (-215:Assertion failed) !ssize.empty() in function 'resize'

voy(9) leyendo el video..
tenemos(9) frame k lo guardo ..
voy(9) leyendo el video..
tenemos(9) frame k lo guardo ..
voy(9) leyendo el video..
tenemos(9) frame k lo guardo ..
cara encontrada en: /var/www/html/reconocimientoFacial/proyecto_definitivo/admin/files/videos_registro_videos/otraprueba_9.avi
OpenCV(4.5.3) /tmp/pip-req-build-dwj9trv5/opencv/modules/imgproc/src/resize.cpp:4051: error: (-215:Assertion failed) !ssize.empty() in function 'resize'

cara encontrada en: /var/www/html/reconocimientoFacial/proyecto_definitivo/admin/files/videos_registro_videos/otraprueba_9.avi
OpenCV(4.5.3) /tmp/pip-req-build-dwj9trv5/opencv/modules/imgproc/src/resize.cpp:4051: error: (-215:Assertion failed) !ssize.empty() in function 'resize'

cara encontrada en: /var/www/html/reconocimientoFacial/proyecto_definitivo/admin/files/videos_registro_videos/otraprueba_9.avi
OpenCV(4.5.3) /tmp/pip-req-build-dwj9trv5/opencv/modules/imgproc/src/resize.cpp:4051: error: (-215:Assertion failed) !ssize.empty() in function 'resize'

cara encontrada en: /var/www/html/reconocimientoFacial/proyecto_definitivo/admin/files/videos_registro_videos/otraprueba_9.avi
OpenCV(4.5.3) /tmp/pip-req-build-dwj9trv5/opencv/modules/imgproc/src/resize.cpp:4051: error: (-215:Assertion failed) !ssize.empty() in function 'resize'

cara encontrada en: /var/www/html/reconocimientoFacial/proyecto_definitivo/admin/files/videos_registro_videos/otraprueba_9.avi
OpenCV(4.5.3) /tmp/pip-req-build-dwj9trv5/opencv/modules/imgproc/src/resize.cpp:4051: error: (-215:Assertion failed) !ssize.empty() in function 'resize'

cara encontrada en: /var/www/html/reconocimientoFacial/proyecto_definitivo/admin/files/videos_registro_videos/otraprueba_9.avi
OpenCV(4.5.3) /tmp/pip-req-build-dwj9trv5/opencv/modules/imgproc/src/resize.cpp:4051: error: (-215:Assertion failed) !ssize.empty() in function 'resize'

cara encontrada en: /var/www/html/reconocimientoFacial/proyecto_definitivo/admin/files/videos_registro_videos/otraprueba_9.avi
OpenCV(4.5.3) /tmp/pip-req-build-dwj9trv5/opencv/modules/imgproc/src/resize.cpp:4051: error: (-215:Assertion failed) !ssize.empty() in function 'resize'

cara encontrada en: /var/www/html/reconocimientoFacial/proyecto_definitivo/admin/files/videos_registro_videos/otraprueba_9.avi
cara guardada en /otraprueba_9.avi_9_27.624855518341064.jpg con esta confidence:0.98404664
cara encontrada en: /var/www/html/reconocimientoFacial/proyecto_definitivo/admin/files/videos_registro_videos/otraprueba_9.avi
OpenCV(4.5.3) /tmp/pip-req-build-dwj9trv5/opencv/modules/imgproc/src/resize.cpp:4051: error: (-215:Assertion failed) !ssize.empty() in function 'resize'

cara encontrada en: /var/www/html/reconocimientoFacial/proyecto_definitivo/admin/files/videos_registro_videos/otraprueba_9.avi
OpenCV(4.5.3) /tmp/pip-req-build-dwj9trv5/opencv/modules/imgproc/src/resize.cpp:4051: error: (-215:Assertion failed) !ssize.empty() in function 'resize'

cara encontrada en: /var/www/html/reconocimientoFacial/proyecto_definitivo/admin/files/videos_registro_videos/otraprueba_9.avi
OpenCV(4.5.3) /tmp/pip-req-build-dwj9trv5/opencv/modules/imgproc/src/resize.cpp:4051: error: (-215:Assertion failed) !ssize.empty() in function 'resize'

voy(9) leyendo el video..
tenemos(9) frame k lo guardo ..
voy(9) leyendo el video..
tenemos(9) frame k lo guardo ..
voy(9) leyendo el video..
tenemos(9) frame k lo guardo ..
cara encontrada en: /var/www/html/reconocimientoFacial/proyecto_definitivo/admin/files/videos_registro_videos/otraprueba_9.avi
OpenCV(4.5.3) /tmp/pip-req-build-dwj9trv5/opencv/modules/imgproc/src/resize.cpp:4051: error: (-215:Assertion failed) !ssize.empty() in function 'resize'

cara encontrada en: /var/www/html/reconocimientoFacial/proyecto_definitivo/admin/files/videos_registro_videos/otraprueba_9.avi
OpenCV(4.5.3) /tmp/pip-req-build-dwj9trv5/opencv/modules/imgproc/src/resize.cpp:4051: error: (-215:Assertion failed) !ssize.empty() in function 'resize'

cara encontrada en: /var/www/html/reconocimientoFacial/proyecto_definitivo/admin/files/videos_registro_videos/otraprueba_9.avi
OpenCV(4.5.3) /tmp/pip-req-build-dwj9trv5/opencv/modules/imgproc/src/resize.cpp:4051: error: (-215:Assertion failed) !ssize.empty() in function 'resize'

cara encontrada en: /var/www/html/reconocimientoFacial/proyecto_definitivo/admin/files/videos_registro_videos/otraprueba_9.avi
OpenCV(4.5.3) /tmp/pip-req-build-dwj9trv5/opencv/modules/imgproc/src/resize.cpp:4051: error: (-215:Assertion failed) !ssize.empty() in function 'resize'

cara encontrada en: /var/www/html/reconocimientoFacial/proyecto_definitivo/admin/files/videos_registro_videos/otraprueba_9.avi
OpenCV(4.5.3) /tmp/pip-req-build-dwj9trv5/opencv/modules/imgproc/src/resize.cpp:4051: error: (-215:Assertion failed) !ssize.empty() in function 'resize'

cara encontrada en: /var/www/html/reconocimientoFacial/proyecto_definitivo/admin/files/videos_registro_videos/otraprueba_9.avi
OpenCV(4.5.3) /tmp/pip-req-build-dwj9trv5/opencv/modules/imgproc/src/resize.cpp:4051: error: (-215:Assertion failed) !ssize.empty() in function 'resize'

cara encontrada en: /var/www/html/reconocimientoFacial/proyecto_definitivo/admin/files/videos_registro_videos/otraprueba_9.avi
OpenCV(4.5.3) /tmp/pip-req-build-dwj9trv5/opencv/modules/imgproc/src/resize.cpp:4051: error: (-215:Assertion failed) !ssize.empty() in function 'resize'

cara encontrada en: /var/www/html/reconocimientoFacial/proyecto_definitivo/admin/files/videos_registro_videos/otraprueba_9.avi
cara guardada en /otraprueba_9.avi_9_30.20224094390869.jpg con esta confidence:0.9830253
cara encontrada en: /var/www/html/reconocimientoFacial/proyecto_definitivo/admin/files/videos_registro_videos/otraprueba_9.avi
OpenCV(4.5.3) /tmp/pip-req-build-dwj9trv5/opencv/modules/imgproc/src/resize.cpp:4051: error: (-215:Assertion failed) !ssize.empty() in function 'resize'

cara encontrada en: /var/www/html/reconocimientoFacial/proyecto_definitivo/admin/files/videos_registro_videos/otraprueba_9.avi
OpenCV(4.5.3) /tmp/pip-req-build-dwj9trv5/opencv/modules/imgproc/src/resize.cpp:4051: error: (-215:Assertion failed) !ssize.empty() in function 'resize'

cara encontrada en: /var/www/html/reconocimientoFacial/proyecto_definitivo/admin/files/videos_registro_videos/otraprueba_9.avi
OpenCV(4.5.3) /tmp/pip-req-build-dwj9trv5/opencv/modules/imgproc/src/resize.cpp:4051: error: (-215:Assertion failed) !ssize.empty() in function 'resize'

voy(9) leyendo el video..
tenemos(9) frame k lo guardo ..
voy(9) leyendo el video..
tenemos(9) frame k lo guardo ..
voy(9) leyendo el video..
tenemos(9) frame k lo guardo ..
cara encontrada en: /var/www/html/reconocimientoFacial/proyecto_definitivo/admin/files/videos_registro_videos/otraprueba_9.avi
OpenCV(4.5.3) /tmp/pip-req-build-dwj9trv5/opencv/modules/imgproc/src/resize.cpp:4051: error: (-215:Assertion failed) !ssize.empty() in function 'resize'

cara encontrada en: /var/www/html/reconocimientoFacial/proyecto_definitivo/admin/files/videos_registro_videos/otraprueba_9.avi
OpenCV(4.5.3) /tmp/pip-req-build-dwj9trv5/opencv/modules/imgproc/src/resize.cpp:4051: error: (-215:Assertion failed) !ssize.empty() in function 'resize'

cara encontrada en: /var/www/html/reconocimientoFacial/proyecto_definitivo/admin/files/videos_registro_videos/otraprueba_9.avi
OpenCV(4.5.3) /tmp/pip-req-build-dwj9trv5/opencv/modules/imgproc/src/resize.cpp:4051: error: (-215:Assertion failed) !ssize.empty() in function 'resize'

cara encontrada en: /var/www/html/reconocimientoFacial/proyecto_definitivo/admin/files/videos_registro_videos/otraprueba_9.avi
OpenCV(4.5.3) /tmp/pip-req-build-dwj9trv5/opencv/modules/imgproc/src/resize.cpp:4051: error: (-215:Assertion failed) !ssize.empty() in function 'resize'

cara encontrada en: /var/www/html/reconocimientoFacial/proyecto_definitivo/admin/files/videos_registro_videos/otraprueba_9.avi
OpenCV(4.5.3) /tmp/pip-req-build-dwj9trv5/opencv/modules/imgproc/src/resize.cpp:4051: error: (-215:Assertion failed) !ssize.empty() in function 'resize'

cara encontrada en: /var/www/html/reconocimientoFacial/proyecto_definitivo/admin/files/videos_registro_videos/otraprueba_9.avi
cara guardada en /otraprueba_9.avi_9_32.57274794578552.jpg con esta confidence:0.99424183
cara encontrada en: /var/www/html/reconocimientoFacial/proyecto_definitivo/admin/files/videos_registro_videos/otraprueba_9.avi
OpenCV(4.5.3) /tmp/pip-req-build-dwj9trv5/opencv/modules/imgproc/src/resize.cpp:4051: error: (-215:Assertion failed) !ssize.empty() in function 'resize'

cara encontrada en: /var/www/html/reconocimientoFacial/proyecto_definitivo/admin/files/videos_registro_videos/otraprueba_9.avi
OpenCV(4.5.3) /tmp/pip-req-build-dwj9trv5/opencv/modules/imgproc/src/resize.cpp:4051: error: (-215:Assertion failed) !ssize.empty() in function 'resize'

cara encontrada en: /var/www/html/reconocimientoFacial/proyecto_definitivo/admin/files/videos_registro_videos/otraprueba_9.avi
OpenCV(4.5.3) /tmp/pip-req-build-dwj9trv5/opencv/modules/imgproc/src/resize.cpp:4051: error: (-215:Assertion failed) !ssize.empty() in function 'resize'

cara encontrada en: /var/www/html/reconocimientoFacial/proyecto_definitivo/admin/files/videos_registro_videos/otraprueba_9.avi
OpenCV(4.5.3) /tmp/pip-req-build-dwj9trv5/opencv/modules/imgproc/src/resize.cpp:4051: error: (-215:Assertion failed) !ssize.empty() in function 'resize'

voy(9) leyendo el video..
tenemos(9) frame k lo guardo ..
voy(9) leyendo el video..
tenemos(9) frame k lo guardo ..
voy(9) leyendo el video..
tenemos(9) frame k lo guardo ..
cara encontrada en: /var/www/html/reconocimientoFacial/proyecto_definitivo/admin/files/videos_registro_videos/otraprueba_9.avi
OpenCV(4.5.3) /tmp/pip-req-build-dwj9trv5/opencv/modules/imgproc/src/resize.cpp:4051: error: (-215:Assertion failed) !ssize.empty() in function 'resize'

cara encontrada en: /var/www/html/reconocimientoFacial/proyecto_definitivo/admin/files/videos_registro_videos/otraprueba_9.avi
OpenCV(4.5.3) /tmp/pip-req-build-dwj9trv5/opencv/modules/imgproc/src/resize.cpp:4051: error: (-215:Assertion failed) !ssize.empty() in function 'resize'

cara encontrada en: /var/www/html/reconocimientoFacial/proyecto_definitivo/admin/files/videos_registro_videos/otraprueba_9.avi
OpenCV(4.5.3) /tmp/pip-req-build-dwj9trv5/opencv/modules/imgproc/src/resize.cpp:4051: error: (-215:Assertion failed) !ssize.empty() in function 'resize'

cara encontrada en: /var/www/html/reconocimientoFacial/proyecto_definitivo/admin/files/videos_registro_videos/otraprueba_9.avi
OpenCV(4.5.3) /tmp/pip-req-build-dwj9trv5/opencv/modules/imgproc/src/resize.cpp:4051: error: (-215:Assertion failed) !ssize.empty() in function 'resize'

cara encontrada en: /var/www/html/reconocimientoFacial/proyecto_definitivo/admin/files/videos_registro_videos/otraprueba_9.avi
cara guardada en /otraprueba_9.avi_9_35.06808543205261.jpg con esta confidence:0.9958859
cara encontrada en: /var/www/html/reconocimientoFacial/proyecto_definitivo/admin/files/videos_registro_videos/otraprueba_9.avi
OpenCV(4.5.3) /tmp/pip-req-build-dwj9trv5/opencv/modules/imgproc/src/resize.cpp:4051: error: (-215:Assertion failed) !ssize.empty() in function 'resize'

cara encontrada en: /var/www/html/reconocimientoFacial/proyecto_definitivo/admin/files/videos_registro_videos/otraprueba_9.avi
OpenCV(4.5.3) /tmp/pip-req-build-dwj9trv5/opencv/modules/imgproc/src/resize.cpp:4051: error: (-215:Assertion failed) !ssize.empty() in function 'resize'

cara encontrada en: /var/www/html/reconocimientoFacial/proyecto_definitivo/admin/files/videos_registro_videos/otraprueba_9.avi
OpenCV(4.5.3) /tmp/pip-req-build-dwj9trv5/opencv/modules/imgproc/src/resize.cpp:4051: error: (-215:Assertion failed) !ssize.empty() in function 'resize'

cara encontrada en: /var/www/html/reconocimientoFacial/proyecto_definitivo/admin/files/videos_registro_videos/otraprueba_9.avi
OpenCV(4.5.3) /tmp/pip-req-build-dwj9trv5/opencv/modules/imgproc/src/resize.cpp:4051: error: (-215:Assertion failed) !ssize.empty() in function 'resize'

cara encontrada en: /var/www/html/reconocimientoFacial/proyecto_definitivo/admin/files/videos_registro_videos/otraprueba_9.avi
OpenCV(4.5.3) /tmp/pip-req-build-dwj9trv5/opencv/modules/imgproc/src/resize.cpp:4051: error: (-215:Assertion failed) !ssize.empty() in function 'resize'

voy(9) leyendo el video..
tenemos(9) frame k lo guardo ..
voy(9) leyendo el video..
tenemos(9) frame k lo guardo ..
voy(9) leyendo el video..
tenemos(9) frame k lo guardo ..
cara encontrada en: /var/www/html/reconocimientoFacial/proyecto_definitivo/admin/files/videos_registro_videos/otraprueba_9.avi
OpenCV(4.5.3) /tmp/pip-req-build-dwj9trv5/opencv/modules/imgproc/src/resize.cpp:4051: error: (-215:Assertion failed) !ssize.empty() in function 'resize'

cara encontrada en: /var/www/html/reconocimientoFacial/proyecto_definitivo/admin/files/videos_registro_videos/otraprueba_9.avi
OpenCV(4.5.3) /tmp/pip-req-build-dwj9trv5/opencv/modules/imgproc/src/resize.cpp:4051: error: (-215:Assertion failed) !ssize.empty() in function 'resize'

cara encontrada en: /var/www/html/reconocimientoFacial/proyecto_definitivo/admin/files/videos_registro_videos/otraprueba_9.avi
OpenCV(4.5.3) /tmp/pip-req-build-dwj9trv5/opencv/modules/imgproc/src/resize.cpp:4051: error: (-215:Assertion failed) !ssize.empty() in function 'resize'

cara encontrada en: /var/www/html/reconocimientoFacial/proyecto_definitivo/admin/files/videos_registro_videos/otraprueba_9.avi
OpenCV(4.5.3) /tmp/pip-req-build-dwj9trv5/opencv/modules/imgproc/src/resize.cpp:4051: error: (-215:Assertion failed) !ssize.empty() in function 'resize'

cara encontrada en: /var/www/html/reconocimientoFacial/proyecto_definitivo/admin/files/videos_registro_videos/otraprueba_9.avi
cara guardada en /otraprueba_9.avi_9_37.409109115600586.jpg con esta confidence:0.9923316
cara encontrada en: /var/www/html/reconocimientoFacial/proyecto_definitivo/admin/files/videos_registro_videos/otraprueba_9.avi
OpenCV(4.5.3) /tmp/pip-req-build-dwj9trv5/opencv/modules/imgproc/src/resize.cpp:4051: error: (-215:Assertion failed) !ssize.empty() in function 'resize'

cara encontrada en: /var/www/html/reconocimientoFacial/proyecto_definitivo/admin/files/videos_registro_videos/otraprueba_9.avi
OpenCV(4.5.3) /tmp/pip-req-build-dwj9trv5/opencv/modules/imgproc/src/resize.cpp:4051: error: (-215:Assertion failed) !ssize.empty() in function 'resize'

cara encontrada en: /var/www/html/reconocimientoFacial/proyecto_definitivo/admin/files/videos_registro_videos/otraprueba_9.avi
OpenCV(4.5.3) /tmp/pip-req-build-dwj9trv5/opencv/modules/imgproc/src/resize.cpp:4051: error: (-215:Assertion failed) !ssize.empty() in function 'resize'

voy(9) leyendo el video..
tenemos(9) frame k lo guardo ..
voy(9) leyendo el video..
tenemos(9) frame k lo guardo ..
voy(9) leyendo el video..
tenemos(9) frame k lo guardo ..
cara encontrada en: /var/www/html/reconocimientoFacial/proyecto_definitivo/admin/files/videos_registro_videos/otraprueba_9.avi
OpenCV(4.5.3) /tmp/pip-req-build-dwj9trv5/opencv/modules/imgproc/src/resize.cpp:4051: error: (-215:Assertion failed) !ssize.empty() in function 'resize'

cara encontrada en: /var/www/html/reconocimientoFacial/proyecto_definitivo/admin/files/videos_registro_videos/otraprueba_9.avi
OpenCV(4.5.3) /tmp/pip-req-build-dwj9trv5/opencv/modules/imgproc/src/resize.cpp:4051: error: (-215:Assertion failed) !ssize.empty() in function 'resize'

cara encontrada en: /var/www/html/reconocimientoFacial/proyecto_definitivo/admin/files/videos_registro_videos/otraprueba_9.avi
OpenCV(4.5.3) /tmp/pip-req-build-dwj9trv5/opencv/modules/imgproc/src/resize.cpp:4051: error: (-215:Assertion failed) !ssize.empty() in function 'resize'

cara encontrada en: /var/www/html/reconocimientoFacial/proyecto_definitivo/admin/files/videos_registro_videos/otraprueba_9.avi
OpenCV(4.5.3) /tmp/pip-req-build-dwj9trv5/opencv/modules/imgproc/src/resize.cpp:4051: error: (-215:Assertion failed) !ssize.empty() in function 'resize'

cara encontrada en: /var/www/html/reconocimientoFacial/proyecto_definitivo/admin/files/videos_registro_videos/otraprueba_9.avi
OpenCV(4.5.3) /tmp/pip-req-build-dwj9trv5/opencv/modules/imgproc/src/resize.cpp:4051: error: (-215:Assertion failed) !ssize.empty() in function 'resize'

cara encontrada en: /var/www/html/reconocimientoFacial/proyecto_definitivo/admin/files/videos_registro_videos/otraprueba_9.avi
OpenCV(4.5.3) /tmp/pip-req-build-dwj9trv5/opencv/modules/imgproc/src/resize.cpp:4051: error: (-215:Assertion failed) !ssize.empty() in function 'resize'

cara encontrada en: /var/www/html/reconocimientoFacial/proyecto_definitivo/admin/files/videos_registro_videos/otraprueba_9.avi
cara guardada en /otraprueba_9.avi_9_39.57995390892029.jpg con esta confidence:0.9890238
cara encontrada en: /var/www/html/reconocimientoFacial/proyecto_definitivo/admin/files/videos_registro_videos/otraprueba_9.avi
OpenCV(4.5.3) /tmp/pip-req-build-dwj9trv5/opencv/modules/imgproc/src/resize.cpp:4051: error: (-215:Assertion failed) !ssize.empty() in function 'resize'

voy(9) leyendo el video..
tenemos(9) frame k lo guardo ..
voy(9) leyendo el video..
tenemos(9) frame k lo guardo ..
voy(9) leyendo el video..
tenemos(9) frame k lo guardo ..
cara encontrada en: /var/www/html/reconocimientoFacial/proyecto_definitivo/admin/files/videos_registro_videos/otraprueba_9.avi
OpenCV(4.5.3) /tmp/pip-req-build-dwj9trv5/opencv/modules/imgproc/src/resize.cpp:4051: error: (-215:Assertion failed) !ssize.empty() in function 'resize'

cara encontrada en: /var/www/html/reconocimientoFacial/proyecto_definitivo/admin/files/videos_registro_videos/otraprueba_9.avi
OpenCV(4.5.3) /tmp/pip-req-build-dwj9trv5/opencv/modules/imgproc/src/resize.cpp:4051: error: (-215:Assertion failed) !ssize.empty() in function 'resize'

cara encontrada en: /var/www/html/reconocimientoFacial/proyecto_definitivo/admin/files/videos_registro_videos/otraprueba_9.avi
OpenCV(4.5.3) /tmp/pip-req-build-dwj9trv5/opencv/modules/imgproc/src/resize.cpp:4051: error: (-215:Assertion failed) !ssize.empty() in function 'resize'

cara encontrada en: /var/www/html/reconocimientoFacial/proyecto_definitivo/admin/files/videos_registro_videos/otraprueba_9.avi
OpenCV(4.5.3) /tmp/pip-req-build-dwj9trv5/opencv/modules/imgproc/src/resize.cpp:4051: error: (-215:Assertion failed) !ssize.empty() in function 'resize'

cara encontrada en: /var/www/html/reconocimientoFacial/proyecto_definitivo/admin/files/videos_registro_videos/otraprueba_9.avi
OpenCV(4.5.3) /tmp/pip-req-build-dwj9trv5/opencv/modules/imgproc/src/resize.cpp:4051: error: (-215:Assertion failed) !ssize.empty() in function 'resize'

cara encontrada en: /var/www/html/reconocimientoFacial/proyecto_definitivo/admin/files/videos_registro_videos/otraprueba_9.avi
OpenCV(4.5.3) /tmp/pip-req-build-dwj9trv5/opencv/modules/imgproc/src/resize.cpp:4051: error: (-215:Assertion failed) !ssize.empty() in function 'resize'

cara encontrada en: /var/www/html/reconocimientoFacial/proyecto_definitivo/admin/files/videos_registro_videos/otraprueba_9.avi
cara guardada en /otraprueba_9.avi_9_41.37982726097107.jpg con esta confidence:0.9436894
cara encontrada en: /var/www/html/reconocimientoFacial/proyecto_definitivo/admin/files/videos_registro_videos/otraprueba_9.avi
OpenCV(4.5.3) /tmp/pip-req-build-dwj9trv5/opencv/modules/imgproc/src/resize.cpp:4051: error: (-215:Assertion failed) !ssize.empty() in function 'resize'

cara encontrada en: /var/www/html/reconocimientoFacial/proyecto_definitivo/admin/files/videos_registro_videos/otraprueba_9.avi
OpenCV(4.5.3) /tmp/pip-req-build-dwj9trv5/opencv/modules/imgproc/src/resize.cpp:4051: error: (-215:Assertion failed) !ssize.empty() in function 'resize'

cara encontrada en: /var/www/html/reconocimientoFacial/proyecto_definitivo/admin/files/videos_registro_videos/otraprueba_9.avi
OpenCV(4.5.3) /tmp/pip-req-build-dwj9trv5/opencv/modules/imgproc/src/resize.cpp:4051: error: (-215:Assertion failed) !ssize.empty() in function 'resize'

cara encontrada en: /var/www/html/reconocimientoFacial/proyecto_definitivo/admin/files/videos_registro_videos/otraprueba_9.avi
OpenCV(4.5.3) /tmp/pip-req-build-dwj9trv5/opencv/modules/imgproc/src/resize.cpp:4051: error: (-215:Assertion failed) !ssize.empty() in function 'resize'

voy(9) leyendo el video..
tenemos(9) frame k lo guardo ..
voy(9) leyendo el video..
tenemos(9) frame k lo guardo ..
voy(9) leyendo el video..
tenemos(9) frame k lo guardo ..
cara encontrada en: /var/www/html/reconocimientoFacial/proyecto_definitivo/admin/files/videos_registro_videos/otraprueba_9.avi
OpenCV(4.5.3) /tmp/pip-req-build-dwj9trv5/opencv/modules/imgproc/src/resize.cpp:4051: error: (-215:Assertion failed) !ssize.empty() in function 'resize'

cara encontrada en: /var/www/html/reconocimientoFacial/proyecto_definitivo/admin/files/videos_registro_videos/otraprueba_9.avi
OpenCV(4.5.3) /tmp/pip-req-build-dwj9trv5/opencv/modules/imgproc/src/resize.cpp:4051: error: (-215:Assertion failed) !ssize.empty() in function 'resize'

cara encontrada en: /var/www/html/reconocimientoFacial/proyecto_definitivo/admin/files/videos_registro_videos/otraprueba_9.avi
OpenCV(4.5.3) /tmp/pip-req-build-dwj9trv5/opencv/modules/imgproc/src/resize.cpp:4051: error: (-215:Assertion failed) !ssize.empty() in function 'resize'

cara encontrada en: /var/www/html/reconocimientoFacial/proyecto_definitivo/admin/files/videos_registro_videos/otraprueba_9.avi
OpenCV(4.5.3) /tmp/pip-req-build-dwj9trv5/opencv/modules/imgproc/src/resize.cpp:4051: error: (-215:Assertion failed) !ssize.empty() in function 'resize'

cara encontrada en: /var/www/html/reconocimientoFacial/proyecto_definitivo/admin/files/videos_registro_videos/otraprueba_9.avi
OpenCV(4.5.3) /tmp/pip-req-build-dwj9trv5/opencv/modules/imgproc/src/resize.cpp:4051: error: (-215:Assertion failed) !ssize.empty() in function 'resize'

cara encontrada en: /var/www/html/reconocimientoFacial/proyecto_definitivo/admin/files/videos_registro_videos/otraprueba_9.avi
OpenCV(4.5.3) /tmp/pip-req-build-dwj9trv5/opencv/modules/imgproc/src/resize.cpp:4051: error: (-215:Assertion failed) !ssize.empty() in function 'resize'

cara encontrada en: /var/www/html/reconocimientoFacial/proyecto_definitivo/admin/files/videos_registro_videos/otraprueba_9.avi
OpenCV(4.5.3) /tmp/pip-req-build-dwj9trv5/opencv/modules/imgproc/src/resize.cpp:4051: error: (-215:Assertion failed) !ssize.empty() in function 'resize'

cara encontrada en: /var/www/html/reconocimientoFacial/proyecto_definitivo/admin/files/videos_registro_videos/otraprueba_9.avi
OpenCV(4.5.3) /tmp/pip-req-build-dwj9trv5/opencv/modules/imgproc/src/resize.cpp:4051: error: (-215:Assertion failed) !ssize.empty() in function 'resize'

cara encontrada en: /var/www/html/reconocimientoFacial/proyecto_definitivo/admin/files/videos_registro_videos/otraprueba_9.avi
OpenCV(4.5.3) /tmp/pip-req-build-dwj9trv5/opencv/modules/imgproc/src/resize.cpp:4051: error: (-215:Assertion failed) !ssize.empty() in function 'resize'

cara encontrada en: /var/www/html/reconocimientoFacial/proyecto_definitivo/admin/files/videos_registro_videos/otraprueba_9.avi
OpenCV(4.5.3) /tmp/pip-req-build-dwj9trv5/opencv/modules/imgproc/src/resize.cpp:4051: error: (-215:Assertion failed) !ssize.empty() in function 'resize'

cara encontrada en: /var/www/html/reconocimientoFacial/proyecto_definitivo/admin/files/videos_registro_videos/otraprueba_9.avi
OpenCV(4.5.3) /tmp/pip-req-build-dwj9trv5/opencv/modules/imgproc/src/resize.cpp:4051: error: (-215:Assertion failed) !ssize.empty() in function 'resize'

cara encontrada en: /var/www/html/reconocimientoFacial/proyecto_definitivo/admin/files/videos_registro_videos/otraprueba_9.avi
cara guardada en /otraprueba_9.avi_9_43.20651698112488.jpg con esta confidence:0.73048264
cara encontrada en: /var/www/html/reconocimientoFacial/proyecto_definitivo/admin/files/videos_registro_videos/otraprueba_9.avi
OpenCV(4.5.3) /tmp/pip-req-build-dwj9trv5/opencv/modules/imgproc/src/resize.cpp:4051: error: (-215:Assertion failed) !ssize.empty() in function 'resize'

cara encontrada en: /var/www/html/reconocimientoFacial/proyecto_definitivo/admin/files/videos_registro_videos/otraprueba_9.avi
OpenCV(4.5.3) /tmp/pip-req-build-dwj9trv5/opencv/modules/imgproc/src/resize.cpp:4051: error: (-215:Assertion failed) !ssize.empty() in function 'resize'

voy(9) leyendo el video..
Llego al final y remuevo el video!
Tiempo de analizar el video:43.74420928955078
