tenemos este video:/var/www/html/reconocimientoFacial/proyecto_definitivo/admin/files/videos_registro_videos/otraprueba_2.avi
voy(2) leyendo el video..
tenemos(2) frame k lo guardo ..
voy(2) leyendo el video..
tenemos(2) frame k lo guardo ..
voy(2) leyendo el video..
tenemos(2) frame k lo guardo ..
cara encontrada en: /var/www/html/reconocimientoFacial/proyecto_definitivo/admin/files/videos_registro_videos/otraprueba_2.avi
OpenCV(4.5.3) /tmp/pip-req-build-dwj9trv5/opencv/modules/imgproc/src/resize.cpp:4051: error: (-215:Assertion failed) !ssize.empty() in function 'resize'

cara encontrada en: /var/www/html/reconocimientoFacial/proyecto_definitivo/admin/files/videos_registro_videos/otraprueba_2.avi
OpenCV(4.5.3) /tmp/pip-req-build-dwj9trv5/opencv/modules/imgproc/src/resize.cpp:4051: error: (-215:Assertion failed) !ssize.empty() in function 'resize'

cara encontrada en: /var/www/html/reconocimientoFacial/proyecto_definitivo/admin/files/videos_registro_videos/otraprueba_2.avi
OpenCV(4.5.3) /tmp/pip-req-build-dwj9trv5/opencv/modules/imgproc/src/resize.cpp:4051: error: (-215:Assertion failed) !ssize.empty() in function 'resize'

cara encontrada en: /var/www/html/reconocimientoFacial/proyecto_definitivo/admin/files/videos_registro_videos/otraprueba_2.avi
OpenCV(4.5.3) /tmp/pip-req-build-dwj9trv5/opencv/modules/imgproc/src/resize.cpp:4051: error: (-215:Assertion failed) !ssize.empty() in function 'resize'

cara encontrada en: /var/www/html/reconocimientoFacial/proyecto_definitivo/admin/files/videos_registro_videos/otraprueba_2.avi
OpenCV(4.5.3) /tmp/pip-req-build-dwj9trv5/opencv/modules/imgproc/src/resize.cpp:4051: error: (-215:Assertion failed) !ssize.empty() in function 'resize'

cara encontrada en: /var/www/html/reconocimientoFacial/proyecto_definitivo/admin/files/videos_registro_videos/otraprueba_2.avi
OpenCV(4.5.3) /tmp/pip-req-build-dwj9trv5/opencv/modules/imgproc/src/resize.cpp:4051: error: (-215:Assertion failed) !ssize.empty() in function 'resize'

cara encontrada en: /var/www/html/reconocimientoFacial/proyecto_definitivo/admin/files/videos_registro_videos/otraprueba_2.avi
OpenCV(4.5.3) /tmp/pip-req-build-dwj9trv5/opencv/modules/imgproc/src/resize.cpp:4051: error: (-215:Assertion failed) !ssize.empty() in function 'resize'

cara encontrada en: /var/www/html/reconocimientoFacial/proyecto_definitivo/admin/files/videos_registro_videos/otraprueba_2.avi
OpenCV(4.5.3) /tmp/pip-req-build-dwj9trv5/opencv/modules/imgproc/src/resize.cpp:4051: error: (-215:Assertion failed) !ssize.empty() in function 'resize'

cara encontrada en: /var/www/html/reconocimientoFacial/proyecto_definitivo/admin/files/videos_registro_videos/otraprueba_2.avi
OpenCV(4.5.3) /tmp/pip-req-build-dwj9trv5/opencv/modules/imgproc/src/resize.cpp:4051: error: (-215:Assertion failed) !ssize.empty() in function 'resize'

cara encontrada en: /var/www/html/reconocimientoFacial/proyecto_definitivo/admin/files/videos_registro_videos/otraprueba_2.avi
OpenCV(4.5.3) /tmp/pip-req-build-dwj9trv5/opencv/modules/imgproc/src/resize.cpp:4051: error: (-215:Assertion failed) !ssize.empty() in function 'resize'

cara encontrada en: /var/www/html/reconocimientoFacial/proyecto_definitivo/admin/files/videos_registro_videos/otraprueba_2.avi
cara guardada en /otraprueba_2.avi_2_0.968264102935791.jpg con esta confidence:0.93760335
cara encontrada en: /var/www/html/reconocimientoFacial/proyecto_definitivo/admin/files/videos_registro_videos/otraprueba_2.avi
OpenCV(4.5.3) /tmp/pip-req-build-dwj9trv5/opencv/modules/imgproc/src/resize.cpp:4051: error: (-215:Assertion failed) !ssize.empty() in function 'resize'

cara encontrada en: /var/www/html/reconocimientoFacial/proyecto_definitivo/admin/files/videos_registro_videos/otraprueba_2.avi
cara guardada en /otraprueba_2.avi_2_0.9930069446563721.jpg con esta confidence:0.78461057
cara encontrada en: /var/www/html/reconocimientoFacial/proyecto_definitivo/admin/files/videos_registro_videos/otraprueba_2.avi
OpenCV(4.5.3) /tmp/pip-req-build-dwj9trv5/opencv/modules/imgproc/src/resize.cpp:4051: error: (-215:Assertion failed) !ssize.empty() in function 'resize'

voy(2) leyendo el video..
tenemos(2) frame k lo guardo ..
voy(2) leyendo el video..
tenemos(2) frame k lo guardo ..
voy(2) leyendo el video..
tenemos(2) frame k lo guardo ..
cara encontrada en: /var/www/html/reconocimientoFacial/proyecto_definitivo/admin/files/videos_registro_videos/otraprueba_2.avi
OpenCV(4.5.3) /tmp/pip-req-build-dwj9trv5/opencv/modules/imgproc/src/resize.cpp:4051: error: (-215:Assertion failed) !ssize.empty() in function 'resize'

cara encontrada en: /var/www/html/reconocimientoFacial/proyecto_definitivo/admin/files/videos_registro_videos/otraprueba_2.avi
OpenCV(4.5.3) /tmp/pip-req-build-dwj9trv5/opencv/modules/imgproc/src/resize.cpp:4051: error: (-215:Assertion failed) !ssize.empty() in function 'resize'

cara encontrada en: /var/www/html/reconocimientoFacial/proyecto_definitivo/admin/files/videos_registro_videos/otraprueba_2.avi
OpenCV(4.5.3) /tmp/pip-req-build-dwj9trv5/opencv/modules/imgproc/src/resize.cpp:4051: error: (-215:Assertion failed) !ssize.empty() in function 'resize'

cara encontrada en: /var/www/html/reconocimientoFacial/proyecto_definitivo/admin/files/videos_registro_videos/otraprueba_2.avi
OpenCV(4.5.3) /tmp/pip-req-build-dwj9trv5/opencv/modules/imgproc/src/resize.cpp:4051: error: (-215:Assertion failed) !ssize.empty() in function 'resize'

cara encontrada en: /var/www/html/reconocimientoFacial/proyecto_definitivo/admin/files/videos_registro_videos/otraprueba_2.avi
OpenCV(4.5.3) /tmp/pip-req-build-dwj9trv5/opencv/modules/imgproc/src/resize.cpp:4051: error: (-215:Assertion failed) !ssize.empty() in function 'resize'

cara encontrada en: /var/www/html/reconocimientoFacial/proyecto_definitivo/admin/files/videos_registro_videos/otraprueba_2.avi
OpenCV(4.5.3) /tmp/pip-req-build-dwj9trv5/opencv/modules/imgproc/src/resize.cpp:4051: error: (-215:Assertion failed) !ssize.empty() in function 'resize'

cara encontrada en: /var/www/html/reconocimientoFacial/proyecto_definitivo/admin/files/videos_registro_videos/otraprueba_2.avi
OpenCV(4.5.3) /tmp/pip-req-build-dwj9trv5/opencv/modules/imgproc/src/resize.cpp:4051: error: (-215:Assertion failed) !ssize.empty() in function 'resize'

cara encontrada en: /var/www/html/reconocimientoFacial/proyecto_definitivo/admin/files/videos_registro_videos/otraprueba_2.avi
OpenCV(4.5.3) /tmp/pip-req-build-dwj9trv5/opencv/modules/imgproc/src/resize.cpp:4051: error: (-215:Assertion failed) !ssize.empty() in function 'resize'

cara encontrada en: /var/www/html/reconocimientoFacial/proyecto_definitivo/admin/files/videos_registro_videos/otraprueba_2.avi
OpenCV(4.5.3) /tmp/pip-req-build-dwj9trv5/opencv/modules/imgproc/src/resize.cpp:4051: error: (-215:Assertion failed) !ssize.empty() in function 'resize'

cara encontrada en: /var/www/html/reconocimientoFacial/proyecto_definitivo/admin/files/videos_registro_videos/otraprueba_2.avi
OpenCV(4.5.3) /tmp/pip-req-build-dwj9trv5/opencv/modules/imgproc/src/resize.cpp:4051: error: (-215:Assertion failed) !ssize.empty() in function 'resize'

cara encontrada en: /var/www/html/reconocimientoFacial/proyecto_definitivo/admin/files/videos_registro_videos/otraprueba_2.avi
OpenCV(4.5.3) /tmp/pip-req-build-dwj9trv5/opencv/modules/imgproc/src/resize.cpp:4051: error: (-215:Assertion failed) !ssize.empty() in function 'resize'

cara encontrada en: /var/www/html/reconocimientoFacial/proyecto_definitivo/admin/files/videos_registro_videos/otraprueba_2.avi
OpenCV(4.5.3) /tmp/pip-req-build-dwj9trv5/opencv/modules/imgproc/src/resize.cpp:4051: error: (-215:Assertion failed) !ssize.empty() in function 'resize'

cara encontrada en: /var/www/html/reconocimientoFacial/proyecto_definitivo/admin/files/videos_registro_videos/otraprueba_2.avi
OpenCV(4.5.3) /tmp/pip-req-build-dwj9trv5/opencv/modules/imgproc/src/resize.cpp:4051: error: (-215:Assertion failed) !ssize.empty() in function 'resize'

cara encontrada en: /var/www/html/reconocimientoFacial/proyecto_definitivo/admin/files/videos_registro_videos/otraprueba_2.avi
OpenCV(4.5.3) /tmp/pip-req-build-dwj9trv5/opencv/modules/imgproc/src/resize.cpp:4051: error: (-215:Assertion failed) !ssize.empty() in function 'resize'

voy(2) leyendo el video..
tenemos(2) frame k lo guardo ..
voy(2) leyendo el video..
tenemos(2) frame k lo guardo ..
voy(2) leyendo el video..
tenemos(2) frame k lo guardo ..
cara encontrada en: /var/www/html/reconocimientoFacial/proyecto_definitivo/admin/files/videos_registro_videos/otraprueba_2.avi
OpenCV(4.5.3) /tmp/pip-req-build-dwj9trv5/opencv/modules/imgproc/src/resize.cpp:4051: error: (-215:Assertion failed) !ssize.empty() in function 'resize'

cara encontrada en: /var/www/html/reconocimientoFacial/proyecto_definitivo/admin/files/videos_registro_videos/otraprueba_2.avi
OpenCV(4.5.3) /tmp/pip-req-build-dwj9trv5/opencv/modules/imgproc/src/resize.cpp:4051: error: (-215:Assertion failed) !ssize.empty() in function 'resize'

cara encontrada en: /var/www/html/reconocimientoFacial/proyecto_definitivo/admin/files/videos_registro_videos/otraprueba_2.avi
OpenCV(4.5.3) /tmp/pip-req-build-dwj9trv5/opencv/modules/imgproc/src/resize.cpp:4051: error: (-215:Assertion failed) !ssize.empty() in function 'resize'

cara encontrada en: /var/www/html/reconocimientoFacial/proyecto_definitivo/admin/files/videos_registro_videos/otraprueba_2.avi
OpenCV(4.5.3) /tmp/pip-req-build-dwj9trv5/opencv/modules/imgproc/src/resize.cpp:4051: error: (-215:Assertion failed) !ssize.empty() in function 'resize'

cara encontrada en: /var/www/html/reconocimientoFacial/proyecto_definitivo/admin/files/videos_registro_videos/otraprueba_2.avi
OpenCV(4.5.3) /tmp/pip-req-build-dwj9trv5/opencv/modules/imgproc/src/resize.cpp:4051: error: (-215:Assertion failed) !ssize.empty() in function 'resize'

cara encontrada en: /var/www/html/reconocimientoFacial/proyecto_definitivo/admin/files/videos_registro_videos/otraprueba_2.avi
OpenCV(4.5.3) /tmp/pip-req-build-dwj9trv5/opencv/modules/imgproc/src/resize.cpp:4051: error: (-215:Assertion failed) !ssize.empty() in function 'resize'

cara encontrada en: /var/www/html/reconocimientoFacial/proyecto_definitivo/admin/files/videos_registro_videos/otraprueba_2.avi
OpenCV(4.5.3) /tmp/pip-req-build-dwj9trv5/opencv/modules/imgproc/src/resize.cpp:4051: error: (-215:Assertion failed) !ssize.empty() in function 'resize'

cara encontrada en: /var/www/html/reconocimientoFacial/proyecto_definitivo/admin/files/videos_registro_videos/otraprueba_2.avi
OpenCV(4.5.3) /tmp/pip-req-build-dwj9trv5/opencv/modules/imgproc/src/resize.cpp:4051: error: (-215:Assertion failed) !ssize.empty() in function 'resize'

cara encontrada en: /var/www/html/reconocimientoFacial/proyecto_definitivo/admin/files/videos_registro_videos/otraprueba_2.avi
OpenCV(4.5.3) /tmp/pip-req-build-dwj9trv5/opencv/modules/imgproc/src/resize.cpp:4051: error: (-215:Assertion failed) !ssize.empty() in function 'resize'

cara encontrada en: /var/www/html/reconocimientoFacial/proyecto_definitivo/admin/files/videos_registro_videos/otraprueba_2.avi
OpenCV(4.5.3) /tmp/pip-req-build-dwj9trv5/opencv/modules/imgproc/src/resize.cpp:4051: error: (-215:Assertion failed) !ssize.empty() in function 'resize'

cara encontrada en: /var/www/html/reconocimientoFacial/proyecto_definitivo/admin/files/videos_registro_videos/otraprueba_2.avi
OpenCV(4.5.3) /tmp/pip-req-build-dwj9trv5/opencv/modules/imgproc/src/resize.cpp:4051: error: (-215:Assertion failed) !ssize.empty() in function 'resize'

cara encontrada en: /var/www/html/reconocimientoFacial/proyecto_definitivo/admin/files/videos_registro_videos/otraprueba_2.avi
cara guardada en /otraprueba_2.avi_2_3.0264041423797607.jpg con esta confidence:0.76365685
voy(2) leyendo el video..
tenemos(2) frame k lo guardo ..
voy(2) leyendo el video..
tenemos(2) frame k lo guardo ..
voy(2) leyendo el video..
tenemos(2) frame k lo guardo ..
cara encontrada en: /var/www/html/reconocimientoFacial/proyecto_definitivo/admin/files/videos_registro_videos/otraprueba_2.avi
OpenCV(4.5.3) /tmp/pip-req-build-dwj9trv5/opencv/modules/imgproc/src/resize.cpp:4051: error: (-215:Assertion failed) !ssize.empty() in function 'resize'

cara encontrada en: /var/www/html/reconocimientoFacial/proyecto_definitivo/admin/files/videos_registro_videos/otraprueba_2.avi
OpenCV(4.5.3) /tmp/pip-req-build-dwj9trv5/opencv/modules/imgproc/src/resize.cpp:4051: error: (-215:Assertion failed) !ssize.empty() in function 'resize'

cara encontrada en: /var/www/html/reconocimientoFacial/proyecto_definitivo/admin/files/videos_registro_videos/otraprueba_2.avi
OpenCV(4.5.3) /tmp/pip-req-build-dwj9trv5/opencv/modules/imgproc/src/resize.cpp:4051: error: (-215:Assertion failed) !ssize.empty() in function 'resize'

cara encontrada en: /var/www/html/reconocimientoFacial/proyecto_definitivo/admin/files/videos_registro_videos/otraprueba_2.avi
OpenCV(4.5.3) /tmp/pip-req-build-dwj9trv5/opencv/modules/imgproc/src/resize.cpp:4051: error: (-215:Assertion failed) !ssize.empty() in function 'resize'

cara encontrada en: /var/www/html/reconocimientoFacial/proyecto_definitivo/admin/files/videos_registro_videos/otraprueba_2.avi
OpenCV(4.5.3) /tmp/pip-req-build-dwj9trv5/opencv/modules/imgproc/src/resize.cpp:4051: error: (-215:Assertion failed) !ssize.empty() in function 'resize'

cara encontrada en: /var/www/html/reconocimientoFacial/proyecto_definitivo/admin/files/videos_registro_videos/otraprueba_2.avi
OpenCV(4.5.3) /tmp/pip-req-build-dwj9trv5/opencv/modules/imgproc/src/resize.cpp:4051: error: (-215:Assertion failed) !ssize.empty() in function 'resize'

cara encontrada en: /var/www/html/reconocimientoFacial/proyecto_definitivo/admin/files/videos_registro_videos/otraprueba_2.avi
OpenCV(4.5.3) /tmp/pip-req-build-dwj9trv5/opencv/modules/imgproc/src/resize.cpp:4051: error: (-215:Assertion failed) !ssize.empty() in function 'resize'

cara encontrada en: /var/www/html/reconocimientoFacial/proyecto_definitivo/admin/files/videos_registro_videos/otraprueba_2.avi
OpenCV(4.5.3) /tmp/pip-req-build-dwj9trv5/opencv/modules/imgproc/src/resize.cpp:4051: error: (-215:Assertion failed) !ssize.empty() in function 'resize'

cara encontrada en: /var/www/html/reconocimientoFacial/proyecto_definitivo/admin/files/videos_registro_videos/otraprueba_2.avi
OpenCV(4.5.3) /tmp/pip-req-build-dwj9trv5/opencv/modules/imgproc/src/resize.cpp:4051: error: (-215:Assertion failed) !ssize.empty() in function 'resize'

cara encontrada en: /var/www/html/reconocimientoFacial/proyecto_definitivo/admin/files/videos_registro_videos/otraprueba_2.avi
OpenCV(4.5.3) /tmp/pip-req-build-dwj9trv5/opencv/modules/imgproc/src/resize.cpp:4051: error: (-215:Assertion failed) !ssize.empty() in function 'resize'

cara encontrada en: /var/www/html/reconocimientoFacial/proyecto_definitivo/admin/files/videos_registro_videos/otraprueba_2.avi
cara guardada en /otraprueba_2.avi_2_4.299123525619507.jpg con esta confidence:0.88047385
cara encontrada en: /var/www/html/reconocimientoFacial/proyecto_definitivo/admin/files/videos_registro_videos/otraprueba_2.avi
OpenCV(4.5.3) /tmp/pip-req-build-dwj9trv5/opencv/modules/imgproc/src/resize.cpp:4051: error: (-215:Assertion failed) !ssize.empty() in function 'resize'

voy(2) leyendo el video..
tenemos(2) frame k lo guardo ..
voy(2) leyendo el video..
tenemos(2) frame k lo guardo ..
voy(2) leyendo el video..
tenemos(2) frame k lo guardo ..
cara encontrada en: /var/www/html/reconocimientoFacial/proyecto_definitivo/admin/files/videos_registro_videos/otraprueba_2.avi
OpenCV(4.5.3) /tmp/pip-req-build-dwj9trv5/opencv/modules/imgproc/src/resize.cpp:4051: error: (-215:Assertion failed) !ssize.empty() in function 'resize'

cara encontrada en: /var/www/html/reconocimientoFacial/proyecto_definitivo/admin/files/videos_registro_videos/otraprueba_2.avi
OpenCV(4.5.3) /tmp/pip-req-build-dwj9trv5/opencv/modules/imgproc/src/resize.cpp:4051: error: (-215:Assertion failed) !ssize.empty() in function 'resize'

cara encontrada en: /var/www/html/reconocimientoFacial/proyecto_definitivo/admin/files/videos_registro_videos/otraprueba_2.avi
OpenCV(4.5.3) /tmp/pip-req-build-dwj9trv5/opencv/modules/imgproc/src/resize.cpp:4051: error: (-215:Assertion failed) !ssize.empty() in function 'resize'

cara encontrada en: /var/www/html/reconocimientoFacial/proyecto_definitivo/admin/files/videos_registro_videos/otraprueba_2.avi
OpenCV(4.5.3) /tmp/pip-req-build-dwj9trv5/opencv/modules/imgproc/src/resize.cpp:4051: error: (-215:Assertion failed) !ssize.empty() in function 'resize'

cara encontrada en: /var/www/html/reconocimientoFacial/proyecto_definitivo/admin/files/videos_registro_videos/otraprueba_2.avi
OpenCV(4.5.3) /tmp/pip-req-build-dwj9trv5/opencv/modules/imgproc/src/resize.cpp:4051: error: (-215:Assertion failed) !ssize.empty() in function 'resize'

cara encontrada en: /var/www/html/reconocimientoFacial/proyecto_definitivo/admin/files/videos_registro_videos/otraprueba_2.avi
OpenCV(4.5.3) /tmp/pip-req-build-dwj9trv5/opencv/modules/imgproc/src/resize.cpp:4051: error: (-215:Assertion failed) !ssize.empty() in function 'resize'

cara encontrada en: /var/www/html/reconocimientoFacial/proyecto_definitivo/admin/files/videos_registro_videos/otraprueba_2.avi
OpenCV(4.5.3) /tmp/pip-req-build-dwj9trv5/opencv/modules/imgproc/src/resize.cpp:4051: error: (-215:Assertion failed) !ssize.empty() in function 'resize'

cara encontrada en: /var/www/html/reconocimientoFacial/proyecto_definitivo/admin/files/videos_registro_videos/otraprueba_2.avi
OpenCV(4.5.3) /tmp/pip-req-build-dwj9trv5/opencv/modules/imgproc/src/resize.cpp:4051: error: (-215:Assertion failed) !ssize.empty() in function 'resize'

cara encontrada en: /var/www/html/reconocimientoFacial/proyecto_definitivo/admin/files/videos_registro_videos/otraprueba_2.avi
OpenCV(4.5.3) /tmp/pip-req-build-dwj9trv5/opencv/modules/imgproc/src/resize.cpp:4051: error: (-215:Assertion failed) !ssize.empty() in function 'resize'

cara encontrada en: /var/www/html/reconocimientoFacial/proyecto_definitivo/admin/files/videos_registro_videos/otraprueba_2.avi
OpenCV(4.5.3) /tmp/pip-req-build-dwj9trv5/opencv/modules/imgproc/src/resize.cpp:4051: error: (-215:Assertion failed) !ssize.empty() in function 'resize'

cara encontrada en: /var/www/html/reconocimientoFacial/proyecto_definitivo/admin/files/videos_registro_videos/otraprueba_2.avi
OpenCV(4.5.3) /tmp/pip-req-build-dwj9trv5/opencv/modules/imgproc/src/resize.cpp:4051: error: (-215:Assertion failed) !ssize.empty() in function 'resize'

cara encontrada en: /var/www/html/reconocimientoFacial/proyecto_definitivo/admin/files/videos_registro_videos/otraprueba_2.avi
cara guardada en /otraprueba_2.avi_2_5.6645402908325195.jpg con esta confidence:0.74928325
cara encontrada en: /var/www/html/reconocimientoFacial/proyecto_definitivo/admin/files/videos_registro_videos/otraprueba_2.avi
OpenCV(4.5.3) /tmp/pip-req-build-dwj9trv5/opencv/modules/imgproc/src/resize.cpp:4051: error: (-215:Assertion failed) !ssize.empty() in function 'resize'

cara encontrada en: /var/www/html/reconocimientoFacial/proyecto_definitivo/admin/files/videos_registro_videos/otraprueba_2.avi
cara guardada en /otraprueba_2.avi_2_5.696115493774414.jpg con esta confidence:0.695519
voy(2) leyendo el video..
tenemos(2) frame k lo guardo ..
voy(2) leyendo el video..
tenemos(2) frame k lo guardo ..
voy(2) leyendo el video..
tenemos(2) frame k lo guardo ..
cara encontrada en: /var/www/html/reconocimientoFacial/proyecto_definitivo/admin/files/videos_registro_videos/otraprueba_2.avi
OpenCV(4.5.3) /tmp/pip-req-build-dwj9trv5/opencv/modules/imgproc/src/resize.cpp:4051: error: (-215:Assertion failed) !ssize.empty() in function 'resize'

cara encontrada en: /var/www/html/reconocimientoFacial/proyecto_definitivo/admin/files/videos_registro_videos/otraprueba_2.avi
OpenCV(4.5.3) /tmp/pip-req-build-dwj9trv5/opencv/modules/imgproc/src/resize.cpp:4051: error: (-215:Assertion failed) !ssize.empty() in function 'resize'

cara encontrada en: /var/www/html/reconocimientoFacial/proyecto_definitivo/admin/files/videos_registro_videos/otraprueba_2.avi
OpenCV(4.5.3) /tmp/pip-req-build-dwj9trv5/opencv/modules/imgproc/src/resize.cpp:4051: error: (-215:Assertion failed) !ssize.empty() in function 'resize'

cara encontrada en: /var/www/html/reconocimientoFacial/proyecto_definitivo/admin/files/videos_registro_videos/otraprueba_2.avi
OpenCV(4.5.3) /tmp/pip-req-build-dwj9trv5/opencv/modules/imgproc/src/resize.cpp:4051: error: (-215:Assertion failed) !ssize.empty() in function 'resize'

cara encontrada en: /var/www/html/reconocimientoFacial/proyecto_definitivo/admin/files/videos_registro_videos/otraprueba_2.avi
OpenCV(4.5.3) /tmp/pip-req-build-dwj9trv5/opencv/modules/imgproc/src/resize.cpp:4051: error: (-215:Assertion failed) !ssize.empty() in function 'resize'

cara encontrada en: /var/www/html/reconocimientoFacial/proyecto_definitivo/admin/files/videos_registro_videos/otraprueba_2.avi
OpenCV(4.5.3) /tmp/pip-req-build-dwj9trv5/opencv/modules/imgproc/src/resize.cpp:4051: error: (-215:Assertion failed) !ssize.empty() in function 'resize'

cara encontrada en: /var/www/html/reconocimientoFacial/proyecto_definitivo/admin/files/videos_registro_videos/otraprueba_2.avi
OpenCV(4.5.3) /tmp/pip-req-build-dwj9trv5/opencv/modules/imgproc/src/resize.cpp:4051: error: (-215:Assertion failed) !ssize.empty() in function 'resize'

cara encontrada en: /var/www/html/reconocimientoFacial/proyecto_definitivo/admin/files/videos_registro_videos/otraprueba_2.avi
OpenCV(4.5.3) /tmp/pip-req-build-dwj9trv5/opencv/modules/imgproc/src/resize.cpp:4051: error: (-215:Assertion failed) !ssize.empty() in function 'resize'

cara encontrada en: /var/www/html/reconocimientoFacial/proyecto_definitivo/admin/files/videos_registro_videos/otraprueba_2.avi
OpenCV(4.5.3) /tmp/pip-req-build-dwj9trv5/opencv/modules/imgproc/src/resize.cpp:4051: error: (-215:Assertion failed) !ssize.empty() in function 'resize'

cara encontrada en: /var/www/html/reconocimientoFacial/proyecto_definitivo/admin/files/videos_registro_videos/otraprueba_2.avi
cara guardada en /otraprueba_2.avi_2_7.3247902393341064.jpg con esta confidence:0.73807764
voy(2) leyendo el video..
tenemos(2) frame k lo guardo ..
voy(2) leyendo el video..
tenemos(2) frame k lo guardo ..
voy(2) leyendo el video..
tenemos(2) frame k lo guardo ..
cara encontrada en: /var/www/html/reconocimientoFacial/proyecto_definitivo/admin/files/videos_registro_videos/otraprueba_2.avi
OpenCV(4.5.3) /tmp/pip-req-build-dwj9trv5/opencv/modules/imgproc/src/resize.cpp:4051: error: (-215:Assertion failed) !ssize.empty() in function 'resize'

cara encontrada en: /var/www/html/reconocimientoFacial/proyecto_definitivo/admin/files/videos_registro_videos/otraprueba_2.avi
OpenCV(4.5.3) /tmp/pip-req-build-dwj9trv5/opencv/modules/imgproc/src/resize.cpp:4051: error: (-215:Assertion failed) !ssize.empty() in function 'resize'

cara encontrada en: /var/www/html/reconocimientoFacial/proyecto_definitivo/admin/files/videos_registro_videos/otraprueba_2.avi
OpenCV(4.5.3) /tmp/pip-req-build-dwj9trv5/opencv/modules/imgproc/src/resize.cpp:4051: error: (-215:Assertion failed) !ssize.empty() in function 'resize'

cara encontrada en: /var/www/html/reconocimientoFacial/proyecto_definitivo/admin/files/videos_registro_videos/otraprueba_2.avi
OpenCV(4.5.3) /tmp/pip-req-build-dwj9trv5/opencv/modules/imgproc/src/resize.cpp:4051: error: (-215:Assertion failed) !ssize.empty() in function 'resize'

cara encontrada en: /var/www/html/reconocimientoFacial/proyecto_definitivo/admin/files/videos_registro_videos/otraprueba_2.avi
OpenCV(4.5.3) /tmp/pip-req-build-dwj9trv5/opencv/modules/imgproc/src/resize.cpp:4051: error: (-215:Assertion failed) !ssize.empty() in function 'resize'

cara encontrada en: /var/www/html/reconocimientoFacial/proyecto_definitivo/admin/files/videos_registro_videos/otraprueba_2.avi
OpenCV(4.5.3) /tmp/pip-req-build-dwj9trv5/opencv/modules/imgproc/src/resize.cpp:4051: error: (-215:Assertion failed) !ssize.empty() in function 'resize'

cara encontrada en: /var/www/html/reconocimientoFacial/proyecto_definitivo/admin/files/videos_registro_videos/otraprueba_2.avi
OpenCV(4.5.3) /tmp/pip-req-build-dwj9trv5/opencv/modules/imgproc/src/resize.cpp:4051: error: (-215:Assertion failed) !ssize.empty() in function 'resize'

cara encontrada en: /var/www/html/reconocimientoFacial/proyecto_definitivo/admin/files/videos_registro_videos/otraprueba_2.avi
OpenCV(4.5.3) /tmp/pip-req-build-dwj9trv5/opencv/modules/imgproc/src/resize.cpp:4051: error: (-215:Assertion failed) !ssize.empty() in function 'resize'

cara encontrada en: /var/www/html/reconocimientoFacial/proyecto_definitivo/admin/files/videos_registro_videos/otraprueba_2.avi
OpenCV(4.5.3) /tmp/pip-req-build-dwj9trv5/opencv/modules/imgproc/src/resize.cpp:4051: error: (-215:Assertion failed) !ssize.empty() in function 'resize'

cara encontrada en: /var/www/html/reconocimientoFacial/proyecto_definitivo/admin/files/videos_registro_videos/otraprueba_2.avi
OpenCV(4.5.3) /tmp/pip-req-build-dwj9trv5/opencv/modules/imgproc/src/resize.cpp:4051: error: (-215:Assertion failed) !ssize.empty() in function 'resize'

cara encontrada en: /var/www/html/reconocimientoFacial/proyecto_definitivo/admin/files/videos_registro_videos/otraprueba_2.avi
cara guardada en /otraprueba_2.avi_2_9.05857539176941.jpg con esta confidence:0.70184165
voy(2) leyendo el video..
tenemos(2) frame k lo guardo ..
voy(2) leyendo el video..
tenemos(2) frame k lo guardo ..
voy(2) leyendo el video..
tenemos(2) frame k lo guardo ..
cara encontrada en: /var/www/html/reconocimientoFacial/proyecto_definitivo/admin/files/videos_registro_videos/otraprueba_2.avi
OpenCV(4.5.3) /tmp/pip-req-build-dwj9trv5/opencv/modules/imgproc/src/resize.cpp:4051: error: (-215:Assertion failed) !ssize.empty() in function 'resize'

cara encontrada en: /var/www/html/reconocimientoFacial/proyecto_definitivo/admin/files/videos_registro_videos/otraprueba_2.avi
OpenCV(4.5.3) /tmp/pip-req-build-dwj9trv5/opencv/modules/imgproc/src/resize.cpp:4051: error: (-215:Assertion failed) !ssize.empty() in function 'resize'

cara encontrada en: /var/www/html/reconocimientoFacial/proyecto_definitivo/admin/files/videos_registro_videos/otraprueba_2.avi
OpenCV(4.5.3) /tmp/pip-req-build-dwj9trv5/opencv/modules/imgproc/src/resize.cpp:4051: error: (-215:Assertion failed) !ssize.empty() in function 'resize'

cara encontrada en: /var/www/html/reconocimientoFacial/proyecto_definitivo/admin/files/videos_registro_videos/otraprueba_2.avi
OpenCV(4.5.3) /tmp/pip-req-build-dwj9trv5/opencv/modules/imgproc/src/resize.cpp:4051: error: (-215:Assertion failed) !ssize.empty() in function 'resize'

cara encontrada en: /var/www/html/reconocimientoFacial/proyecto_definitivo/admin/files/videos_registro_videos/otraprueba_2.avi
OpenCV(4.5.3) /tmp/pip-req-build-dwj9trv5/opencv/modules/imgproc/src/resize.cpp:4051: error: (-215:Assertion failed) !ssize.empty() in function 'resize'

cara encontrada en: /var/www/html/reconocimientoFacial/proyecto_definitivo/admin/files/videos_registro_videos/otraprueba_2.avi
OpenCV(4.5.3) /tmp/pip-req-build-dwj9trv5/opencv/modules/imgproc/src/resize.cpp:4051: error: (-215:Assertion failed) !ssize.empty() in function 'resize'

cara encontrada en: /var/www/html/reconocimientoFacial/proyecto_definitivo/admin/files/videos_registro_videos/otraprueba_2.avi
OpenCV(4.5.3) /tmp/pip-req-build-dwj9trv5/opencv/modules/imgproc/src/resize.cpp:4051: error: (-215:Assertion failed) !ssize.empty() in function 'resize'

cara encontrada en: /var/www/html/reconocimientoFacial/proyecto_definitivo/admin/files/videos_registro_videos/otraprueba_2.avi
OpenCV(4.5.3) /tmp/pip-req-build-dwj9trv5/opencv/modules/imgproc/src/resize.cpp:4051: error: (-215:Assertion failed) !ssize.empty() in function 'resize'

cara encontrada en: /var/www/html/reconocimientoFacial/proyecto_definitivo/admin/files/videos_registro_videos/otraprueba_2.avi
OpenCV(4.5.3) /tmp/pip-req-build-dwj9trv5/opencv/modules/imgproc/src/resize.cpp:4051: error: (-215:Assertion failed) !ssize.empty() in function 'resize'

cara encontrada en: /var/www/html/reconocimientoFacial/proyecto_definitivo/admin/files/videos_registro_videos/otraprueba_2.avi
OpenCV(4.5.3) /tmp/pip-req-build-dwj9trv5/opencv/modules/imgproc/src/resize.cpp:4051: error: (-215:Assertion failed) !ssize.empty() in function 'resize'

voy(2) leyendo el video..
tenemos(2) frame k lo guardo ..
voy(2) leyendo el video..
tenemos(2) frame k lo guardo ..
voy(2) leyendo el video..
tenemos(2) frame k lo guardo ..
cara encontrada en: /var/www/html/reconocimientoFacial/proyecto_definitivo/admin/files/videos_registro_videos/otraprueba_2.avi
OpenCV(4.5.3) /tmp/pip-req-build-dwj9trv5/opencv/modules/imgproc/src/resize.cpp:4051: error: (-215:Assertion failed) !ssize.empty() in function 'resize'

cara encontrada en: /var/www/html/reconocimientoFacial/proyecto_definitivo/admin/files/videos_registro_videos/otraprueba_2.avi
OpenCV(4.5.3) /tmp/pip-req-build-dwj9trv5/opencv/modules/imgproc/src/resize.cpp:4051: error: (-215:Assertion failed) !ssize.empty() in function 'resize'

cara encontrada en: /var/www/html/reconocimientoFacial/proyecto_definitivo/admin/files/videos_registro_videos/otraprueba_2.avi
OpenCV(4.5.3) /tmp/pip-req-build-dwj9trv5/opencv/modules/imgproc/src/resize.cpp:4051: error: (-215:Assertion failed) !ssize.empty() in function 'resize'

cara encontrada en: /var/www/html/reconocimientoFacial/proyecto_definitivo/admin/files/videos_registro_videos/otraprueba_2.avi
OpenCV(4.5.3) /tmp/pip-req-build-dwj9trv5/opencv/modules/imgproc/src/resize.cpp:4051: error: (-215:Assertion failed) !ssize.empty() in function 'resize'

cara encontrada en: /var/www/html/reconocimientoFacial/proyecto_definitivo/admin/files/videos_registro_videos/otraprueba_2.avi
OpenCV(4.5.3) /tmp/pip-req-build-dwj9trv5/opencv/modules/imgproc/src/resize.cpp:4051: error: (-215:Assertion failed) !ssize.empty() in function 'resize'

cara encontrada en: /var/www/html/reconocimientoFacial/proyecto_definitivo/admin/files/videos_registro_videos/otraprueba_2.avi
OpenCV(4.5.3) /tmp/pip-req-build-dwj9trv5/opencv/modules/imgproc/src/resize.cpp:4051: error: (-215:Assertion failed) !ssize.empty() in function 'resize'

cara encontrada en: /var/www/html/reconocimientoFacial/proyecto_definitivo/admin/files/videos_registro_videos/otraprueba_2.avi
OpenCV(4.5.3) /tmp/pip-req-build-dwj9trv5/opencv/modules/imgproc/src/resize.cpp:4051: error: (-215:Assertion failed) !ssize.empty() in function 'resize'

cara encontrada en: /var/www/html/reconocimientoFacial/proyecto_definitivo/admin/files/videos_registro_videos/otraprueba_2.avi
OpenCV(4.5.3) /tmp/pip-req-build-dwj9trv5/opencv/modules/imgproc/src/resize.cpp:4051: error: (-215:Assertion failed) !ssize.empty() in function 'resize'

cara encontrada en: /var/www/html/reconocimientoFacial/proyecto_definitivo/admin/files/videos_registro_videos/otraprueba_2.avi
OpenCV(4.5.3) /tmp/pip-req-build-dwj9trv5/opencv/modules/imgproc/src/resize.cpp:4051: error: (-215:Assertion failed) !ssize.empty() in function 'resize'

cara encontrada en: /var/www/html/reconocimientoFacial/proyecto_definitivo/admin/files/videos_registro_videos/otraprueba_2.avi
OpenCV(4.5.3) /tmp/pip-req-build-dwj9trv5/opencv/modules/imgproc/src/resize.cpp:4051: error: (-215:Assertion failed) !ssize.empty() in function 'resize'

voy(2) leyendo el video..
tenemos(2) frame k lo guardo ..
voy(2) leyendo el video..
tenemos(2) frame k lo guardo ..
voy(2) leyendo el video..
tenemos(2) frame k lo guardo ..
cara encontrada en: /var/www/html/reconocimientoFacial/proyecto_definitivo/admin/files/videos_registro_videos/otraprueba_2.avi
OpenCV(4.5.3) /tmp/pip-req-build-dwj9trv5/opencv/modules/imgproc/src/resize.cpp:4051: error: (-215:Assertion failed) !ssize.empty() in function 'resize'

cara encontrada en: /var/www/html/reconocimientoFacial/proyecto_definitivo/admin/files/videos_registro_videos/otraprueba_2.avi
OpenCV(4.5.3) /tmp/pip-req-build-dwj9trv5/opencv/modules/imgproc/src/resize.cpp:4051: error: (-215:Assertion failed) !ssize.empty() in function 'resize'

cara encontrada en: /var/www/html/reconocimientoFacial/proyecto_definitivo/admin/files/videos_registro_videos/otraprueba_2.avi
OpenCV(4.5.3) /tmp/pip-req-build-dwj9trv5/opencv/modules/imgproc/src/resize.cpp:4051: error: (-215:Assertion failed) !ssize.empty() in function 'resize'

cara encontrada en: /var/www/html/reconocimientoFacial/proyecto_definitivo/admin/files/videos_registro_videos/otraprueba_2.avi
OpenCV(4.5.3) /tmp/pip-req-build-dwj9trv5/opencv/modules/imgproc/src/resize.cpp:4051: error: (-215:Assertion failed) !ssize.empty() in function 'resize'

cara encontrada en: /var/www/html/reconocimientoFacial/proyecto_definitivo/admin/files/videos_registro_videos/otraprueba_2.avi
OpenCV(4.5.3) /tmp/pip-req-build-dwj9trv5/opencv/modules/imgproc/src/resize.cpp:4051: error: (-215:Assertion failed) !ssize.empty() in function 'resize'

cara encontrada en: /var/www/html/reconocimientoFacial/proyecto_definitivo/admin/files/videos_registro_videos/otraprueba_2.avi
OpenCV(4.5.3) /tmp/pip-req-build-dwj9trv5/opencv/modules/imgproc/src/resize.cpp:4051: error: (-215:Assertion failed) !ssize.empty() in function 'resize'

cara encontrada en: /var/www/html/reconocimientoFacial/proyecto_definitivo/admin/files/videos_registro_videos/otraprueba_2.avi
OpenCV(4.5.3) /tmp/pip-req-build-dwj9trv5/opencv/modules/imgproc/src/resize.cpp:4051: error: (-215:Assertion failed) !ssize.empty() in function 'resize'

cara encontrada en: /var/www/html/reconocimientoFacial/proyecto_definitivo/admin/files/videos_registro_videos/otraprueba_2.avi
OpenCV(4.5.3) /tmp/pip-req-build-dwj9trv5/opencv/modules/imgproc/src/resize.cpp:4051: error: (-215:Assertion failed) !ssize.empty() in function 'resize'

cara encontrada en: /var/www/html/reconocimientoFacial/proyecto_definitivo/admin/files/videos_registro_videos/otraprueba_2.avi
cara guardada en /otraprueba_2.avi_2_15.201459407806396.jpg con esta confidence:0.68752706
voy(2) leyendo el video..
tenemos(2) frame k lo guardo ..
voy(2) leyendo el video..
tenemos(2) frame k lo guardo ..
voy(2) leyendo el video..
tenemos(2) frame k lo guardo ..
cara encontrada en: /var/www/html/reconocimientoFacial/proyecto_definitivo/admin/files/videos_registro_videos/otraprueba_2.avi
OpenCV(4.5.3) /tmp/pip-req-build-dwj9trv5/opencv/modules/imgproc/src/resize.cpp:4051: error: (-215:Assertion failed) !ssize.empty() in function 'resize'

cara encontrada en: /var/www/html/reconocimientoFacial/proyecto_definitivo/admin/files/videos_registro_videos/otraprueba_2.avi
OpenCV(4.5.3) /tmp/pip-req-build-dwj9trv5/opencv/modules/imgproc/src/resize.cpp:4051: error: (-215:Assertion failed) !ssize.empty() in function 'resize'

cara encontrada en: /var/www/html/reconocimientoFacial/proyecto_definitivo/admin/files/videos_registro_videos/otraprueba_2.avi
OpenCV(4.5.3) /tmp/pip-req-build-dwj9trv5/opencv/modules/imgproc/src/resize.cpp:4051: error: (-215:Assertion failed) !ssize.empty() in function 'resize'

cara encontrada en: /var/www/html/reconocimientoFacial/proyecto_definitivo/admin/files/videos_registro_videos/otraprueba_2.avi
OpenCV(4.5.3) /tmp/pip-req-build-dwj9trv5/opencv/modules/imgproc/src/resize.cpp:4051: error: (-215:Assertion failed) !ssize.empty() in function 'resize'

cara encontrada en: /var/www/html/reconocimientoFacial/proyecto_definitivo/admin/files/videos_registro_videos/otraprueba_2.avi
OpenCV(4.5.3) /tmp/pip-req-build-dwj9trv5/opencv/modules/imgproc/src/resize.cpp:4051: error: (-215:Assertion failed) !ssize.empty() in function 'resize'

cara encontrada en: /var/www/html/reconocimientoFacial/proyecto_definitivo/admin/files/videos_registro_videos/otraprueba_2.avi
OpenCV(4.5.3) /tmp/pip-req-build-dwj9trv5/opencv/modules/imgproc/src/resize.cpp:4051: error: (-215:Assertion failed) !ssize.empty() in function 'resize'

cara encontrada en: /var/www/html/reconocimientoFacial/proyecto_definitivo/admin/files/videos_registro_videos/otraprueba_2.avi
OpenCV(4.5.3) /tmp/pip-req-build-dwj9trv5/opencv/modules/imgproc/src/resize.cpp:4051: error: (-215:Assertion failed) !ssize.empty() in function 'resize'

cara encontrada en: /var/www/html/reconocimientoFacial/proyecto_definitivo/admin/files/videos_registro_videos/otraprueba_2.avi
OpenCV(4.5.3) /tmp/pip-req-build-dwj9trv5/opencv/modules/imgproc/src/resize.cpp:4051: error: (-215:Assertion failed) !ssize.empty() in function 'resize'

cara encontrada en: /var/www/html/reconocimientoFacial/proyecto_definitivo/admin/files/videos_registro_videos/otraprueba_2.avi
OpenCV(4.5.3) /tmp/pip-req-build-dwj9trv5/opencv/modules/imgproc/src/resize.cpp:4051: error: (-215:Assertion failed) !ssize.empty() in function 'resize'

voy(2) leyendo el video..
tenemos(2) frame k lo guardo ..
voy(2) leyendo el video..
tenemos(2) frame k lo guardo ..
voy(2) leyendo el video..
tenemos(2) frame k lo guardo ..
cara encontrada en: /var/www/html/reconocimientoFacial/proyecto_definitivo/admin/files/videos_registro_videos/otraprueba_2.avi
OpenCV(4.5.3) /tmp/pip-req-build-dwj9trv5/opencv/modules/imgproc/src/resize.cpp:4051: error: (-215:Assertion failed) !ssize.empty() in function 'resize'

cara encontrada en: /var/www/html/reconocimientoFacial/proyecto_definitivo/admin/files/videos_registro_videos/otraprueba_2.avi
OpenCV(4.5.3) /tmp/pip-req-build-dwj9trv5/opencv/modules/imgproc/src/resize.cpp:4051: error: (-215:Assertion failed) !ssize.empty() in function 'resize'

cara encontrada en: /var/www/html/reconocimientoFacial/proyecto_definitivo/admin/files/videos_registro_videos/otraprueba_2.avi
OpenCV(4.5.3) /tmp/pip-req-build-dwj9trv5/opencv/modules/imgproc/src/resize.cpp:4051: error: (-215:Assertion failed) !ssize.empty() in function 'resize'

cara encontrada en: /var/www/html/reconocimientoFacial/proyecto_definitivo/admin/files/videos_registro_videos/otraprueba_2.avi
OpenCV(4.5.3) /tmp/pip-req-build-dwj9trv5/opencv/modules/imgproc/src/resize.cpp:4051: error: (-215:Assertion failed) !ssize.empty() in function 'resize'

cara encontrada en: /var/www/html/reconocimientoFacial/proyecto_definitivo/admin/files/videos_registro_videos/otraprueba_2.avi
OpenCV(4.5.3) /tmp/pip-req-build-dwj9trv5/opencv/modules/imgproc/src/resize.cpp:4051: error: (-215:Assertion failed) !ssize.empty() in function 'resize'

cara encontrada en: /var/www/html/reconocimientoFacial/proyecto_definitivo/admin/files/videos_registro_videos/otraprueba_2.avi
OpenCV(4.5.3) /tmp/pip-req-build-dwj9trv5/opencv/modules/imgproc/src/resize.cpp:4051: error: (-215:Assertion failed) !ssize.empty() in function 'resize'

cara encontrada en: /var/www/html/reconocimientoFacial/proyecto_definitivo/admin/files/videos_registro_videos/otraprueba_2.avi
OpenCV(4.5.3) /tmp/pip-req-build-dwj9trv5/opencv/modules/imgproc/src/resize.cpp:4051: error: (-215:Assertion failed) !ssize.empty() in function 'resize'

cara encontrada en: /var/www/html/reconocimientoFacial/proyecto_definitivo/admin/files/videos_registro_videos/otraprueba_2.avi
OpenCV(4.5.3) /tmp/pip-req-build-dwj9trv5/opencv/modules/imgproc/src/resize.cpp:4051: error: (-215:Assertion failed) !ssize.empty() in function 'resize'

cara encontrada en: /var/www/html/reconocimientoFacial/proyecto_definitivo/admin/files/videos_registro_videos/otraprueba_2.avi
OpenCV(4.5.3) /tmp/pip-req-build-dwj9trv5/opencv/modules/imgproc/src/resize.cpp:4051: error: (-215:Assertion failed) !ssize.empty() in function 'resize'

voy(2) leyendo el video..
tenemos(2) frame k lo guardo ..
voy(2) leyendo el video..
tenemos(2) frame k lo guardo ..
voy(2) leyendo el video..
tenemos(2) frame k lo guardo ..
cara encontrada en: /var/www/html/reconocimientoFacial/proyecto_definitivo/admin/files/videos_registro_videos/otraprueba_2.avi
OpenCV(4.5.3) /tmp/pip-req-build-dwj9trv5/opencv/modules/imgproc/src/resize.cpp:4051: error: (-215:Assertion failed) !ssize.empty() in function 'resize'

cara encontrada en: /var/www/html/reconocimientoFacial/proyecto_definitivo/admin/files/videos_registro_videos/otraprueba_2.avi
OpenCV(4.5.3) /tmp/pip-req-build-dwj9trv5/opencv/modules/imgproc/src/resize.cpp:4051: error: (-215:Assertion failed) !ssize.empty() in function 'resize'

cara encontrada en: /var/www/html/reconocimientoFacial/proyecto_definitivo/admin/files/videos_registro_videos/otraprueba_2.avi
OpenCV(4.5.3) /tmp/pip-req-build-dwj9trv5/opencv/modules/imgproc/src/resize.cpp:4051: error: (-215:Assertion failed) !ssize.empty() in function 'resize'

cara encontrada en: /var/www/html/reconocimientoFacial/proyecto_definitivo/admin/files/videos_registro_videos/otraprueba_2.avi
OpenCV(4.5.3) /tmp/pip-req-build-dwj9trv5/opencv/modules/imgproc/src/resize.cpp:4051: error: (-215:Assertion failed) !ssize.empty() in function 'resize'

cara encontrada en: /var/www/html/reconocimientoFacial/proyecto_definitivo/admin/files/videos_registro_videos/otraprueba_2.avi
OpenCV(4.5.3) /tmp/pip-req-build-dwj9trv5/opencv/modules/imgproc/src/resize.cpp:4051: error: (-215:Assertion failed) !ssize.empty() in function 'resize'

cara encontrada en: /var/www/html/reconocimientoFacial/proyecto_definitivo/admin/files/videos_registro_videos/otraprueba_2.avi
OpenCV(4.5.3) /tmp/pip-req-build-dwj9trv5/opencv/modules/imgproc/src/resize.cpp:4051: error: (-215:Assertion failed) !ssize.empty() in function 'resize'

cara encontrada en: /var/www/html/reconocimientoFacial/proyecto_definitivo/admin/files/videos_registro_videos/otraprueba_2.avi
OpenCV(4.5.3) /tmp/pip-req-build-dwj9trv5/opencv/modules/imgproc/src/resize.cpp:4051: error: (-215:Assertion failed) !ssize.empty() in function 'resize'

cara encontrada en: /var/www/html/reconocimientoFacial/proyecto_definitivo/admin/files/videos_registro_videos/otraprueba_2.avi
OpenCV(4.5.3) /tmp/pip-req-build-dwj9trv5/opencv/modules/imgproc/src/resize.cpp:4051: error: (-215:Assertion failed) !ssize.empty() in function 'resize'

cara encontrada en: /var/www/html/reconocimientoFacial/proyecto_definitivo/admin/files/videos_registro_videos/otraprueba_2.avi
OpenCV(4.5.3) /tmp/pip-req-build-dwj9trv5/opencv/modules/imgproc/src/resize.cpp:4051: error: (-215:Assertion failed) !ssize.empty() in function 'resize'

voy(2) leyendo el video..
tenemos(2) frame k lo guardo ..
voy(2) leyendo el video..
tenemos(2) frame k lo guardo ..
voy(2) leyendo el video..
tenemos(2) frame k lo guardo ..
cara encontrada en: /var/www/html/reconocimientoFacial/proyecto_definitivo/admin/files/videos_registro_videos/otraprueba_2.avi
OpenCV(4.5.3) /tmp/pip-req-build-dwj9trv5/opencv/modules/imgproc/src/resize.cpp:4051: error: (-215:Assertion failed) !ssize.empty() in function 'resize'

cara encontrada en: /var/www/html/reconocimientoFacial/proyecto_definitivo/admin/files/videos_registro_videos/otraprueba_2.avi
OpenCV(4.5.3) /tmp/pip-req-build-dwj9trv5/opencv/modules/imgproc/src/resize.cpp:4051: error: (-215:Assertion failed) !ssize.empty() in function 'resize'

cara encontrada en: /var/www/html/reconocimientoFacial/proyecto_definitivo/admin/files/videos_registro_videos/otraprueba_2.avi
OpenCV(4.5.3) /tmp/pip-req-build-dwj9trv5/opencv/modules/imgproc/src/resize.cpp:4051: error: (-215:Assertion failed) !ssize.empty() in function 'resize'

cara encontrada en: /var/www/html/reconocimientoFacial/proyecto_definitivo/admin/files/videos_registro_videos/otraprueba_2.avi
OpenCV(4.5.3) /tmp/pip-req-build-dwj9trv5/opencv/modules/imgproc/src/resize.cpp:4051: error: (-215:Assertion failed) !ssize.empty() in function 'resize'

cara encontrada en: /var/www/html/reconocimientoFacial/proyecto_definitivo/admin/files/videos_registro_videos/otraprueba_2.avi
OpenCV(4.5.3) /tmp/pip-req-build-dwj9trv5/opencv/modules/imgproc/src/resize.cpp:4051: error: (-215:Assertion failed) !ssize.empty() in function 'resize'

cara encontrada en: /var/www/html/reconocimientoFacial/proyecto_definitivo/admin/files/videos_registro_videos/otraprueba_2.avi
OpenCV(4.5.3) /tmp/pip-req-build-dwj9trv5/opencv/modules/imgproc/src/resize.cpp:4051: error: (-215:Assertion failed) !ssize.empty() in function 'resize'

cara encontrada en: /var/www/html/reconocimientoFacial/proyecto_definitivo/admin/files/videos_registro_videos/otraprueba_2.avi
OpenCV(4.5.3) /tmp/pip-req-build-dwj9trv5/opencv/modules/imgproc/src/resize.cpp:4051: error: (-215:Assertion failed) !ssize.empty() in function 'resize'

cara encontrada en: /var/www/html/reconocimientoFacial/proyecto_definitivo/admin/files/videos_registro_videos/otraprueba_2.avi
OpenCV(4.5.3) /tmp/pip-req-build-dwj9trv5/opencv/modules/imgproc/src/resize.cpp:4051: error: (-215:Assertion failed) !ssize.empty() in function 'resize'

cara encontrada en: /var/www/html/reconocimientoFacial/proyecto_definitivo/admin/files/videos_registro_videos/otraprueba_2.avi
OpenCV(4.5.3) /tmp/pip-req-build-dwj9trv5/opencv/modules/imgproc/src/resize.cpp:4051: error: (-215:Assertion failed) !ssize.empty() in function 'resize'

voy(2) leyendo el video..
tenemos(2) frame k lo guardo ..
voy(2) leyendo el video..
tenemos(2) frame k lo guardo ..
voy(2) leyendo el video..
tenemos(2) frame k lo guardo ..
cara encontrada en: /var/www/html/reconocimientoFacial/proyecto_definitivo/admin/files/videos_registro_videos/otraprueba_2.avi
OpenCV(4.5.3) /tmp/pip-req-build-dwj9trv5/opencv/modules/imgproc/src/resize.cpp:4051: error: (-215:Assertion failed) !ssize.empty() in function 'resize'

cara encontrada en: /var/www/html/reconocimientoFacial/proyecto_definitivo/admin/files/videos_registro_videos/otraprueba_2.avi
OpenCV(4.5.3) /tmp/pip-req-build-dwj9trv5/opencv/modules/imgproc/src/resize.cpp:4051: error: (-215:Assertion failed) !ssize.empty() in function 'resize'

cara encontrada en: /var/www/html/reconocimientoFacial/proyecto_definitivo/admin/files/videos_registro_videos/otraprueba_2.avi
OpenCV(4.5.3) /tmp/pip-req-build-dwj9trv5/opencv/modules/imgproc/src/resize.cpp:4051: error: (-215:Assertion failed) !ssize.empty() in function 'resize'

cara encontrada en: /var/www/html/reconocimientoFacial/proyecto_definitivo/admin/files/videos_registro_videos/otraprueba_2.avi
OpenCV(4.5.3) /tmp/pip-req-build-dwj9trv5/opencv/modules/imgproc/src/resize.cpp:4051: error: (-215:Assertion failed) !ssize.empty() in function 'resize'

cara encontrada en: /var/www/html/reconocimientoFacial/proyecto_definitivo/admin/files/videos_registro_videos/otraprueba_2.avi
OpenCV(4.5.3) /tmp/pip-req-build-dwj9trv5/opencv/modules/imgproc/src/resize.cpp:4051: error: (-215:Assertion failed) !ssize.empty() in function 'resize'

cara encontrada en: /var/www/html/reconocimientoFacial/proyecto_definitivo/admin/files/videos_registro_videos/otraprueba_2.avi
OpenCV(4.5.3) /tmp/pip-req-build-dwj9trv5/opencv/modules/imgproc/src/resize.cpp:4051: error: (-215:Assertion failed) !ssize.empty() in function 'resize'

cara encontrada en: /var/www/html/reconocimientoFacial/proyecto_definitivo/admin/files/videos_registro_videos/otraprueba_2.avi
OpenCV(4.5.3) /tmp/pip-req-build-dwj9trv5/opencv/modules/imgproc/src/resize.cpp:4051: error: (-215:Assertion failed) !ssize.empty() in function 'resize'

cara encontrada en: /var/www/html/reconocimientoFacial/proyecto_definitivo/admin/files/videos_registro_videos/otraprueba_2.avi
OpenCV(4.5.3) /tmp/pip-req-build-dwj9trv5/opencv/modules/imgproc/src/resize.cpp:4051: error: (-215:Assertion failed) !ssize.empty() in function 'resize'

cara encontrada en: /var/www/html/reconocimientoFacial/proyecto_definitivo/admin/files/videos_registro_videos/otraprueba_2.avi
OpenCV(4.5.3) /tmp/pip-req-build-dwj9trv5/opencv/modules/imgproc/src/resize.cpp:4051: error: (-215:Assertion failed) !ssize.empty() in function 'resize'

voy(2) leyendo el video..
tenemos(2) frame k lo guardo ..
voy(2) leyendo el video..
tenemos(2) frame k lo guardo ..
voy(2) leyendo el video..
tenemos(2) frame k lo guardo ..
cara encontrada en: /var/www/html/reconocimientoFacial/proyecto_definitivo/admin/files/videos_registro_videos/otraprueba_2.avi
OpenCV(4.5.3) /tmp/pip-req-build-dwj9trv5/opencv/modules/imgproc/src/resize.cpp:4051: error: (-215:Assertion failed) !ssize.empty() in function 'resize'

cara encontrada en: /var/www/html/reconocimientoFacial/proyecto_definitivo/admin/files/videos_registro_videos/otraprueba_2.avi
OpenCV(4.5.3) /tmp/pip-req-build-dwj9trv5/opencv/modules/imgproc/src/resize.cpp:4051: error: (-215:Assertion failed) !ssize.empty() in function 'resize'

cara encontrada en: /var/www/html/reconocimientoFacial/proyecto_definitivo/admin/files/videos_registro_videos/otraprueba_2.avi
OpenCV(4.5.3) /tmp/pip-req-build-dwj9trv5/opencv/modules/imgproc/src/resize.cpp:4051: error: (-215:Assertion failed) !ssize.empty() in function 'resize'

cara encontrada en: /var/www/html/reconocimientoFacial/proyecto_definitivo/admin/files/videos_registro_videos/otraprueba_2.avi
OpenCV(4.5.3) /tmp/pip-req-build-dwj9trv5/opencv/modules/imgproc/src/resize.cpp:4051: error: (-215:Assertion failed) !ssize.empty() in function 'resize'

cara encontrada en: /var/www/html/reconocimientoFacial/proyecto_definitivo/admin/files/videos_registro_videos/otraprueba_2.avi
OpenCV(4.5.3) /tmp/pip-req-build-dwj9trv5/opencv/modules/imgproc/src/resize.cpp:4051: error: (-215:Assertion failed) !ssize.empty() in function 'resize'

cara encontrada en: /var/www/html/reconocimientoFacial/proyecto_definitivo/admin/files/videos_registro_videos/otraprueba_2.avi
OpenCV(4.5.3) /tmp/pip-req-build-dwj9trv5/opencv/modules/imgproc/src/resize.cpp:4051: error: (-215:Assertion failed) !ssize.empty() in function 'resize'

cara encontrada en: /var/www/html/reconocimientoFacial/proyecto_definitivo/admin/files/videos_registro_videos/otraprueba_2.avi
OpenCV(4.5.3) /tmp/pip-req-build-dwj9trv5/opencv/modules/imgproc/src/resize.cpp:4051: error: (-215:Assertion failed) !ssize.empty() in function 'resize'

cara encontrada en: /var/www/html/reconocimientoFacial/proyecto_definitivo/admin/files/videos_registro_videos/otraprueba_2.avi
cara guardada en /otraprueba_2.avi_2_30.06739115715027.jpg con esta confidence:0.7177893
voy(2) leyendo el video..
tenemos(2) frame k lo guardo ..
voy(2) leyendo el video..
tenemos(2) frame k lo guardo ..
voy(2) leyendo el video..
tenemos(2) frame k lo guardo ..
cara encontrada en: /var/www/html/reconocimientoFacial/proyecto_definitivo/admin/files/videos_registro_videos/otraprueba_2.avi
OpenCV(4.5.3) /tmp/pip-req-build-dwj9trv5/opencv/modules/imgproc/src/resize.cpp:4051: error: (-215:Assertion failed) !ssize.empty() in function 'resize'

cara encontrada en: /var/www/html/reconocimientoFacial/proyecto_definitivo/admin/files/videos_registro_videos/otraprueba_2.avi
OpenCV(4.5.3) /tmp/pip-req-build-dwj9trv5/opencv/modules/imgproc/src/resize.cpp:4051: error: (-215:Assertion failed) !ssize.empty() in function 'resize'

cara encontrada en: /var/www/html/reconocimientoFacial/proyecto_definitivo/admin/files/videos_registro_videos/otraprueba_2.avi
OpenCV(4.5.3) /tmp/pip-req-build-dwj9trv5/opencv/modules/imgproc/src/resize.cpp:4051: error: (-215:Assertion failed) !ssize.empty() in function 'resize'

cara encontrada en: /var/www/html/reconocimientoFacial/proyecto_definitivo/admin/files/videos_registro_videos/otraprueba_2.avi
OpenCV(4.5.3) /tmp/pip-req-build-dwj9trv5/opencv/modules/imgproc/src/resize.cpp:4051: error: (-215:Assertion failed) !ssize.empty() in function 'resize'

cara encontrada en: /var/www/html/reconocimientoFacial/proyecto_definitivo/admin/files/videos_registro_videos/otraprueba_2.avi
OpenCV(4.5.3) /tmp/pip-req-build-dwj9trv5/opencv/modules/imgproc/src/resize.cpp:4051: error: (-215:Assertion failed) !ssize.empty() in function 'resize'

cara encontrada en: /var/www/html/reconocimientoFacial/proyecto_definitivo/admin/files/videos_registro_videos/otraprueba_2.avi
OpenCV(4.5.3) /tmp/pip-req-build-dwj9trv5/opencv/modules/imgproc/src/resize.cpp:4051: error: (-215:Assertion failed) !ssize.empty() in function 'resize'

cara encontrada en: /var/www/html/reconocimientoFacial/proyecto_definitivo/admin/files/videos_registro_videos/otraprueba_2.avi
OpenCV(4.5.3) /tmp/pip-req-build-dwj9trv5/opencv/modules/imgproc/src/resize.cpp:4051: error: (-215:Assertion failed) !ssize.empty() in function 'resize'

cara encontrada en: /var/www/html/reconocimientoFacial/proyecto_definitivo/admin/files/videos_registro_videos/otraprueba_2.avi
OpenCV(4.5.3) /tmp/pip-req-build-dwj9trv5/opencv/modules/imgproc/src/resize.cpp:4051: error: (-215:Assertion failed) !ssize.empty() in function 'resize'

cara encontrada en: /var/www/html/reconocimientoFacial/proyecto_definitivo/admin/files/videos_registro_videos/otraprueba_2.avi
OpenCV(4.5.3) /tmp/pip-req-build-dwj9trv5/opencv/modules/imgproc/src/resize.cpp:4051: error: (-215:Assertion failed) !ssize.empty() in function 'resize'

voy(2) leyendo el video..
tenemos(2) frame k lo guardo ..
voy(2) leyendo el video..
tenemos(2) frame k lo guardo ..
voy(2) leyendo el video..
tenemos(2) frame k lo guardo ..
cara encontrada en: /var/www/html/reconocimientoFacial/proyecto_definitivo/admin/files/videos_registro_videos/otraprueba_2.avi
OpenCV(4.5.3) /tmp/pip-req-build-dwj9trv5/opencv/modules/imgproc/src/resize.cpp:4051: error: (-215:Assertion failed) !ssize.empty() in function 'resize'

cara encontrada en: /var/www/html/reconocimientoFacial/proyecto_definitivo/admin/files/videos_registro_videos/otraprueba_2.avi
OpenCV(4.5.3) /tmp/pip-req-build-dwj9trv5/opencv/modules/imgproc/src/resize.cpp:4051: error: (-215:Assertion failed) !ssize.empty() in function 'resize'

cara encontrada en: /var/www/html/reconocimientoFacial/proyecto_definitivo/admin/files/videos_registro_videos/otraprueba_2.avi
OpenCV(4.5.3) /tmp/pip-req-build-dwj9trv5/opencv/modules/imgproc/src/resize.cpp:4051: error: (-215:Assertion failed) !ssize.empty() in function 'resize'

cara encontrada en: /var/www/html/reconocimientoFacial/proyecto_definitivo/admin/files/videos_registro_videos/otraprueba_2.avi
OpenCV(4.5.3) /tmp/pip-req-build-dwj9trv5/opencv/modules/imgproc/src/resize.cpp:4051: error: (-215:Assertion failed) !ssize.empty() in function 'resize'

cara encontrada en: /var/www/html/reconocimientoFacial/proyecto_definitivo/admin/files/videos_registro_videos/otraprueba_2.avi
OpenCV(4.5.3) /tmp/pip-req-build-dwj9trv5/opencv/modules/imgproc/src/resize.cpp:4051: error: (-215:Assertion failed) !ssize.empty() in function 'resize'

cara encontrada en: /var/www/html/reconocimientoFacial/proyecto_definitivo/admin/files/videos_registro_videos/otraprueba_2.avi
OpenCV(4.5.3) /tmp/pip-req-build-dwj9trv5/opencv/modules/imgproc/src/resize.cpp:4051: error: (-215:Assertion failed) !ssize.empty() in function 'resize'

cara encontrada en: /var/www/html/reconocimientoFacial/proyecto_definitivo/admin/files/videos_registro_videos/otraprueba_2.avi
OpenCV(4.5.3) /tmp/pip-req-build-dwj9trv5/opencv/modules/imgproc/src/resize.cpp:4051: error: (-215:Assertion failed) !ssize.empty() in function 'resize'

cara encontrada en: /var/www/html/reconocimientoFacial/proyecto_definitivo/admin/files/videos_registro_videos/otraprueba_2.avi
OpenCV(4.5.3) /tmp/pip-req-build-dwj9trv5/opencv/modules/imgproc/src/resize.cpp:4051: error: (-215:Assertion failed) !ssize.empty() in function 'resize'

cara encontrada en: /var/www/html/reconocimientoFacial/proyecto_definitivo/admin/files/videos_registro_videos/otraprueba_2.avi
OpenCV(4.5.3) /tmp/pip-req-build-dwj9trv5/opencv/modules/imgproc/src/resize.cpp:4051: error: (-215:Assertion failed) !ssize.empty() in function 'resize'

cara encontrada en: /var/www/html/reconocimientoFacial/proyecto_definitivo/admin/files/videos_registro_videos/otraprueba_2.avi
cara guardada en /otraprueba_2.avi_2_34.97075891494751.jpg con esta confidence:0.6936868
voy(2) leyendo el video..
tenemos(2) frame k lo guardo ..
voy(2) leyendo el video..
tenemos(2) frame k lo guardo ..
voy(2) leyendo el video..
tenemos(2) frame k lo guardo ..
cara encontrada en: /var/www/html/reconocimientoFacial/proyecto_definitivo/admin/files/videos_registro_videos/otraprueba_2.avi
OpenCV(4.5.3) /tmp/pip-req-build-dwj9trv5/opencv/modules/imgproc/src/resize.cpp:4051: error: (-215:Assertion failed) !ssize.empty() in function 'resize'

cara encontrada en: /var/www/html/reconocimientoFacial/proyecto_definitivo/admin/files/videos_registro_videos/otraprueba_2.avi
OpenCV(4.5.3) /tmp/pip-req-build-dwj9trv5/opencv/modules/imgproc/src/resize.cpp:4051: error: (-215:Assertion failed) !ssize.empty() in function 'resize'

cara encontrada en: /var/www/html/reconocimientoFacial/proyecto_definitivo/admin/files/videos_registro_videos/otraprueba_2.avi
OpenCV(4.5.3) /tmp/pip-req-build-dwj9trv5/opencv/modules/imgproc/src/resize.cpp:4051: error: (-215:Assertion failed) !ssize.empty() in function 'resize'

cara encontrada en: /var/www/html/reconocimientoFacial/proyecto_definitivo/admin/files/videos_registro_videos/otraprueba_2.avi
OpenCV(4.5.3) /tmp/pip-req-build-dwj9trv5/opencv/modules/imgproc/src/resize.cpp:4051: error: (-215:Assertion failed) !ssize.empty() in function 'resize'

cara encontrada en: /var/www/html/reconocimientoFacial/proyecto_definitivo/admin/files/videos_registro_videos/otraprueba_2.avi
OpenCV(4.5.3) /tmp/pip-req-build-dwj9trv5/opencv/modules/imgproc/src/resize.cpp:4051: error: (-215:Assertion failed) !ssize.empty() in function 'resize'

cara encontrada en: /var/www/html/reconocimientoFacial/proyecto_definitivo/admin/files/videos_registro_videos/otraprueba_2.avi
OpenCV(4.5.3) /tmp/pip-req-build-dwj9trv5/opencv/modules/imgproc/src/resize.cpp:4051: error: (-215:Assertion failed) !ssize.empty() in function 'resize'

cara encontrada en: /var/www/html/reconocimientoFacial/proyecto_definitivo/admin/files/videos_registro_videos/otraprueba_2.avi
OpenCV(4.5.3) /tmp/pip-req-build-dwj9trv5/opencv/modules/imgproc/src/resize.cpp:4051: error: (-215:Assertion failed) !ssize.empty() in function 'resize'

cara encontrada en: /var/www/html/reconocimientoFacial/proyecto_definitivo/admin/files/videos_registro_videos/otraprueba_2.avi
OpenCV(4.5.3) /tmp/pip-req-build-dwj9trv5/opencv/modules/imgproc/src/resize.cpp:4051: error: (-215:Assertion failed) !ssize.empty() in function 'resize'

cara encontrada en: /var/www/html/reconocimientoFacial/proyecto_definitivo/admin/files/videos_registro_videos/otraprueba_2.avi
OpenCV(4.5.3) /tmp/pip-req-build-dwj9trv5/opencv/modules/imgproc/src/resize.cpp:4051: error: (-215:Assertion failed) !ssize.empty() in function 'resize'

cara encontrada en: /var/www/html/reconocimientoFacial/proyecto_definitivo/admin/files/videos_registro_videos/otraprueba_2.avi
OpenCV(4.5.3) /tmp/pip-req-build-dwj9trv5/opencv/modules/imgproc/src/resize.cpp:4051: error: (-215:Assertion failed) !ssize.empty() in function 'resize'

voy(2) leyendo el video..
tenemos(2) frame k lo guardo ..
voy(2) leyendo el video..
Llego al final y remuevo el video!
Tiempo de analizar el video:37.68741059303284
tenemos este video:/var/www/html/reconocimientoFacial/proyecto_definitivo/admin/files/videos_registro_videos/otraprueba_2.avi
voy(2) leyendo el video..
tenemos(2) frame k lo guardo ..
voy(2) leyendo el video..
tenemos(2) frame k lo guardo ..
voy(2) leyendo el video..
tenemos(2) frame k lo guardo ..
cara encontrada en: /var/www/html/reconocimientoFacial/proyecto_definitivo/admin/files/videos_registro_videos/otraprueba_2.avi
OpenCV(4.5.3) /tmp/pip-req-build-dwj9trv5/opencv/modules/imgproc/src/resize.cpp:4051: error: (-215:Assertion failed) !ssize.empty() in function 'resize'

cara encontrada en: /var/www/html/reconocimientoFacial/proyecto_definitivo/admin/files/videos_registro_videos/otraprueba_2.avi
OpenCV(4.5.3) /tmp/pip-req-build-dwj9trv5/opencv/modules/imgproc/src/resize.cpp:4051: error: (-215:Assertion failed) !ssize.empty() in function 'resize'

cara encontrada en: /var/www/html/reconocimientoFacial/proyecto_definitivo/admin/files/videos_registro_videos/otraprueba_2.avi
OpenCV(4.5.3) /tmp/pip-req-build-dwj9trv5/opencv/modules/imgproc/src/resize.cpp:4051: error: (-215:Assertion failed) !ssize.empty() in function 'resize'

cara encontrada en: /var/www/html/reconocimientoFacial/proyecto_definitivo/admin/files/videos_registro_videos/otraprueba_2.avi
OpenCV(4.5.3) /tmp/pip-req-build-dwj9trv5/opencv/modules/imgproc/src/resize.cpp:4051: error: (-215:Assertion failed) !ssize.empty() in function 'resize'

cara encontrada en: /var/www/html/reconocimientoFacial/proyecto_definitivo/admin/files/videos_registro_videos/otraprueba_2.avi
OpenCV(4.5.3) /tmp/pip-req-build-dwj9trv5/opencv/modules/imgproc/src/resize.cpp:4051: error: (-215:Assertion failed) !ssize.empty() in function 'resize'

cara encontrada en: /var/www/html/reconocimientoFacial/proyecto_definitivo/admin/files/videos_registro_videos/otraprueba_2.avi
OpenCV(4.5.3) /tmp/pip-req-build-dwj9trv5/opencv/modules/imgproc/src/resize.cpp:4051: error: (-215:Assertion failed) !ssize.empty() in function 'resize'

cara encontrada en: /var/www/html/reconocimientoFacial/proyecto_definitivo/admin/files/videos_registro_videos/otraprueba_2.avi
OpenCV(4.5.3) /tmp/pip-req-build-dwj9trv5/opencv/modules/imgproc/src/resize.cpp:4051: error: (-215:Assertion failed) !ssize.empty() in function 'resize'

cara encontrada en: /var/www/html/reconocimientoFacial/proyecto_definitivo/admin/files/videos_registro_videos/otraprueba_2.avi
OpenCV(4.5.3) /tmp/pip-req-build-dwj9trv5/opencv/modules/imgproc/src/resize.cpp:4051: error: (-215:Assertion failed) !ssize.empty() in function 'resize'

cara encontrada en: /var/www/html/reconocimientoFacial/proyecto_definitivo/admin/files/videos_registro_videos/otraprueba_2.avi
OpenCV(4.5.3) /tmp/pip-req-build-dwj9trv5/opencv/modules/imgproc/src/resize.cpp:4051: error: (-215:Assertion failed) !ssize.empty() in function 'resize'

cara encontrada en: /var/www/html/reconocimientoFacial/proyecto_definitivo/admin/files/videos_registro_videos/otraprueba_2.avi
OpenCV(4.5.3) /tmp/pip-req-build-dwj9trv5/opencv/modules/imgproc/src/resize.cpp:4051: error: (-215:Assertion failed) !ssize.empty() in function 'resize'

cara encontrada en: /var/www/html/reconocimientoFacial/proyecto_definitivo/admin/files/videos_registro_videos/otraprueba_2.avi
cara guardada en /otraprueba_2.avi_2_1.0520880222320557.jpg con esta confidence:0.93760335
cara encontrada en: /var/www/html/reconocimientoFacial/proyecto_definitivo/admin/files/videos_registro_videos/otraprueba_2.avi
OpenCV(4.5.3) /tmp/pip-req-build-dwj9trv5/opencv/modules/imgproc/src/resize.cpp:4051: error: (-215:Assertion failed) !ssize.empty() in function 'resize'

cara encontrada en: /var/www/html/reconocimientoFacial/proyecto_definitivo/admin/files/videos_registro_videos/otraprueba_2.avi
cara guardada en /otraprueba_2.avi_2_1.0627713203430176.jpg con esta confidence:0.78461057
cara encontrada en: /var/www/html/reconocimientoFacial/proyecto_definitivo/admin/files/videos_registro_videos/otraprueba_2.avi
OpenCV(4.5.3) /tmp/pip-req-build-dwj9trv5/opencv/modules/imgproc/src/resize.cpp:4051: error: (-215:Assertion failed) !ssize.empty() in function 'resize'

voy(2) leyendo el video..
tenemos(2) frame k lo guardo ..
voy(2) leyendo el video..
tenemos(2) frame k lo guardo ..
voy(2) leyendo el video..
tenemos(2) frame k lo guardo ..
cara encontrada en: /var/www/html/reconocimientoFacial/proyecto_definitivo/admin/files/videos_registro_videos/otraprueba_2.avi
OpenCV(4.5.3) /tmp/pip-req-build-dwj9trv5/opencv/modules/imgproc/src/resize.cpp:4051: error: (-215:Assertion failed) !ssize.empty() in function 'resize'

cara encontrada en: /var/www/html/reconocimientoFacial/proyecto_definitivo/admin/files/videos_registro_videos/otraprueba_2.avi
OpenCV(4.5.3) /tmp/pip-req-build-dwj9trv5/opencv/modules/imgproc/src/resize.cpp:4051: error: (-215:Assertion failed) !ssize.empty() in function 'resize'

cara encontrada en: /var/www/html/reconocimientoFacial/proyecto_definitivo/admin/files/videos_registro_videos/otraprueba_2.avi
OpenCV(4.5.3) /tmp/pip-req-build-dwj9trv5/opencv/modules/imgproc/src/resize.cpp:4051: error: (-215:Assertion failed) !ssize.empty() in function 'resize'

cara encontrada en: /var/www/html/reconocimientoFacial/proyecto_definitivo/admin/files/videos_registro_videos/otraprueba_2.avi
OpenCV(4.5.3) /tmp/pip-req-build-dwj9trv5/opencv/modules/imgproc/src/resize.cpp:4051: error: (-215:Assertion failed) !ssize.empty() in function 'resize'

cara encontrada en: /var/www/html/reconocimientoFacial/proyecto_definitivo/admin/files/videos_registro_videos/otraprueba_2.avi
OpenCV(4.5.3) /tmp/pip-req-build-dwj9trv5/opencv/modules/imgproc/src/resize.cpp:4051: error: (-215:Assertion failed) !ssize.empty() in function 'resize'

cara encontrada en: /var/www/html/reconocimientoFacial/proyecto_definitivo/admin/files/videos_registro_videos/otraprueba_2.avi
OpenCV(4.5.3) /tmp/pip-req-build-dwj9trv5/opencv/modules/imgproc/src/resize.cpp:4051: error: (-215:Assertion failed) !ssize.empty() in function 'resize'

cara encontrada en: /var/www/html/reconocimientoFacial/proyecto_definitivo/admin/files/videos_registro_videos/otraprueba_2.avi
OpenCV(4.5.3) /tmp/pip-req-build-dwj9trv5/opencv/modules/imgproc/src/resize.cpp:4051: error: (-215:Assertion failed) !ssize.empty() in function 'resize'

cara encontrada en: /var/www/html/reconocimientoFacial/proyecto_definitivo/admin/files/videos_registro_videos/otraprueba_2.avi
OpenCV(4.5.3) /tmp/pip-req-build-dwj9trv5/opencv/modules/imgproc/src/resize.cpp:4051: error: (-215:Assertion failed) !ssize.empty() in function 'resize'

cara encontrada en: /var/www/html/reconocimientoFacial/proyecto_definitivo/admin/files/videos_registro_videos/otraprueba_2.avi
OpenCV(4.5.3) /tmp/pip-req-build-dwj9trv5/opencv/modules/imgproc/src/resize.cpp:4051: error: (-215:Assertion failed) !ssize.empty() in function 'resize'

cara encontrada en: /var/www/html/reconocimientoFacial/proyecto_definitivo/admin/files/videos_registro_videos/otraprueba_2.avi
OpenCV(4.5.3) /tmp/pip-req-build-dwj9trv5/opencv/modules/imgproc/src/resize.cpp:4051: error: (-215:Assertion failed) !ssize.empty() in function 'resize'

cara encontrada en: /var/www/html/reconocimientoFacial/proyecto_definitivo/admin/files/videos_registro_videos/otraprueba_2.avi
OpenCV(4.5.3) /tmp/pip-req-build-dwj9trv5/opencv/modules/imgproc/src/resize.cpp:4051: error: (-215:Assertion failed) !ssize.empty() in function 'resize'

cara encontrada en: /var/www/html/reconocimientoFacial/proyecto_definitivo/admin/files/videos_registro_videos/otraprueba_2.avi
OpenCV(4.5.3) /tmp/pip-req-build-dwj9trv5/opencv/modules/imgproc/src/resize.cpp:4051: error: (-215:Assertion failed) !ssize.empty() in function 'resize'

cara encontrada en: /var/www/html/reconocimientoFacial/proyecto_definitivo/admin/files/videos_registro_videos/otraprueba_2.avi
OpenCV(4.5.3) /tmp/pip-req-build-dwj9trv5/opencv/modules/imgproc/src/resize.cpp:4051: error: (-215:Assertion failed) !ssize.empty() in function 'resize'

cara encontrada en: /var/www/html/reconocimientoFacial/proyecto_definitivo/admin/files/videos_registro_videos/otraprueba_2.avi
OpenCV(4.5.3) /tmp/pip-req-build-dwj9trv5/opencv/modules/imgproc/src/resize.cpp:4051: error: (-215:Assertion failed) !ssize.empty() in function 'resize'

voy(2) leyendo el video..
tenemos(2) frame k lo guardo ..
voy(2) leyendo el video..
tenemos(2) frame k lo guardo ..
voy(2) leyendo el video..
tenemos(2) frame k lo guardo ..
cara encontrada en: /var/www/html/reconocimientoFacial/proyecto_definitivo/admin/files/videos_registro_videos/otraprueba_2.avi
OpenCV(4.5.3) /tmp/pip-req-build-dwj9trv5/opencv/modules/imgproc/src/resize.cpp:4051: error: (-215:Assertion failed) !ssize.empty() in function 'resize'

cara encontrada en: /var/www/html/reconocimientoFacial/proyecto_definitivo/admin/files/videos_registro_videos/otraprueba_2.avi
OpenCV(4.5.3) /tmp/pip-req-build-dwj9trv5/opencv/modules/imgproc/src/resize.cpp:4051: error: (-215:Assertion failed) !ssize.empty() in function 'resize'

cara encontrada en: /var/www/html/reconocimientoFacial/proyecto_definitivo/admin/files/videos_registro_videos/otraprueba_2.avi
OpenCV(4.5.3) /tmp/pip-req-build-dwj9trv5/opencv/modules/imgproc/src/resize.cpp:4051: error: (-215:Assertion failed) !ssize.empty() in function 'resize'

cara encontrada en: /var/www/html/reconocimientoFacial/proyecto_definitivo/admin/files/videos_registro_videos/otraprueba_2.avi
OpenCV(4.5.3) /tmp/pip-req-build-dwj9trv5/opencv/modules/imgproc/src/resize.cpp:4051: error: (-215:Assertion failed) !ssize.empty() in function 'resize'

cara encontrada en: /var/www/html/reconocimientoFacial/proyecto_definitivo/admin/files/videos_registro_videos/otraprueba_2.avi
OpenCV(4.5.3) /tmp/pip-req-build-dwj9trv5/opencv/modules/imgproc/src/resize.cpp:4051: error: (-215:Assertion failed) !ssize.empty() in function 'resize'

cara encontrada en: /var/www/html/reconocimientoFacial/proyecto_definitivo/admin/files/videos_registro_videos/otraprueba_2.avi
OpenCV(4.5.3) /tmp/pip-req-build-dwj9trv5/opencv/modules/imgproc/src/resize.cpp:4051: error: (-215:Assertion failed) !ssize.empty() in function 'resize'

cara encontrada en: /var/www/html/reconocimientoFacial/proyecto_definitivo/admin/files/videos_registro_videos/otraprueba_2.avi
OpenCV(4.5.3) /tmp/pip-req-build-dwj9trv5/opencv/modules/imgproc/src/resize.cpp:4051: error: (-215:Assertion failed) !ssize.empty() in function 'resize'

cara encontrada en: /var/www/html/reconocimientoFacial/proyecto_definitivo/admin/files/videos_registro_videos/otraprueba_2.avi
OpenCV(4.5.3) /tmp/pip-req-build-dwj9trv5/opencv/modules/imgproc/src/resize.cpp:4051: error: (-215:Assertion failed) !ssize.empty() in function 'resize'

cara encontrada en: /var/www/html/reconocimientoFacial/proyecto_definitivo/admin/files/videos_registro_videos/otraprueba_2.avi
OpenCV(4.5.3) /tmp/pip-req-build-dwj9trv5/opencv/modules/imgproc/src/resize.cpp:4051: error: (-215:Assertion failed) !ssize.empty() in function 'resize'

cara encontrada en: /var/www/html/reconocimientoFacial/proyecto_definitivo/admin/files/videos_registro_videos/otraprueba_2.avi
OpenCV(4.5.3) /tmp/pip-req-build-dwj9trv5/opencv/modules/imgproc/src/resize.cpp:4051: error: (-215:Assertion failed) !ssize.empty() in function 'resize'

cara encontrada en: /var/www/html/reconocimientoFacial/proyecto_definitivo/admin/files/videos_registro_videos/otraprueba_2.avi
OpenCV(4.5.3) /tmp/pip-req-build-dwj9trv5/opencv/modules/imgproc/src/resize.cpp:4051: error: (-215:Assertion failed) !ssize.empty() in function 'resize'

cara encontrada en: /var/www/html/reconocimientoFacial/proyecto_definitivo/admin/files/videos_registro_videos/otraprueba_2.avi
cara guardada en /otraprueba_2.avi_2_3.326767921447754.jpg con esta confidence:0.76365685
voy(2) leyendo el video..
tenemos(2) frame k lo guardo ..
voy(2) leyendo el video..
tenemos(2) frame k lo guardo ..
voy(2) leyendo el video..
tenemos(2) frame k lo guardo ..
cara encontrada en: /var/www/html/reconocimientoFacial/proyecto_definitivo/admin/files/videos_registro_videos/otraprueba_2.avi
OpenCV(4.5.3) /tmp/pip-req-build-dwj9trv5/opencv/modules/imgproc/src/resize.cpp:4051: error: (-215:Assertion failed) !ssize.empty() in function 'resize'

cara encontrada en: /var/www/html/reconocimientoFacial/proyecto_definitivo/admin/files/videos_registro_videos/otraprueba_2.avi
OpenCV(4.5.3) /tmp/pip-req-build-dwj9trv5/opencv/modules/imgproc/src/resize.cpp:4051: error: (-215:Assertion failed) !ssize.empty() in function 'resize'

cara encontrada en: /var/www/html/reconocimientoFacial/proyecto_definitivo/admin/files/videos_registro_videos/otraprueba_2.avi
OpenCV(4.5.3) /tmp/pip-req-build-dwj9trv5/opencv/modules/imgproc/src/resize.cpp:4051: error: (-215:Assertion failed) !ssize.empty() in function 'resize'

cara encontrada en: /var/www/html/reconocimientoFacial/proyecto_definitivo/admin/files/videos_registro_videos/otraprueba_2.avi
OpenCV(4.5.3) /tmp/pip-req-build-dwj9trv5/opencv/modules/imgproc/src/resize.cpp:4051: error: (-215:Assertion failed) !ssize.empty() in function 'resize'

cara encontrada en: /var/www/html/reconocimientoFacial/proyecto_definitivo/admin/files/videos_registro_videos/otraprueba_2.avi
OpenCV(4.5.3) /tmp/pip-req-build-dwj9trv5/opencv/modules/imgproc/src/resize.cpp:4051: error: (-215:Assertion failed) !ssize.empty() in function 'resize'

cara encontrada en: /var/www/html/reconocimientoFacial/proyecto_definitivo/admin/files/videos_registro_videos/otraprueba_2.avi
OpenCV(4.5.3) /tmp/pip-req-build-dwj9trv5/opencv/modules/imgproc/src/resize.cpp:4051: error: (-215:Assertion failed) !ssize.empty() in function 'resize'

cara encontrada en: /var/www/html/reconocimientoFacial/proyecto_definitivo/admin/files/videos_registro_videos/otraprueba_2.avi
OpenCV(4.5.3) /tmp/pip-req-build-dwj9trv5/opencv/modules/imgproc/src/resize.cpp:4051: error: (-215:Assertion failed) !ssize.empty() in function 'resize'

cara encontrada en: /var/www/html/reconocimientoFacial/proyecto_definitivo/admin/files/videos_registro_videos/otraprueba_2.avi
OpenCV(4.5.3) /tmp/pip-req-build-dwj9trv5/opencv/modules/imgproc/src/resize.cpp:4051: error: (-215:Assertion failed) !ssize.empty() in function 'resize'

cara encontrada en: /var/www/html/reconocimientoFacial/proyecto_definitivo/admin/files/videos_registro_videos/otraprueba_2.avi
OpenCV(4.5.3) /tmp/pip-req-build-dwj9trv5/opencv/modules/imgproc/src/resize.cpp:4051: error: (-215:Assertion failed) !ssize.empty() in function 'resize'

cara encontrada en: /var/www/html/reconocimientoFacial/proyecto_definitivo/admin/files/videos_registro_videos/otraprueba_2.avi
OpenCV(4.5.3) /tmp/pip-req-build-dwj9trv5/opencv/modules/imgproc/src/resize.cpp:4051: error: (-215:Assertion failed) !ssize.empty() in function 'resize'

cara encontrada en: /var/www/html/reconocimientoFacial/proyecto_definitivo/admin/files/videos_registro_videos/otraprueba_2.avi
cara guardada en /otraprueba_2.avi_2_4.621496200561523.jpg con esta confidence:0.88047385
cara encontrada en: /var/www/html/reconocimientoFacial/proyecto_definitivo/admin/files/videos_registro_videos/otraprueba_2.avi
OpenCV(4.5.3) /tmp/pip-req-build-dwj9trv5/opencv/modules/imgproc/src/resize.cpp:4051: error: (-215:Assertion failed) !ssize.empty() in function 'resize'

voy(2) leyendo el video..
tenemos(2) frame k lo guardo ..
voy(2) leyendo el video..
tenemos(2) frame k lo guardo ..
voy(2) leyendo el video..
tenemos(2) frame k lo guardo ..
cara encontrada en: /var/www/html/reconocimientoFacial/proyecto_definitivo/admin/files/videos_registro_videos/otraprueba_2.avi
OpenCV(4.5.3) /tmp/pip-req-build-dwj9trv5/opencv/modules/imgproc/src/resize.cpp:4051: error: (-215:Assertion failed) !ssize.empty() in function 'resize'

cara encontrada en: /var/www/html/reconocimientoFacial/proyecto_definitivo/admin/files/videos_registro_videos/otraprueba_2.avi
OpenCV(4.5.3) /tmp/pip-req-build-dwj9trv5/opencv/modules/imgproc/src/resize.cpp:4051: error: (-215:Assertion failed) !ssize.empty() in function 'resize'

cara encontrada en: /var/www/html/reconocimientoFacial/proyecto_definitivo/admin/files/videos_registro_videos/otraprueba_2.avi
OpenCV(4.5.3) /tmp/pip-req-build-dwj9trv5/opencv/modules/imgproc/src/resize.cpp:4051: error: (-215:Assertion failed) !ssize.empty() in function 'resize'

cara encontrada en: /var/www/html/reconocimientoFacial/proyecto_definitivo/admin/files/videos_registro_videos/otraprueba_2.avi
OpenCV(4.5.3) /tmp/pip-req-build-dwj9trv5/opencv/modules/imgproc/src/resize.cpp:4051: error: (-215:Assertion failed) !ssize.empty() in function 'resize'

cara encontrada en: /var/www/html/reconocimientoFacial/proyecto_definitivo/admin/files/videos_registro_videos/otraprueba_2.avi
OpenCV(4.5.3) /tmp/pip-req-build-dwj9trv5/opencv/modules/imgproc/src/resize.cpp:4051: error: (-215:Assertion failed) !ssize.empty() in function 'resize'

cara encontrada en: /var/www/html/reconocimientoFacial/proyecto_definitivo/admin/files/videos_registro_videos/otraprueba_2.avi
OpenCV(4.5.3) /tmp/pip-req-build-dwj9trv5/opencv/modules/imgproc/src/resize.cpp:4051: error: (-215:Assertion failed) !ssize.empty() in function 'resize'

cara encontrada en: /var/www/html/reconocimientoFacial/proyecto_definitivo/admin/files/videos_registro_videos/otraprueba_2.avi
OpenCV(4.5.3) /tmp/pip-req-build-dwj9trv5/opencv/modules/imgproc/src/resize.cpp:4051: error: (-215:Assertion failed) !ssize.empty() in function 'resize'

cara encontrada en: /var/www/html/reconocimientoFacial/proyecto_definitivo/admin/files/videos_registro_videos/otraprueba_2.avi
OpenCV(4.5.3) /tmp/pip-req-build-dwj9trv5/opencv/modules/imgproc/src/resize.cpp:4051: error: (-215:Assertion failed) !ssize.empty() in function 'resize'

cara encontrada en: /var/www/html/reconocimientoFacial/proyecto_definitivo/admin/files/videos_registro_videos/otraprueba_2.avi
OpenCV(4.5.3) /tmp/pip-req-build-dwj9trv5/opencv/modules/imgproc/src/resize.cpp:4051: error: (-215:Assertion failed) !ssize.empty() in function 'resize'

cara encontrada en: /var/www/html/reconocimientoFacial/proyecto_definitivo/admin/files/videos_registro_videos/otraprueba_2.avi
OpenCV(4.5.3) /tmp/pip-req-build-dwj9trv5/opencv/modules/imgproc/src/resize.cpp:4051: error: (-215:Assertion failed) !ssize.empty() in function 'resize'

cara encontrada en: /var/www/html/reconocimientoFacial/proyecto_definitivo/admin/files/videos_registro_videos/otraprueba_2.avi
OpenCV(4.5.3) /tmp/pip-req-build-dwj9trv5/opencv/modules/imgproc/src/resize.cpp:4051: error: (-215:Assertion failed) !ssize.empty() in function 'resize'

cara encontrada en: /var/www/html/reconocimientoFacial/proyecto_definitivo/admin/files/videos_registro_videos/otraprueba_2.avi
cara guardada en /otraprueba_2.avi_2_6.073806047439575.jpg con esta confidence:0.74928325
cara encontrada en: /var/www/html/reconocimientoFacial/proyecto_definitivo/admin/files/videos_registro_videos/otraprueba_2.avi
OpenCV(4.5.3) /tmp/pip-req-build-dwj9trv5/opencv/modules/imgproc/src/resize.cpp:4051: error: (-215:Assertion failed) !ssize.empty() in function 'resize'

cara encontrada en: /var/www/html/reconocimientoFacial/proyecto_definitivo/admin/files/videos_registro_videos/otraprueba_2.avi
cara guardada en /otraprueba_2.avi_2_6.143836975097656.jpg con esta confidence:0.695519
voy(2) leyendo el video..
tenemos(2) frame k lo guardo ..
voy(2) leyendo el video..
tenemos(2) frame k lo guardo ..
voy(2) leyendo el video..
tenemos(2) frame k lo guardo ..
cara encontrada en: /var/www/html/reconocimientoFacial/proyecto_definitivo/admin/files/videos_registro_videos/otraprueba_2.avi
OpenCV(4.5.3) /tmp/pip-req-build-dwj9trv5/opencv/modules/imgproc/src/resize.cpp:4051: error: (-215:Assertion failed) !ssize.empty() in function 'resize'

cara encontrada en: /var/www/html/reconocimientoFacial/proyecto_definitivo/admin/files/videos_registro_videos/otraprueba_2.avi
OpenCV(4.5.3) /tmp/pip-req-build-dwj9trv5/opencv/modules/imgproc/src/resize.cpp:4051: error: (-215:Assertion failed) !ssize.empty() in function 'resize'

cara encontrada en: /var/www/html/reconocimientoFacial/proyecto_definitivo/admin/files/videos_registro_videos/otraprueba_2.avi
OpenCV(4.5.3) /tmp/pip-req-build-dwj9trv5/opencv/modules/imgproc/src/resize.cpp:4051: error: (-215:Assertion failed) !ssize.empty() in function 'resize'

cara encontrada en: /var/www/html/reconocimientoFacial/proyecto_definitivo/admin/files/videos_registro_videos/otraprueba_2.avi
OpenCV(4.5.3) /tmp/pip-req-build-dwj9trv5/opencv/modules/imgproc/src/resize.cpp:4051: error: (-215:Assertion failed) !ssize.empty() in function 'resize'

cara encontrada en: /var/www/html/reconocimientoFacial/proyecto_definitivo/admin/files/videos_registro_videos/otraprueba_2.avi
OpenCV(4.5.3) /tmp/pip-req-build-dwj9trv5/opencv/modules/imgproc/src/resize.cpp:4051: error: (-215:Assertion failed) !ssize.empty() in function 'resize'

cara encontrada en: /var/www/html/reconocimientoFacial/proyecto_definitivo/admin/files/videos_registro_videos/otraprueba_2.avi
OpenCV(4.5.3) /tmp/pip-req-build-dwj9trv5/opencv/modules/imgproc/src/resize.cpp:4051: error: (-215:Assertion failed) !ssize.empty() in function 'resize'

cara encontrada en: /var/www/html/reconocimientoFacial/proyecto_definitivo/admin/files/videos_registro_videos/otraprueba_2.avi
OpenCV(4.5.3) /tmp/pip-req-build-dwj9trv5/opencv/modules/imgproc/src/resize.cpp:4051: error: (-215:Assertion failed) !ssize.empty() in function 'resize'

cara encontrada en: /var/www/html/reconocimientoFacial/proyecto_definitivo/admin/files/videos_registro_videos/otraprueba_2.avi
OpenCV(4.5.3) /tmp/pip-req-build-dwj9trv5/opencv/modules/imgproc/src/resize.cpp:4051: error: (-215:Assertion failed) !ssize.empty() in function 'resize'

cara encontrada en: /var/www/html/reconocimientoFacial/proyecto_definitivo/admin/files/videos_registro_videos/otraprueba_2.avi
OpenCV(4.5.3) /tmp/pip-req-build-dwj9trv5/opencv/modules/imgproc/src/resize.cpp:4051: error: (-215:Assertion failed) !ssize.empty() in function 'resize'

cara encontrada en: /var/www/html/reconocimientoFacial/proyecto_definitivo/admin/files/videos_registro_videos/otraprueba_2.avi
cara guardada en /otraprueba_2.avi_2_7.73714280128479.jpg con esta confidence:0.73807764
voy(2) leyendo el video..
tenemos(2) frame k lo guardo ..
voy(2) leyendo el video..
tenemos(2) frame k lo guardo ..
voy(2) leyendo el video..
tenemos(2) frame k lo guardo ..
cara encontrada en: /var/www/html/reconocimientoFacial/proyecto_definitivo/admin/files/videos_registro_videos/otraprueba_2.avi
OpenCV(4.5.3) /tmp/pip-req-build-dwj9trv5/opencv/modules/imgproc/src/resize.cpp:4051: error: (-215:Assertion failed) !ssize.empty() in function 'resize'

cara encontrada en: /var/www/html/reconocimientoFacial/proyecto_definitivo/admin/files/videos_registro_videos/otraprueba_2.avi
OpenCV(4.5.3) /tmp/pip-req-build-dwj9trv5/opencv/modules/imgproc/src/resize.cpp:4051: error: (-215:Assertion failed) !ssize.empty() in function 'resize'

cara encontrada en: /var/www/html/reconocimientoFacial/proyecto_definitivo/admin/files/videos_registro_videos/otraprueba_2.avi
OpenCV(4.5.3) /tmp/pip-req-build-dwj9trv5/opencv/modules/imgproc/src/resize.cpp:4051: error: (-215:Assertion failed) !ssize.empty() in function 'resize'

cara encontrada en: /var/www/html/reconocimientoFacial/proyecto_definitivo/admin/files/videos_registro_videos/otraprueba_2.avi
OpenCV(4.5.3) /tmp/pip-req-build-dwj9trv5/opencv/modules/imgproc/src/resize.cpp:4051: error: (-215:Assertion failed) !ssize.empty() in function 'resize'

cara encontrada en: /var/www/html/reconocimientoFacial/proyecto_definitivo/admin/files/videos_registro_videos/otraprueba_2.avi
OpenCV(4.5.3) /tmp/pip-req-build-dwj9trv5/opencv/modules/imgproc/src/resize.cpp:4051: error: (-215:Assertion failed) !ssize.empty() in function 'resize'

cara encontrada en: /var/www/html/reconocimientoFacial/proyecto_definitivo/admin/files/videos_registro_videos/otraprueba_2.avi
OpenCV(4.5.3) /tmp/pip-req-build-dwj9trv5/opencv/modules/imgproc/src/resize.cpp:4051: error: (-215:Assertion failed) !ssize.empty() in function 'resize'

cara encontrada en: /var/www/html/reconocimientoFacial/proyecto_definitivo/admin/files/videos_registro_videos/otraprueba_2.avi
OpenCV(4.5.3) /tmp/pip-req-build-dwj9trv5/opencv/modules/imgproc/src/resize.cpp:4051: error: (-215:Assertion failed) !ssize.empty() in function 'resize'

cara encontrada en: /var/www/html/reconocimientoFacial/proyecto_definitivo/admin/files/videos_registro_videos/otraprueba_2.avi
OpenCV(4.5.3) /tmp/pip-req-build-dwj9trv5/opencv/modules/imgproc/src/resize.cpp:4051: error: (-215:Assertion failed) !ssize.empty() in function 'resize'

cara encontrada en: /var/www/html/reconocimientoFacial/proyecto_definitivo/admin/files/videos_registro_videos/otraprueba_2.avi
OpenCV(4.5.3) /tmp/pip-req-build-dwj9trv5/opencv/modules/imgproc/src/resize.cpp:4051: error: (-215:Assertion failed) !ssize.empty() in function 'resize'

cara encontrada en: /var/www/html/reconocimientoFacial/proyecto_definitivo/admin/files/videos_registro_videos/otraprueba_2.avi
OpenCV(4.5.3) /tmp/pip-req-build-dwj9trv5/opencv/modules/imgproc/src/resize.cpp:4051: error: (-215:Assertion failed) !ssize.empty() in function 'resize'

cara encontrada en: /var/www/html/reconocimientoFacial/proyecto_definitivo/admin/files/videos_registro_videos/otraprueba_2.avi
cara guardada en /otraprueba_2.avi_2_9.60237193107605.jpg con esta confidence:0.70184165
voy(2) leyendo el video..
tenemos(2) frame k lo guardo ..
voy(2) leyendo el video..
tenemos(2) frame k lo guardo ..
voy(2) leyendo el video..
tenemos(2) frame k lo guardo ..
cara encontrada en: /var/www/html/reconocimientoFacial/proyecto_definitivo/admin/files/videos_registro_videos/otraprueba_2.avi
OpenCV(4.5.3) /tmp/pip-req-build-dwj9trv5/opencv/modules/imgproc/src/resize.cpp:4051: error: (-215:Assertion failed) !ssize.empty() in function 'resize'

cara encontrada en: /var/www/html/reconocimientoFacial/proyecto_definitivo/admin/files/videos_registro_videos/otraprueba_2.avi
OpenCV(4.5.3) /tmp/pip-req-build-dwj9trv5/opencv/modules/imgproc/src/resize.cpp:4051: error: (-215:Assertion failed) !ssize.empty() in function 'resize'

cara encontrada en: /var/www/html/reconocimientoFacial/proyecto_definitivo/admin/files/videos_registro_videos/otraprueba_2.avi
OpenCV(4.5.3) /tmp/pip-req-build-dwj9trv5/opencv/modules/imgproc/src/resize.cpp:4051: error: (-215:Assertion failed) !ssize.empty() in function 'resize'

cara encontrada en: /var/www/html/reconocimientoFacial/proyecto_definitivo/admin/files/videos_registro_videos/otraprueba_2.avi
OpenCV(4.5.3) /tmp/pip-req-build-dwj9trv5/opencv/modules/imgproc/src/resize.cpp:4051: error: (-215:Assertion failed) !ssize.empty() in function 'resize'

cara encontrada en: /var/www/html/reconocimientoFacial/proyecto_definitivo/admin/files/videos_registro_videos/otraprueba_2.avi
OpenCV(4.5.3) /tmp/pip-req-build-dwj9trv5/opencv/modules/imgproc/src/resize.cpp:4051: error: (-215:Assertion failed) !ssize.empty() in function 'resize'

cara encontrada en: /var/www/html/reconocimientoFacial/proyecto_definitivo/admin/files/videos_registro_videos/otraprueba_2.avi
OpenCV(4.5.3) /tmp/pip-req-build-dwj9trv5/opencv/modules/imgproc/src/resize.cpp:4051: error: (-215:Assertion failed) !ssize.empty() in function 'resize'

cara encontrada en: /var/www/html/reconocimientoFacial/proyecto_definitivo/admin/files/videos_registro_videos/otraprueba_2.avi
OpenCV(4.5.3) /tmp/pip-req-build-dwj9trv5/opencv/modules/imgproc/src/resize.cpp:4051: error: (-215:Assertion failed) !ssize.empty() in function 'resize'

cara encontrada en: /var/www/html/reconocimientoFacial/proyecto_definitivo/admin/files/videos_registro_videos/otraprueba_2.avi
OpenCV(4.5.3) /tmp/pip-req-build-dwj9trv5/opencv/modules/imgproc/src/resize.cpp:4051: error: (-215:Assertion failed) !ssize.empty() in function 'resize'

cara encontrada en: /var/www/html/reconocimientoFacial/proyecto_definitivo/admin/files/videos_registro_videos/otraprueba_2.avi
OpenCV(4.5.3) /tmp/pip-req-build-dwj9trv5/opencv/modules/imgproc/src/resize.cpp:4051: error: (-215:Assertion failed) !ssize.empty() in function 'resize'

cara encontrada en: /var/www/html/reconocimientoFacial/proyecto_definitivo/admin/files/videos_registro_videos/otraprueba_2.avi
OpenCV(4.5.3) /tmp/pip-req-build-dwj9trv5/opencv/modules/imgproc/src/resize.cpp:4051: error: (-215:Assertion failed) !ssize.empty() in function 'resize'

voy(2) leyendo el video..
tenemos(2) frame k lo guardo ..
voy(2) leyendo el video..
tenemos(2) frame k lo guardo ..
voy(2) leyendo el video..
tenemos(2) frame k lo guardo ..
cara encontrada en: /var/www/html/reconocimientoFacial/proyecto_definitivo/admin/files/videos_registro_videos/otraprueba_2.avi
OpenCV(4.5.3) /tmp/pip-req-build-dwj9trv5/opencv/modules/imgproc/src/resize.cpp:4051: error: (-215:Assertion failed) !ssize.empty() in function 'resize'

cara encontrada en: /var/www/html/reconocimientoFacial/proyecto_definitivo/admin/files/videos_registro_videos/otraprueba_2.avi
OpenCV(4.5.3) /tmp/pip-req-build-dwj9trv5/opencv/modules/imgproc/src/resize.cpp:4051: error: (-215:Assertion failed) !ssize.empty() in function 'resize'

cara encontrada en: /var/www/html/reconocimientoFacial/proyecto_definitivo/admin/files/videos_registro_videos/otraprueba_2.avi
OpenCV(4.5.3) /tmp/pip-req-build-dwj9trv5/opencv/modules/imgproc/src/resize.cpp:4051: error: (-215:Assertion failed) !ssize.empty() in function 'resize'

cara encontrada en: /var/www/html/reconocimientoFacial/proyecto_definitivo/admin/files/videos_registro_videos/otraprueba_2.avi
OpenCV(4.5.3) /tmp/pip-req-build-dwj9trv5/opencv/modules/imgproc/src/resize.cpp:4051: error: (-215:Assertion failed) !ssize.empty() in function 'resize'

cara encontrada en: /var/www/html/reconocimientoFacial/proyecto_definitivo/admin/files/videos_registro_videos/otraprueba_2.avi
OpenCV(4.5.3) /tmp/pip-req-build-dwj9trv5/opencv/modules/imgproc/src/resize.cpp:4051: error: (-215:Assertion failed) !ssize.empty() in function 'resize'

cara encontrada en: /var/www/html/reconocimientoFacial/proyecto_definitivo/admin/files/videos_registro_videos/otraprueba_2.avi
OpenCV(4.5.3) /tmp/pip-req-build-dwj9trv5/opencv/modules/imgproc/src/resize.cpp:4051: error: (-215:Assertion failed) !ssize.empty() in function 'resize'

cara encontrada en: /var/www/html/reconocimientoFacial/proyecto_definitivo/admin/files/videos_registro_videos/otraprueba_2.avi
OpenCV(4.5.3) /tmp/pip-req-build-dwj9trv5/opencv/modules/imgproc/src/resize.cpp:4051: error: (-215:Assertion failed) !ssize.empty() in function 'resize'

cara encontrada en: /var/www/html/reconocimientoFacial/proyecto_definitivo/admin/files/videos_registro_videos/otraprueba_2.avi
OpenCV(4.5.3) /tmp/pip-req-build-dwj9trv5/opencv/modules/imgproc/src/resize.cpp:4051: error: (-215:Assertion failed) !ssize.empty() in function 'resize'

cara encontrada en: /var/www/html/reconocimientoFacial/proyecto_definitivo/admin/files/videos_registro_videos/otraprueba_2.avi
OpenCV(4.5.3) /tmp/pip-req-build-dwj9trv5/opencv/modules/imgproc/src/resize.cpp:4051: error: (-215:Assertion failed) !ssize.empty() in function 'resize'

cara encontrada en: /var/www/html/reconocimientoFacial/proyecto_definitivo/admin/files/videos_registro_videos/otraprueba_2.avi
OpenCV(4.5.3) /tmp/pip-req-build-dwj9trv5/opencv/modules/imgproc/src/resize.cpp:4051: error: (-215:Assertion failed) !ssize.empty() in function 'resize'

voy(2) leyendo el video..
tenemos(2) frame k lo guardo ..
voy(2) leyendo el video..
tenemos(2) frame k lo guardo ..
voy(2) leyendo el video..
tenemos(2) frame k lo guardo ..
cara encontrada en: /var/www/html/reconocimientoFacial/proyecto_definitivo/admin/files/videos_registro_videos/otraprueba_2.avi
OpenCV(4.5.3) /tmp/pip-req-build-dwj9trv5/opencv/modules/imgproc/src/resize.cpp:4051: error: (-215:Assertion failed) !ssize.empty() in function 'resize'

cara encontrada en: /var/www/html/reconocimientoFacial/proyecto_definitivo/admin/files/videos_registro_videos/otraprueba_2.avi
OpenCV(4.5.3) /tmp/pip-req-build-dwj9trv5/opencv/modules/imgproc/src/resize.cpp:4051: error: (-215:Assertion failed) !ssize.empty() in function 'resize'

cara encontrada en: /var/www/html/reconocimientoFacial/proyecto_definitivo/admin/files/videos_registro_videos/otraprueba_2.avi
OpenCV(4.5.3) /tmp/pip-req-build-dwj9trv5/opencv/modules/imgproc/src/resize.cpp:4051: error: (-215:Assertion failed) !ssize.empty() in function 'resize'

cara encontrada en: /var/www/html/reconocimientoFacial/proyecto_definitivo/admin/files/videos_registro_videos/otraprueba_2.avi
OpenCV(4.5.3) /tmp/pip-req-build-dwj9trv5/opencv/modules/imgproc/src/resize.cpp:4051: error: (-215:Assertion failed) !ssize.empty() in function 'resize'

cara encontrada en: /var/www/html/reconocimientoFacial/proyecto_definitivo/admin/files/videos_registro_videos/otraprueba_2.avi
OpenCV(4.5.3) /tmp/pip-req-build-dwj9trv5/opencv/modules/imgproc/src/resize.cpp:4051: error: (-215:Assertion failed) !ssize.empty() in function 'resize'

cara encontrada en: /var/www/html/reconocimientoFacial/proyecto_definitivo/admin/files/videos_registro_videos/otraprueba_2.avi
OpenCV(4.5.3) /tmp/pip-req-build-dwj9trv5/opencv/modules/imgproc/src/resize.cpp:4051: error: (-215:Assertion failed) !ssize.empty() in function 'resize'

cara encontrada en: /var/www/html/reconocimientoFacial/proyecto_definitivo/admin/files/videos_registro_videos/otraprueba_2.avi
OpenCV(4.5.3) /tmp/pip-req-build-dwj9trv5/opencv/modules/imgproc/src/resize.cpp:4051: error: (-215:Assertion failed) !ssize.empty() in function 'resize'

cara encontrada en: /var/www/html/reconocimientoFacial/proyecto_definitivo/admin/files/videos_registro_videos/otraprueba_2.avi
OpenCV(4.5.3) /tmp/pip-req-build-dwj9trv5/opencv/modules/imgproc/src/resize.cpp:4051: error: (-215:Assertion failed) !ssize.empty() in function 'resize'

cara encontrada en: /var/www/html/reconocimientoFacial/proyecto_definitivo/admin/files/videos_registro_videos/otraprueba_2.avi
cara guardada en /otraprueba_2.avi_2_16.556061267852783.jpg con esta confidence:0.68752706
voy(2) leyendo el video..
tenemos(2) frame k lo guardo ..
voy(2) leyendo el video..
tenemos(2) frame k lo guardo ..
voy(2) leyendo el video..
tenemos(2) frame k lo guardo ..
cara encontrada en: /var/www/html/reconocimientoFacial/proyecto_definitivo/admin/files/videos_registro_videos/otraprueba_2.avi
OpenCV(4.5.3) /tmp/pip-req-build-dwj9trv5/opencv/modules/imgproc/src/resize.cpp:4051: error: (-215:Assertion failed) !ssize.empty() in function 'resize'

cara encontrada en: /var/www/html/reconocimientoFacial/proyecto_definitivo/admin/files/videos_registro_videos/otraprueba_2.avi
OpenCV(4.5.3) /tmp/pip-req-build-dwj9trv5/opencv/modules/imgproc/src/resize.cpp:4051: error: (-215:Assertion failed) !ssize.empty() in function 'resize'

cara encontrada en: /var/www/html/reconocimientoFacial/proyecto_definitivo/admin/files/videos_registro_videos/otraprueba_2.avi
OpenCV(4.5.3) /tmp/pip-req-build-dwj9trv5/opencv/modules/imgproc/src/resize.cpp:4051: error: (-215:Assertion failed) !ssize.empty() in function 'resize'

cara encontrada en: /var/www/html/reconocimientoFacial/proyecto_definitivo/admin/files/videos_registro_videos/otraprueba_2.avi
OpenCV(4.5.3) /tmp/pip-req-build-dwj9trv5/opencv/modules/imgproc/src/resize.cpp:4051: error: (-215:Assertion failed) !ssize.empty() in function 'resize'

cara encontrada en: /var/www/html/reconocimientoFacial/proyecto_definitivo/admin/files/videos_registro_videos/otraprueba_2.avi
OpenCV(4.5.3) /tmp/pip-req-build-dwj9trv5/opencv/modules/imgproc/src/resize.cpp:4051: error: (-215:Assertion failed) !ssize.empty() in function 'resize'

cara encontrada en: /var/www/html/reconocimientoFacial/proyecto_definitivo/admin/files/videos_registro_videos/otraprueba_2.avi
OpenCV(4.5.3) /tmp/pip-req-build-dwj9trv5/opencv/modules/imgproc/src/resize.cpp:4051: error: (-215:Assertion failed) !ssize.empty() in function 'resize'

cara encontrada en: /var/www/html/reconocimientoFacial/proyecto_definitivo/admin/files/videos_registro_videos/otraprueba_2.avi
OpenCV(4.5.3) /tmp/pip-req-build-dwj9trv5/opencv/modules/imgproc/src/resize.cpp:4051: error: (-215:Assertion failed) !ssize.empty() in function 'resize'

cara encontrada en: /var/www/html/reconocimientoFacial/proyecto_definitivo/admin/files/videos_registro_videos/otraprueba_2.avi
OpenCV(4.5.3) /tmp/pip-req-build-dwj9trv5/opencv/modules/imgproc/src/resize.cpp:4051: error: (-215:Assertion failed) !ssize.empty() in function 'resize'

cara encontrada en: /var/www/html/reconocimientoFacial/proyecto_definitivo/admin/files/videos_registro_videos/otraprueba_2.avi
OpenCV(4.5.3) /tmp/pip-req-build-dwj9trv5/opencv/modules/imgproc/src/resize.cpp:4051: error: (-215:Assertion failed) !ssize.empty() in function 'resize'

voy(2) leyendo el video..
tenemos(2) frame k lo guardo ..
voy(2) leyendo el video..
tenemos(2) frame k lo guardo ..
voy(2) leyendo el video..
tenemos(2) frame k lo guardo ..
cara encontrada en: /var/www/html/reconocimientoFacial/proyecto_definitivo/admin/files/videos_registro_videos/otraprueba_2.avi
OpenCV(4.5.3) /tmp/pip-req-build-dwj9trv5/opencv/modules/imgproc/src/resize.cpp:4051: error: (-215:Assertion failed) !ssize.empty() in function 'resize'

cara encontrada en: /var/www/html/reconocimientoFacial/proyecto_definitivo/admin/files/videos_registro_videos/otraprueba_2.avi
OpenCV(4.5.3) /tmp/pip-req-build-dwj9trv5/opencv/modules/imgproc/src/resize.cpp:4051: error: (-215:Assertion failed) !ssize.empty() in function 'resize'

cara encontrada en: /var/www/html/reconocimientoFacial/proyecto_definitivo/admin/files/videos_registro_videos/otraprueba_2.avi
OpenCV(4.5.3) /tmp/pip-req-build-dwj9trv5/opencv/modules/imgproc/src/resize.cpp:4051: error: (-215:Assertion failed) !ssize.empty() in function 'resize'

cara encontrada en: /var/www/html/reconocimientoFacial/proyecto_definitivo/admin/files/videos_registro_videos/otraprueba_2.avi
OpenCV(4.5.3) /tmp/pip-req-build-dwj9trv5/opencv/modules/imgproc/src/resize.cpp:4051: error: (-215:Assertion failed) !ssize.empty() in function 'resize'

cara encontrada en: /var/www/html/reconocimientoFacial/proyecto_definitivo/admin/files/videos_registro_videos/otraprueba_2.avi
OpenCV(4.5.3) /tmp/pip-req-build-dwj9trv5/opencv/modules/imgproc/src/resize.cpp:4051: error: (-215:Assertion failed) !ssize.empty() in function 'resize'

cara encontrada en: /var/www/html/reconocimientoFacial/proyecto_definitivo/admin/files/videos_registro_videos/otraprueba_2.avi
OpenCV(4.5.3) /tmp/pip-req-build-dwj9trv5/opencv/modules/imgproc/src/resize.cpp:4051: error: (-215:Assertion failed) !ssize.empty() in function 'resize'

cara encontrada en: /var/www/html/reconocimientoFacial/proyecto_definitivo/admin/files/videos_registro_videos/otraprueba_2.avi
OpenCV(4.5.3) /tmp/pip-req-build-dwj9trv5/opencv/modules/imgproc/src/resize.cpp:4051: error: (-215:Assertion failed) !ssize.empty() in function 'resize'

cara encontrada en: /var/www/html/reconocimientoFacial/proyecto_definitivo/admin/files/videos_registro_videos/otraprueba_2.avi
OpenCV(4.5.3) /tmp/pip-req-build-dwj9trv5/opencv/modules/imgproc/src/resize.cpp:4051: error: (-215:Assertion failed) !ssize.empty() in function 'resize'

cara encontrada en: /var/www/html/reconocimientoFacial/proyecto_definitivo/admin/files/videos_registro_videos/otraprueba_2.avi
OpenCV(4.5.3) /tmp/pip-req-build-dwj9trv5/opencv/modules/imgproc/src/resize.cpp:4051: error: (-215:Assertion failed) !ssize.empty() in function 'resize'

voy(2) leyendo el video..
tenemos(2) frame k lo guardo ..
voy(2) leyendo el video..
tenemos(2) frame k lo guardo ..
voy(2) leyendo el video..
tenemos(2) frame k lo guardo ..
cara encontrada en: /var/www/html/reconocimientoFacial/proyecto_definitivo/admin/files/videos_registro_videos/otraprueba_2.avi
OpenCV(4.5.3) /tmp/pip-req-build-dwj9trv5/opencv/modules/imgproc/src/resize.cpp:4051: error: (-215:Assertion failed) !ssize.empty() in function 'resize'

cara encontrada en: /var/www/html/reconocimientoFacial/proyecto_definitivo/admin/files/videos_registro_videos/otraprueba_2.avi
OpenCV(4.5.3) /tmp/pip-req-build-dwj9trv5/opencv/modules/imgproc/src/resize.cpp:4051: error: (-215:Assertion failed) !ssize.empty() in function 'resize'

cara encontrada en: /var/www/html/reconocimientoFacial/proyecto_definitivo/admin/files/videos_registro_videos/otraprueba_2.avi
OpenCV(4.5.3) /tmp/pip-req-build-dwj9trv5/opencv/modules/imgproc/src/resize.cpp:4051: error: (-215:Assertion failed) !ssize.empty() in function 'resize'

cara encontrada en: /var/www/html/reconocimientoFacial/proyecto_definitivo/admin/files/videos_registro_videos/otraprueba_2.avi
OpenCV(4.5.3) /tmp/pip-req-build-dwj9trv5/opencv/modules/imgproc/src/resize.cpp:4051: error: (-215:Assertion failed) !ssize.empty() in function 'resize'

cara encontrada en: /var/www/html/reconocimientoFacial/proyecto_definitivo/admin/files/videos_registro_videos/otraprueba_2.avi
OpenCV(4.5.3) /tmp/pip-req-build-dwj9trv5/opencv/modules/imgproc/src/resize.cpp:4051: error: (-215:Assertion failed) !ssize.empty() in function 'resize'

cara encontrada en: /var/www/html/reconocimientoFacial/proyecto_definitivo/admin/files/videos_registro_videos/otraprueba_2.avi
OpenCV(4.5.3) /tmp/pip-req-build-dwj9trv5/opencv/modules/imgproc/src/resize.cpp:4051: error: (-215:Assertion failed) !ssize.empty() in function 'resize'

cara encontrada en: /var/www/html/reconocimientoFacial/proyecto_definitivo/admin/files/videos_registro_videos/otraprueba_2.avi
OpenCV(4.5.3) /tmp/pip-req-build-dwj9trv5/opencv/modules/imgproc/src/resize.cpp:4051: error: (-215:Assertion failed) !ssize.empty() in function 'resize'

cara encontrada en: /var/www/html/reconocimientoFacial/proyecto_definitivo/admin/files/videos_registro_videos/otraprueba_2.avi
OpenCV(4.5.3) /tmp/pip-req-build-dwj9trv5/opencv/modules/imgproc/src/resize.cpp:4051: error: (-215:Assertion failed) !ssize.empty() in function 'resize'

cara encontrada en: /var/www/html/reconocimientoFacial/proyecto_definitivo/admin/files/videos_registro_videos/otraprueba_2.avi
OpenCV(4.5.3) /tmp/pip-req-build-dwj9trv5/opencv/modules/imgproc/src/resize.cpp:4051: error: (-215:Assertion failed) !ssize.empty() in function 'resize'

voy(2) leyendo el video..
tenemos(2) frame k lo guardo ..
voy(2) leyendo el video..
tenemos(2) frame k lo guardo ..
voy(2) leyendo el video..
tenemos(2) frame k lo guardo ..
cara encontrada en: /var/www/html/reconocimientoFacial/proyecto_definitivo/admin/files/videos_registro_videos/otraprueba_2.avi
OpenCV(4.5.3) /tmp/pip-req-build-dwj9trv5/opencv/modules/imgproc/src/resize.cpp:4051: error: (-215:Assertion failed) !ssize.empty() in function 'resize'

cara encontrada en: /var/www/html/reconocimientoFacial/proyecto_definitivo/admin/files/videos_registro_videos/otraprueba_2.avi
OpenCV(4.5.3) /tmp/pip-req-build-dwj9trv5/opencv/modules/imgproc/src/resize.cpp:4051: error: (-215:Assertion failed) !ssize.empty() in function 'resize'

cara encontrada en: /var/www/html/reconocimientoFacial/proyecto_definitivo/admin/files/videos_registro_videos/otraprueba_2.avi
OpenCV(4.5.3) /tmp/pip-req-build-dwj9trv5/opencv/modules/imgproc/src/resize.cpp:4051: error: (-215:Assertion failed) !ssize.empty() in function 'resize'

cara encontrada en: /var/www/html/reconocimientoFacial/proyecto_definitivo/admin/files/videos_registro_videos/otraprueba_2.avi
OpenCV(4.5.3) /tmp/pip-req-build-dwj9trv5/opencv/modules/imgproc/src/resize.cpp:4051: error: (-215:Assertion failed) !ssize.empty() in function 'resize'

cara encontrada en: /var/www/html/reconocimientoFacial/proyecto_definitivo/admin/files/videos_registro_videos/otraprueba_2.avi
OpenCV(4.5.3) /tmp/pip-req-build-dwj9trv5/opencv/modules/imgproc/src/resize.cpp:4051: error: (-215:Assertion failed) !ssize.empty() in function 'resize'

cara encontrada en: /var/www/html/reconocimientoFacial/proyecto_definitivo/admin/files/videos_registro_videos/otraprueba_2.avi
OpenCV(4.5.3) /tmp/pip-req-build-dwj9trv5/opencv/modules/imgproc/src/resize.cpp:4051: error: (-215:Assertion failed) !ssize.empty() in function 'resize'

cara encontrada en: /var/www/html/reconocimientoFacial/proyecto_definitivo/admin/files/videos_registro_videos/otraprueba_2.avi
OpenCV(4.5.3) /tmp/pip-req-build-dwj9trv5/opencv/modules/imgproc/src/resize.cpp:4051: error: (-215:Assertion failed) !ssize.empty() in function 'resize'

cara encontrada en: /var/www/html/reconocimientoFacial/proyecto_definitivo/admin/files/videos_registro_videos/otraprueba_2.avi
OpenCV(4.5.3) /tmp/pip-req-build-dwj9trv5/opencv/modules/imgproc/src/resize.cpp:4051: error: (-215:Assertion failed) !ssize.empty() in function 'resize'

cara encontrada en: /var/www/html/reconocimientoFacial/proyecto_definitivo/admin/files/videos_registro_videos/otraprueba_2.avi
OpenCV(4.5.3) /tmp/pip-req-build-dwj9trv5/opencv/modules/imgproc/src/resize.cpp:4051: error: (-215:Assertion failed) !ssize.empty() in function 'resize'

voy(2) leyendo el video..
tenemos(2) frame k lo guardo ..
voy(2) leyendo el video..
tenemos(2) frame k lo guardo ..
voy(2) leyendo el video..
tenemos(2) frame k lo guardo ..
cara encontrada en: /var/www/html/reconocimientoFacial/proyecto_definitivo/admin/files/videos_registro_videos/otraprueba_2.avi
OpenCV(4.5.3) /tmp/pip-req-build-dwj9trv5/opencv/modules/imgproc/src/resize.cpp:4051: error: (-215:Assertion failed) !ssize.empty() in function 'resize'

cara encontrada en: /var/www/html/reconocimientoFacial/proyecto_definitivo/admin/files/videos_registro_videos/otraprueba_2.avi
OpenCV(4.5.3) /tmp/pip-req-build-dwj9trv5/opencv/modules/imgproc/src/resize.cpp:4051: error: (-215:Assertion failed) !ssize.empty() in function 'resize'

cara encontrada en: /var/www/html/reconocimientoFacial/proyecto_definitivo/admin/files/videos_registro_videos/otraprueba_2.avi
OpenCV(4.5.3) /tmp/pip-req-build-dwj9trv5/opencv/modules/imgproc/src/resize.cpp:4051: error: (-215:Assertion failed) !ssize.empty() in function 'resize'

cara encontrada en: /var/www/html/reconocimientoFacial/proyecto_definitivo/admin/files/videos_registro_videos/otraprueba_2.avi
OpenCV(4.5.3) /tmp/pip-req-build-dwj9trv5/opencv/modules/imgproc/src/resize.cpp:4051: error: (-215:Assertion failed) !ssize.empty() in function 'resize'

cara encontrada en: /var/www/html/reconocimientoFacial/proyecto_definitivo/admin/files/videos_registro_videos/otraprueba_2.avi
OpenCV(4.5.3) /tmp/pip-req-build-dwj9trv5/opencv/modules/imgproc/src/resize.cpp:4051: error: (-215:Assertion failed) !ssize.empty() in function 'resize'

cara encontrada en: /var/www/html/reconocimientoFacial/proyecto_definitivo/admin/files/videos_registro_videos/otraprueba_2.avi
OpenCV(4.5.3) /tmp/pip-req-build-dwj9trv5/opencv/modules/imgproc/src/resize.cpp:4051: error: (-215:Assertion failed) !ssize.empty() in function 'resize'

cara encontrada en: /var/www/html/reconocimientoFacial/proyecto_definitivo/admin/files/videos_registro_videos/otraprueba_2.avi
OpenCV(4.5.3) /tmp/pip-req-build-dwj9trv5/opencv/modules/imgproc/src/resize.cpp:4051: error: (-215:Assertion failed) !ssize.empty() in function 'resize'

cara encontrada en: /var/www/html/reconocimientoFacial/proyecto_definitivo/admin/files/videos_registro_videos/otraprueba_2.avi
OpenCV(4.5.3) /tmp/pip-req-build-dwj9trv5/opencv/modules/imgproc/src/resize.cpp:4051: error: (-215:Assertion failed) !ssize.empty() in function 'resize'

cara encontrada en: /var/www/html/reconocimientoFacial/proyecto_definitivo/admin/files/videos_registro_videos/otraprueba_2.avi
OpenCV(4.5.3) /tmp/pip-req-build-dwj9trv5/opencv/modules/imgproc/src/resize.cpp:4051: error: (-215:Assertion failed) !ssize.empty() in function 'resize'

voy(2) leyendo el video..
tenemos(2) frame k lo guardo ..
voy(2) leyendo el video..
tenemos(2) frame k lo guardo ..
voy(2) leyendo el video..
tenemos(2) frame k lo guardo ..
cara encontrada en: /var/www/html/reconocimientoFacial/proyecto_definitivo/admin/files/videos_registro_videos/otraprueba_2.avi
OpenCV(4.5.3) /tmp/pip-req-build-dwj9trv5/opencv/modules/imgproc/src/resize.cpp:4051: error: (-215:Assertion failed) !ssize.empty() in function 'resize'

cara encontrada en: /var/www/html/reconocimientoFacial/proyecto_definitivo/admin/files/videos_registro_videos/otraprueba_2.avi
OpenCV(4.5.3) /tmp/pip-req-build-dwj9trv5/opencv/modules/imgproc/src/resize.cpp:4051: error: (-215:Assertion failed) !ssize.empty() in function 'resize'

cara encontrada en: /var/www/html/reconocimientoFacial/proyecto_definitivo/admin/files/videos_registro_videos/otraprueba_2.avi
OpenCV(4.5.3) /tmp/pip-req-build-dwj9trv5/opencv/modules/imgproc/src/resize.cpp:4051: error: (-215:Assertion failed) !ssize.empty() in function 'resize'

cara encontrada en: /var/www/html/reconocimientoFacial/proyecto_definitivo/admin/files/videos_registro_videos/otraprueba_2.avi
OpenCV(4.5.3) /tmp/pip-req-build-dwj9trv5/opencv/modules/imgproc/src/resize.cpp:4051: error: (-215:Assertion failed) !ssize.empty() in function 'resize'

cara encontrada en: /var/www/html/reconocimientoFacial/proyecto_definitivo/admin/files/videos_registro_videos/otraprueba_2.avi
OpenCV(4.5.3) /tmp/pip-req-build-dwj9trv5/opencv/modules/imgproc/src/resize.cpp:4051: error: (-215:Assertion failed) !ssize.empty() in function 'resize'

cara encontrada en: /var/www/html/reconocimientoFacial/proyecto_definitivo/admin/files/videos_registro_videos/otraprueba_2.avi
OpenCV(4.5.3) /tmp/pip-req-build-dwj9trv5/opencv/modules/imgproc/src/resize.cpp:4051: error: (-215:Assertion failed) !ssize.empty() in function 'resize'

cara encontrada en: /var/www/html/reconocimientoFacial/proyecto_definitivo/admin/files/videos_registro_videos/otraprueba_2.avi
OpenCV(4.5.3) /tmp/pip-req-build-dwj9trv5/opencv/modules/imgproc/src/resize.cpp:4051: error: (-215:Assertion failed) !ssize.empty() in function 'resize'

cara encontrada en: /var/www/html/reconocimientoFacial/proyecto_definitivo/admin/files/videos_registro_videos/otraprueba_2.avi
cara guardada en /otraprueba_2.avi_2_32.62468433380127.jpg con esta confidence:0.7177893
voy(2) leyendo el video..
tenemos(2) frame k lo guardo ..
voy(2) leyendo el video..
tenemos(2) frame k lo guardo ..
voy(2) leyendo el video..
tenemos(2) frame k lo guardo ..
cara encontrada en: /var/www/html/reconocimientoFacial/proyecto_definitivo/admin/files/videos_registro_videos/otraprueba_2.avi
OpenCV(4.5.3) /tmp/pip-req-build-dwj9trv5/opencv/modules/imgproc/src/resize.cpp:4051: error: (-215:Assertion failed) !ssize.empty() in function 'resize'

cara encontrada en: /var/www/html/reconocimientoFacial/proyecto_definitivo/admin/files/videos_registro_videos/otraprueba_2.avi
OpenCV(4.5.3) /tmp/pip-req-build-dwj9trv5/opencv/modules/imgproc/src/resize.cpp:4051: error: (-215:Assertion failed) !ssize.empty() in function 'resize'

cara encontrada en: /var/www/html/reconocimientoFacial/proyecto_definitivo/admin/files/videos_registro_videos/otraprueba_2.avi
OpenCV(4.5.3) /tmp/pip-req-build-dwj9trv5/opencv/modules/imgproc/src/resize.cpp:4051: error: (-215:Assertion failed) !ssize.empty() in function 'resize'

cara encontrada en: /var/www/html/reconocimientoFacial/proyecto_definitivo/admin/files/videos_registro_videos/otraprueba_2.avi
OpenCV(4.5.3) /tmp/pip-req-build-dwj9trv5/opencv/modules/imgproc/src/resize.cpp:4051: error: (-215:Assertion failed) !ssize.empty() in function 'resize'

cara encontrada en: /var/www/html/reconocimientoFacial/proyecto_definitivo/admin/files/videos_registro_videos/otraprueba_2.avi
OpenCV(4.5.3) /tmp/pip-req-build-dwj9trv5/opencv/modules/imgproc/src/resize.cpp:4051: error: (-215:Assertion failed) !ssize.empty() in function 'resize'

cara encontrada en: /var/www/html/reconocimientoFacial/proyecto_definitivo/admin/files/videos_registro_videos/otraprueba_2.avi
OpenCV(4.5.3) /tmp/pip-req-build-dwj9trv5/opencv/modules/imgproc/src/resize.cpp:4051: error: (-215:Assertion failed) !ssize.empty() in function 'resize'

cara encontrada en: /var/www/html/reconocimientoFacial/proyecto_definitivo/admin/files/videos_registro_videos/otraprueba_2.avi
OpenCV(4.5.3) /tmp/pip-req-build-dwj9trv5/opencv/modules/imgproc/src/resize.cpp:4051: error: (-215:Assertion failed) !ssize.empty() in function 'resize'

cara encontrada en: /var/www/html/reconocimientoFacial/proyecto_definitivo/admin/files/videos_registro_videos/otraprueba_2.avi
OpenCV(4.5.3) /tmp/pip-req-build-dwj9trv5/opencv/modules/imgproc/src/resize.cpp:4051: error: (-215:Assertion failed) !ssize.empty() in function 'resize'

cara encontrada en: /var/www/html/reconocimientoFacial/proyecto_definitivo/admin/files/videos_registro_videos/otraprueba_2.avi
OpenCV(4.5.3) /tmp/pip-req-build-dwj9trv5/opencv/modules/imgproc/src/resize.cpp:4051: error: (-215:Assertion failed) !ssize.empty() in function 'resize'

voy(2) leyendo el video..
tenemos(2) frame k lo guardo ..
voy(2) leyendo el video..
tenemos(2) frame k lo guardo ..
voy(2) leyendo el video..
tenemos(2) frame k lo guardo ..
cara encontrada en: /var/www/html/reconocimientoFacial/proyecto_definitivo/admin/files/videos_registro_videos/otraprueba_2.avi
OpenCV(4.5.3) /tmp/pip-req-build-dwj9trv5/opencv/modules/imgproc/src/resize.cpp:4051: error: (-215:Assertion failed) !ssize.empty() in function 'resize'

cara encontrada en: /var/www/html/reconocimientoFacial/proyecto_definitivo/admin/files/videos_registro_videos/otraprueba_2.avi
OpenCV(4.5.3) /tmp/pip-req-build-dwj9trv5/opencv/modules/imgproc/src/resize.cpp:4051: error: (-215:Assertion failed) !ssize.empty() in function 'resize'

cara encontrada en: /var/www/html/reconocimientoFacial/proyecto_definitivo/admin/files/videos_registro_videos/otraprueba_2.avi
OpenCV(4.5.3) /tmp/pip-req-build-dwj9trv5/opencv/modules/imgproc/src/resize.cpp:4051: error: (-215:Assertion failed) !ssize.empty() in function 'resize'

cara encontrada en: /var/www/html/reconocimientoFacial/proyecto_definitivo/admin/files/videos_registro_videos/otraprueba_2.avi
OpenCV(4.5.3) /tmp/pip-req-build-dwj9trv5/opencv/modules/imgproc/src/resize.cpp:4051: error: (-215:Assertion failed) !ssize.empty() in function 'resize'

cara encontrada en: /var/www/html/reconocimientoFacial/proyecto_definitivo/admin/files/videos_registro_videos/otraprueba_2.avi
OpenCV(4.5.3) /tmp/pip-req-build-dwj9trv5/opencv/modules/imgproc/src/resize.cpp:4051: error: (-215:Assertion failed) !ssize.empty() in function 'resize'

cara encontrada en: /var/www/html/reconocimientoFacial/proyecto_definitivo/admin/files/videos_registro_videos/otraprueba_2.avi
OpenCV(4.5.3) /tmp/pip-req-build-dwj9trv5/opencv/modules/imgproc/src/resize.cpp:4051: error: (-215:Assertion failed) !ssize.empty() in function 'resize'

cara encontrada en: /var/www/html/reconocimientoFacial/proyecto_definitivo/admin/files/videos_registro_videos/otraprueba_2.avi
OpenCV(4.5.3) /tmp/pip-req-build-dwj9trv5/opencv/modules/imgproc/src/resize.cpp:4051: error: (-215:Assertion failed) !ssize.empty() in function 'resize'

cara encontrada en: /var/www/html/reconocimientoFacial/proyecto_definitivo/admin/files/videos_registro_videos/otraprueba_2.avi
OpenCV(4.5.3) /tmp/pip-req-build-dwj9trv5/opencv/modules/imgproc/src/resize.cpp:4051: error: (-215:Assertion failed) !ssize.empty() in function 'resize'

cara encontrada en: /var/www/html/reconocimientoFacial/proyecto_definitivo/admin/files/videos_registro_videos/otraprueba_2.avi
OpenCV(4.5.3) /tmp/pip-req-build-dwj9trv5/opencv/modules/imgproc/src/resize.cpp:4051: error: (-215:Assertion failed) !ssize.empty() in function 'resize'

cara encontrada en: /var/www/html/reconocimientoFacial/proyecto_definitivo/admin/files/videos_registro_videos/otraprueba_2.avi
cara guardada en /otraprueba_2.avi_2_37.6139554977417.jpg con esta confidence:0.6936868
voy(2) leyendo el video..
tenemos(2) frame k lo guardo ..
voy(2) leyendo el video..
tenemos(2) frame k lo guardo ..
voy(2) leyendo el video..
tenemos(2) frame k lo guardo ..
cara encontrada en: /var/www/html/reconocimientoFacial/proyecto_definitivo/admin/files/videos_registro_videos/otraprueba_2.avi
OpenCV(4.5.3) /tmp/pip-req-build-dwj9trv5/opencv/modules/imgproc/src/resize.cpp:4051: error: (-215:Assertion failed) !ssize.empty() in function 'resize'

cara encontrada en: /var/www/html/reconocimientoFacial/proyecto_definitivo/admin/files/videos_registro_videos/otraprueba_2.avi
OpenCV(4.5.3) /tmp/pip-req-build-dwj9trv5/opencv/modules/imgproc/src/resize.cpp:4051: error: (-215:Assertion failed) !ssize.empty() in function 'resize'

cara encontrada en: /var/www/html/reconocimientoFacial/proyecto_definitivo/admin/files/videos_registro_videos/otraprueba_2.avi
OpenCV(4.5.3) /tmp/pip-req-build-dwj9trv5/opencv/modules/imgproc/src/resize.cpp:4051: error: (-215:Assertion failed) !ssize.empty() in function 'resize'

cara encontrada en: /var/www/html/reconocimientoFacial/proyecto_definitivo/admin/files/videos_registro_videos/otraprueba_2.avi
OpenCV(4.5.3) /tmp/pip-req-build-dwj9trv5/opencv/modules/imgproc/src/resize.cpp:4051: error: (-215:Assertion failed) !ssize.empty() in function 'resize'

cara encontrada en: /var/www/html/reconocimientoFacial/proyecto_definitivo/admin/files/videos_registro_videos/otraprueba_2.avi
OpenCV(4.5.3) /tmp/pip-req-build-dwj9trv5/opencv/modules/imgproc/src/resize.cpp:4051: error: (-215:Assertion failed) !ssize.empty() in function 'resize'

cara encontrada en: /var/www/html/reconocimientoFacial/proyecto_definitivo/admin/files/videos_registro_videos/otraprueba_2.avi
OpenCV(4.5.3) /tmp/pip-req-build-dwj9trv5/opencv/modules/imgproc/src/resize.cpp:4051: error: (-215:Assertion failed) !ssize.empty() in function 'resize'

cara encontrada en: /var/www/html/reconocimientoFacial/proyecto_definitivo/admin/files/videos_registro_videos/otraprueba_2.avi
OpenCV(4.5.3) /tmp/pip-req-build-dwj9trv5/opencv/modules/imgproc/src/resize.cpp:4051: error: (-215:Assertion failed) !ssize.empty() in function 'resize'

cara encontrada en: /var/www/html/reconocimientoFacial/proyecto_definitivo/admin/files/videos_registro_videos/otraprueba_2.avi
OpenCV(4.5.3) /tmp/pip-req-build-dwj9trv5/opencv/modules/imgproc/src/resize.cpp:4051: error: (-215:Assertion failed) !ssize.empty() in function 'resize'

cara encontrada en: /var/www/html/reconocimientoFacial/proyecto_definitivo/admin/files/videos_registro_videos/otraprueba_2.avi
OpenCV(4.5.3) /tmp/pip-req-build-dwj9trv5/opencv/modules/imgproc/src/resize.cpp:4051: error: (-215:Assertion failed) !ssize.empty() in function 'resize'

cara encontrada en: /var/www/html/reconocimientoFacial/proyecto_definitivo/admin/files/videos_registro_videos/otraprueba_2.avi
OpenCV(4.5.3) /tmp/pip-req-build-dwj9trv5/opencv/modules/imgproc/src/resize.cpp:4051: error: (-215:Assertion failed) !ssize.empty() in function 'resize'

voy(2) leyendo el video..
tenemos(2) frame k lo guardo ..
voy(2) leyendo el video..
Llego al final y remuevo el video!
Tiempo de analizar el video:40.21057939529419
