--->/var/www/html/reconocimientoFacial/proyecto_definitivo/motor/caras/sinclasificar_videos/
-------------------
analizando:otraprueba_18.avi_18_17.629871129989624.jpg
ultimos 7:9624.jpg
-------------------
analizando:otraprueba_11.avi_11_17.018608808517456.jpg
ultimos 7:7456.jpg
-------------------
analizando:otraprueba_2.avi_2_15.201459407806396.jpg
ultimos 7:6396.jpg
-------------------
analizando:otraprueba_15.avi_15_41.261945962905884.jpg
ultimos 7:5884.jpg
-------------------
analizando:otraprueba_5.avi_5_40.80790305137634.jpg
ultimos 7:7634.jpg
-------------------
analizando:otraprueba_17.avi_17_17.879980325698853.jpg
ultimos 7:8853.jpg
paso4!!
deberia a continua
Es enfocada de momento:/var/www/html/reconocimientoFacial/proyecto_definitivo/motor/caras/sinclasificar_videos/otraprueba_17.avi_17_17.879980325698853.jpg
es cara1 y enfocada:/var/www/html/reconocimientoFacial/proyecto_definitivo/motor/caras/sinclasificar_videos/otraprueba_17.avi_17_17.879980325698853.jpg
Esta imagen SI tiene caras reconocibles por que tiene encodings
Esta imagen SI tiene caras2!!!
Perfecto, supera todos los filtros
La imagen es buena, voy a ponerla en su correspondiente carpeta, para conservarla: /var/www/html/reconocimientoFacial/proyecto_definitivo/motor/caras/sinclasificar_videos/otraprueba_17.avi_17_17.879980325698853.jpg
Ya existia la ruta:/var/www/html/reconocimientoFacial/proyecto_definitivo/motor/caras/1/0/SgkcLylC5UlBuN1k0sCyLvncp
He copiado de aki: /var/www/html/reconocimientoFacial/proyecto_definitivo/motor/caras/sinclasificar_videos/otraprueba_17.avi_17_17.879980325698853.jpg a aki: SgkcLylC5UlBuN1k0sCyLvncp/otraprueba_17.avi_17_17.879980325698853.jpg_bEH6JeifgWVrOFex6qiazSvQFb.jpg
-------------------
analizando:otraprueba_15.avi_15_6.494529485702515.jpg
ultimos 7:2515.jpg
-------------------
analizando:otraprueba_22.avi_22_27.47612977027893.jpg
ultimos 7:7893.jpg
-------------------
analizando:otraprueba_24.avi_24_33.28378963470459.jpg
ultimos 7:0459.jpg
paso4!!
deberia a continua
Es enfocada de momento:/var/www/html/reconocimientoFacial/proyecto_definitivo/motor/caras/sinclasificar_videos/otraprueba_24.avi_24_33.28378963470459.jpg
es cara1 y enfocada:/var/www/html/reconocimientoFacial/proyecto_definitivo/motor/caras/sinclasificar_videos/otraprueba_24.avi_24_33.28378963470459.jpg
Esta imagen no tiene caras1 por que no tiene encodings
remuevo la imagen pues no supero los filtros y no se va a usar: /var/www/html/reconocimientoFacial/proyecto_definitivo/motor/caras/sinclasificar_videos/otraprueba_24.avi_24_33.28378963470459.jpg
-------------------
analizando:otraprueba_21.avi_21_15.13411545753479.jpg
ultimos 7:3479.jpg
-------------------
analizando:otraprueba_17.avi_17_27.827510595321655.jpg
ultimos 7:1655.jpg
-------------------
analizando:otraprueba_2.avi_2_4.299123525619507.jpg
ultimos 7:9507.jpg
-------------------
analizando:otraprueba_23.avi_23_10.423403263092041.jpg
ultimos 7:2041.jpg
-------------------
analizando:otraprueba_20.avi_20_27.84756350517273.jpg
ultimos 7:7273.jpg
-------------------
analizando:otraprueba_8.avi_8_1.4975883960723877.jpg
ultimos 7:3877.jpg
-------------------
analizando:otraprueba_10.avi_10_5.705543279647827.jpg
ultimos 7:7827.jpg
-------------------
analizando:otraprueba_24.avi_24_10.70527720451355.jpg
ultimos 7:1355.jpg
-------------------
analizando:otraprueba_14.avi_14_4.133330821990967.jpg
ultimos 7:0967.jpg
-------------------
analizando:otraprueba_16.avi_16_20.76548433303833.jpg
ultimos 7:3833.jpg
-------------------
analizando:otraprueba_15.avi_15_38.75603222846985.jpg
ultimos 7:6985.jpg
-------------------
analizando:otraprueba_10.avi_10_26.346418857574463.jpg
ultimos 7:4463.jpg
-------------------
analizando:otraprueba_14.avi_14_13.921695947647095.jpg
ultimos 7:7095.jpg
-------------------
analizando:otraprueba_10.avi_10_3.903695821762085.jpg
ultimos 7:2085.jpg
-------------------
analizando:otraprueba_15.avi_15_41.28982925415039.jpg
ultimos 7:5039.jpg
-------------------
analizando:otraprueba_17.avi_17_15.099650144577026.jpg
ultimos 7:7026.jpg
-------------------
analizando:otraprueba_15.avi_15_40.113853454589844.jpg
ultimos 7:9844.jpg
-------------------
analizando:otraprueba_9.avi_9_37.733349561691284.jpg
ultimos 7:1284.jpg
-------------------
analizando:otraprueba_20.avi_20_27.770761013031006.jpg
ultimos 7:1006.jpg
-------------------
analizando:otraprueba_4.avi_4_40.787205934524536.jpg
ultimos 7:4536.jpg
-------------------
analizando:otraprueba_15.avi_15_27.266868591308594.jpg
ultimos 7:8594.jpg
-------------------
analizando:otraprueba_10.avi_10_29.045832872390747.jpg
ultimos 7:0747.jpg
-------------------
analizando:otraprueba_16.avi_16_37.743693590164185.jpg
ultimos 7:4185.jpg
-------------------
analizando:otraprueba_3.avi_3_24.02699375152588.jpg
ultimos 7:2588.jpg
-------------------
analizando:otraprueba_3.avi_3_31.748878955841064.jpg
ultimos 7:1064.jpg
-------------------
analizando:otraprueba_4.avi_4_25.973819255828857.jpg
ultimos 7:8857.jpg
paso4!!
deberia a continua
Es enfocada de momento:/var/www/html/reconocimientoFacial/proyecto_definitivo/motor/caras/sinclasificar_videos/otraprueba_4.avi_4_25.973819255828857.jpg
es cara1 y enfocada:/var/www/html/reconocimientoFacial/proyecto_definitivo/motor/caras/sinclasificar_videos/otraprueba_4.avi_4_25.973819255828857.jpg
Esta imagen no tiene caras1 por que no tiene encodings
remuevo la imagen pues no supero los filtros y no se va a usar: /var/www/html/reconocimientoFacial/proyecto_definitivo/motor/caras/sinclasificar_videos/otraprueba_4.avi_4_25.973819255828857.jpg
-------------------
analizando:otraprueba_6.avi_6_27.977291107177734.jpg
ultimos 7:7734.jpg
-------------------
analizando:otraprueba_21.avi_21_33.05731129646301.jpg
ultimos 7:6301.jpg
-------------------
analizando:otraprueba_10.avi_10_31.692744970321655.jpg
ultimos 7:1655.jpg
-------------------
analizando:otraprueba_22.avi_22_18.569525241851807.jpg
ultimos 7:1807.jpg
-------------------
analizando:otraprueba_21.avi_21_2.4736900329589844.jpg
ultimos 7:9844.jpg
-------------------
analizando:otraprueba_8.avi_8_39.80811142921448.jpg
ultimos 7:1448.jpg
-------------------
analizando:otraprueba_5.avi_5_33.97850942611694.jpg
ultimos 7:1694.jpg
-------------------
analizando:otraprueba_22.avi_22_25.458388328552246.jpg
ultimos 7:2246.jpg
-------------------
analizando:otraprueba_15.avi_15_2.180788516998291.jpg
ultimos 7:8291.jpg
paso4!!
deberia a continua
Es enfocada de momento:/var/www/html/reconocimientoFacial/proyecto_definitivo/motor/caras/sinclasificar_videos/otraprueba_15.avi_15_2.180788516998291.jpg
es cara1 y enfocada:/var/www/html/reconocimientoFacial/proyecto_definitivo/motor/caras/sinclasificar_videos/otraprueba_15.avi_15_2.180788516998291.jpg
Esta imagen SI tiene caras reconocibles por que tiene encodings
Esta imagen SI tiene caras2!!!
Perfecto, supera todos los filtros
La imagen es buena, voy a ponerla en su correspondiente carpeta, para conservarla: /var/www/html/reconocimientoFacial/proyecto_definitivo/motor/caras/sinclasificar_videos/otraprueba_15.avi_15_2.180788516998291.jpg
Ya existia la ruta:/var/www/html/reconocimientoFacial/proyecto_definitivo/motor/caras/1/0/SgkcLylC5UlBuN1k0sCyLvncp
He copiado de aki: /var/www/html/reconocimientoFacial/proyecto_definitivo/motor/caras/sinclasificar_videos/otraprueba_15.avi_15_2.180788516998291.jpg a aki: SgkcLylC5UlBuN1k0sCyLvncp/otraprueba_15.avi_15_2.180788516998291.jpg_bEjV9UCb0hTKnr03m3I8NTFOfx.jpg
-------------------
analizando:otraprueba_7.avi_7_4.359012603759766.jpg
ultimos 7:9766.jpg
-------------------
analizando:otraprueba_17.avi_17_20.411694526672363.jpg
ultimos 7:2363.jpg
-------------------
analizando:otraprueba_21.avi_21_31.503202438354492.jpg
ultimos 7:4492.jpg
-------------------
analizando:otraprueba_10.avi_10_15.586137771606445.jpg
ultimos 7:6445.jpg
-------------------
analizando:otraprueba_21.avi_21_27.52216863632202.jpg
ultimos 7:2202.jpg
-------------------
analizando:otraprueba_21.avi_21_33.13908290863037.jpg
ultimos 7:3037.jpg
-------------------
analizando:otraprueba_15.avi_15_11.611332654953003.jpg
ultimos 7:3003.jpg
-------------------
analizando:otraprueba_22.avi_22_29.41055941581726.jpg
ultimos 7:1726.jpg
-------------------
analizando:otraprueba_8.avi_8_15.512319087982178.jpg
ultimos 7:2178.jpg
-------------------
analizando:otraprueba_10.avi_10_43.10130023956299.jpg
ultimos 7:6299.jpg
paso4!!
deberia a continua
Es enfocada de momento:/var/www/html/reconocimientoFacial/proyecto_definitivo/motor/caras/sinclasificar_videos/otraprueba_10.avi_10_43.10130023956299.jpg
es cara1 y enfocada:/var/www/html/reconocimientoFacial/proyecto_definitivo/motor/caras/sinclasificar_videos/otraprueba_10.avi_10_43.10130023956299.jpg
Esta imagen no tiene caras1 por que no tiene encodings
remuevo la imagen pues no supero los filtros y no se va a usar: /var/www/html/reconocimientoFacial/proyecto_definitivo/motor/caras/sinclasificar_videos/otraprueba_10.avi_10_43.10130023956299.jpg
-------------------
analizando:otraprueba_7.avi_7_36.89686942100525.jpg
ultimos 7:0525.jpg
-------------------
analizando:otraprueba_17.avi_17_17.771718740463257.jpg
ultimos 7:3257.jpg
-------------------
analizando:otraprueba_4.avi_4_3.7514803409576416.jpg
ultimos 7:6416.jpg
-------------------
analizando:otraprueba_15.avi_15_29.600459337234497.jpg
ultimos 7:4497.jpg
paso4!!
deberia a continua
Es enfocada de momento:/var/www/html/reconocimientoFacial/proyecto_definitivo/motor/caras/sinclasificar_videos/otraprueba_15.avi_15_29.600459337234497.jpg
es cara1 y enfocada:/var/www/html/reconocimientoFacial/proyecto_definitivo/motor/caras/sinclasificar_videos/otraprueba_15.avi_15_29.600459337234497.jpg
Esta imagen SI tiene caras reconocibles por que tiene encodings
Esta imagen SI tiene caras2!!!
Perfecto, supera todos los filtros
La imagen es buena, voy a ponerla en su correspondiente carpeta, para conservarla: /var/www/html/reconocimientoFacial/proyecto_definitivo/motor/caras/sinclasificar_videos/otraprueba_15.avi_15_29.600459337234497.jpg
Ya existia la ruta:/var/www/html/reconocimientoFacial/proyecto_definitivo/motor/caras/1/0/SgkcLylC5UlBuN1k0sCyLvncp
He copiado de aki: /var/www/html/reconocimientoFacial/proyecto_definitivo/motor/caras/sinclasificar_videos/otraprueba_15.avi_15_29.600459337234497.jpg a aki: SgkcLylC5UlBuN1k0sCyLvncp/otraprueba_15.avi_15_29.600459337234497.jpg_bhEJUtH6z9jzavz8so9rRjqklM.jpg
-------------------
analizando:otraprueba_10.avi_10_23.556639909744263.jpg
ultimos 7:4263.jpg
-------------------
analizando:otraprueba_16.avi_16_30.56749939918518.jpg
ultimos 7:8518.jpg
-------------------
analizando:otraprueba_7.avi_7_21.65780234336853.jpg
ultimos 7:6853.jpg
paso4!!
deberia a continua
Es enfocada de momento:/var/www/html/reconocimientoFacial/proyecto_definitivo/motor/caras/sinclasificar_videos/otraprueba_7.avi_7_21.65780234336853.jpg
es cara1 y enfocada:/var/www/html/reconocimientoFacial/proyecto_definitivo/motor/caras/sinclasificar_videos/otraprueba_7.avi_7_21.65780234336853.jpg
Esta imagen SI tiene caras reconocibles por que tiene encodings
Esta imagen SI tiene caras2!!!
Perfecto, supera todos los filtros
La imagen es buena, voy a ponerla en su correspondiente carpeta, para conservarla: /var/www/html/reconocimientoFacial/proyecto_definitivo/motor/caras/sinclasificar_videos/otraprueba_7.avi_7_21.65780234336853.jpg
Ya existia la ruta:/var/www/html/reconocimientoFacial/proyecto_definitivo/motor/caras/1/0/SgkcLylC5UlBuN1k0sCyLvncp
He copiado de aki: /var/www/html/reconocimientoFacial/proyecto_definitivo/motor/caras/sinclasificar_videos/otraprueba_7.avi_7_21.65780234336853.jpg a aki: SgkcLylC5UlBuN1k0sCyLvncp/otraprueba_7.avi_7_21.65780234336853.jpg_b4hoEBqjsg1DsTZxCknNNPDkrw.jpg
-------------------
analizando:otraprueba_21.avi_21_22.72705316543579.jpg
ultimos 7:3579.jpg
-------------------
analizando:otraprueba_6.avi_6_39.843958616256714.jpg
ultimos 7:6714.jpg
-------------------
analizando:otraprueba_9.avi_9_22.858086347579956.jpg
ultimos 7:9956.jpg
-------------------
analizando:otraprueba_9.avi_9_41.956624269485474.jpg
ultimos 7:5474.jpg
-------------------
analizando:otraprueba_19.avi_19_34.9593563079834.jpg
ultimos 7:9834.jpg
-------------------
analizando:otraprueba_16.avi_16_32.56426477432251.jpg
ultimos 7:2251.jpg
paso4!!
deberia a continua
Es enfocada de momento:/var/www/html/reconocimientoFacial/proyecto_definitivo/motor/caras/sinclasificar_videos/otraprueba_16.avi_16_32.56426477432251.jpg
es cara1 y enfocada:/var/www/html/reconocimientoFacial/proyecto_definitivo/motor/caras/sinclasificar_videos/otraprueba_16.avi_16_32.56426477432251.jpg
Esta imagen no tiene caras1 por que no tiene encodings
remuevo la imagen pues no supero los filtros y no se va a usar: /var/www/html/reconocimientoFacial/proyecto_definitivo/motor/caras/sinclasificar_videos/otraprueba_16.avi_16_32.56426477432251.jpg
-------------------
analizando:otraprueba_24.avi_24_28.51463270187378.jpg
ultimos 7:7378.jpg
-------------------
analizando:otraprueba_19.avi_19_21.327795267105103.jpg
ultimos 7:5103.jpg
-------------------
analizando:otraprueba_7.avi_7_41.224199533462524.jpg
ultimos 7:2524.jpg
-------------------
analizando:otraprueba_13.avi_13_1.8000092506408691.jpg
ultimos 7:8691.jpg
paso4!!
deberia a continua
Es enfocada de momento:/var/www/html/reconocimientoFacial/proyecto_definitivo/motor/caras/sinclasificar_videos/otraprueba_13.avi_13_1.8000092506408691.jpg
es cara1 y enfocada:/var/www/html/reconocimientoFacial/proyecto_definitivo/motor/caras/sinclasificar_videos/otraprueba_13.avi_13_1.8000092506408691.jpg
Esta imagen SI tiene caras reconocibles por que tiene encodings
Esta imagen SI tiene caras2!!!
Perfecto, supera todos los filtros
La imagen es buena, voy a ponerla en su correspondiente carpeta, para conservarla: /var/www/html/reconocimientoFacial/proyecto_definitivo/motor/caras/sinclasificar_videos/otraprueba_13.avi_13_1.8000092506408691.jpg
Ya existia la ruta:/var/www/html/reconocimientoFacial/proyecto_definitivo/motor/caras/1/0/SgkcLylC5UlBuN1k0sCyLvncp
He copiado de aki: /var/www/html/reconocimientoFacial/proyecto_definitivo/motor/caras/sinclasificar_videos/otraprueba_13.avi_13_1.8000092506408691.jpg a aki: SgkcLylC5UlBuN1k0sCyLvncp/otraprueba_13.avi_13_1.8000092506408691.jpg_bYoZwkC6m8IiZpTSyhBFXy4hU6.jpg
-------------------
analizando:otraprueba_14.avi_14_35.149707078933716.jpg
ultimos 7:3716.jpg
-------------------
analizando:otraprueba_20.avi_20_10.367700815200806.jpg
ultimos 7:0806.jpg
-------------------
analizando:otraprueba_10.avi_10_1.891618013381958.jpg
ultimos 7:1958.jpg
-------------------
analizando:otraprueba_11.avi_11_40.549022912979126.jpg
ultimos 7:9126.jpg
-------------------
analizando:otraprueba_12.avi_12_28.4636869430542.jpg
ultimos 7:0542.jpg
-------------------
analizando:otraprueba_8.avi_8_12.825212478637695.jpg
ultimos 7:7695.jpg
-------------------
analizando:otraprueba_21.avi_21_4.905325174331665.jpg
ultimos 7:1665.jpg
-------------------
analizando:otraprueba_16.avi_16_12.760073900222778.jpg
ultimos 7:2778.jpg
-------------------
analizando:otraprueba_24.avi_24_34.00351667404175.jpg
ultimos 7:4175.jpg
-------------------
analizando:otraprueba_11.avi_11_42.1095666885376.jpg
ultimos 7:5376.jpg
-------------------
analizando:otraprueba_20.avi_20_13.101992130279541.jpg
ultimos 7:9541.jpg
-------------------
analizando:otraprueba_5.avi_5_26.8294837474823.jpg
ultimos 7:4823.jpg
-------------------
analizando:otraprueba_23.avi_23_29.464404344558716.jpg
ultimos 7:8716.jpg
-------------------
analizando:otraprueba_13.avi_13_31.790549993515015.jpg
ultimos 7:5015.jpg
-------------------
analizando:otraprueba_4.avi_4_28.569640636444092.jpg
ultimos 7:4092.jpg
-------------------
analizando:otraprueba_23.avi_23_35.39656186103821.jpg
ultimos 7:3821.jpg
-------------------
analizando:otraprueba_21.avi_21_20.41269564628601.jpg
ultimos 7:8601.jpg
-------------------
analizando:otraprueba_20.avi_20_2.6878013610839844.jpg
ultimos 7:9844.jpg
-------------------
analizando:otraprueba_21.avi_21_29.587244272232056.jpg
ultimos 7:2056.jpg
-------------------
analizando:otraprueba_7.avi_7_9.571109771728516.jpg
ultimos 7:8516.jpg
-------------------
analizando:otraprueba_14.avi_14_8.743903875350952.jpg
ultimos 7:0952.jpg
-------------------
analizando:otraprueba_23.avi_23_34.70493149757385.jpg
ultimos 7:7385.jpg
-------------------
analizando:otraprueba_20.avi_20_29.96528697013855.jpg
ultimos 7:3855.jpg
-------------------
analizando:otraprueba_16.avi_16_40.181077003479004.jpg
ultimos 7:9004.jpg
-------------------
analizando:otraprueba_15.avi_15_33.8052544593811.jpg
ultimos 7:3811.jpg
-------------------
analizando:otraprueba_23.avi_23_31.05033278465271.jpg
ultimos 7:5271.jpg
-------------------
analizando:otraprueba_11.avi_11_29.933433532714844.jpg
ultimos 7:4844.jpg
-------------------
analizando:otraprueba_8.avi_8_28.425434589385986.jpg
ultimos 7:5986.jpg
-------------------
analizando:otraprueba_12.avi_12_25.655572414398193.jpg
ultimos 7:8193.jpg
-------------------
analizando:otraprueba_3.avi_3_34.081873655319214.jpg
ultimos 7:9214.jpg
-------------------
analizando:otraprueba_20.avi_20_23.152812480926514.jpg
ultimos 7:6514.jpg
-------------------
analizando:otraprueba_20.avi_20_18.174351930618286.jpg
ultimos 7:8286.jpg
-------------------
analizando:otraprueba_12.avi_12_28.361199855804443.jpg
ultimos 7:4443.jpg
-------------------
analizando:otraprueba_10.avi_10_26.335228204727173.jpg
ultimos 7:7173.jpg
-------------------
analizando:otraprueba_18.avi_18_39.56931138038635.jpg
ultimos 7:8635.jpg
paso4!!
deberia a continua
Es enfocada de momento:/var/www/html/reconocimientoFacial/proyecto_definitivo/motor/caras/sinclasificar_videos/otraprueba_18.avi_18_39.56931138038635.jpg
es cara1 y enfocada:/var/www/html/reconocimientoFacial/proyecto_definitivo/motor/caras/sinclasificar_videos/otraprueba_18.avi_18_39.56931138038635.jpg
Esta imagen no tiene caras1 por que no tiene encodings
remuevo la imagen pues no supero los filtros y no se va a usar: /var/www/html/reconocimientoFacial/proyecto_definitivo/motor/caras/sinclasificar_videos/otraprueba_18.avi_18_39.56931138038635.jpg
-------------------
analizando:otraprueba_17.avi_17_7.1039719581604.jpg
ultimos 7:1604.jpg
-------------------
analizando:otraprueba_19.avi_19_36.20676875114441.jpg
ultimos 7:4441.jpg
-------------------
analizando:otraprueba_9.avi_9_25.441858291625977.jpg
ultimos 7:5977.jpg
-------------------
analizando:otraprueba_5.avi_5_1.510634422302246.jpg
ultimos 7:2246.jpg
-------------------
analizando:otraprueba_19.avi_19_37.2500114440918.jpg
ultimos 7:0918.jpg
-------------------
analizando:otraprueba_22.avi_22_27.484917640686035.jpg
ultimos 7:6035.jpg
paso4!!
deberia a continua
Es enfocada de momento:/var/www/html/reconocimientoFacial/proyecto_definitivo/motor/caras/sinclasificar_videos/otraprueba_22.avi_22_27.484917640686035.jpg
es cara1 y enfocada:/var/www/html/reconocimientoFacial/proyecto_definitivo/motor/caras/sinclasificar_videos/otraprueba_22.avi_22_27.484917640686035.jpg
Esta imagen SI tiene caras reconocibles por que tiene encodings
Esta imagen SI tiene caras2!!!
Perfecto, supera todos los filtros
La imagen es buena, voy a ponerla en su correspondiente carpeta, para conservarla: /var/www/html/reconocimientoFacial/proyecto_definitivo/motor/caras/sinclasificar_videos/otraprueba_22.avi_22_27.484917640686035.jpg
Ya existia la ruta:/var/www/html/reconocimientoFacial/proyecto_definitivo/motor/caras/1/0/SgkcLylC5UlBuN1k0sCyLvncp
He copiado de aki: /var/www/html/reconocimientoFacial/proyecto_definitivo/motor/caras/sinclasificar_videos/otraprueba_22.avi_22_27.484917640686035.jpg a aki: SgkcLylC5UlBuN1k0sCyLvncp/otraprueba_22.avi_22_27.484917640686035.jpg_bO7L9Rets1XV1x6eqx3h79HLs7.jpg
-------------------
analizando:otraprueba_17.avi_17_9.730854272842407.jpg
ultimos 7:2407.jpg
-------------------
analizando:otraprueba_8.avi_8_2.9963808059692383.jpg
ultimos 7:2383.jpg
-------------------
analizando:otraprueba_7.avi_7_14.165541410446167.jpg
ultimos 7:6167.jpg
-------------------
analizando:otraprueba_11.avi_11_24.62385368347168.jpg
ultimos 7:7168.jpg
-------------------
analizando:otraprueba_22.avi_22_15.850850582122803.jpg
ultimos 7:2803.jpg
-------------------
analizando:otraprueba_18.avi_18_35.83829593658447.jpg
ultimos 7:8447.jpg
-------------------
analizando:otraprueba_24.avi_24_13.179612159729004.jpg
ultimos 7:9004.jpg
-------------------
analizando:otraprueba_4.avi_4_5.365438938140869.jpg
ultimos 7:0869.jpg
-------------------
analizando:otraprueba_14.avi_14_11.357829570770264.jpg
ultimos 7:0264.jpg
-------------------
analizando:otraprueba_23.avi_23_12.99784779548645.jpg
ultimos 7:8645.jpg
-------------------
analizando:otraprueba_19.avi_19_25.917020082473755.jpg
ultimos 7:3755.jpg
-------------------
analizando:otraprueba_14.avi_14_28.425748109817505.jpg
ultimos 7:7505.jpg
-------------------
analizando:otraprueba_13.avi_13_22.447126865386963.jpg
ultimos 7:6963.jpg
-------------------
analizando:otraprueba_18.avi_18_27.7062931060791.jpg
ultimos 7:0791.jpg
-------------------
analizando:otraprueba_24.avi_24_34.51529836654663.jpg
ultimos 7:4663.jpg
-------------------
analizando:otraprueba_2.avi_2_0.9930069446563721.jpg
ultimos 7:3721.jpg
-------------------
analizando:otraprueba_18.avi_18_12.113364696502686.jpg
ultimos 7:2686.jpg
-------------------
analizando:otraprueba_18.avi_18_22.84241223335266.jpg
ultimos 7:5266.jpg
-------------------
analizando:otraprueba_13.avi_13_38.53971886634827.jpg
ultimos 7:4827.jpg
-------------------
analizando:otraprueba_11.avi_11_9.526000499725342.jpg
ultimos 7:5342.jpg
-------------------
analizando:otraprueba_20.avi_20_25.549742460250854.jpg
ultimos 7:0854.jpg
-------------------
analizando:otraprueba_4.avi_4_2.2834150791168213.jpg
ultimos 7:8213.jpg
paso4!!
deberia a continua
Es enfocada de momento:/var/www/html/reconocimientoFacial/proyecto_definitivo/motor/caras/sinclasificar_videos/otraprueba_4.avi_4_2.2834150791168213.jpg
es cara1 y enfocada:/var/www/html/reconocimientoFacial/proyecto_definitivo/motor/caras/sinclasificar_videos/otraprueba_4.avi_4_2.2834150791168213.jpg
Esta imagen no tiene caras1 por que no tiene encodings
remuevo la imagen pues no supero los filtros y no se va a usar: /var/www/html/reconocimientoFacial/proyecto_definitivo/motor/caras/sinclasificar_videos/otraprueba_4.avi_4_2.2834150791168213.jpg
-------------------
analizando:otraprueba_15.avi_15_27.34019947052002.jpg
ultimos 7:2002.jpg
-------------------
analizando:otraprueba_6.avi_6_20.00531244277954.jpg
ultimos 7:7954.jpg
-------------------
analizando:otraprueba_23.avi_23_33.444711685180664.jpg
ultimos 7:0664.jpg
-------------------
analizando:otraprueba_19.avi_19_31.695139408111572.jpg
ultimos 7:1572.jpg
-------------------
analizando:otraprueba_12.avi_12_1.945486307144165.jpg
ultimos 7:4165.jpg
-------------------
analizando:otraprueba_20.avi_20_38.46966862678528.jpg
ultimos 7:8528.jpg
-------------------
analizando:otraprueba_1.avi_1_23.440903663635254.jpg
ultimos 7:5254.jpg
-------------------
analizando:otraprueba_22.avi_22_33.83437919616699.jpg
ultimos 7:6699.jpg
paso4!!
deberia a continua
Es enfocada de momento:/var/www/html/reconocimientoFacial/proyecto_definitivo/motor/caras/sinclasificar_videos/otraprueba_22.avi_22_33.83437919616699.jpg
es cara1 y enfocada:/var/www/html/reconocimientoFacial/proyecto_definitivo/motor/caras/sinclasificar_videos/otraprueba_22.avi_22_33.83437919616699.jpg
Esta imagen SI tiene caras reconocibles por que tiene encodings
Esta imagen SI tiene caras2!!!
Perfecto, supera todos los filtros
La imagen es buena, voy a ponerla en su correspondiente carpeta, para conservarla: /var/www/html/reconocimientoFacial/proyecto_definitivo/motor/caras/sinclasificar_videos/otraprueba_22.avi_22_33.83437919616699.jpg
Ya existia la ruta:/var/www/html/reconocimientoFacial/proyecto_definitivo/motor/caras/1/0/SgkcLylC5UlBuN1k0sCyLvncp
He copiado de aki: /var/www/html/reconocimientoFacial/proyecto_definitivo/motor/caras/sinclasificar_videos/otraprueba_22.avi_22_33.83437919616699.jpg a aki: SgkcLylC5UlBuN1k0sCyLvncp/otraprueba_22.avi_22_33.83437919616699.jpg_btZBFnynWoM08juk7yGF63y4Ww.jpg
-------------------
analizando:otraprueba_5.avi_5_15.956891059875488.jpg
ultimos 7:5488.jpg
-------------------
analizando:otraprueba_22.avi_22_23.34064769744873.jpg
ultimos 7:4873.jpg
paso4!!
deberia a continua
Es enfocada de momento:/var/www/html/reconocimientoFacial/proyecto_definitivo/motor/caras/sinclasificar_videos/otraprueba_22.avi_22_23.34064769744873.jpg
es cara1 y enfocada:/var/www/html/reconocimientoFacial/proyecto_definitivo/motor/caras/sinclasificar_videos/otraprueba_22.avi_22_23.34064769744873.jpg
Esta imagen SI tiene caras reconocibles por que tiene encodings
Esta imagen SI tiene caras2!!!
Perfecto, supera todos los filtros
La imagen es buena, voy a ponerla en su correspondiente carpeta, para conservarla: /var/www/html/reconocimientoFacial/proyecto_definitivo/motor/caras/sinclasificar_videos/otraprueba_22.avi_22_23.34064769744873.jpg
Ya existia la ruta:/var/www/html/reconocimientoFacial/proyecto_definitivo/motor/caras/1/0/SgkcLylC5UlBuN1k0sCyLvncp
He copiado de aki: /var/www/html/reconocimientoFacial/proyecto_definitivo/motor/caras/sinclasificar_videos/otraprueba_22.avi_22_23.34064769744873.jpg a aki: SgkcLylC5UlBuN1k0sCyLvncp/otraprueba_22.avi_22_23.34064769744873.jpg_b7qBRc87bVGC3HibdJCfVUsOU8.jpg
-------------------
analizando:otraprueba_10.avi_10_20.98389768600464.jpg
ultimos 7:0464.jpg
-------------------
analizando:otraprueba_5.avi_5_33.92082452774048.jpg
ultimos 7:4048.jpg
-------------------
analizando:otraprueba_18.avi_18_25.354445695877075.jpg
ultimos 7:7075.jpg
-------------------
analizando:otraprueba_20.avi_20_33.87911558151245.jpg
ultimos 7:1245.jpg
-------------------
analizando:otraprueba_9.avi_9_3.094325542449951.jpg
ultimos 7:9951.jpg
-------------------
analizando:otraprueba_12.avi_12_18.09476613998413.jpg
ultimos 7:8413.jpg
paso4!!
deberia a continua
Es enfocada de momento:/var/www/html/reconocimientoFacial/proyecto_definitivo/motor/caras/sinclasificar_videos/otraprueba_12.avi_12_18.09476613998413.jpg
es cara1 y enfocada:/var/www/html/reconocimientoFacial/proyecto_definitivo/motor/caras/sinclasificar_videos/otraprueba_12.avi_12_18.09476613998413.jpg
Esta imagen no tiene caras1 por que no tiene encodings
remuevo la imagen pues no supero los filtros y no se va a usar: /var/www/html/reconocimientoFacial/proyecto_definitivo/motor/caras/sinclasificar_videos/otraprueba_12.avi_12_18.09476613998413.jpg
-------------------
analizando:otraprueba_5.avi_5_40.757075548172.jpg
ultimos 7:8172.jpg
-------------------
analizando:otraprueba_7.avi_7_7.693426609039307.jpg
ultimos 7:9307.jpg
-------------------
analizando:otraprueba_3.avi_3_21.396848440170288.jpg
ultimos 7:0288.jpg
-------------------
analizando:otraprueba_19.avi_19_25.987534761428833.jpg
ultimos 7:8833.jpg
paso4!!
deberia a continua
Es enfocada de momento:/var/www/html/reconocimientoFacial/proyecto_definitivo/motor/caras/sinclasificar_videos/otraprueba_19.avi_19_25.987534761428833.jpg
es cara1 y enfocada:/var/www/html/reconocimientoFacial/proyecto_definitivo/motor/caras/sinclasificar_videos/otraprueba_19.avi_19_25.987534761428833.jpg
Esta imagen no tiene caras1 por que no tiene encodings
remuevo la imagen pues no supero los filtros y no se va a usar: /var/www/html/reconocimientoFacial/proyecto_definitivo/motor/caras/sinclasificar_videos/otraprueba_19.avi_19_25.987534761428833.jpg
-------------------
analizando:otraprueba_8.avi_8_30.93489170074463.jpg
ultimos 7:4463.jpg
-------------------
analizando:otraprueba_20.avi_20_20.720160722732544.jpg
ultimos 7:2544.jpg
-------------------
analizando:otraprueba_16.avi_16_15.319565296173096.jpg
ultimos 7:3096.jpg
-------------------
analizando:otraprueba_18.avi_18_34.22158336639404.jpg
ultimos 7:9404.jpg
-------------------
analizando:otraprueba_4.avi_4_38.69736361503601.jpg
ultimos 7:3601.jpg
-------------------
analizando:otraprueba_13.avi_13_3.7131927013397217.jpg
ultimos 7:7217.jpg
-------------------
analizando:otraprueba_8.avi_8_35.68311023712158.jpg
ultimos 7:2158.jpg
-------------------
analizando:otraprueba_16.avi_16_10.0036461353302.jpg
ultimos 7:3302.jpg
-------------------
analizando:otraprueba_21.avi_21_2.494246244430542.jpg
ultimos 7:0542.jpg
-------------------
analizando:otraprueba_11.avi_11_19.410210847854614.jpg
ultimos 7:4614.jpg
-------------------
analizando:otraprueba_11.avi_11_7.35359787940979.jpg
ultimos 7:0979.jpg
-------------------
analizando:otraprueba_14.avi_14_6.153508901596069.jpg
ultimos 7:6069.jpg
-------------------
analizando:otraprueba_6.avi_6_10.156958818435669.jpg
ultimos 7:5669.jpg
-------------------
analizando:otraprueba_17.avi_17_38.69391846656799.jpg
ultimos 7:6799.jpg
-------------------
analizando:otraprueba_11.avi_11_27.291327714920044.jpg
ultimos 7:0044.jpg
-------------------
analizando:otraprueba_14.avi_14_35.01098299026489.jpg
ultimos 7:6489.jpg
-------------------
analizando:otraprueba_24.avi_24_20.57573652267456.jpg
ultimos 7:7456.jpg
-------------------
analizando:otraprueba_17.avi_17_14.937474727630615.jpg
ultimos 7:0615.jpg
paso4!!
deberia a continua
Es enfocada de momento:/var/www/html/reconocimientoFacial/proyecto_definitivo/motor/caras/sinclasificar_videos/otraprueba_17.avi_17_14.937474727630615.jpg
es cara1 y enfocada:/var/www/html/reconocimientoFacial/proyecto_definitivo/motor/caras/sinclasificar_videos/otraprueba_17.avi_17_14.937474727630615.jpg
Esta imagen no tiene caras1 por que no tiene encodings
remuevo la imagen pues no supero los filtros y no se va a usar: /var/www/html/reconocimientoFacial/proyecto_definitivo/motor/caras/sinclasificar_videos/otraprueba_17.avi_17_14.937474727630615.jpg
-------------------
analizando:otraprueba_22.avi_22_23.401132583618164.jpg
ultimos 7:8164.jpg
-------------------
analizando:otraprueba_15.avi_15_8.908191204071045.jpg
ultimos 7:1045.jpg
-------------------
analizando:otraprueba_22.avi_22_21.001697063446045.jpg
ultimos 7:6045.jpg
-------------------
analizando:otraprueba_15.avi_15_24.89988875389099.jpg
ultimos 7:9099.jpg
-------------------
analizando:otraprueba_11.avi_11_32.43046498298645.jpg
ultimos 7:8645.jpg
-------------------
analizando:otraprueba_12.avi_12_40.74975037574768.jpg
ultimos 7:4768.jpg
-------------------
analizando:otraprueba_9.avi_9_28.009968996047974.jpg
ultimos 7:7974.jpg
-------------------
analizando:otraprueba_20.avi_20_5.0130743980407715.jpg
ultimos 7:7715.jpg
-------------------
analizando:otraprueba_3.avi_3_8.11685562133789.jpg
ultimos 7:3789.jpg
-------------------
analizando:otraprueba_22.avi_22_34.97984957695007.jpg
ultimos 7:5007.jpg
-------------------
analizando:otraprueba_20.avi_20_37.7698450088501.jpg
ultimos 7:8501.jpg
-------------------
analizando:otraprueba_10.avi_10_23.600632667541504.jpg
ultimos 7:1504.jpg
-------------------
analizando:otraprueba_19.avi_19_31.730318546295166.jpg
ultimos 7:5166.jpg
-------------------
analizando:otraprueba_18.avi_18_14.750292778015137.jpg
ultimos 7:5137.jpg
-------------------
analizando:otraprueba_19.avi_19_15.92371416091919.jpg
ultimos 7:1919.jpg
-------------------
analizando:otraprueba_15.avi_15_31.75636315345764.jpg
ultimos 7:5764.jpg
-------------------
analizando:otraprueba_16.avi_16_37.692793130874634.jpg
ultimos 7:4634.jpg
-------------------
analizando:otraprueba_5.avi_5_38.7912061214447.jpg
ultimos 7:4447.jpg
-------------------
analizando:otraprueba_3.avi_3_36.52330923080444.jpg
ultimos 7:0444.jpg
-------------------
analizando:otraprueba_10.avi_10_38.327324867248535.jpg
ultimos 7:8535.jpg
-------------------
analizando:otraprueba_16.avi_16_10.120067596435547.jpg
ultimos 7:5547.jpg
-------------------
analizando:otraprueba_17.avi_17_9.666197299957275.jpg
ultimos 7:7275.jpg
-------------------
analizando:otraprueba_22.avi_22_15.920980453491211.jpg
ultimos 7:1211.jpg
-------------------
analizando:otraprueba_24.avi_24_22.97071886062622.jpg
ultimos 7:2622.jpg
-------------------
analizando:otraprueba_15.avi_15_33.85891819000244.jpg
ultimos 7:0244.jpg
-------------------
analizando:otraprueba_12.avi_12_42.10203218460083.jpg
ultimos 7:0083.jpg
-------------------
analizando:otraprueba_14.avi_14_23.816575527191162.jpg
ultimos 7:1162.jpg
-------------------
analizando:otraprueba_8.avi_8_37.97037863731384.jpg
ultimos 7:1384.jpg
-------------------
analizando:otraprueba_13.avi_13_19.94584321975708.jpg
ultimos 7:5708.jpg
-------------------
analizando:otraprueba_19.avi_19_28.018593788146973.jpg
ultimos 7:6973.jpg
-------------------
analizando:otraprueba_24.avi_24_31.548746585845947.jpg
ultimos 7:5947.jpg
-------------------
analizando:otraprueba_23.avi_23_22.92361617088318.jpg
ultimos 7:8318.jpg
-------------------
analizando:otraprueba_1.avi_1_16.048231840133667.jpg
ultimos 7:3667.jpg
-------------------
analizando:otraprueba_22.avi_22_35.87336254119873.jpg
ultimos 7:9873.jpg
-------------------
analizando:otraprueba_13.avi_13_5.475155591964722.jpg
ultimos 7:4722.jpg
-------------------
analizando:otraprueba_20.avi_20_20.636767864227295.jpg
ultimos 7:7295.jpg
-------------------
analizando:otraprueba_8.avi_8_25.89025330543518.jpg
ultimos 7:3518.jpg
-------------------
analizando:otraprueba_5.avi_5_26.808260440826416.jpg
ultimos 7:6416.jpg
-------------------
analizando:otraprueba_17.avi_17_2.353513240814209.jpg
ultimos 7:4209.jpg
-------------------
analizando:otraprueba_6.avi_6_41.926634073257446.jpg
ultimos 7:7446.jpg
-------------------
analizando:otraprueba_22.avi_22_37.39635133743286.jpg
ultimos 7:3286.jpg
-------------------
analizando:otraprueba_6.avi_6_30.5167236328125.jpg
ultimos 7:8125.jpg
-------------------
analizando:otraprueba_20.avi_20_32.21588158607483.jpg
ultimos 7:7483.jpg
-------------------
analizando:otraprueba_14.avi_14_6.2465972900390625.jpg
ultimos 7:0625.jpg
-------------------
analizando:otraprueba_17.avi_17_4.708641767501831.jpg
ultimos 7:1831.jpg
-------------------
analizando:otraprueba_17.avi_17_29.96448254585266.jpg
ultimos 7:5266.jpg
-------------------
analizando:otraprueba_10.avi_10_13.057244300842285.jpg
ultimos 7:2285.jpg
-------------------
analizando:otraprueba_10.avi_10_36.24145030975342.jpg
ultimos 7:5342.jpg
-------------------
analizando:otraprueba_4.avi_4_20.621567964553833.jpg
ultimos 7:3833.jpg
-------------------
analizando:otraprueba_16.avi_16_4.571742534637451.jpg
ultimos 7:7451.jpg
-------------------
analizando:otraprueba_13.avi_13_40.563175201416016.jpg
ultimos 7:6016.jpg
-------------------
analizando:otraprueba_13.avi_13_24.940200805664062.jpg
ultimos 7:4062.jpg
-------------------
analizando:otraprueba_11.avi_11_37.13628029823303.jpg
ultimos 7:3303.jpg
-------------------
analizando:otraprueba_10.avi_10_36.2302930355072.jpg
ultimos 7:5072.jpg
-------------------
analizando:otraprueba_18.avi_18_17.498612642288208.jpg
ultimos 7:8208.jpg
-------------------
analizando:otraprueba_1.avi_1_23.521928548812866.jpg
ultimos 7:2866.jpg
-------------------
analizando:otraprueba_4.avi_4_38.69495177268982.jpg
ultimos 7:8982.jpg
-------------------
analizando:otraprueba_4.avi_4_33.68634653091431.jpg
ultimos 7:1431.jpg
-------------------
analizando:otraprueba_25.avi_25_8.665999174118042.jpg
ultimos 7:8042.jpg
-------------------
analizando:otraprueba_16.avi_16_2.3312644958496094.jpg
ultimos 7:6094.jpg
-------------------
analizando:otraprueba_20.avi_20_32.18514657020569.jpg
ultimos 7:0569.jpg
-------------------
analizando:otraprueba_14.avi_14_33.010979652404785.jpg
ultimos 7:4785.jpg
-------------------
analizando:otraprueba_8.avi_8_23.211451768875122.jpg
ultimos 7:5122.jpg
-------------------
analizando:otraprueba_5.avi_5_29.165908575057983.jpg
ultimos 7:7983.jpg
-------------------
analizando:otraprueba_2.avi_2_5.6645402908325195.jpg
ultimos 7:5195.jpg
-------------------
analizando:otraprueba_1.avi_1_13.638493776321411.jpg
ultimos 7:1411.jpg
-------------------
analizando:otraprueba_15.avi_15_19.35758948326111.jpg
ultimos 7:6111.jpg
-------------------
analizando:otraprueba_9.avi_9_1.472043514251709.jpg
ultimos 7:1709.jpg
-------------------
analizando:otraprueba_12.avi_12_3.8521716594696045.jpg
ultimos 7:6045.jpg
-------------------
analizando:otraprueba_8.avi_8_10.64303207397461.jpg
ultimos 7:7461.jpg
-------------------
analizando:otraprueba_19.avi_19_10.630610942840576.jpg
ultimos 7:0576.jpg
-------------------
analizando:otraprueba_16.avi_16_36.24303317070007.jpg
ultimos 7:0007.jpg
-------------------
analizando:otraprueba_5.avi_5_36.409937620162964.jpg
ultimos 7:2964.jpg
-------------------
analizando:otraprueba_7.avi_7_29.576472759246826.jpg
ultimos 7:6826.jpg
-------------------
analizando:otraprueba_9.avi_9_18.08141779899597.jpg
ultimos 7:9597.jpg
-------------------
analizando:otraprueba_11.avi_11_32.417168378829956.jpg
ultimos 7:9956.jpg
-------------------
analizando:otraprueba_13.avi_13_34.02159762382507.jpg
ultimos 7:2507.jpg
-------------------
analizando:otraprueba_19.avi_19_29.914474725723267.jpg
ultimos 7:3267.jpg
-------------------
analizando:otraprueba_5.avi_5_6.1139914989471436.jpg
ultimos 7:1436.jpg
-------------------
analizando:otraprueba_22.avi_22_13.433076858520508.jpg
ultimos 7:0508.jpg
-------------------
analizando:otraprueba_25.avi_25_3.1730196475982666.jpg
ultimos 7:2666.jpg
-------------------
analizando:otraprueba_20.avi_20_15.728415727615356.jpg
ultimos 7:5356.jpg
-------------------
analizando:otraprueba_11.avi_11_5.396033763885498.jpg
ultimos 7:5498.jpg
-------------------
analizando:otraprueba_21.avi_21_20.320123434066772.jpg
ultimos 7:6772.jpg
-------------------
analizando:otraprueba_3.avi_3_29.20014762878418.jpg
ultimos 7:8418.jpg
-------------------
analizando:otraprueba_10.avi_10_7.869214057922363.jpg
ultimos 7:2363.jpg
-------------------
analizando:otraprueba_4.avi_4_1.1675760746002197.jpg
ultimos 7:2197.jpg
-------------------
analizando:otraprueba_7.avi_7_16.635008811950684.jpg
ultimos 7:0684.jpg
-------------------
analizando:otraprueba_4.avi_4_1.1874396800994873.jpg
ultimos 7:4873.jpg
paso4!!
deberia a continua
Es enfocada de momento:/var/www/html/reconocimientoFacial/proyecto_definitivo/motor/caras/sinclasificar_videos/otraprueba_4.avi_4_1.1874396800994873.jpg
es cara1 y enfocada:/var/www/html/reconocimientoFacial/proyecto_definitivo/motor/caras/sinclasificar_videos/otraprueba_4.avi_4_1.1874396800994873.jpg
Esta imagen no tiene caras1 por que no tiene encodings
remuevo la imagen pues no supero los filtros y no se va a usar: /var/www/html/reconocimientoFacial/proyecto_definitivo/motor/caras/sinclasificar_videos/otraprueba_4.avi_4_1.1874396800994873.jpg
-------------------
analizando:otraprueba_16.avi_16_23.441150903701782.jpg
ultimos 7:1782.jpg
-------------------
analizando:otraprueba_23.avi_23_15.789837121963501.jpg
ultimos 7:3501.jpg
-------------------
analizando:otraprueba_4.avi_4_3.7311646938323975.jpg
ultimos 7:3975.jpg
-------------------
analizando:otraprueba_17.avi_17_12.487603187561035.jpg
ultimos 7:1035.jpg
-------------------
analizando:otraprueba_23.avi_23_18.373051643371582.jpg
ultimos 7:1582.jpg
-------------------
analizando:otraprueba_16.avi_16_20.845386505126953.jpg
ultimos 7:6953.jpg
-------------------
analizando:otraprueba_22.avi_22_25.420029401779175.jpg
ultimos 7:9175.jpg
-------------------
analizando:otraprueba_15.avi_15_4.204206466674805.jpg
ultimos 7:4805.jpg
-------------------
analizando:otraprueba_24.avi_24_2.9966790676116943.jpg
ultimos 7:6943.jpg
-------------------
analizando:otraprueba_15.avi_15_31.77983832359314.jpg
ultimos 7:9314.jpg
-------------------
analizando:otraprueba_16.avi_16_7.210912704467773.jpg
ultimos 7:7773.jpg
-------------------
analizando:otraprueba_10.avi_10_18.24739408493042.jpg
ultimos 7:3042.jpg
-------------------
analizando:otraprueba_17.avi_17_20.544620990753174.jpg
ultimos 7:3174.jpg
-------------------
analizando:otraprueba_14.avi_14_16.51451873779297.jpg
ultimos 7:9297.jpg
-------------------
analizando:otraprueba_9.avi_9_4.923622131347656.jpg
ultimos 7:7656.jpg
-------------------
analizando:otraprueba_17.avi_17_25.384891033172607.jpg
ultimos 7:2607.jpg
-------------------
analizando:otraprueba_17.avi_17_12.54004693031311.jpg
ultimos 7:1311.jpg
-------------------
analizando:otraprueba_8.avi_8_41.57385873794556.jpg
ultimos 7:4556.jpg
-------------------
analizando:otraprueba_22.avi_22_10.635823488235474.jpg
ultimos 7:5474.jpg
-------------------
analizando:otraprueba_17.avi_17_25.392369031906128.jpg
ultimos 7:6128.jpg
-------------------
analizando:otraprueba_22.avi_22_31.020333528518677.jpg
ultimos 7:8677.jpg
paso4!!
deberia a continua
Es enfocada de momento:/var/www/html/reconocimientoFacial/proyecto_definitivo/motor/caras/sinclasificar_videos/otraprueba_22.avi_22_31.020333528518677.jpg
es cara1 y enfocada:/var/www/html/reconocimientoFacial/proyecto_definitivo/motor/caras/sinclasificar_videos/otraprueba_22.avi_22_31.020333528518677.jpg
Esta imagen no tiene caras1 por que no tiene encodings
remuevo la imagen pues no supero los filtros y no se va a usar: /var/www/html/reconocimientoFacial/proyecto_definitivo/motor/caras/sinclasificar_videos/otraprueba_22.avi_22_31.020333528518677.jpg
-------------------
analizando:otraprueba_9.avi_9_10.608551025390625.jpg
ultimos 7:0625.jpg
-------------------
analizando:otraprueba_10.avi_10_13.052162885665894.jpg
ultimos 7:5894.jpg
-------------------
analizando:otraprueba_2.avi_2_7.3247902393341064.jpg
ultimos 7:1064.jpg
-------------------
analizando:otraprueba_9.avi_9_6.741226673126221.jpg
ultimos 7:6221.jpg
-------------------
analizando:otraprueba_19.avi_19_2.751878261566162.jpg
ultimos 7:6162.jpg
-------------------
analizando:otraprueba_22.avi_22_32.41368246078491.jpg
ultimos 7:8491.jpg
paso4!!
deberia a continua
Es enfocada de momento:/var/www/html/reconocimientoFacial/proyecto_definitivo/motor/caras/sinclasificar_videos/otraprueba_22.avi_22_32.41368246078491.jpg
es cara1 y enfocada:/var/www/html/reconocimientoFacial/proyecto_definitivo/motor/caras/sinclasificar_videos/otraprueba_22.avi_22_32.41368246078491.jpg
Esta imagen no tiene caras1 por que no tiene encodings
remuevo la imagen pues no supero los filtros y no se va a usar: /var/www/html/reconocimientoFacial/proyecto_definitivo/motor/caras/sinclasificar_videos/otraprueba_22.avi_22_32.41368246078491.jpg
-------------------
analizando:otraprueba_20.avi_20_35.46117329597473.jpg
ultimos 7:7473.jpg
-------------------
analizando:otraprueba_20.avi_20_2.6908071041107178.jpg
ultimos 7:7178.jpg
-------------------
analizando:otraprueba_9.avi_9_20.370324850082397.jpg
ultimos 7:2397.jpg
-------------------
analizando:otraprueba_24.avi_24_24.998722076416016.jpg
ultimos 7:6016.jpg
-------------------
analizando:otraprueba_2.avi_2_30.06739115715027.jpg
ultimos 7:5027.jpg
-------------------
analizando:otraprueba_23.avi_23_18.21131134033203.jpg
ultimos 7:3203.jpg
-------------------
analizando:otraprueba_7.avi_7_24.256600856781006.jpg
ultimos 7:1006.jpg
-------------------
analizando:otraprueba_7.avi_7_34.37409591674805.jpg
ultimos 7:4805.jpg
-------------------
analizando:otraprueba_6.avi_6_6.092778205871582.jpg
ultimos 7:1582.jpg
-------------------
analizando:otraprueba_18.avi_18_9.540142297744751.jpg
ultimos 7:4751.jpg
-------------------
analizando:otraprueba_8.avi_8_33.47841191291809.jpg
ultimos 7:1809.jpg
-------------------
analizando:otraprueba_2.avi_2_9.05857539176941.jpg
ultimos 7:6941.jpg
-------------------
analizando:otraprueba_2.avi_2_34.97075891494751.jpg
ultimos 7:4751.jpg
-------------------
analizando:otraprueba_20.avi_20_37.7634801864624.jpg
ultimos 7:4624.jpg
-------------------
analizando:otraprueba_21.avi_21_12.564476013183594.jpg
ultimos 7:3594.jpg
-------------------
analizando:otraprueba_14.avi_14_30.67788815498352.jpg
ultimos 7:8352.jpg
-------------------
analizando:otraprueba_9.avi_9_8.662952661514282.jpg
ultimos 7:4282.jpg
-------------------
analizando:otraprueba_20.avi_20_36.64526629447937.jpg
ultimos 7:7937.jpg
-------------------
analizando:otraprueba_18.avi_18_20.400516271591187.jpg
ultimos 7:1187.jpg
-------------------
analizando:otraprueba_3.avi_3_19.106414079666138.jpg
ultimos 7:6138.jpg
-------------------
analizando:otraprueba_17.avi_17_22.887473344802856.jpg
ultimos 7:2856.jpg
-------------------
analizando:otraprueba_20.avi_20_33.91705584526062.jpg
ultimos 7:6062.jpg
-------------------
analizando:otraprueba_9.avi_9_33.13505983352661.jpg
ultimos 7:2661.jpg
-------------------
analizando:otraprueba_3.avi_3_38.89300060272217.jpg
ultimos 7:2217.jpg
paso4!!
deberia a continua
Es enfocada de momento:/var/www/html/reconocimientoFacial/proyecto_definitivo/motor/caras/sinclasificar_videos/otraprueba_3.avi_3_38.89300060272217.jpg
es cara1 y enfocada:/var/www/html/reconocimientoFacial/proyecto_definitivo/motor/caras/sinclasificar_videos/otraprueba_3.avi_3_38.89300060272217.jpg
Esta imagen no tiene caras1 por que no tiene encodings
remuevo la imagen pues no supero los filtros y no se va a usar: /var/www/html/reconocimientoFacial/proyecto_definitivo/motor/caras/sinclasificar_videos/otraprueba_3.avi_3_38.89300060272217.jpg
-------------------
analizando:otraprueba_23.avi_23_27.503876447677612.jpg
ultimos 7:7612.jpg
-------------------
analizando:otraprueba_15.avi_15_29.49547576904297.jpg
ultimos 7:4297.jpg
paso4!!
deberia a continua
Es enfocada de momento:/var/www/html/reconocimientoFacial/proyecto_definitivo/motor/caras/sinclasificar_videos/otraprueba_15.avi_15_29.49547576904297.jpg
es cara1 y enfocada:/var/www/html/reconocimientoFacial/proyecto_definitivo/motor/caras/sinclasificar_videos/otraprueba_15.avi_15_29.49547576904297.jpg
Esta imagen no tiene caras1 por que no tiene encodings
remuevo la imagen pues no supero los filtros y no se va a usar: /var/www/html/reconocimientoFacial/proyecto_definitivo/motor/caras/sinclasificar_videos/otraprueba_15.avi_15_29.49547576904297.jpg
-------------------
analizando:otraprueba_21.avi_21_37.932886600494385.jpg
ultimos 7:4385.jpg
-------------------
analizando:otraprueba_10.avi_10_15.550137042999268.jpg
ultimos 7:9268.jpg
-------------------
analizando:otraprueba_1.avi_1_34.05570721626282.jpg
ultimos 7:6282.jpg
-------------------
analizando:otraprueba_3.avi_3_5.056352615356445.jpg
ultimos 7:6445.jpg
-------------------
analizando:otraprueba_15.avi_15_22.016134023666382.jpg
ultimos 7:6382.jpg
-------------------
analizando:otraprueba_12.avi_12_18.14339518547058.jpg
ultimos 7:7058.jpg
-------------------
analizando:otraprueba_16.avi_16_4.708373069763184.jpg
ultimos 7:3184.jpg
-------------------
analizando:otraprueba_7.avi_7_2.9288547039031982.jpg
ultimos 7:1982.jpg
-------------------
analizando:otraprueba_5.avi_5_9.713511943817139.jpg
ultimos 7:7139.jpg
-------------------
analizando:otraprueba_14.avi_14_33.068965435028076.jpg
ultimos 7:8076.jpg
-------------------
analizando:otraprueba_20.avi_20_36.74308705329895.jpg
ultimos 7:9895.jpg
-------------------
analizando:otraprueba_21.avi_21_9.951704978942871.jpg
ultimos 7:2871.jpg
paso4!!
deberia a continua
Es enfocada de momento:/var/www/html/reconocimientoFacial/proyecto_definitivo/motor/caras/sinclasificar_videos/otraprueba_21.avi_21_9.951704978942871.jpg
es cara1 y enfocada:/var/www/html/reconocimientoFacial/proyecto_definitivo/motor/caras/sinclasificar_videos/otraprueba_21.avi_21_9.951704978942871.jpg
Esta imagen SI tiene caras reconocibles por que tiene encodings
Esta imagen SI tiene caras2!!!
Perfecto, supera todos los filtros
La imagen es buena, voy a ponerla en su correspondiente carpeta, para conservarla: /var/www/html/reconocimientoFacial/proyecto_definitivo/motor/caras/sinclasificar_videos/otraprueba_21.avi_21_9.951704978942871.jpg
Ya existia la ruta:/var/www/html/reconocimientoFacial/proyecto_definitivo/motor/caras/1/0/SgkcLylC5UlBuN1k0sCyLvncp
He copiado de aki: /var/www/html/reconocimientoFacial/proyecto_definitivo/motor/caras/sinclasificar_videos/otraprueba_21.avi_21_9.951704978942871.jpg a aki: SgkcLylC5UlBuN1k0sCyLvncp/otraprueba_21.avi_21_9.951704978942871.jpg_b6imhxT9gYv6AKZkLPu7vX79wL.jpg
-------------------
analizando:otraprueba_11.avi_11_34.765036821365356.jpg
ultimos 7:5356.jpg
-------------------
analizando:otraprueba_17.avi_17_37.471023082733154.jpg
ultimos 7:3154.jpg
-------------------
analizando:otraprueba_12.avi_12_23.236525535583496.jpg
ultimos 7:3496.jpg
-------------------
analizando:otraprueba_17.avi_17_2.2666237354278564.jpg
ultimos 7:8564.jpg
-------------------
analizando:otraprueba_9.avi_9_20.422669172286987.jpg
ultimos 7:6987.jpg
-------------------
analizando:otraprueba_21.avi_21_37.16833782196045.jpg
ultimos 7:6045.jpg
-------------------
analizando:otraprueba_14.avi_14_39.93013620376587.jpg
ultimos 7:6587.jpg
-------------------
analizando:otraprueba_24.avi_24_15.802749872207642.jpg
ultimos 7:7642.jpg
-------------------
analizando:otraprueba_11.avi_11_11.792312383651733.jpg
ultimos 7:1733.jpg
-------------------
analizando:otraprueba_18.avi_18_37.32310104370117.jpg
ultimos 7:0117.jpg
-------------------
analizando:otraprueba_16.avi_16_28.45413565635681.jpg
ultimos 7:5681.jpg
-------------------
analizando:otraprueba_12.avi_12_33.06396722793579.jpg
ultimos 7:3579.jpg
-------------------
analizando:otraprueba_15.avi_15_14.249714136123657.jpg
ultimos 7:3657.jpg
-------------------
analizando:otraprueba_12.avi_12_5.8477256298065186.jpg
ultimos 7:5186.jpg
-------------------
analizando:otraprueba_18.avi_18_20.377050638198853.jpg
ultimos 7:8853.jpg
paso4!!
deberia a continua
Es enfocada de momento:/var/www/html/reconocimientoFacial/proyecto_definitivo/motor/caras/sinclasificar_videos/otraprueba_18.avi_18_20.377050638198853.jpg
es cara1 y enfocada:/var/www/html/reconocimientoFacial/proyecto_definitivo/motor/caras/sinclasificar_videos/otraprueba_18.avi_18_20.377050638198853.jpg
Esta imagen no tiene caras1 por que no tiene encodings
remuevo la imagen pues no supero los filtros y no se va a usar: /var/www/html/reconocimientoFacial/proyecto_definitivo/motor/caras/sinclasificar_videos/otraprueba_18.avi_18_20.377050638198853.jpg
-------------------
analizando:otraprueba_12.avi_12_20.54626202583313.jpg
ultimos 7:3313.jpg
-------------------
analizando:otraprueba_21.avi_21_7.415279150009155.jpg
ultimos 7:9155.jpg
-------------------
analizando:otraprueba_4.avi_4_9.092212677001953.jpg
ultimos 7:1953.jpg
-------------------
analizando:otraprueba_17.avi_17_36.023661613464355.jpg
ultimos 7:4355.jpg
-------------------
analizando:otraprueba_16.avi_16_12.640008926391602.jpg
ultimos 7:1602.jpg
-------------------
analizando:otraprueba_14.avi_14_11.274076461791992.jpg
ultimos 7:1992.jpg
-------------------
analizando:otraprueba_17.avi_17_34.294050455093384.jpg
ultimos 7:3384.jpg
-------------------
analizando:otraprueba_10.avi_10_7.919878005981445.jpg
ultimos 7:1445.jpg
-------------------
analizando:otraprueba_12.avi_12_15.768520593643188.jpg
ultimos 7:3188.jpg
-------------------
analizando:otraprueba_10.avi_10_33.8309166431427.jpg
ultimos 7:1427.jpg
-------------------
analizando:otraprueba_14.avi_14_38.43570041656494.jpg
ultimos 7:6494.jpg
-------------------
analizando:otraprueba_11.avi_11_29.995778560638428.jpg
ultimos 7:8428.jpg
-------------------
analizando:otraprueba_5.avi_5_23.99246072769165.jpg
ultimos 7:9165.jpg
-------------------
analizando:otraprueba_3.avi_3_1.156754732131958.jpg
ultimos 7:1958.jpg
-------------------
analizando:otraprueba_24.avi_24_5.86944055557251.jpg
ultimos 7:7251.jpg
-------------------
analizando:otraprueba_12.avi_12_35.41874289512634.jpg
ultimos 7:2634.jpg
-------------------
analizando:otraprueba_13.avi_13_36.41486597061157.jpg
ultimos 7:1157.jpg
-------------------
analizando:otraprueba_18.avi_18_40.4380943775177.jpg
ultimos 7:5177.jpg
-------------------
analizando:otraprueba_22.avi_22_18.655062437057495.jpg
ultimos 7:7495.jpg
-------------------
analizando:otraprueba_11.avi_11_24.687196493148804.jpg
ultimos 7:8804.jpg
-------------------
analizando:otraprueba_5.avi_5_36.38721990585327.jpg
ultimos 7:5327.jpg
-------------------
analizando:otraprueba_12.avi_12_39.253777265548706.jpg
ultimos 7:8706.jpg
-------------------
analizando:otraprueba_4.avi_4_2.25607967376709.jpg
ultimos 7:6709.jpg
-------------------
analizando:otraprueba_19.avi_19_33.41085243225098.jpg
ultimos 7:5098.jpg
-------------------
analizando:otraprueba_6.avi_6_25.42667555809021.jpg
ultimos 7:9021.jpg
-------------------
analizando:otraprueba_6.avi_6_33.107401847839355.jpg
ultimos 7:9355.jpg
-------------------
analizando:otraprueba_16.avi_16_18.133710145950317.jpg
ultimos 7:0317.jpg
-------------------
analizando:otraprueba_2.avi_2_5.696115493774414.jpg
ultimos 7:4414.jpg
-------------------
analizando:otraprueba_13.avi_13_29.45142912864685.jpg
ultimos 7:4685.jpg
-------------------
analizando:otraprueba_22.avi_22_20.999248504638672.jpg
ultimos 7:8672.jpg
-------------------
analizando:otraprueba_16.avi_16_34.3662748336792.jpg
ultimos 7:6792.jpg
-------------------
analizando:otraprueba_24.avi_24_30.14592480659485.jpg
ultimos 7:9485.jpg
-------------------
analizando:otraprueba_18.avi_18_4.669231414794922.jpg
ultimos 7:4922.jpg
-------------------
analizando:otraprueba_15.avi_15_16.861929178237915.jpg
ultimos 7:7915.jpg
-------------------
analizando:otraprueba_18.avi_18_29.92036747932434.jpg
ultimos 7:2434.jpg
-------------------
analizando:otraprueba_2.avi_2_0.968264102935791.jpg
ultimos 7:5791.jpg
-------------------
analizando:otraprueba_22.avi_22_31.059825897216797.jpg
ultimos 7:6797.jpg
-------------------
analizando:otraprueba_13.avi_13_7.534326553344727.jpg
ultimos 7:4727.jpg
-------------------
analizando:otraprueba_15.avi_15_6.42563533782959.jpg
ultimos 7:2959.jpg
-------------------
analizando:otraprueba_13.avi_13_9.653979539871216.jpg
ultimos 7:1216.jpg
-------------------
analizando:otraprueba_21.avi_21_34.75980091094971.jpg
ultimos 7:4971.jpg
-------------------
analizando:otraprueba_18.avi_18_14.798943281173706.jpg
ultimos 7:3706.jpg
-------------------
analizando:otraprueba_5.avi_5_18.600177764892578.jpg
ultimos 7:2578.jpg
-------------------
analizando:otraprueba_18.avi_18_6.9823973178863525.jpg
ultimos 7:3525.jpg
-------------------
analizando:otraprueba_6.avi_6_14.511051416397095.jpg
ultimos 7:7095.jpg
-------------------
analizando:otraprueba_8.avi_8_4.561157941818237.jpg
ultimos 7:8237.jpg
paso4!!
deberia a continua
Es enfocada de momento:/var/www/html/reconocimientoFacial/proyecto_definitivo/motor/caras/sinclasificar_videos/otraprueba_8.avi_8_4.561157941818237.jpg
es cara1 y enfocada:/var/www/html/reconocimientoFacial/proyecto_definitivo/motor/caras/sinclasificar_videos/otraprueba_8.avi_8_4.561157941818237.jpg
Esta imagen SI tiene caras reconocibles por que tiene encodings
Esta imagen SI tiene caras2!!!
Perfecto, supera todos los filtros
La imagen es buena, voy a ponerla en su correspondiente carpeta, para conservarla: /var/www/html/reconocimientoFacial/proyecto_definitivo/motor/caras/sinclasificar_videos/otraprueba_8.avi_8_4.561157941818237.jpg
Ya existia la ruta:/var/www/html/reconocimientoFacial/proyecto_definitivo/motor/caras/1/0/SgkcLylC5UlBuN1k0sCyLvncp
He copiado de aki: /var/www/html/reconocimientoFacial/proyecto_definitivo/motor/caras/sinclasificar_videos/otraprueba_8.avi_8_4.561157941818237.jpg a aki: SgkcLylC5UlBuN1k0sCyLvncp/otraprueba_8.avi_8_4.561157941818237.jpg_bQEDozzHF3Vr3BQfhwj4sRkIE1.jpg
-------------------
analizando:otraprueba_19.avi_19_29.866503477096558.jpg
ultimos 7:6558.jpg
-------------------
analizando:otraprueba_8.avi_8_18.18523669242859.jpg
ultimos 7:2859.jpg
paso4!!
deberia a continua
Es enfocada de momento:/var/www/html/reconocimientoFacial/proyecto_definitivo/motor/caras/sinclasificar_videos/otraprueba_8.avi_8_18.18523669242859.jpg
es cara1 y enfocada:/var/www/html/reconocimientoFacial/proyecto_definitivo/motor/caras/sinclasificar_videos/otraprueba_8.avi_8_18.18523669242859.jpg
Esta imagen SI tiene caras reconocibles por que tiene encodings
Esta imagen SI tiene caras2!!!
Perfecto, supera todos los filtros
La imagen es buena, voy a ponerla en su correspondiente carpeta, para conservarla: /var/www/html/reconocimientoFacial/proyecto_definitivo/motor/caras/sinclasificar_videos/otraprueba_8.avi_8_18.18523669242859.jpg
Ya existia la ruta:/var/www/html/reconocimientoFacial/proyecto_definitivo/motor/caras/1/0/SgkcLylC5UlBuN1k0sCyLvncp
He copiado de aki: /var/www/html/reconocimientoFacial/proyecto_definitivo/motor/caras/sinclasificar_videos/otraprueba_8.avi_8_18.18523669242859.jpg a aki: SgkcLylC5UlBuN1k0sCyLvncp/otraprueba_8.avi_8_18.18523669242859.jpg_bSsmqgDr2bw4WMwcXs1CJFeOAO.jpg
-------------------
analizando:otraprueba_23.avi_23_34.138877391815186.jpg
ultimos 7:5186.jpg
-------------------
analizando:otraprueba_10.avi_10_40.12644028663635.jpg
ultimos 7:3635.jpg
-------------------
analizando:otraprueba_15.avi_15_8.967968225479126.jpg
ultimos 7:9126.jpg
-------------------
analizando:otraprueba_21.avi_21_36.041781425476074.jpg
ultimos 7:6074.jpg
-------------------
analizando:otraprueba_9.avi_9_15.445090293884277.jpg
ultimos 7:4277.jpg
paso4!!
deberia a continua
Es enfocada de momento:/var/www/html/reconocimientoFacial/proyecto_definitivo/motor/caras/sinclasificar_videos/otraprueba_9.avi_9_15.445090293884277.jpg
es cara1 y enfocada:/var/www/html/reconocimientoFacial/proyecto_definitivo/motor/caras/sinclasificar_videos/otraprueba_9.avi_9_15.445090293884277.jpg
Esta imagen SI tiene caras reconocibles por que tiene encodings
Esta imagen SI tiene caras2!!!
Perfecto, supera todos los filtros
La imagen es buena, voy a ponerla en su correspondiente carpeta, para conservarla: /var/www/html/reconocimientoFacial/proyecto_definitivo/motor/caras/sinclasificar_videos/otraprueba_9.avi_9_15.445090293884277.jpg
Ya existia la ruta:/var/www/html/reconocimientoFacial/proyecto_definitivo/motor/caras/1/0/SgkcLylC5UlBuN1k0sCyLvncp
He copiado de aki: /var/www/html/reconocimientoFacial/proyecto_definitivo/motor/caras/sinclasificar_videos/otraprueba_9.avi_9_15.445090293884277.jpg a aki: SgkcLylC5UlBuN1k0sCyLvncp/otraprueba_9.avi_9_15.445090293884277.jpg_b0GZX8lWCFJWCjgbi5SCIswJix.jpg
-------------------
analizando:otraprueba_16.avi_16_26.07708168029785.jpg
ultimos 7:9785.jpg
-------------------
analizando:otraprueba_12.avi_12_13.072428464889526.jpg
ultimos 7:9526.jpg
-------------------
analizando:otraprueba_17.avi_17_7.0281267166137695.jpg
ultimos 7:7695.jpg
-------------------
analizando:otraprueba_19.avi_19_13.347518920898438.jpg
ultimos 7:8438.jpg
-------------------
analizando:otraprueba_16.avi_16_39.00226664543152.jpg
ultimos 7:3152.jpg
-------------------
analizando:otraprueba_21.avi_21_37.13763666152954.jpg
ultimos 7:2954.jpg
-------------------
analizando:otraprueba_10.avi_10_31.610167741775513.jpg
ultimos 7:5513.jpg
-------------------
analizando:otraprueba_11.avi_11_14.532824516296387.jpg
ultimos 7:6387.jpg
-------------------
analizando:otraprueba_3.avi_3_36.47602295875549.jpg
ultimos 7:5549.jpg
-------------------
analizando:otraprueba_23.avi_23_13.064585447311401.jpg
ultimos 7:1401.jpg
-------------------
analizando:otraprueba_24.avi_24_8.283972978591919.jpg
ultimos 7:1919.jpg
-------------------
analizando:otraprueba_15.avi_15_37.21334886550903.jpg
ultimos 7:0903.jpg
-------------------
analizando:otraprueba_14.avi_14_36.905078649520874.jpg
ultimos 7:0874.jpg
-------------------
analizando:otraprueba_11.avi_11_34.69057750701904.jpg
ultimos 7:1904.jpg
-------------------
analizando:otraprueba_15.avi_15_2.2156195640563965.jpg
ultimos 7:3965.jpg
-------------------
analizando:otraprueba_15.avi_15_37.27833843231201.jpg
ultimos 7:1201.jpg
-------------------
analizando:otraprueba_10.avi_10_21.0647234916687.jpg
ultimos 7:6687.jpg
-------------------
analizando:otraprueba_12.avi_12_30.67254900932312.jpg
ultimos 7:2312.jpg
-------------------
analizando:otraprueba_21.avi_21_29.67175054550171.jpg
ultimos 7:0171.jpg
-------------------
analizando:otraprueba_21.avi_21_27.599616527557373.jpg
ultimos 7:7373.jpg
-------------------
analizando:otraprueba_4.avi_4_7.16130805015564.jpg
ultimos 7:5564.jpg
-------------------
analizando:otraprueba_7.avi_7_26.93765902519226.jpg
ultimos 7:9226.jpg
-------------------
analizando:otraprueba_24.avi_24_18.128820419311523.jpg
ultimos 7:1523.jpg
-------------------
analizando:otraprueba_17.avi_17_32.23003387451172.jpg
ultimos 7:1172.jpg
-------------------
analizando:otraprueba_17.avi_17_27.752413988113403.jpg
ultimos 7:3403.jpg
-------------------
analizando:otraprueba_15.avi_15_24.920502185821533.jpg
ultimos 7:1533.jpg
-------------------
analizando:otraprueba_14.avi_14_2.012669324874878.jpg
ultimos 7:4878.jpg
-------------------
analizando:otraprueba_22.avi_22_33.80061173439026.jpg
ultimos 7:9026.jpg
-------------------
analizando:otraprueba_17.avi_17_32.321362018585205.jpg
ultimos 7:5205.jpg
-------------------
analizando:otraprueba_19.avi_19_23.690504789352417.jpg
ultimos 7:2417.jpg
paso4!!
deberia a continua
Es enfocada de momento:/var/www/html/reconocimientoFacial/proyecto_definitivo/motor/caras/sinclasificar_videos/otraprueba_19.avi_19_23.690504789352417.jpg
es cara1 y enfocada:/var/www/html/reconocimientoFacial/proyecto_definitivo/motor/caras/sinclasificar_videos/otraprueba_19.avi_19_23.690504789352417.jpg
Esta imagen no tiene caras1 por que no tiene encodings
remuevo la imagen pues no supero los filtros y no se va a usar: /var/www/html/reconocimientoFacial/proyecto_definitivo/motor/caras/sinclasificar_videos/otraprueba_19.avi_19_23.690504789352417.jpg
-------------------
analizando:otraprueba_20.avi_20_38.79966139793396.jpg
ultimos 7:3396.jpg
-------------------
analizando:otraprueba_13.avi_13_17.54875159263611.jpg
ultimos 7:3611.jpg
-------------------
analizando:otraprueba_16.avi_16_34.38489270210266.jpg
ultimos 7:0266.jpg
-------------------
analizando:otraprueba_20.avi_20_7.683272361755371.jpg
ultimos 7:5371.jpg
-------------------
analizando:otraprueba_11.avi_11_37.040653705596924.jpg
ultimos 7:6924.jpg
-------------------
analizando:otraprueba_9.avi_9_35.4079110622406.jpg
ultimos 7:2406.jpg
-------------------
analizando:otraprueba_22.avi_22_5.27910590171814.jpg
ultimos 7:1814.jpg
-------------------
analizando:otraprueba_15.avi_15_35.532273292541504.jpg
ultimos 7:1504.jpg
-------------------
analizando:otraprueba_20.avi_20_38.794593811035156.jpg
ultimos 7:5156.jpg
-------------------
analizando:otraprueba_20.avi_20_10.48183012008667.jpg
ultimos 7:8667.jpg
-------------------
analizando:otraprueba_22.avi_22_23.245144605636597.jpg
ultimos 7:6597.jpg
-------------------
analizando:otraprueba_22.avi_22_32.4730966091156.jpg
ultimos 7:1156.jpg
-------------------
analizando:otraprueba_22.avi_22_7.948262929916382.jpg
ultimos 7:6382.jpg
-------------------
analizando:otraprueba_15.avi_15_38.742902755737305.jpg
ultimos 7:7305.jpg
-------------------
analizando:otraprueba_23.avi_23_7.932458877563477.jpg
ultimos 7:3477.jpg
-------------------
analizando:otraprueba_7.avi_7_11.735208988189697.jpg
ultimos 7:9697.jpg
-------------------
analizando:otraprueba_10.avi_10_1.9263477325439453.jpg
ultimos 7:9453.jpg
-------------------
analizando:otraprueba_1.avi_1_18.686072826385498.jpg
ultimos 7:5498.jpg
-------------------
analizando:otraprueba_14.avi_14_1.9466538429260254.jpg
ultimos 7:0254.jpg
-------------------
analizando:otraprueba_14.avi_14_18.972514390945435.jpg
ultimos 7:5435.jpg
-------------------
analizando:otraprueba_18.avi_18_38.6257164478302.jpg
ultimos 7:8302.jpg
-------------------
analizando:otraprueba_8.avi_8_6.536417484283447.jpg
ultimos 7:3447.jpg
-------------------
analizando:otraprueba_14.avi_14_21.476795196533203.jpg
ultimos 7:3203.jpg
-------------------
analizando:otraprueba_18.avi_18_14.800848960876465.jpg
ultimos 7:6465.jpg
-------------------
analizando:otraprueba_13.avi_13_27.11455273628235.jpg
ultimos 7:8235.jpg
paso4!!
deberia a continua
Es enfocada de momento:/var/www/html/reconocimientoFacial/proyecto_definitivo/motor/caras/sinclasificar_videos/otraprueba_13.avi_13_27.11455273628235.jpg
es cara1 y enfocada:/var/www/html/reconocimientoFacial/proyecto_definitivo/motor/caras/sinclasificar_videos/otraprueba_13.avi_13_27.11455273628235.jpg
Esta imagen SI tiene caras reconocibles por que tiene encodings
Esta imagen SI tiene caras2!!!
Perfecto, supera todos los filtros
La imagen es buena, voy a ponerla en su correspondiente carpeta, para conservarla: /var/www/html/reconocimientoFacial/proyecto_definitivo/motor/caras/sinclasificar_videos/otraprueba_13.avi_13_27.11455273628235.jpg
Ya existia la ruta:/var/www/html/reconocimientoFacial/proyecto_definitivo/motor/caras/1/0/SgkcLylC5UlBuN1k0sCyLvncp
He copiado de aki: /var/www/html/reconocimientoFacial/proyecto_definitivo/motor/caras/sinclasificar_videos/otraprueba_13.avi_13_27.11455273628235.jpg a aki: SgkcLylC5UlBuN1k0sCyLvncp/otraprueba_13.avi_13_27.11455273628235.jpg_b6cx9aVM6Uj19rMru4XNwyXLFO.jpg
-------------------
analizando:otraprueba_23.avi_23_7.939800024032593.jpg
ultimos 7:2593.jpg
-------------------
analizando:otraprueba_6.avi_6_35.485413789749146.jpg
ultimos 7:9146.jpg
-------------------
analizando:otraprueba_16.avi_16_36.26923108100891.jpg
ultimos 7:0891.jpg
paso4!!
deberia a continua
Es enfocada de momento:/var/www/html/reconocimientoFacial/proyecto_definitivo/motor/caras/sinclasificar_videos/otraprueba_16.avi_16_36.26923108100891.jpg
es cara1 y enfocada:/var/www/html/reconocimientoFacial/proyecto_definitivo/motor/caras/sinclasificar_videos/otraprueba_16.avi_16_36.26923108100891.jpg
Esta imagen SI tiene caras reconocibles por que tiene encodings
Esta imagen SI tiene caras2!!!
Perfecto, supera todos los filtros
La imagen es buena, voy a ponerla en su correspondiente carpeta, para conservarla: /var/www/html/reconocimientoFacial/proyecto_definitivo/motor/caras/sinclasificar_videos/otraprueba_16.avi_16_36.26923108100891.jpg
Ya existia la ruta:/var/www/html/reconocimientoFacial/proyecto_definitivo/motor/caras/1/0/SgkcLylC5UlBuN1k0sCyLvncp
He copiado de aki: /var/www/html/reconocimientoFacial/proyecto_definitivo/motor/caras/sinclasificar_videos/otraprueba_16.avi_16_36.26923108100891.jpg a aki: SgkcLylC5UlBuN1k0sCyLvncp/otraprueba_16.avi_16_36.26923108100891.jpg_bPPsrvba1I2QVitHWwbSPfROxz.jpg
-------------------
analizando:otraprueba_8.avi_8_8.480391263961792.jpg
ultimos 7:1792.jpg
-------------------
analizando:otraprueba_16.avi_16_15.387722969055176.jpg
ultimos 7:5176.jpg
-------------------
analizando:otraprueba_11.avi_11_22.041094303131104.jpg
ultimos 7:1104.jpg
-------------------
analizando:otraprueba_16.avi_16_28.365767240524292.jpg
ultimos 7:4292.jpg
-------------------
analizando:otraprueba_23.avi_23_32.465924978256226.jpg
ultimos 7:6226.jpg
-------------------
analizando:otraprueba_6.avi_6_37.67659592628479.jpg
ultimos 7:8479.jpg
paso4!!
deberia a continua
Es enfocada de momento:/var/www/html/reconocimientoFacial/proyecto_definitivo/motor/caras/sinclasificar_videos/otraprueba_6.avi_6_37.67659592628479.jpg
es cara1 y enfocada:/var/www/html/reconocimientoFacial/proyecto_definitivo/motor/caras/sinclasificar_videos/otraprueba_6.avi_6_37.67659592628479.jpg
Esta imagen SI tiene caras reconocibles por que tiene encodings
Esta imagen SI tiene caras2!!!
Perfecto, supera todos los filtros
La imagen es buena, voy a ponerla en su correspondiente carpeta, para conservarla: /var/www/html/reconocimientoFacial/proyecto_definitivo/motor/caras/sinclasificar_videos/otraprueba_6.avi_6_37.67659592628479.jpg
Ya existia la ruta:/var/www/html/reconocimientoFacial/proyecto_definitivo/motor/caras/1/0/SgkcLylC5UlBuN1k0sCyLvncp
He copiado de aki: /var/www/html/reconocimientoFacial/proyecto_definitivo/motor/caras/sinclasificar_videos/otraprueba_6.avi_6_37.67659592628479.jpg a aki: SgkcLylC5UlBuN1k0sCyLvncp/otraprueba_6.avi_6_37.67659592628479.jpg_bp4CEJYK3kZpriX2YC4dnu90qf.jpg
-------------------
analizando:otraprueba_21.avi_21_4.818931341171265.jpg
ultimos 7:1265.jpg
-------------------
analizando:otraprueba_18.avi_18_32.175931453704834.jpg
ultimos 7:4834.jpg
-------------------
analizando:otraprueba_22.avi_22_29.347901344299316.jpg
ultimos 7:9316.jpg
-------------------
analizando:otraprueba_4.avi_4_31.20384907722473.jpg
ultimos 7:2473.jpg
paso4!!
deberia a continua
Es enfocada de momento:/var/www/html/reconocimientoFacial/proyecto_definitivo/motor/caras/sinclasificar_videos/otraprueba_4.avi_4_31.20384907722473.jpg
es cara1 y enfocada:/var/www/html/reconocimientoFacial/proyecto_definitivo/motor/caras/sinclasificar_videos/otraprueba_4.avi_4_31.20384907722473.jpg
Esta imagen no tiene caras1 por que no tiene encodings
remuevo la imagen pues no supero los filtros y no se va a usar: /var/www/html/reconocimientoFacial/proyecto_definitivo/motor/caras/sinclasificar_videos/otraprueba_4.avi_4_31.20384907722473.jpg
-------------------
analizando:otraprueba_10.avi_10_10.314685344696045.jpg
ultimos 7:6045.jpg
-------------------
analizando:otraprueba_13.avi_13_12.010257720947266.jpg
ultimos 7:7266.jpg
-------------------
analizando:otraprueba_7.avi_7_39.14981293678284.jpg
ultimos 7:8284.jpg
-------------------
analizando:otraprueba_15.avi_15_14.253024339675903.jpg
ultimos 7:5903.jpg
-------------------
analizando:otraprueba_24.avi_24_26.989914417266846.jpg
ultimos 7:6846.jpg
-------------------
analizando:otraprueba_21.avi_21_7.491326808929443.jpg
ultimos 7:9443.jpg
-------------------
analizando:otraprueba_19.avi_19_5.405198812484741.jpg
ultimos 7:4741.jpg
-------------------
analizando:otraprueba_15.avi_15_11.652159452438354.jpg
ultimos 7:8354.jpg
-------------------
analizando:otraprueba_21.avi_21_17.780244827270508.jpg
ultimos 7:0508.jpg
-------------------
analizando:otraprueba_17.avi_17_34.22994327545166.jpg
ultimos 7:5166.jpg
-------------------
analizando:otraprueba_22.avi_22_2.5926318168640137.jpg
ultimos 7:0137.jpg
-------------------
analizando:otraprueba_9.avi_9_30.577248334884644.jpg
ultimos 7:4644.jpg
-------------------
analizando:otraprueba_23.avi_23_25.32572031021118.jpg
ultimos 7:1118.jpg
-------------------
analizando:otraprueba_8.avi_8_20.828057765960693.jpg
ultimos 7:0693.jpg
paso4!!
deberia a continua
Es enfocada de momento:/var/www/html/reconocimientoFacial/proyecto_definitivo/motor/caras/sinclasificar_videos/otraprueba_8.avi_8_20.828057765960693.jpg
es cara1 y enfocada:/var/www/html/reconocimientoFacial/proyecto_definitivo/motor/caras/sinclasificar_videos/otraprueba_8.avi_8_20.828057765960693.jpg
Esta imagen SI tiene caras reconocibles por que tiene encodings
Esta imagen SI tiene caras2!!!
Perfecto, supera todos los filtros
La imagen es buena, voy a ponerla en su correspondiente carpeta, para conservarla: /var/www/html/reconocimientoFacial/proyecto_definitivo/motor/caras/sinclasificar_videos/otraprueba_8.avi_8_20.828057765960693.jpg
Ya existia la ruta:/var/www/html/reconocimientoFacial/proyecto_definitivo/motor/caras/1/0/SgkcLylC5UlBuN1k0sCyLvncp
He copiado de aki: /var/www/html/reconocimientoFacial/proyecto_definitivo/motor/caras/sinclasificar_videos/otraprueba_8.avi_8_20.828057765960693.jpg a aki: SgkcLylC5UlBuN1k0sCyLvncp/otraprueba_8.avi_8_20.828057765960693.jpg_bl0hU8qL4OuphgpsBEDkB5wqb9.jpg
-------------------
analizando:otraprueba_10.avi_10_28.949491024017334.jpg
ultimos 7:7334.jpg
-------------------
analizando:otraprueba_19.avi_19_35.00951957702637.jpg
ultimos 7:2637.jpg
paso4!!
deberia a continua
Es enfocada de momento:/var/www/html/reconocimientoFacial/proyecto_definitivo/motor/caras/sinclasificar_videos/otraprueba_19.avi_19_35.00951957702637.jpg
es cara1 y enfocada:/var/www/html/reconocimientoFacial/proyecto_definitivo/motor/caras/sinclasificar_videos/otraprueba_19.avi_19_35.00951957702637.jpg
Esta imagen no tiene caras1 por que no tiene encodings
remuevo la imagen pues no supero los filtros y no se va a usar: /var/www/html/reconocimientoFacial/proyecto_definitivo/motor/caras/sinclasificar_videos/otraprueba_19.avi_19_35.00951957702637.jpg
-------------------
analizando:otraprueba_9.avi_9_39.965975761413574.jpg
ultimos 7:3574.jpg
-------------------
analizando:otraprueba_17.avi_17_37.49238133430481.jpg
ultimos 7:0481.jpg
-------------------
analizando:otraprueba_11.avi_11_27.36605167388916.jpg
ultimos 7:8916.jpg
-------------------
analizando:otraprueba_21.avi_21_22.618788480758667.jpg
ultimos 7:8667.jpg
-------------------
analizando:otraprueba_19.avi_19_38.09363412857056.jpg
ultimos 7:7056.jpg
-------------------
analizando:otraprueba_13.avi_13_42.087101221084595.jpg
ultimos 7:4595.jpg
-------------------
analizando:otraprueba_17.avi_17_40.586827516555786.jpg
ultimos 7:5786.jpg
-------------------
analizando:otraprueba_5.avi_5_2.951127290725708.jpg
ultimos 7:5708.jpg
-------------------
analizando:otraprueba_14.avi_14_41.30189752578735.jpg
ultimos 7:8735.jpg
-------------------
analizando:otraprueba_20.avi_20_30.186437606811523.jpg
ultimos 7:1523.jpg
-------------------
analizando:otraprueba_12.avi_12_37.38423681259155.jpg
ultimos 7:9155.jpg
-------------------
analizando:otraprueba_18.avi_18_35.78848075866699.jpg
ultimos 7:6699.jpg
paso4!!
deberia a continua
Es enfocada de momento:/var/www/html/reconocimientoFacial/proyecto_definitivo/motor/caras/sinclasificar_videos/otraprueba_18.avi_18_35.78848075866699.jpg
es cara1 y enfocada:/var/www/html/reconocimientoFacial/proyecto_definitivo/motor/caras/sinclasificar_videos/otraprueba_18.avi_18_35.78848075866699.jpg
Esta imagen no tiene caras1 por que no tiene encodings
remuevo la imagen pues no supero los filtros y no se va a usar: /var/www/html/reconocimientoFacial/proyecto_definitivo/motor/caras/sinclasificar_videos/otraprueba_18.avi_18_35.78848075866699.jpg
-------------------
analizando:otraprueba_14.avi_14_8.581374645233154.jpg
ultimos 7:3154.jpg
-------------------
analizando:otraprueba_24.avi_24_32.51602602005005.jpg
ultimos 7:5005.jpg
-------------------
analizando:otraprueba_6.avi_6_22.717276334762573.jpg
ultimos 7:2573.jpg
-------------------
analizando:otraprueba_13.avi_13_14.698479890823364.jpg
ultimos 7:3364.jpg
-------------------
analizando:otraprueba_15.avi_15_40.09271025657654.jpg
ultimos 7:7654.jpg
-------------------
analizando:otraprueba_16.avi_16_7.289149284362793.jpg
ultimos 7:2793.jpg
-------------------
analizando:otraprueba_12.avi_12_7.9491658210754395.jpg
ultimos 7:4395.jpg
-------------------
analizando:otraprueba_19.avi_19_33.46766471862793.jpg
ultimos 7:2793.jpg
-------------------
analizando:otraprueba_9.avi_9_22.9146249294281.jpg
ultimos 7:4281.jpg
-------------------
analizando:otraprueba_5.avi_5_1.5472195148468018.jpg
ultimos 7:8018.jpg
-------------------
analizando:otraprueba_6.avi_6_4.396379709243774.jpg
ultimos 7:3774.jpg
-------------------
analizando:otraprueba_14.avi_14_30.769747495651245.jpg
ultimos 7:1245.jpg
-------------------
analizando:otraprueba_16.avi_16_38.98513889312744.jpg
ultimos 7:2744.jpg
-------------------
analizando:otraprueba_17.avi_17_36.05827188491821.jpg
ultimos 7:1821.jpg
-------------------
analizando:otraprueba_5.avi_5_38.703516721725464.jpg
ultimos 7:5464.jpg
-------------------
analizando:otraprueba_10.avi_10_41.653420209884644.jpg
ultimos 7:4644.jpg
-------------------
analizando:otraprueba_17.avi_17_22.947876930236816.jpg
ultimos 7:6816.jpg
-------------------
analizando:otraprueba_19.avi_19_18.676372528076172.jpg
ultimos 7:6172.jpg
-------------------
analizando:otraprueba_12.avi_12_28.33736562728882.jpg
ultimos 7:8882.jpg
-------------------
analizando:otraprueba_5.avi_5_4.463460206985474.jpg
ultimos 7:5474.jpg
-------------------
analizando:otraprueba_19.avi_19_27.976594924926758.jpg
ultimos 7:6758.jpg
-------------------
analizando:otraprueba_20.avi_20_38.48833656311035.jpg
ultimos 7:1035.jpg
-------------------
analizando:otraprueba_3.avi_3_26.570375204086304.jpg
ultimos 7:6304.jpg
-------------------
analizando:otraprueba_19.avi_19_7.799574136734009.jpg
ultimos 7:4009.jpg
-------------------
analizando:otraprueba_8.avi_8_41.52066969871521.jpg
ultimos 7:1521.jpg
-------------------
analizando:otraprueba_25.avi_25_5.976105451583862.jpg
ultimos 7:3862.jpg
-------------------
analizando:otraprueba_6.avi_6_12.31281304359436.jpg
ultimos 7:9436.jpg
-------------------
analizando:otraprueba_6.avi_6_1.429880142211914.jpg
ultimos 7:1914.jpg
-------------------
analizando:otraprueba_18.avi_18_27.64652991294861.jpg
ultimos 7:4861.jpg
-------------------
analizando:otraprueba_15.avi_15_22.034253120422363.jpg
ultimos 7:2363.jpg
-------------------
analizando:otraprueba_21.avi_21_31.535123109817505.jpg
ultimos 7:7505.jpg
-------------------
analizando:otraprueba_23.avi_23_32.44078803062439.jpg
ultimos 7:2439.jpg
paso4!!
deberia a continua
Es enfocada de momento:/var/www/html/reconocimientoFacial/proyecto_definitivo/motor/caras/sinclasificar_videos/otraprueba_23.avi_23_32.44078803062439.jpg
es cara1 y enfocada:/var/www/html/reconocimientoFacial/proyecto_definitivo/motor/caras/sinclasificar_videos/otraprueba_23.avi_23_32.44078803062439.jpg
Esta imagen no tiene caras1 por que no tiene encodings
remuevo la imagen pues no supero los filtros y no se va a usar: /var/www/html/reconocimientoFacial/proyecto_definitivo/motor/caras/sinclasificar_videos/otraprueba_23.avi_23_32.44078803062439.jpg
-------------------
analizando:otraprueba_23.avi_23_35.15761065483093.jpg
ultimos 7:3093.jpg
-------------------
analizando:otraprueba_3.avi_3_16.5329647064209.jpg
ultimos 7:4209.jpg
-------------------
analizando:otraprueba_6.avi_6_2.784665107727051.jpg
ultimos 7:7051.jpg
-------------------
analizando:otraprueba_2.avi_2_3.0264041423797607.jpg
ultimos 7:7607.jpg
-------------------
analizando:otraprueba_7.avi_7_32.00002908706665.jpg
ultimos 7:6665.jpg
-------------------
analizando:otraprueba_5.avi_5_13.84069299697876.jpg
ultimos 7:7876.jpg
-------------------
analizando:otraprueba_21.avi_21_17.785033702850342.jpg
ultimos 7:0342.jpg
-------------------
analizando:otraprueba_12.avi_12_15.721645593643188.jpg
ultimos 7:3188.jpg
-------------------
analizando:otraprueba_9.avi_9_13.00174880027771.jpg
ultimos 7:7771.jpg
-------------------
analizando:otraprueba_7.avi_7_19.28289556503296.jpg
ultimos 7:3296.jpg
-------------------
analizando:otraprueba_16.avi_16_2.341038942337036.jpg
ultimos 7:7036.jpg
-------------------
analizando:otraprueba_10.avi_10_28.951927185058594.jpg
ultimos 7:8594.jpg
-------------------
analizando:otraprueba_17.avi_17_29.99931287765503.jpg
ultimos 7:5503.jpg
-------------------
analizando:otraprueba_16.avi_16_18.011976957321167.jpg
ultimos 7:1167.jpg
-------------------
analizando:otraprueba_20.avi_20_35.45100259780884.jpg
ultimos 7:0884.jpg
-------------------
analizando:otraprueba_5.avi_5_18.705793380737305.jpg
ultimos 7:7305.jpg
-------------------
analizando:otraprueba_20.avi_20_25.460144519805908.jpg
ultimos 7:5908.jpg
-------------------
analizando:otraprueba_15.avi_15_35.60134196281433.jpg
ultimos 7:1433.jpg
-------------------
analizando:otraprueba_18.avi_18_2.2803707122802734.jpg
ultimos 7:2734.jpg
-------------------
analizando:otraprueba_21.avi_21_9.922854661941528.jpg
ultimos 7:1528.jpg
-------------------
analizando:otraprueba_10.avi_10_33.888341665267944.jpg
ultimos 7:7944.jpg
-------------------
analizando:otraprueba_7.avi_7_1.5239074230194092.jpg
ultimos 7:4092.jpg
-------------------
analizando:otraprueba_11.avi_11_3.535722494125366.jpg
ultimos 7:5366.jpg
-------------------
analizando:otraprueba_21.avi_21_12.395472049713135.jpg
ultimos 7:3135.jpg
-------------------
analizando:otraprueba_12.avi_12_30.66864252090454.jpg
ultimos 7:0454.jpg
-------------------
analizando:otraprueba_21.avi_21_34.68883275985718.jpg
ultimos 7:5718.jpg
-------------------
analizando:otraprueba_25.avi_25_13.74940037727356.jpg
ultimos 7:7356.jpg
-------------------
analizando:otraprueba_21.avi_21_25.194435834884644.jpg
ultimos 7:4644.jpg
-------------------
analizando:otraprueba_11.avi_11_39.095338582992554.jpg
ultimos 7:2554.jpg
-------------------
analizando:otraprueba_25.avi_25_11.197108745574951.jpg
ultimos 7:4951.jpg
-------------------
analizando:otraprueba_15.avi_15_4.253046751022339.jpg
ultimos 7:2339.jpg
-------------------
analizando:otraprueba_6.avi_6_7.8735246658325195.jpg
ultimos 7:5195.jpg
-------------------
analizando:otraprueba_16.avi_16_23.47819185256958.jpg
ultimos 7:6958.jpg
-------------------
analizando:otraprueba_7.avi_7_5.980215072631836.jpg
ultimos 7:1836.jpg
-------------------
analizando:otraprueba_17.avi_17_4.599517107009888.jpg
ultimos 7:9888.jpg
-------------------
analizando:otraprueba_14.avi_14_4.057233810424805.jpg
ultimos 7:4805.jpg
-------------------
analizando:otraprueba_17.avi_17_39.75643587112427.jpg
ultimos 7:2427.jpg
-------------------
analizando:otraprueba_5.avi_5_31.71245789527893.jpg
ultimos 7:7893.jpg
-------------------
analizando:otraprueba_16.avi_16_40.157838582992554.jpg
ultimos 7:2554.jpg
-------------------
analizando:otraprueba_6.avi_6_17.133347511291504.jpg
ultimos 7:1504.jpg
-------------------
analizando:otraprueba_21.avi_21_25.155076503753662.jpg
ultimos 7:3662.jpg
-------------------
analizando:otraprueba_23.avi_23_20.665036916732788.jpg
ultimos 7:2788.jpg
-------------------
analizando:otraprueba_4.avi_4_36.212766885757446.jpg
ultimos 7:7446.jpg
-------------------
analizando:otraprueba_14.avi_14_36.945029735565186.jpg
ultimos 7:5186.jpg
-------------------
analizando:otraprueba_4.avi_4_23.250155687332153.jpg
ultimos 7:2153.jpg
-------------------
analizando:otraprueba_11.avi_11_1.7978394031524658.jpg
ultimos 7:4658.jpg
-------------------
analizando:otraprueba_12.avi_12_10.519999027252197.jpg
ultimos 7:2197.jpg
-------------------
analizando:otraprueba_14.avi_14_26.205917596817017.jpg
ultimos 7:7017.jpg
-------------------
analizando:otraprueba_21.avi_21_15.05534291267395.jpg
ultimos 7:7395.jpg
Tiempo de analizar el video:214.72108101844788
--->/var/www/html/reconocimientoFacial/proyecto_definitivo/motor/caras/sinclasificar_videos/
-------------------
analizando:otraprueba_5.avi_5_11.449007511138916.jpg
ultimos 7:8916.jpg
-------------------
analizando:otraprueba_14.avi_14_12.294185638427734.jpg
ultimos 7:7734.jpg
-------------------
analizando:otraprueba_17.avi_17_18.079652547836304.jpg
ultimos 7:6304.jpg
-------------------
analizando:otraprueba_4.avi_4_40.529080867767334.jpg
ultimos 7:7334.jpg
-------------------
analizando:otraprueba_19.avi_19_13.029690742492676.jpg
ultimos 7:2676.jpg
-------------------
analizando:otraprueba_19.avi_19_5.018296003341675.jpg
ultimos 7:1675.jpg
-------------------
analizando:otraprueba_12.avi_12_18.07649254798889.jpg
ultimos 7:8889.jpg
-------------------
analizando:otraprueba_2.avi_2_4.621496200561523.jpg
ultimos 7:1523.jpg
-------------------
analizando:otraprueba_4.avi_4_7.669785737991333.jpg
ultimos 7:1333.jpg
-------------------
analizando:otraprueba_3.avi_3_8.463604927062988.jpg
ultimos 7:2988.jpg
-------------------
analizando:otraprueba_5.avi_5_2.1235756874084473.jpg
ultimos 7:4473.jpg
paso4!!
deberia a continua
Es enfocada de momento:/var/www/html/reconocimientoFacial/proyecto_definitivo/motor/caras/sinclasificar_videos/otraprueba_5.avi_5_2.1235756874084473.jpg
es cara1 y enfocada:/var/www/html/reconocimientoFacial/proyecto_definitivo/motor/caras/sinclasificar_videos/otraprueba_5.avi_5_2.1235756874084473.jpg
Esta imagen no tiene caras1 por que no tiene encodings
remuevo la imagen pues no supero los filtros y no se va a usar: /var/www/html/reconocimientoFacial/proyecto_definitivo/motor/caras/sinclasificar_videos/otraprueba_5.avi_5_2.1235756874084473.jpg
-------------------
analizando:otraprueba_11.avi_11_6.2237868309021.jpg
ultimos 7:9021.jpg
-------------------
analizando:otraprueba_21.avi_21_32.44017243385315.jpg
ultimos 7:5315.jpg
-------------------
analizando:otraprueba_8.avi_8_16.5007586479187.jpg
ultimos 7:9187.jpg
-------------------
analizando:otraprueba_1.avi_1_32.966920614242554.jpg
ultimos 7:2554.jpg
-------------------
analizando:otraprueba_3.avi_3_28.90102529525757.jpg
ultimos 7:5757.jpg
-------------------
analizando:otraprueba_17.avi_17_28.194835424423218.jpg
ultimos 7:3218.jpg
-------------------
analizando:otraprueba_24.avi_24_36.92754125595093.jpg
ultimos 7:5093.jpg
-------------------
analizando:otraprueba_5.avi_5_29.977107286453247.jpg
ultimos 7:3247.jpg
-------------------
analizando:otraprueba_15.avi_15_20.484018087387085.jpg
ultimos 7:7085.jpg
-------------------
analizando:otraprueba_9.avi_9_27.624855518341064.jpg
ultimos 7:1064.jpg
-------------------
analizando:otraprueba_18.avi_18_36.56411623954773.jpg
ultimos 7:4773.jpg
-------------------
analizando:otraprueba_7.avi_7_23.081404209136963.jpg
ultimos 7:6963.jpg
-------------------
analizando:otraprueba_15.avi_15_2.3991448879241943.jpg
ultimos 7:1943.jpg
-------------------
analizando:otraprueba_11.avi_11_10.975045680999756.jpg
ultimos 7:9756.jpg
-------------------
analizando:otraprueba_16.avi_16_9.600910186767578.jpg
ultimos 7:7578.jpg
-------------------
analizando:otraprueba_16.avi_16_27.753810167312622.jpg
ultimos 7:2622.jpg
-------------------
analizando:otraprueba_8.avi_8_22.194578647613525.jpg
ultimos 7:3525.jpg
-------------------
analizando:otraprueba_13.avi_13_3.8907008171081543.jpg
ultimos 7:1543.jpg
-------------------
analizando:otraprueba_11.avi_11_41.16530704498291.jpg
ultimos 7:8291.jpg
paso4!!
deberia a continua
Es enfocada de momento:/var/www/html/reconocimientoFacial/proyecto_definitivo/motor/caras/sinclasificar_videos/otraprueba_11.avi_11_41.16530704498291.jpg
es cara1 y enfocada:/var/www/html/reconocimientoFacial/proyecto_definitivo/motor/caras/sinclasificar_videos/otraprueba_11.avi_11_41.16530704498291.jpg
Esta imagen no tiene caras1 por que no tiene encodings
remuevo la imagen pues no supero los filtros y no se va a usar: /var/www/html/reconocimientoFacial/proyecto_definitivo/motor/caras/sinclasificar_videos/otraprueba_11.avi_11_41.16530704498291.jpg
-------------------
analizando:otraprueba_17.avi_17_23.606908559799194.jpg
ultimos 7:9194.jpg
-------------------
analizando:otraprueba_10.avi_10_26.78877353668213.jpg
ultimos 7:8213.jpg
paso4!!
deberia a continua
Es enfocada de momento:/var/www/html/reconocimientoFacial/proyecto_definitivo/motor/caras/sinclasificar_videos/otraprueba_10.avi_10_26.78877353668213.jpg
es cara1 y enfocada:/var/www/html/reconocimientoFacial/proyecto_definitivo/motor/caras/sinclasificar_videos/otraprueba_10.avi_10_26.78877353668213.jpg
Esta imagen no tiene caras1 por que no tiene encodings
remuevo la imagen pues no supero los filtros y no se va a usar: /var/www/html/reconocimientoFacial/proyecto_definitivo/motor/caras/sinclasificar_videos/otraprueba_10.avi_10_26.78877353668213.jpg
-------------------
analizando:otraprueba_22.avi_22_35.466604709625244.jpg
ultimos 7:5244.jpg
-------------------
analizando:otraprueba_1.avi_1_22.269031524658203.jpg
ultimos 7:8203.jpg
-------------------
analizando:otraprueba_2.avi_2_7.73714280128479.jpg
ultimos 7:8479.jpg
paso4!!
deberia a continua
Es enfocada de momento:/var/www/html/reconocimientoFacial/proyecto_definitivo/motor/caras/sinclasificar_videos/otraprueba_2.avi_2_7.73714280128479.jpg
es cara1 y enfocada:/var/www/html/reconocimientoFacial/proyecto_definitivo/motor/caras/sinclasificar_videos/otraprueba_2.avi_2_7.73714280128479.jpg
Esta imagen no tiene caras1 por que no tiene encodings
remuevo la imagen pues no supero los filtros y no se va a usar: /var/www/html/reconocimientoFacial/proyecto_definitivo/motor/caras/sinclasificar_videos/otraprueba_2.avi_2_7.73714280128479.jpg
-------------------
analizando:otraprueba_24.avi_24_36.02894687652588.jpg
ultimos 7:2588.jpg
-------------------
analizando:otraprueba_9.avi_9_22.315850734710693.jpg
ultimos 7:0693.jpg
paso4!!
deberia a continua
Es enfocada de momento:/var/www/html/reconocimientoFacial/proyecto_definitivo/motor/caras/sinclasificar_videos/otraprueba_9.avi_9_22.315850734710693.jpg
es cara1 y enfocada:/var/www/html/reconocimientoFacial/proyecto_definitivo/motor/caras/sinclasificar_videos/otraprueba_9.avi_9_22.315850734710693.jpg
Esta imagen SI tiene caras reconocibles por que tiene encodings
Esta imagen SI tiene caras2!!!
Perfecto, supera todos los filtros
La imagen es buena, voy a ponerla en su correspondiente carpeta, para conservarla: /var/www/html/reconocimientoFacial/proyecto_definitivo/motor/caras/sinclasificar_videos/otraprueba_9.avi_9_22.315850734710693.jpg
Ya existia la ruta:/var/www/html/reconocimientoFacial/proyecto_definitivo/motor/caras/1/0/glUfANFvA9X9QZyiV7XJmr3uw
He copiado de aki: /var/www/html/reconocimientoFacial/proyecto_definitivo/motor/caras/sinclasificar_videos/otraprueba_9.avi_9_22.315850734710693.jpg a aki: glUfANFvA9X9QZyiV7XJmr3uw/otraprueba_9.avi_9_22.315850734710693.jpg_blhMlZATXteOY7QllJpchRJpn2.jpg
-------------------
analizando:otraprueba_7.avi_7_40.07353734970093.jpg
ultimos 7:0093.jpg
paso4!!
deberia a continua
Es enfocada de momento:/var/www/html/reconocimientoFacial/proyecto_definitivo/motor/caras/sinclasificar_videos/otraprueba_7.avi_7_40.07353734970093.jpg
es cara1 y enfocada:/var/www/html/reconocimientoFacial/proyecto_definitivo/motor/caras/sinclasificar_videos/otraprueba_7.avi_7_40.07353734970093.jpg
Esta imagen SI tiene caras reconocibles por que tiene encodings
Esta imagen SI tiene caras2!!!
Perfecto, supera todos los filtros
La imagen es buena, voy a ponerla en su correspondiente carpeta, para conservarla: /var/www/html/reconocimientoFacial/proyecto_definitivo/motor/caras/sinclasificar_videos/otraprueba_7.avi_7_40.07353734970093.jpg
Ya existia la ruta:/var/www/html/reconocimientoFacial/proyecto_definitivo/motor/caras/1/0/glUfANFvA9X9QZyiV7XJmr3uw
He copiado de aki: /var/www/html/reconocimientoFacial/proyecto_definitivo/motor/caras/sinclasificar_videos/otraprueba_7.avi_7_40.07353734970093.jpg a aki: glUfANFvA9X9QZyiV7XJmr3uw/otraprueba_7.avi_7_40.07353734970093.jpg_bwT8CETudao8WROO2L5z4MigtP.jpg
-------------------
analizando:otraprueba_16.avi_16_12.578997135162354.jpg
ultimos 7:2354.jpg
-------------------
analizando:otraprueba_15.avi_15_12.725752830505371.jpg
ultimos 7:5371.jpg
-------------------
analizando:otraprueba_7.avi_7_17.351431369781494.jpg
ultimos 7:1494.jpg
-------------------
analizando:otraprueba_12.avi_12_30.97324514389038.jpg
ultimos 7:9038.jpg
-------------------
analizando:otraprueba_9.avi_9_30.20224094390869.jpg
ultimos 7:0869.jpg
-------------------
analizando:otraprueba_9.avi_9_11.889994859695435.jpg
ultimos 7:5435.jpg
-------------------
analizando:otraprueba_6.avi_6_23.132192611694336.jpg
ultimos 7:4336.jpg
-------------------
analizando:otraprueba_16.avi_16_40.02911138534546.jpg
ultimos 7:4546.jpg
-------------------
analizando:otraprueba_20.avi_20_30.653249979019165.jpg
ultimos 7:9165.jpg
-------------------
analizando:otraprueba_21.avi_21_23.804359674453735.jpg
ultimos 7:3735.jpg
-------------------
analizando:otraprueba_20.avi_20_39.13970470428467.jpg
ultimos 7:8467.jpg
-------------------
analizando:otraprueba_19.avi_19_23.612139225006104.jpg
ultimos 7:6104.jpg
-------------------
analizando:otraprueba_5.avi_5_1.0608479976654053.jpg
ultimos 7:4053.jpg
paso4!!
deberia a continua
Es enfocada de momento:/var/www/html/reconocimientoFacial/proyecto_definitivo/motor/caras/sinclasificar_videos/otraprueba_5.avi_5_1.0608479976654053.jpg
es cara1 y enfocada:/var/www/html/reconocimientoFacial/proyecto_definitivo/motor/caras/sinclasificar_videos/otraprueba_5.avi_5_1.0608479976654053.jpg
Esta imagen no tiene caras1 por que no tiene encodings
remuevo la imagen pues no supero los filtros y no se va a usar: /var/www/html/reconocimientoFacial/proyecto_definitivo/motor/caras/sinclasificar_videos/otraprueba_5.avi_5_1.0608479976654053.jpg
-------------------
analizando:otraprueba_20.avi_20_36.26608633995056.jpg
ultimos 7:5056.jpg
-------------------
analizando:otraprueba_13.avi_13_26.8900887966156.jpg
ultimos 7:6156.jpg
-------------------
analizando:otraprueba_10.avi_10_34.62968349456787.jpg
ultimos 7:6787.jpg
-------------------
analizando:otraprueba_17.avi_17_38.243579149246216.jpg
ultimos 7:6216.jpg
-------------------
analizando:otraprueba_6.avi_6_5.72115159034729.jpg
ultimos 7:4729.jpg
-------------------
analizando:otraprueba_23.avi_23_28.063414573669434.jpg
ultimos 7:9434.jpg
-------------------
analizando:otraprueba_8.avi_8_44.02423858642578.jpg
ultimos 7:2578.jpg
-------------------
analizando:otraprueba_11.avi_11_37.17990803718567.jpg
ultimos 7:8567.jpg
-------------------
analizando:otraprueba_16.avi_16_32.4948046207428.jpg
ultimos 7:7428.jpg
-------------------
analizando:otraprueba_15.avi_15_37.9610059261322.jpg
ultimos 7:1322.jpg
-------------------
analizando:otraprueba_18.avi_18_17.708476543426514.jpg
ultimos 7:6514.jpg
-------------------
analizando:otraprueba_22.avi_22_31.63608455657959.jpg
ultimos 7:7959.jpg
-------------------
analizando:otraprueba_22.avi_22_19.101011037826538.jpg
ultimos 7:6538.jpg
-------------------
analizando:otraprueba_8.avi_8_19.350467681884766.jpg
ultimos 7:4766.jpg
-------------------
analizando:otraprueba_11.avi_11_42.74865674972534.jpg
ultimos 7:2534.jpg
-------------------
analizando:otraprueba_18.avi_18_9.34762954711914.jpg
ultimos 7:1914.jpg
-------------------
analizando:otraprueba_19.avi_19_7.722193717956543.jpg
ultimos 7:6543.jpg
-------------------
analizando:otraprueba_23.avi_23_36.46583414077759.jpg
ultimos 7:7759.jpg
-------------------
analizando:otraprueba_23.avi_23_30.042845249176025.jpg
ultimos 7:6025.jpg
-------------------
analizando:otraprueba_11.avi_11_29.720121383666992.jpg
ultimos 7:6992.jpg
-------------------
analizando:otraprueba_11.avi_11_34.85324025154114.jpg
ultimos 7:4114.jpg
-------------------
analizando:otraprueba_17.avi_17_10.541144609451294.jpg
ultimos 7:1294.jpg
-------------------
analizando:otraprueba_18.avi_18_34.791526794433594.jpg
ultimos 7:3594.jpg
-------------------
analizando:otraprueba_23.avi_23_25.975395679473877.jpg
ultimos 7:3877.jpg
-------------------
analizando:otraprueba_15.avi_15_28.873631715774536.jpg
ultimos 7:4536.jpg
-------------------
analizando:otraprueba_15.avi_15_15.26013445854187.jpg
ultimos 7:4187.jpg
-------------------
analizando:otraprueba_22.avi_22_24.16433095932007.jpg
ultimos 7:2007.jpg
-------------------
analizando:otraprueba_15.avi_15_39.893221616744995.jpg
ultimos 7:4995.jpg
-------------------
analizando:otraprueba_15.avi_15_10.1192045211792.jpg
ultimos 7:1792.jpg
-------------------
analizando:otraprueba_6.avi_6_4.01511025428772.jpg
ultimos 7:8772.jpg
-------------------
analizando:otraprueba_23.avi_23_33.66578769683838.jpg
ultimos 7:3838.jpg
-------------------
analizando:otraprueba_9.avi_9_3.099820613861084.jpg
ultimos 7:1084.jpg
-------------------
analizando:otraprueba_15.avi_15_35.82118058204651.jpg
ultimos 7:4651.jpg
paso4!!
deberia a continua
Es enfocada de momento:/var/www/html/reconocimientoFacial/proyecto_definitivo/motor/caras/sinclasificar_videos/otraprueba_15.avi_15_35.82118058204651.jpg
es cara1 y enfocada:/var/www/html/reconocimientoFacial/proyecto_definitivo/motor/caras/sinclasificar_videos/otraprueba_15.avi_15_35.82118058204651.jpg
Esta imagen no tiene caras1 por que no tiene encodings
remuevo la imagen pues no supero los filtros y no se va a usar: /var/www/html/reconocimientoFacial/proyecto_definitivo/motor/caras/sinclasificar_videos/otraprueba_15.avi_15_35.82118058204651.jpg
-------------------
analizando:otraprueba_23.avi_23_8.194859504699707.jpg
ultimos 7:9707.jpg
-------------------
analizando:otraprueba_20.avi_20_38.49598145484924.jpg
ultimos 7:4924.jpg
-------------------
analizando:otraprueba_16.avi_16_15.195067644119263.jpg
ultimos 7:9263.jpg
-------------------
analizando:otraprueba_17.avi_17_26.128143548965454.jpg
ultimos 7:5454.jpg
-------------------
analizando:otraprueba_6.avi_6_17.91887092590332.jpg
ultimos 7:0332.jpg
-------------------
analizando:otraprueba_24.avi_24_37.53744554519653.jpg
ultimos 7:9653.jpg
-------------------
analizando:otraprueba_18.avi_18_36.62754678726196.jpg
ultimos 7:6196.jpg
-------------------
analizando:otraprueba_15.avi_15_26.209771633148193.jpg
ultimos 7:8193.jpg
-------------------
analizando:otraprueba_8.avi_8_3.005415201187134.jpg
ultimos 7:7134.jpg
-------------------
analizando:otraprueba_13.avi_13_16.266205072402954.jpg
ultimos 7:2954.jpg
-------------------
analizando:otraprueba_15.avi_15_35.94344162940979.jpg
ultimos 7:0979.jpg
-------------------
analizando:otraprueba_20.avi_20_32.836414098739624.jpg
ultimos 7:9624.jpg
-------------------
analizando:otraprueba_17.avi_17_21.188547134399414.jpg
ultimos 7:9414.jpg
-------------------
analizando:otraprueba_3.avi_3_1.2272765636444092.jpg
ultimos 7:4092.jpg
-------------------
analizando:otraprueba_16.avi_16_41.36247420310974.jpg
ultimos 7:0974.jpg
-------------------
analizando:otraprueba_8.avi_8_37.91656041145325.jpg
ultimos 7:5325.jpg
-------------------
analizando:otraprueba_10.avi_10_13.853230237960815.jpg
ultimos 7:0815.jpg
paso4!!
deberia a continua
Es enfocada de momento:/var/www/html/reconocimientoFacial/proyecto_definitivo/motor/caras/sinclasificar_videos/otraprueba_10.avi_10_13.853230237960815.jpg
es cara1 y enfocada:/var/www/html/reconocimientoFacial/proyecto_definitivo/motor/caras/sinclasificar_videos/otraprueba_10.avi_10_13.853230237960815.jpg
Esta imagen SI tiene caras reconocibles por que tiene encodings
Esta imagen SI tiene caras2!!!
Perfecto, supera todos los filtros
La imagen es buena, voy a ponerla en su correspondiente carpeta, para conservarla: /var/www/html/reconocimientoFacial/proyecto_definitivo/motor/caras/sinclasificar_videos/otraprueba_10.avi_10_13.853230237960815.jpg
Ya existia la ruta:/var/www/html/reconocimientoFacial/proyecto_definitivo/motor/caras/1/0/glUfANFvA9X9QZyiV7XJmr3uw
He copiado de aki: /var/www/html/reconocimientoFacial/proyecto_definitivo/motor/caras/sinclasificar_videos/otraprueba_10.avi_10_13.853230237960815.jpg a aki: glUfANFvA9X9QZyiV7XJmr3uw/otraprueba_10.avi_10_13.853230237960815.jpg_bmSAM7iNKLwiftWf2woMBctLpU.jpg
-------------------
analizando:otraprueba_22.avi_22_33.66949486732483.jpg
ultimos 7:2483.jpg
-------------------
analizando:otraprueba_14.avi_14_23.025150060653687.jpg
ultimos 7:3687.jpg
-------------------
analizando:otraprueba_18.avi_18_17.845728874206543.jpg
ultimos 7:6543.jpg
-------------------
analizando:otraprueba_14.avi_14_37.018388509750366.jpg
ultimos 7:0366.jpg
-------------------
analizando:otraprueba_13.avi_13_13.671436548233032.jpg
ultimos 7:3032.jpg
-------------------
analizando:otraprueba_9.avi_9_5.042193174362183.jpg
ultimos 7:2183.jpg
-------------------
analizando:otraprueba_12.avi_12_20.670384168624878.jpg
ultimos 7:4878.jpg
-------------------
analizando:otraprueba_11.avi_11_22.056795120239258.jpg
ultimos 7:9258.jpg
-------------------
analizando:otraprueba_2.avi_2_1.0520880222320557.jpg
ultimos 7:0557.jpg
-------------------
analizando:otraprueba_16.avi_16_30.12457537651062.jpg
ultimos 7:1062.jpg
-------------------
analizando:otraprueba_24.avi_24_29.983454704284668.jpg
ultimos 7:4668.jpg
-------------------
analizando:otraprueba_16.avi_16_22.842724800109863.jpg
ultimos 7:9863.jpg
-------------------
analizando:otraprueba_23.avi_23_33.71491026878357.jpg
ultimos 7:8357.jpg
-------------------
analizando:otraprueba_14.avi_14_15.114022493362427.jpg
ultimos 7:2427.jpg
-------------------
analizando:otraprueba_3.avi_3_38.288978099823.jpg
ultimos 7:9823.jpg
-------------------
analizando:otraprueba_21.avi_21_8.772171020507812.jpg
ultimos 7:7812.jpg
-------------------
analizando:otraprueba_16.avi_16_25.410876035690308.jpg
ultimos 7:0308.jpg
-------------------
analizando:otraprueba_17.avi_17_2.424689769744873.jpg
ultimos 7:4873.jpg
paso4!!
deberia a continua
Es enfocada de momento:/var/www/html/reconocimientoFacial/proyecto_definitivo/motor/caras/sinclasificar_videos/otraprueba_17.avi_17_2.424689769744873.jpg
es cara1 y enfocada:/var/www/html/reconocimientoFacial/proyecto_definitivo/motor/caras/sinclasificar_videos/otraprueba_17.avi_17_2.424689769744873.jpg
Esta imagen no tiene caras1 por que no tiene encodings
remuevo la imagen pues no supero los filtros y no se va a usar: /var/www/html/reconocimientoFacial/proyecto_definitivo/motor/caras/sinclasificar_videos/otraprueba_17.avi_17_2.424689769744873.jpg
-------------------
analizando:otraprueba_17.avi_17_13.046932935714722.jpg
ultimos 7:4722.jpg
-------------------
analizando:otraprueba_22.avi_22_35.641595125198364.jpg
ultimos 7:8364.jpg
-------------------
analizando:otraprueba_15.avi_15_23.343525171279907.jpg
ultimos 7:9907.jpg
-------------------
analizando:otraprueba_21.avi_21_14.15541934967041.jpg
ultimos 7:7041.jpg
-------------------
analizando:otraprueba_19.avi_19_38.23896312713623.jpg
ultimos 7:3623.jpg
-------------------
analizando:otraprueba_22.avi_22_31.633933782577515.jpg
ultimos 7:7515.jpg
-------------------
analizando:otraprueba_18.avi_18_11.908433437347412.jpg
ultimos 7:7412.jpg
-------------------
analizando:otraprueba_5.avi_5_3.203153371810913.jpg
ultimos 7:0913.jpg
-------------------
analizando:otraprueba_2.avi_2_3.326767921447754.jpg
ultimos 7:7754.jpg
-------------------
analizando:otraprueba_5.avi_5_39.88085746765137.jpg
ultimos 7:5137.jpg
-------------------
analizando:otraprueba_21.avi_21_30.48956298828125.jpg
ultimos 7:8125.jpg
-------------------
analizando:otraprueba_20.avi_20_38.50225353240967.jpg
ultimos 7:0967.jpg
-------------------
analizando:otraprueba_6.avi_6_36.05006265640259.jpg
ultimos 7:0259.jpg
paso4!!
deberia a continua
Es enfocada de momento:/var/www/html/reconocimientoFacial/proyecto_definitivo/motor/caras/sinclasificar_videos/otraprueba_6.avi_6_36.05006265640259.jpg
es cara1 y enfocada:/var/www/html/reconocimientoFacial/proyecto_definitivo/motor/caras/sinclasificar_videos/otraprueba_6.avi_6_36.05006265640259.jpg
Esta imagen SI tiene caras reconocibles por que tiene encodings
Esta imagen SI tiene caras2!!!
Perfecto, supera todos los filtros
La imagen es buena, voy a ponerla en su correspondiente carpeta, para conservarla: /var/www/html/reconocimientoFacial/proyecto_definitivo/motor/caras/sinclasificar_videos/otraprueba_6.avi_6_36.05006265640259.jpg
Ya existia la ruta:/var/www/html/reconocimientoFacial/proyecto_definitivo/motor/caras/1/0/glUfANFvA9X9QZyiV7XJmr3uw
He copiado de aki: /var/www/html/reconocimientoFacial/proyecto_definitivo/motor/caras/sinclasificar_videos/otraprueba_6.avi_6_36.05006265640259.jpg a aki: glUfANFvA9X9QZyiV7XJmr3uw/otraprueba_6.avi_6_36.05006265640259.jpg_bcX0DKlp1eEke1RiEZcBaqQoAx.jpg
-------------------
analizando:otraprueba_15.avi_15_10.040665864944458.jpg
ultimos 7:4458.jpg
-------------------
analizando:otraprueba_22.avi_22_16.183411598205566.jpg
ultimos 7:5566.jpg
-------------------
analizando:otraprueba_20.avi_20_34.56938290596008.jpg
ultimos 7:6008.jpg
-------------------
analizando:otraprueba_21.avi_21_28.234062910079956.jpg
ultimos 7:9956.jpg
-------------------
analizando:otraprueba_5.avi_5_7.587836265563965.jpg
ultimos 7:3965.jpg
-------------------
analizando:otraprueba_11.avi_11_32.28221535682678.jpg
ultimos 7:2678.jpg
-------------------
analizando:otraprueba_14.avi_14_35.07556366920471.jpg
ultimos 7:0471.jpg
paso4!!
deberia a continua
Es enfocada de momento:/var/www/html/reconocimientoFacial/proyecto_definitivo/motor/caras/sinclasificar_videos/otraprueba_14.avi_14_35.07556366920471.jpg
es cara1 y enfocada:/var/www/html/reconocimientoFacial/proyecto_definitivo/motor/caras/sinclasificar_videos/otraprueba_14.avi_14_35.07556366920471.jpg
Esta imagen SI tiene caras reconocibles por que tiene encodings
Esta imagen SI tiene caras2!!!
Perfecto, supera todos los filtros
La imagen es buena, voy a ponerla en su correspondiente carpeta, para conservarla: /var/www/html/reconocimientoFacial/proyecto_definitivo/motor/caras/sinclasificar_videos/otraprueba_14.avi_14_35.07556366920471.jpg
Ya existia la ruta:/var/www/html/reconocimientoFacial/proyecto_definitivo/motor/caras/1/0/glUfANFvA9X9QZyiV7XJmr3uw
He copiado de aki: /var/www/html/reconocimientoFacial/proyecto_definitivo/motor/caras/sinclasificar_videos/otraprueba_14.avi_14_35.07556366920471.jpg a aki: glUfANFvA9X9QZyiV7XJmr3uw/otraprueba_14.avi_14_35.07556366920471.jpg_bWipirDYEKvRiVnoMbW0eu5PNw.jpg
-------------------
analizando:otraprueba_23.avi_23_31.661773920059204.jpg
ultimos 7:9204.jpg
-------------------
analizando:otraprueba_20.avi_20_8.243272542953491.jpg
ultimos 7:3491.jpg
-------------------
analizando:otraprueba_17.avi_17_36.66565728187561.jpg
ultimos 7:7561.jpg
-------------------
analizando:otraprueba_11.avi_11_8.70078992843628.jpg
ultimos 7:3628.jpg
-------------------
analizando:otraprueba_9.avi_9_22.23251700401306.jpg
ultimos 7:1306.jpg
-------------------
analizando:otraprueba_11.avi_11_2.089233636856079.jpg
ultimos 7:6079.jpg
paso4!!
deberia a continua
Es enfocada de momento:/var/www/html/reconocimientoFacial/proyecto_definitivo/motor/caras/sinclasificar_videos/otraprueba_11.avi_11_2.089233636856079.jpg
es cara1 y enfocada:/var/www/html/reconocimientoFacial/proyecto_definitivo/motor/caras/sinclasificar_videos/otraprueba_11.avi_11_2.089233636856079.jpg
Esta imagen no tiene caras1 por que no tiene encodings
remuevo la imagen pues no supero los filtros y no se va a usar: /var/www/html/reconocimientoFacial/proyecto_definitivo/motor/caras/sinclasificar_videos/otraprueba_11.avi_11_2.089233636856079.jpg
-------------------
analizando:otraprueba_12.avi_12_28.6735622882843.jpg
ultimos 7:2843.jpg
-------------------
analizando:otraprueba_6.avi_6_28.590877294540405.jpg
ultimos 7:0405.jpg
-------------------
analizando:otraprueba_16.avi_16_17.59276819229126.jpg
ultimos 7:9126.jpg
-------------------
analizando:otraprueba_17.avi_17_10.442849159240723.jpg
ultimos 7:0723.jpg
-------------------
analizando:otraprueba_22.avi_22_29.367329597473145.jpg
ultimos 7:3145.jpg
-------------------
analizando:otraprueba_18.avi_18_20.868233680725098.jpg
ultimos 7:5098.jpg
-------------------
analizando:otraprueba_10.avi_10_10.985434293746948.jpg
ultimos 7:6948.jpg
-------------------
analizando:otraprueba_20.avi_20_37.56841516494751.jpg
ultimos 7:4751.jpg
-------------------
analizando:otraprueba_5.avi_5_32.718010663986206.jpg
ultimos 7:6206.jpg
-------------------
analizando:otraprueba_7.avi_7_7.273302793502808.jpg
ultimos 7:2808.jpg
-------------------
analizando:otraprueba_23.avi_23_36.85655117034912.jpg
ultimos 7:4912.jpg
-------------------
analizando:otraprueba_23.avi_23_10.571845054626465.jpg
ultimos 7:6465.jpg
-------------------
analizando:otraprueba_8.avi_8_44.12988018989563.jpg
ultimos 7:9563.jpg
-------------------
analizando:otraprueba_18.avi_18_23.447274684906006.jpg
ultimos 7:6006.jpg
-------------------
analizando:otraprueba_16.avi_16_36.43138885498047.jpg
ultimos 7:8047.jpg
-------------------
analizando:otraprueba_6.avi_6_20.34611177444458.jpg
ultimos 7:4458.jpg
-------------------
analizando:otraprueba_20.avi_20_2.8600361347198486.jpg
ultimos 7:8486.jpg
-------------------
analizando:otraprueba_8.avi_8_1.4304847717285156.jpg
ultimos 7:5156.jpg
-------------------
analizando:otraprueba_25.avi_25_8.137843370437622.jpg
ultimos 7:7622.jpg
-------------------
analizando:otraprueba_6.avi_6_42.83632826805115.jpg
ultimos 7:5115.jpg
-------------------
analizando:otraprueba_20.avi_20_16.163547039031982.jpg
ultimos 7:1982.jpg
-------------------
analizando:otraprueba_21.avi_21_28.383585214614868.jpg
ultimos 7:4868.jpg
-------------------
analizando:otraprueba_9.avi_9_37.409109115600586.jpg
ultimos 7:0586.jpg
-------------------
analizando:otraprueba_17.avi_17_15.449422836303711.jpg
ultimos 7:3711.jpg
-------------------
analizando:otraprueba_16.avi_16_6.92335319519043.jpg
ultimos 7:9043.jpg
-------------------
analizando:otraprueba_10.avi_10_13.968132972717285.jpg
ultimos 7:7285.jpg
-------------------
analizando:otraprueba_3.avi_3_17.89693260192871.jpg
ultimos 7:2871.jpg
paso4!!
deberia a continua
Es enfocada de momento:/var/www/html/reconocimientoFacial/proyecto_definitivo/motor/caras/sinclasificar_videos/otraprueba_3.avi_3_17.89693260192871.jpg
es cara1 y enfocada:/var/www/html/reconocimientoFacial/proyecto_definitivo/motor/caras/sinclasificar_videos/otraprueba_3.avi_3_17.89693260192871.jpg
Esta imagen no tiene caras1 por que no tiene encodings
remuevo la imagen pues no supero los filtros y no se va a usar: /var/www/html/reconocimientoFacial/proyecto_definitivo/motor/caras/sinclasificar_videos/otraprueba_3.avi_3_17.89693260192871.jpg
-------------------
analizando:otraprueba_14.avi_14_4.589638948440552.jpg
ultimos 7:0552.jpg
-------------------
analizando:otraprueba_13.avi_13_29.61405873298645.jpg
ultimos 7:8645.jpg
-------------------
analizando:otraprueba_13.avi_13_32.26512384414673.jpg
ultimos 7:4673.jpg
paso4!!
deberia a continua
Es enfocada de momento:/var/www/html/reconocimientoFacial/proyecto_definitivo/motor/caras/sinclasificar_videos/otraprueba_13.avi_13_32.26512384414673.jpg
es cara1 y enfocada:/var/www/html/reconocimientoFacial/proyecto_definitivo/motor/caras/sinclasificar_videos/otraprueba_13.avi_13_32.26512384414673.jpg
Esta imagen SI tiene caras reconocibles por que tiene encodings
Esta imagen SI tiene caras2!!!
Perfecto, supera todos los filtros
La imagen es buena, voy a ponerla en su correspondiente carpeta, para conservarla: /var/www/html/reconocimientoFacial/proyecto_definitivo/motor/caras/sinclasificar_videos/otraprueba_13.avi_13_32.26512384414673.jpg
Ya existia la ruta:/var/www/html/reconocimientoFacial/proyecto_definitivo/motor/caras/1/0/glUfANFvA9X9QZyiV7XJmr3uw
He copiado de aki: /var/www/html/reconocimientoFacial/proyecto_definitivo/motor/caras/sinclasificar_videos/otraprueba_13.avi_13_32.26512384414673.jpg a aki: glUfANFvA9X9QZyiV7XJmr3uw/otraprueba_13.avi_13_32.26512384414673.jpg_bSbZI9bPa2Enh4u9BbRdXsijrw.jpg
-------------------
analizando:otraprueba_10.avi_10_2.133396625518799.jpg
ultimos 7:8799.jpg
-------------------
analizando:otraprueba_22.avi_22_19.18699312210083.jpg
ultimos 7:0083.jpg
-------------------
analizando:otraprueba_12.avi_12_5.851463079452515.jpg
ultimos 7:2515.jpg
-------------------
analizando:otraprueba_14.avi_14_40.79407238960266.jpg
ultimos 7:0266.jpg
-------------------
analizando:otraprueba_15.avi_15_2.4173238277435303.jpg
ultimos 7:5303.jpg
-------------------
analizando:otraprueba_22.avi_22_41.25882148742676.jpg
ultimos 7:2676.jpg
-------------------
analizando:otraprueba_21.avi_21_37.85810875892639.jpg
ultimos 7:2639.jpg
paso4!!
deberia a continua
Es enfocada de momento:/var/www/html/reconocimientoFacial/proyecto_definitivo/motor/caras/sinclasificar_videos/otraprueba_21.avi_21_37.85810875892639.jpg
es cara1 y enfocada:/var/www/html/reconocimientoFacial/proyecto_definitivo/motor/caras/sinclasificar_videos/otraprueba_21.avi_21_37.85810875892639.jpg
Esta imagen no tiene caras1 por que no tiene encodings
remuevo la imagen pues no supero los filtros y no se va a usar: /var/www/html/reconocimientoFacial/proyecto_definitivo/motor/caras/sinclasificar_videos/otraprueba_21.avi_21_37.85810875892639.jpg
-------------------
analizando:otraprueba_24.avi_24_34.91603875160217.jpg
ultimos 7:0217.jpg
paso4!!
deberia a continua
Es enfocada de momento:/var/www/html/reconocimientoFacial/proyecto_definitivo/motor/caras/sinclasificar_videos/otraprueba_24.avi_24_34.91603875160217.jpg
es cara1 y enfocada:/var/www/html/reconocimientoFacial/proyecto_definitivo/motor/caras/sinclasificar_videos/otraprueba_24.avi_24_34.91603875160217.jpg
Esta imagen no tiene caras1 por que no tiene encodings
remuevo la imagen pues no supero los filtros y no se va a usar: /var/www/html/reconocimientoFacial/proyecto_definitivo/motor/caras/sinclasificar_videos/otraprueba_24.avi_24_34.91603875160217.jpg
-------------------
analizando:otraprueba_22.avi_22_8.038109540939331.jpg
ultimos 7:9331.jpg
-------------------
analizando:otraprueba_3.avi_3_31.279513835906982.jpg
ultimos 7:6982.jpg
-------------------
analizando:otraprueba_8.avi_8_6.4168877601623535.jpg
ultimos 7:3535.jpg
-------------------
analizando:otraprueba_15.avi_15_39.963279485702515.jpg
ultimos 7:2515.jpg
-------------------
analizando:otraprueba_5.avi_5_24.575236082077026.jpg
ultimos 7:7026.jpg
-------------------
analizando:otraprueba_21.avi_21_26.20257806777954.jpg
ultimos 7:7954.jpg
-------------------
analizando:otraprueba_9.avi_9_25.12217903137207.jpg
ultimos 7:7207.jpg
-------------------
analizando:otraprueba_7.avi_7_30.405909538269043.jpg
ultimos 7:9043.jpg
-------------------
analizando:otraprueba_10.avi_10_4.002656698226929.jpg
ultimos 7:6929.jpg
-------------------
analizando:otraprueba_3.avi_3_35.799636125564575.jpg
ultimos 7:4575.jpg
-------------------
analizando:otraprueba_12.avi_12_15.299030065536499.jpg
ultimos 7:6499.jpg
paso4!!
deberia a continua
Es enfocada de momento:/var/www/html/reconocimientoFacial/proyecto_definitivo/motor/caras/sinclasificar_videos/otraprueba_12.avi_12_15.299030065536499.jpg
es cara1 y enfocada:/var/www/html/reconocimientoFacial/proyecto_definitivo/motor/caras/sinclasificar_videos/otraprueba_12.avi_12_15.299030065536499.jpg
Esta imagen no tiene caras1 por que no tiene encodings
remuevo la imagen pues no supero los filtros y no se va a usar: /var/www/html/reconocimientoFacial/proyecto_definitivo/motor/caras/sinclasificar_videos/otraprueba_12.avi_12_15.299030065536499.jpg
-------------------
analizando:otraprueba_1.avi_1_22.266200065612793.jpg
ultimos 7:2793.jpg
-------------------
analizando:otraprueba_14.avi_14_6.884951591491699.jpg
ultimos 7:1699.jpg
-------------------
analizando:otraprueba_10.avi_10_16.51724648475647.jpg
ultimos 7:5647.jpg
-------------------
analizando:otraprueba_14.avi_14_38.98811388015747.jpg
ultimos 7:5747.jpg
-------------------
analizando:otraprueba_6.avi_6_15.017735242843628.jpg
ultimos 7:3628.jpg
-------------------
analizando:otraprueba_6.avi_6_1.325453281402588.jpg
ultimos 7:2588.jpg
-------------------
analizando:otraprueba_9.avi_9_9.496723890304565.jpg
ultimos 7:4565.jpg
-------------------
analizando:otraprueba_12.avi_12_28.669008016586304.jpg
ultimos 7:6304.jpg
-------------------
analizando:otraprueba_17.avi_17_34.86727261543274.jpg
ultimos 7:3274.jpg
-------------------
analizando:otraprueba_12.avi_12_37.950873136520386.jpg
ultimos 7:0386.jpg
-------------------
analizando:otraprueba_23.avi_23_8.124776363372803.jpg
ultimos 7:2803.jpg
-------------------
analizando:otraprueba_23.avi_23_23.751495361328125.jpg
ultimos 7:8125.jpg
-------------------
analizando:otraprueba_24.avi_24_25.804877042770386.jpg
ultimos 7:0386.jpg
-------------------
analizando:otraprueba_22.avi_22_13.460943937301636.jpg
ultimos 7:1636.jpg
-------------------
analizando:otraprueba_17.avi_17_7.500877618789673.jpg
ultimos 7:9673.jpg
-------------------
analizando:otraprueba_21.avi_21_3.090087413787842.jpg
ultimos 7:7842.jpg
-------------------
analizando:otraprueba_18.avi_18_38.31965374946594.jpg
ultimos 7:6594.jpg
-------------------
analizando:otraprueba_20.avi_20_32.79337167739868.jpg
ultimos 7:9868.jpg
-------------------
analizando:otraprueba_2.avi_2_6.073806047439575.jpg
ultimos 7:9575.jpg
-------------------
analizando:otraprueba_10.avi_10_16.64983820915222.jpg
ultimos 7:5222.jpg
-------------------
analizando:otraprueba_21.avi_21_3.032119035720825.jpg
ultimos 7:0825.jpg
-------------------
analizando:otraprueba_22.avi_22_39.863215923309326.jpg
ultimos 7:9326.jpg
-------------------
analizando:otraprueba_21.avi_21_21.5034818649292.jpg
ultimos 7:9292.jpg
-------------------
analizando:otraprueba_5.avi_5_37.45054316520691.jpg
ultimos 7:0691.jpg
paso4!!
deberia a continua
Es enfocada de momento:/var/www/html/reconocimientoFacial/proyecto_definitivo/motor/caras/sinclasificar_videos/otraprueba_5.avi_5_37.45054316520691.jpg
es cara1 y enfocada:/var/www/html/reconocimientoFacial/proyecto_definitivo/motor/caras/sinclasificar_videos/otraprueba_5.avi_5_37.45054316520691.jpg
Esta imagen SI tiene caras reconocibles por que tiene encodings
Esta imagen SI tiene caras2!!!
Perfecto, supera todos los filtros
La imagen es buena, voy a ponerla en su correspondiente carpeta, para conservarla: /var/www/html/reconocimientoFacial/proyecto_definitivo/motor/caras/sinclasificar_videos/otraprueba_5.avi_5_37.45054316520691.jpg
Ya existia la ruta:/var/www/html/reconocimientoFacial/proyecto_definitivo/motor/caras/1/0/glUfANFvA9X9QZyiV7XJmr3uw
He copiado de aki: /var/www/html/reconocimientoFacial/proyecto_definitivo/motor/caras/sinclasificar_videos/otraprueba_5.avi_5_37.45054316520691.jpg a aki: glUfANFvA9X9QZyiV7XJmr3uw/otraprueba_5.avi_5_37.45054316520691.jpg_bRrS518UuwsE0pH6e4r71c7aTw.jpg
-------------------
analizando:otraprueba_20.avi_20_30.695223331451416.jpg
ultimos 7:1416.jpg
-------------------
analizando:otraprueba_20.avi_20_26.23756980895996.jpg
ultimos 7:5996.jpg
-------------------
analizando:otraprueba_11.avi_11_4.048266410827637.jpg
ultimos 7:7637.jpg
-------------------
analizando:otraprueba_20.avi_20_10.89251184463501.jpg
ultimos 7:3501.jpg
-------------------
analizando:otraprueba_4.avi_4_2.5825753211975098.jpg
ultimos 7:5098.jpg
-------------------
analizando:otraprueba_15.avi_15_38.05314087867737.jpg
ultimos 7:7737.jpg
-------------------
analizando:otraprueba_3.avi_3_5.219648599624634.jpg
ultimos 7:4634.jpg
-------------------
analizando:otraprueba_15.avi_15_43.86113381385803.jpg
ultimos 7:5803.jpg
-------------------
analizando:otraprueba_21.avi_21_34.199421882629395.jpg
ultimos 7:9395.jpg
-------------------
analizando:otraprueba_21.avi_21_5.951176643371582.jpg
ultimos 7:1582.jpg
-------------------
analizando:otraprueba_3.avi_3_38.4070827960968.jpg
ultimos 7:0968.jpg
-------------------
analizando:otraprueba_18.avi_18_42.12152075767517.jpg
ultimos 7:7517.jpg
-------------------
analizando:otraprueba_16.avi_16_12.410709381103516.jpg
ultimos 7:3516.jpg
-------------------
analizando:otraprueba_4.avi_4_9.481969356536865.jpg
ultimos 7:6865.jpg
-------------------
analizando:otraprueba_5.avi_5_4.647974014282227.jpg
ultimos 7:2227.jpg
-------------------
analizando:otraprueba_12.avi_12_42.14124083518982.jpg
ultimos 7:8982.jpg
-------------------
analizando:otraprueba_15.avi_15_12.750379085540771.jpg
ultimos 7:0771.jpg
-------------------
analizando:otraprueba_7.avi_7_43.657312631607056.jpg
ultimos 7:7056.jpg
-------------------
analizando:otraprueba_17.avi_17_15.380876779556274.jpg
ultimos 7:6274.jpg
-------------------
analizando:otraprueba_2.avi_2_32.62468433380127.jpg
ultimos 7:0127.jpg
-------------------
analizando:otraprueba_22.avi_22_24.140421867370605.jpg
ultimos 7:0605.jpg
-------------------
analizando:otraprueba_14.avi_14_37.09204411506653.jpg
ultimos 7:6653.jpg
paso4!!
deberia a continua
Es enfocada de momento:/var/www/html/reconocimientoFacial/proyecto_definitivo/motor/caras/sinclasificar_videos/otraprueba_14.avi_14_37.09204411506653.jpg
es cara1 y enfocada:/var/www/html/reconocimientoFacial/proyecto_definitivo/motor/caras/sinclasificar_videos/otraprueba_14.avi_14_37.09204411506653.jpg
Esta imagen SI tiene caras reconocibles por que tiene encodings
Esta imagen SI tiene caras2!!!
Perfecto, supera todos los filtros
La imagen es buena, voy a ponerla en su correspondiente carpeta, para conservarla: /var/www/html/reconocimientoFacial/proyecto_definitivo/motor/caras/sinclasificar_videos/otraprueba_14.avi_14_37.09204411506653.jpg
Ya existia la ruta:/var/www/html/reconocimientoFacial/proyecto_definitivo/motor/caras/1/0/glUfANFvA9X9QZyiV7XJmr3uw
He copiado de aki: /var/www/html/reconocimientoFacial/proyecto_definitivo/motor/caras/sinclasificar_videos/otraprueba_14.avi_14_37.09204411506653.jpg a aki: glUfANFvA9X9QZyiV7XJmr3uw/otraprueba_14.avi_14_37.09204411506653.jpg_b4szpLlr0R6un1PHiAbJLg8FNZ.jpg
-------------------
analizando:otraprueba_10.avi_10_18.97509741783142.jpg
ultimos 7:3142.jpg
-------------------
analizando:otraprueba_7.avi_7_32.87085795402527.jpg
ultimos 7:2527.jpg
-------------------
analizando:otraprueba_6.avi_6_38.58930730819702.jpg
ultimos 7:9702.jpg
-------------------
analizando:otraprueba_18.avi_18_28.32821011543274.jpg
ultimos 7:3274.jpg
-------------------
analizando:otraprueba_7.avi_7_37.59192681312561.jpg
ultimos 7:2561.jpg
-------------------
analizando:otraprueba_14.avi_14_43.48208141326904.jpg
ultimos 7:6904.jpg
-------------------
analizando:otraprueba_5.avi_5_35.08419609069824.jpg
ultimos 7:9824.jpg
-------------------
analizando:otraprueba_19.avi_19_15.707456111907959.jpg
ultimos 7:7959.jpg
-------------------
analizando:otraprueba_17.avi_17_12.949029922485352.jpg
ultimos 7:5352.jpg
-------------------
analizando:otraprueba_14.avi_14_2.336475372314453.jpg
ultimos 7:4453.jpg
paso4!!
deberia a continua
Es enfocada de momento:/var/www/html/reconocimientoFacial/proyecto_definitivo/motor/caras/sinclasificar_videos/otraprueba_14.avi_14_2.336475372314453.jpg
es cara1 y enfocada:/var/www/html/reconocimientoFacial/proyecto_definitivo/motor/caras/sinclasificar_videos/otraprueba_14.avi_14_2.336475372314453.jpg
Esta imagen SI tiene caras reconocibles por que tiene encodings
Esta imagen SI tiene caras2!!!
Perfecto, supera todos los filtros
La imagen es buena, voy a ponerla en su correspondiente carpeta, para conservarla: /var/www/html/reconocimientoFacial/proyecto_definitivo/motor/caras/sinclasificar_videos/otraprueba_14.avi_14_2.336475372314453.jpg
Ya existia la ruta:/var/www/html/reconocimientoFacial/proyecto_definitivo/motor/caras/1/0/glUfANFvA9X9QZyiV7XJmr3uw
He copiado de aki: /var/www/html/reconocimientoFacial/proyecto_definitivo/motor/caras/sinclasificar_videos/otraprueba_14.avi_14_2.336475372314453.jpg a aki: glUfANFvA9X9QZyiV7XJmr3uw/otraprueba_14.avi_14_2.336475372314453.jpg_bcbE52jZ0gDhVnoP81a6JBcgJ0.jpg
-------------------
analizando:otraprueba_11.avi_11_16.22537088394165.jpg
ultimos 7:4165.jpg
-------------------
analizando:otraprueba_11.avi_11_44.222251653671265.jpg
ultimos 7:1265.jpg
-------------------
analizando:otraprueba_5.avi_5_13.708864212036133.jpg
ultimos 7:6133.jpg
-------------------
analizando:otraprueba_13.avi_13_6.15146541595459.jpg
ultimos 7:5459.jpg
-------------------
analizando:otraprueba_18.avi_18_1.9902803897857666.jpg
ultimos 7:7666.jpg
-------------------
analizando:otraprueba_10.avi_10_34.70124912261963.jpg
ultimos 7:1963.jpg
-------------------
analizando:otraprueba_20.avi_20_34.558027267456055.jpg
ultimos 7:6055.jpg
paso4!!
deberia a continua
Es enfocada de momento:/var/www/html/reconocimientoFacial/proyecto_definitivo/motor/caras/sinclasificar_videos/otraprueba_20.avi_20_34.558027267456055.jpg
es cara1 y enfocada:/var/www/html/reconocimientoFacial/proyecto_definitivo/motor/caras/sinclasificar_videos/otraprueba_20.avi_20_34.558027267456055.jpg
Esta imagen no tiene caras1 por que no tiene encodings
remuevo la imagen pues no supero los filtros y no se va a usar: /var/www/html/reconocimientoFacial/proyecto_definitivo/motor/caras/sinclasificar_videos/otraprueba_20.avi_20_34.558027267456055.jpg
-------------------
analizando:otraprueba_17.avi_17_32.7291522026062.jpg
ultimos 7:6062.jpg
-------------------
analizando:otraprueba_6.avi_6_40.715174198150635.jpg
ultimos 7:0635.jpg
paso4!!
deberia a continua
Es enfocada de momento:/var/www/html/reconocimientoFacial/proyecto_definitivo/motor/caras/sinclasificar_videos/otraprueba_6.avi_6_40.715174198150635.jpg
es cara1 y enfocada:/var/www/html/reconocimientoFacial/proyecto_definitivo/motor/caras/sinclasificar_videos/otraprueba_6.avi_6_40.715174198150635.jpg
Esta imagen SI tiene caras reconocibles por que tiene encodings
Esta imagen SI tiene caras2!!!
Perfecto, supera todos los filtros
La imagen es buena, voy a ponerla en su correspondiente carpeta, para conservarla: /var/www/html/reconocimientoFacial/proyecto_definitivo/motor/caras/sinclasificar_videos/otraprueba_6.avi_6_40.715174198150635.jpg
Ya existia la ruta:/var/www/html/reconocimientoFacial/proyecto_definitivo/motor/caras/1/0/glUfANFvA9X9QZyiV7XJmr3uw
He copiado de aki: /var/www/html/reconocimientoFacial/proyecto_definitivo/motor/caras/sinclasificar_videos/otraprueba_6.avi_6_40.715174198150635.jpg a aki: glUfANFvA9X9QZyiV7XJmr3uw/otraprueba_6.avi_6_40.715174198150635.jpg_bw7teoXOy6GhCcK93UxU8OCX9m.jpg
-------------------
analizando:otraprueba_2.avi_2_1.0627713203430176.jpg
ultimos 7:0176.jpg
-------------------
analizando:otraprueba_12.avi_12_18.042757034301758.jpg
ultimos 7:1758.jpg
-------------------
analizando:otraprueba_16.avi_16_2.3907673358917236.jpg
ultimos 7:7236.jpg
-------------------
analizando:otraprueba_4.avi_4_30.26294493675232.jpg
ultimos 7:5232.jpg
-------------------
analizando:otraprueba_20.avi_20_39.57323718070984.jpg
ultimos 7:0984.jpg
-------------------
analizando:otraprueba_23.avi_23_18.604143857955933.jpg
ultimos 7:5933.jpg
-------------------
analizando:otraprueba_9.avi_9_24.938416957855225.jpg
ultimos 7:5225.jpg
-------------------
analizando:otraprueba_13.avi_13_36.98962903022766.jpg
ultimos 7:2766.jpg
-------------------
analizando:otraprueba_9.avi_9_16.920567750930786.jpg
ultimos 7:0786.jpg
-------------------
analizando:otraprueba_22.avi_22_26.865453004837036.jpg
ultimos 7:7036.jpg
-------------------
analizando:otraprueba_8.avi_8_4.652339220046997.jpg
ultimos 7:6997.jpg
-------------------
analizando:otraprueba_11.avi_11_34.780569314956665.jpg
ultimos 7:6665.jpg
-------------------
analizando:otraprueba_6.avi_6_33.485267162323.jpg
ultimos 7:2323.jpg
-------------------
analizando:otraprueba_25.avi_25_5.799649953842163.jpg
ultimos 7:2163.jpg
-------------------
analizando:otraprueba_7.avi_7_9.56562352180481.jpg
ultimos 7:0481.jpg
-------------------
analizando:otraprueba_22.avi_22_2.977715253829956.jpg
ultimos 7:9956.jpg
-------------------
analizando:otraprueba_23.avi_23_37.033451557159424.jpg
ultimos 7:9424.jpg
-------------------
analizando:otraprueba_8.avi_8_30.0827374458313.jpg
ultimos 7:8313.jpg
-------------------
analizando:otraprueba_24.avi_24_32.041051149368286.jpg
ultimos 7:8286.jpg
-------------------
analizando:otraprueba_12.avi_12_8.043367147445679.jpg
ultimos 7:5679.jpg
-------------------
analizando:otraprueba_7.avi_7_20.1008882522583.jpg
ultimos 7:2583.jpg
-------------------
analizando:otraprueba_19.avi_19_39.539812326431274.jpg
ultimos 7:1274.jpg
-------------------
analizando:otraprueba_2.avi_2_16.556061267852783.jpg
ultimos 7:2783.jpg
-------------------
analizando:otraprueba_8.avi_8_32.66088533401489.jpg
ultimos 7:1489.jpg
-------------------
analizando:otraprueba_8.avi_8_42.067708253860474.jpg
ultimos 7:0474.jpg
-------------------
analizando:otraprueba_9.avi_9_1.4399454593658447.jpg
ultimos 7:8447.jpg
-------------------
analizando:otraprueba_17.avi_17_30.50447916984558.jpg
ultimos 7:4558.jpg
-------------------
analizando:otraprueba_14.avi_14_28.03920292854309.jpg
ultimos 7:4309.jpg
-------------------
analizando:otraprueba_21.avi_21_16.651642560958862.jpg
ultimos 7:8862.jpg
-------------------
analizando:otraprueba_14.avi_14_39.10659599304199.jpg
ultimos 7:4199.jpg
-------------------
analizando:otraprueba_21.avi_21_19.110587120056152.jpg
ultimos 7:6152.jpg
-------------------
analizando:otraprueba_19.avi_19_33.067761182785034.jpg
ultimos 7:5034.jpg
-------------------
analizando:otraprueba_24.avi_24_8.44340181350708.jpg
ultimos 7:0708.jpg
-------------------
analizando:otraprueba_4.avi_4_1.3505101203918457.jpg
ultimos 7:8457.jpg
paso4!!
deberia a continua
Es enfocada de momento:/var/www/html/reconocimientoFacial/proyecto_definitivo/motor/caras/sinclasificar_videos/otraprueba_4.avi_4_1.3505101203918457.jpg
es cara1 y enfocada:/var/www/html/reconocimientoFacial/proyecto_definitivo/motor/caras/sinclasificar_videos/otraprueba_4.avi_4_1.3505101203918457.jpg
Esta imagen no tiene caras1 por que no tiene encodings
remuevo la imagen pues no supero los filtros y no se va a usar: /var/www/html/reconocimientoFacial/proyecto_definitivo/motor/caras/sinclasificar_videos/otraprueba_4.avi_4_1.3505101203918457.jpg
-------------------
analizando:otraprueba_3.avi_3_20.600714445114136.jpg
ultimos 7:4136.jpg
-------------------
analizando:otraprueba_20.avi_20_39.565059423446655.jpg
ultimos 7:6655.jpg
paso4!!
deberia a continua
Es enfocada de momento:/var/www/html/reconocimientoFacial/proyecto_definitivo/motor/caras/sinclasificar_videos/otraprueba_20.avi_20_39.565059423446655.jpg
es cara1 y enfocada:/var/www/html/reconocimientoFacial/proyecto_definitivo/motor/caras/sinclasificar_videos/otraprueba_20.avi_20_39.565059423446655.jpg
Esta imagen no tiene caras1 por que no tiene encodings
remuevo la imagen pues no supero los filtros y no se va a usar: /var/www/html/reconocimientoFacial/proyecto_definitivo/motor/caras/sinclasificar_videos/otraprueba_20.avi_20_39.565059423446655.jpg
-------------------
analizando:otraprueba_13.avi_13_8.615387916564941.jpg
ultimos 7:4941.jpg
-------------------
analizando:otraprueba_20.avi_20_28.463730335235596.jpg
ultimos 7:5596.jpg
-------------------
analizando:otraprueba_4.avi_4_4.157944679260254.jpg
ultimos 7:0254.jpg
-------------------
analizando:otraprueba_13.avi_13_1.861668586730957.jpg
ultimos 7:0957.jpg
-------------------
analizando:otraprueba_14.avi_14_20.30156922340393.jpg
ultimos 7:0393.jpg
-------------------
analizando:otraprueba_5.avi_5_24.577476263046265.jpg
ultimos 7:6265.jpg
-------------------
analizando:otraprueba_10.avi_10_8.716498136520386.jpg
ultimos 7:0386.jpg
-------------------
analizando:otraprueba_14.avi_14_12.318696022033691.jpg
ultimos 7:3691.jpg
-------------------
analizando:otraprueba_13.avi_13_44.41429352760315.jpg
ultimos 7:0315.jpg
-------------------
analizando:otraprueba_12.avi_12_23.509777069091797.jpg
ultimos 7:1797.jpg
-------------------
analizando:otraprueba_24.avi_24_5.799283266067505.jpg
ultimos 7:7505.jpg
-------------------
analizando:otraprueba_18.avi_18_4.221240758895874.jpg
ultimos 7:5874.jpg
-------------------
analizando:otraprueba_3.avi_3_40.83583045005798.jpg
ultimos 7:5798.jpg
-------------------
analizando:otraprueba_10.avi_10_42.40924596786499.jpg
ultimos 7:6499.jpg
paso4!!
deberia a continua
Es enfocada de momento:/var/www/html/reconocimientoFacial/proyecto_definitivo/motor/caras/sinclasificar_videos/otraprueba_10.avi_10_42.40924596786499.jpg
es cara1 y enfocada:/var/www/html/reconocimientoFacial/proyecto_definitivo/motor/caras/sinclasificar_videos/otraprueba_10.avi_10_42.40924596786499.jpg
Esta imagen no tiene caras1 por que no tiene encodings
remuevo la imagen pues no supero los filtros y no se va a usar: /var/www/html/reconocimientoFacial/proyecto_definitivo/motor/caras/sinclasificar_videos/otraprueba_10.avi_10_42.40924596786499.jpg
-------------------
analizando:otraprueba_4.avi_4_27.59948968887329.jpg
ultimos 7:7329.jpg
-------------------
analizando:otraprueba_14.avi_14_2.272350549697876.jpg
ultimos 7:7876.jpg
-------------------
analizando:otraprueba_22.avi_22_5.3772687911987305.jpg
ultimos 7:7305.jpg
-------------------
analizando:otraprueba_20.avi_20_5.471472501754761.jpg
ultimos 7:4761.jpg
-------------------
analizando:otraprueba_24.avi_24_11.155073165893555.jpg
ultimos 7:3555.jpg
-------------------
analizando:otraprueba_4.avi_4_37.969857692718506.jpg
ultimos 7:8506.jpg
-------------------
analizando:otraprueba_22.avi_22_38.78859186172485.jpg
ultimos 7:2485.jpg
-------------------
analizando:otraprueba_3.avi_3_26.217478036880493.jpg
ultimos 7:0493.jpg
paso4!!
deberia a continua
Es enfocada de momento:/var/www/html/reconocimientoFacial/proyecto_definitivo/motor/caras/sinclasificar_videos/otraprueba_3.avi_3_26.217478036880493.jpg
es cara1 y enfocada:/var/www/html/reconocimientoFacial/proyecto_definitivo/motor/caras/sinclasificar_videos/otraprueba_3.avi_3_26.217478036880493.jpg
Esta imagen no tiene caras1 por que no tiene encodings
remuevo la imagen pues no supero los filtros y no se va a usar: /var/www/html/reconocimientoFacial/proyecto_definitivo/motor/caras/sinclasificar_videos/otraprueba_3.avi_3_26.217478036880493.jpg
-------------------
analizando:otraprueba_11.avi_11_29.596860647201538.jpg
ultimos 7:1538.jpg
-------------------
analizando:otraprueba_3.avi_3_33.5297908782959.jpg
ultimos 7:2959.jpg
-------------------
analizando:otraprueba_22.avi_22_16.337315797805786.jpg
ultimos 7:5786.jpg
-------------------
analizando:otraprueba_19.avi_19_34.9813437461853.jpg
ultimos 7:1853.jpg
-------------------
analizando:otraprueba_19.avi_19_36.71809387207031.jpg
ultimos 7:7031.jpg
-------------------
analizando:otraprueba_15.avi_15_17.770519256591797.jpg
ultimos 7:1797.jpg
-------------------
analizando:otraprueba_10.avi_10_21.23399066925049.jpg
ultimos 7:5049.jpg
-------------------
analizando:otraprueba_5.avi_5_27.37718105316162.jpg
ultimos 7:6162.jpg
-------------------
analizando:otraprueba_8.avi_8_25.06573176383972.jpg
ultimos 7:3972.jpg
-------------------
analizando:otraprueba_25.avi_25_2.9720113277435303.jpg
ultimos 7:5303.jpg
-------------------
analizando:otraprueba_16.avi_16_2.313549041748047.jpg
ultimos 7:8047.jpg
-------------------
analizando:otraprueba_1.avi_1_14.453460931777954.jpg
ultimos 7:7954.jpg
-------------------
analizando:otraprueba_12.avi_12_15.301264524459839.jpg
ultimos 7:9839.jpg
-------------------
analizando:otraprueba_20.avi_20_18.456555366516113.jpg
ultimos 7:6113.jpg
-------------------
analizando:otraprueba_14.avi_14_9.44581913948059.jpg
ultimos 7:8059.jpg
paso4!!
deberia a continua
Es enfocada de momento:/var/www/html/reconocimientoFacial/proyecto_definitivo/motor/caras/sinclasificar_videos/otraprueba_14.avi_14_9.44581913948059.jpg
es cara1 y enfocada:/var/www/html/reconocimientoFacial/proyecto_definitivo/motor/caras/sinclasificar_videos/otraprueba_14.avi_14_9.44581913948059.jpg
Esta imagen SI tiene caras reconocibles por que tiene encodings
Esta imagen SI tiene caras2!!!
Perfecto, supera todos los filtros
La imagen es buena, voy a ponerla en su correspondiente carpeta, para conservarla: /var/www/html/reconocimientoFacial/proyecto_definitivo/motor/caras/sinclasificar_videos/otraprueba_14.avi_14_9.44581913948059.jpg
Ya existia la ruta:/var/www/html/reconocimientoFacial/proyecto_definitivo/motor/caras/1/0/glUfANFvA9X9QZyiV7XJmr3uw
He copiado de aki: /var/www/html/reconocimientoFacial/proyecto_definitivo/motor/caras/sinclasificar_videos/otraprueba_14.avi_14_9.44581913948059.jpg a aki: glUfANFvA9X9QZyiV7XJmr3uw/otraprueba_14.avi_14_9.44581913948059.jpg_bGftYMvm2EkiAMg38sFgsUsGTY.jpg
-------------------
analizando:otraprueba_17.avi_17_36.63803482055664.jpg
ultimos 7:5664.jpg
-------------------
analizando:otraprueba_12.avi_12_43.84456396102905.jpg
ultimos 7:2905.jpg
-------------------
analizando:otraprueba_18.avi_18_14.84598708152771.jpg
ultimos 7:2771.jpg
-------------------
analizando:otraprueba_11.avi_11_39.26978278160095.jpg
ultimos 7:0095.jpg
paso4!!
deberia a continua
Es enfocada de momento:/var/www/html/reconocimientoFacial/proyecto_definitivo/motor/caras/sinclasificar_videos/otraprueba_11.avi_11_39.26978278160095.jpg
es cara1 y enfocada:/var/www/html/reconocimientoFacial/proyecto_definitivo/motor/caras/sinclasificar_videos/otraprueba_11.avi_11_39.26978278160095.jpg
Esta imagen no tiene caras1 por que no tiene encodings
remuevo la imagen pues no supero los filtros y no se va a usar: /var/www/html/reconocimientoFacial/proyecto_definitivo/motor/caras/sinclasificar_videos/otraprueba_11.avi_11_39.26978278160095.jpg
-------------------
analizando:otraprueba_4.avi_4_42.76845693588257.jpg
ultimos 7:8257.jpg
paso4!!
deberia a continua
Es enfocada de momento:/var/www/html/reconocimientoFacial/proyecto_definitivo/motor/caras/sinclasificar_videos/otraprueba_4.avi_4_42.76845693588257.jpg
es cara1 y enfocada:/var/www/html/reconocimientoFacial/proyecto_definitivo/motor/caras/sinclasificar_videos/otraprueba_4.avi_4_42.76845693588257.jpg
Esta imagen no tiene caras1 por que no tiene encodings
remuevo la imagen pues no supero los filtros y no se va a usar: /var/www/html/reconocimientoFacial/proyecto_definitivo/motor/caras/sinclasificar_videos/otraprueba_4.avi_4_42.76845693588257.jpg
-------------------
analizando:otraprueba_2.avi_2_37.6139554977417.jpg
ultimos 7:7417.jpg
-------------------
analizando:otraprueba_16.avi_16_20.15884494781494.jpg
ultimos 7:1494.jpg
-------------------
analizando:otraprueba_1.avi_1_16.89941930770874.jpg
ultimos 7:0874.jpg
-------------------
analizando:otraprueba_6.avi_6_9.710469245910645.jpg
ultimos 7:0645.jpg
-------------------
analizando:otraprueba_2.avi_2_6.143836975097656.jpg
ultimos 7:7656.jpg
-------------------
analizando:otraprueba_11.avi_11_27.211777925491333.jpg
ultimos 7:1333.jpg
-------------------
analizando:otraprueba_14.avi_14_9.525646209716797.jpg
ultimos 7:6797.jpg
-------------------
analizando:otraprueba_19.avi_19_40.62528371810913.jpg
ultimos 7:0913.jpg
-------------------
analizando:otraprueba_20.avi_20_23.732208013534546.jpg
ultimos 7:4546.jpg
-------------------
analizando:otraprueba_2.avi_2_9.60237193107605.jpg
ultimos 7:7605.jpg
-------------------
analizando:otraprueba_17.avi_17_2.4494810104370117.jpg
ultimos 7:0117.jpg
-------------------
analizando:otraprueba_17.avi_17_5.048142194747925.jpg
ultimos 7:7925.jpg
-------------------
analizando:otraprueba_10.avi_10_40.96958374977112.jpg
ultimos 7:7112.jpg
-------------------
analizando:otraprueba_20.avi_20_39.134804248809814.jpg
ultimos 7:9814.jpg
-------------------
analizando:otraprueba_22.avi_22_29.29106116294861.jpg
ultimos 7:4861.jpg
-------------------
analizando:otraprueba_4.avi_4_40.59238529205322.jpg
ultimos 7:5322.jpg
-------------------
analizando:otraprueba_22.avi_22_24.307453393936157.jpg
ultimos 7:6157.jpg
-------------------
analizando:otraprueba_16.avi_16_20.14789390563965.jpg
ultimos 7:3965.jpg
-------------------
analizando:otraprueba_14.avi_14_4.611752510070801.jpg
ultimos 7:0801.jpg
-------------------
analizando:otraprueba_21.avi_21_23.801210403442383.jpg
ultimos 7:2383.jpg
-------------------
analizando:otraprueba_5.avi_5_32.54014825820923.jpg
ultimos 7:0923.jpg
-------------------
analizando:otraprueba_17.avi_17_7.455028533935547.jpg
ultimos 7:5547.jpg
-------------------
analizando:otraprueba_21.avi_21_32.487504720687866.jpg
ultimos 7:7866.jpg
-------------------
analizando:otraprueba_7.avi_7_25.635223865509033.jpg
ultimos 7:9033.jpg
-------------------
analizando:otraprueba_15.avi_15_15.40028190612793.jpg
ultimos 7:2793.jpg
-------------------
analizando:otraprueba_16.avi_16_38.26337742805481.jpg
ultimos 7:5481.jpg
-------------------
analizando:otraprueba_16.avi_16_6.961154460906982.jpg
ultimos 7:6982.jpg
-------------------
analizando:otraprueba_3.avi_3_23.583468914031982.jpg
ultimos 7:1982.jpg
-------------------
analizando:otraprueba_20.avi_20_26.266077280044556.jpg
ultimos 7:4556.jpg
-------------------
analizando:otraprueba_14.avi_14_35.198851585388184.jpg
ultimos 7:8184.jpg
-------------------
analizando:otraprueba_21.avi_21_26.136027574539185.jpg
ultimos 7:9185.jpg
-------------------
analizando:otraprueba_19.avi_19_20.792114973068237.jpg
ultimos 7:8237.jpg
paso4!!
deberia a continua
Es enfocada de momento:/var/www/html/reconocimientoFacial/proyecto_definitivo/motor/caras/sinclasificar_videos/otraprueba_19.avi_19_20.792114973068237.jpg
es cara1 y enfocada:/var/www/html/reconocimientoFacial/proyecto_definitivo/motor/caras/sinclasificar_videos/otraprueba_19.avi_19_20.792114973068237.jpg
Esta imagen no tiene caras1 por que no tiene encodings
remuevo la imagen pues no supero los filtros y no se va a usar: /var/www/html/reconocimientoFacial/proyecto_definitivo/motor/caras/sinclasificar_videos/otraprueba_19.avi_19_20.792114973068237.jpg
-------------------
analizando:otraprueba_22.avi_22_21.69525456428528.jpg
ultimos 7:8528.jpg
-------------------
analizando:otraprueba_22.avi_22_33.69661021232605.jpg
ultimos 7:2605.jpg
-------------------
analizando:otraprueba_17.avi_17_39.867642402648926.jpg
ultimos 7:8926.jpg
-------------------
analizando:otraprueba_20.avi_20_2.7752444744110107.jpg
ultimos 7:0107.jpg
-------------------
analizando:otraprueba_12.avi_12_26.21004891395569.jpg
ultimos 7:5569.jpg
-------------------
analizando:otraprueba_9.avi_9_41.37982726097107.jpg
ultimos 7:7107.jpg
-------------------
analizando:otraprueba_18.avi_18_28.411595821380615.jpg
ultimos 7:0615.jpg
paso4!!
deberia a continua
Es enfocada de momento:/var/www/html/reconocimientoFacial/proyecto_definitivo/motor/caras/sinclasificar_videos/otraprueba_18.avi_18_28.411595821380615.jpg
es cara1 y enfocada:/var/www/html/reconocimientoFacial/proyecto_definitivo/motor/caras/sinclasificar_videos/otraprueba_18.avi_18_28.411595821380615.jpg
Esta imagen no tiene caras1 por que no tiene encodings
remuevo la imagen pues no supero los filtros y no se va a usar: /var/www/html/reconocimientoFacial/proyecto_definitivo/motor/caras/sinclasificar_videos/otraprueba_18.avi_18_28.411595821380615.jpg
-------------------
analizando:otraprueba_6.avi_6_25.980740547180176.jpg
ultimos 7:0176.jpg
-------------------
analizando:otraprueba_18.avi_18_40.088420391082764.jpg
ultimos 7:2764.jpg
-------------------
analizando:otraprueba_12.avi_12_1.9704217910766602.jpg
ultimos 7:6602.jpg
-------------------
analizando:otraprueba_17.avi_17_42.13979244232178.jpg
ultimos 7:2178.jpg
-------------------
analizando:otraprueba_22.avi_22_26.931758165359497.jpg
ultimos 7:9497.jpg
-------------------
analizando:otraprueba_20.avi_20_10.874945402145386.jpg
ultimos 7:5386.jpg
-------------------
analizando:otraprueba_6.avi_6_2.6602492332458496.jpg
ultimos 7:8496.jpg
-------------------
analizando:otraprueba_4.avi_4_32.79750633239746.jpg
ultimos 7:9746.jpg
-------------------
analizando:otraprueba_21.avi_21_34.22582268714905.jpg
ultimos 7:4905.jpg
-------------------
analizando:otraprueba_24.avi_24_21.085819244384766.jpg
ultimos 7:4766.jpg
-------------------
analizando:otraprueba_7.avi_7_27.998810052871704.jpg
ultimos 7:1704.jpg
-------------------
analizando:otraprueba_12.avi_12_28.584845304489136.jpg
ultimos 7:9136.jpg
-------------------
analizando:otraprueba_10.avi_10_2.173123836517334.jpg
ultimos 7:7334.jpg
-------------------
analizando:otraprueba_5.avi_5_16.254765272140503.jpg
ultimos 7:0503.jpg
-------------------
analizando:otraprueba_21.avi_21_14.13904094696045.jpg
ultimos 7:6045.jpg
-------------------
analizando:otraprueba_19.avi_19_30.790748119354248.jpg
ultimos 7:4248.jpg
-------------------
analizando:otraprueba_7.avi_7_14.611621618270874.jpg
ultimos 7:0874.jpg
-------------------
analizando:otraprueba_4.avi_4_5.71856164932251.jpg
ultimos 7:2251.jpg
paso4!!
deberia a continua
Es enfocada de momento:/var/www/html/reconocimientoFacial/proyecto_definitivo/motor/caras/sinclasificar_videos/otraprueba_4.avi_4_5.71856164932251.jpg
es cara1 y enfocada:/var/www/html/reconocimientoFacial/proyecto_definitivo/motor/caras/sinclasificar_videos/otraprueba_4.avi_4_5.71856164932251.jpg
Esta imagen no tiene caras1 por que no tiene encodings
remuevo la imagen pues no supero los filtros y no se va a usar: /var/www/html/reconocimientoFacial/proyecto_definitivo/motor/caras/sinclasificar_videos/otraprueba_4.avi_4_5.71856164932251.jpg
-------------------
analizando:otraprueba_12.avi_12_33.58852195739746.jpg
ultimos 7:9746.jpg
-------------------
analizando:otraprueba_19.avi_19_33.09744119644165.jpg
ultimos 7:4165.jpg
-------------------
analizando:otraprueba_17.avi_17_38.20386862754822.jpg
ultimos 7:4822.jpg
-------------------
analizando:otraprueba_13.avi_13_10.905839681625366.jpg
ultimos 7:5366.jpg
-------------------
analizando:otraprueba_17.avi_17_34.87798047065735.jpg
ultimos 7:5735.jpg
-------------------
analizando:otraprueba_16.avi_16_4.664634704589844.jpg
ultimos 7:9844.jpg
-------------------
analizando:otraprueba_13.avi_13_21.351174354553223.jpg
ultimos 7:3223.jpg
-------------------
analizando:otraprueba_19.avi_19_28.49706482887268.jpg
ultimos 7:7268.jpg
-------------------
analizando:otraprueba_24.avi_24_13.712085723876953.jpg
ultimos 7:6953.jpg
-------------------
analizando:otraprueba_10.avi_10_37.030317306518555.jpg
ultimos 7:8555.jpg
-------------------
analizando:otraprueba_11.avi_11_39.361321449279785.jpg
ultimos 7:9785.jpg
-------------------
analizando:otraprueba_23.avi_23_13.344198226928711.jpg
ultimos 7:8711.jpg
-------------------
analizando:otraprueba_24.avi_24_16.058777570724487.jpg
ultimos 7:4487.jpg
-------------------
analizando:otraprueba_18.avi_18_41.2798957824707.jpg
ultimos 7:4707.jpg
-------------------
analizando:otraprueba_10.avi_10_29.482741117477417.jpg
ultimos 7:7417.jpg
-------------------
analizando:otraprueba_19.avi_19_34.929558753967285.jpg
ultimos 7:7285.jpg
-------------------
analizando:otraprueba_10.avi_10_26.839688539505005.jpg
ultimos 7:5005.jpg
-------------------
analizando:otraprueba_14.avi_14_42.26607871055603.jpg
ultimos 7:5603.jpg
-------------------
analizando:otraprueba_10.avi_10_39.06932330131531.jpg
ultimos 7:1531.jpg
-------------------
analizando:otraprueba_14.avi_14_30.50826144218445.jpg
ultimos 7:8445.jpg
-------------------
analizando:otraprueba_14.avi_14_25.4052414894104.jpg
ultimos 7:4104.jpg
-------------------
analizando:otraprueba_5.avi_5_34.99082279205322.jpg
ultimos 7:5322.jpg
-------------------
analizando:otraprueba_20.avi_20_21.182689666748047.jpg
ultimos 7:8047.jpg
-------------------
analizando:otraprueba_14.avi_14_32.912126779556274.jpg
ultimos 7:6274.jpg
-------------------
analizando:otraprueba_13.avi_13_41.1805465221405.jpg
ultimos 7:1405.jpg
-------------------
analizando:otraprueba_9.avi_9_43.20651698112488.jpg
ultimos 7:2488.jpg
-------------------
analizando:otraprueba_15.avi_15_26.20650577545166.jpg
ultimos 7:5166.jpg
-------------------
analizando:otraprueba_18.avi_18_30.558794498443604.jpg
ultimos 7:3604.jpg
-------------------
analizando:otraprueba_23.avi_23_35.91529178619385.jpg
ultimos 7:9385.jpg
-------------------
analizando:otraprueba_7.avi_7_1.4526400566101074.jpg
ultimos 7:1074.jpg
-------------------
analizando:otraprueba_11.avi_11_32.27979111671448.jpg
ultimos 7:1448.jpg
-------------------
analizando:otraprueba_9.avi_9_14.312392711639404.jpg
ultimos 7:9404.jpg
-------------------
analizando:otraprueba_15.avi_15_4.922155141830444.jpg
ultimos 7:0444.jpg
-------------------
analizando:otraprueba_8.avi_8_13.647955179214478.jpg
ultimos 7:4478.jpg
-------------------
analizando:otraprueba_10.avi_10_8.800809383392334.jpg
ultimos 7:2334.jpg
-------------------
analizando:otraprueba_18.avi_18_14.906050682067871.jpg
ultimos 7:7871.jpg
-------------------
analizando:otraprueba_12.avi_12_3.9266762733459473.jpg
ultimos 7:9473.jpg
-------------------
analizando:otraprueba_16.avi_16_40.0244677066803.jpg
ultimos 7:6803.jpg
-------------------
analizando:otraprueba_4.avi_4_1.3300533294677734.jpg
ultimos 7:7734.jpg
-------------------
analizando:otraprueba_16.avi_16_34.61136865615845.jpg
ultimos 7:5845.jpg
-------------------
analizando:otraprueba_20.avi_20_21.157950401306152.jpg
ultimos 7:6152.jpg
-------------------
analizando:otraprueba_23.avi_23_35.00465202331543.jpg
ultimos 7:1543.jpg
-------------------
analizando:otraprueba_19.avi_19_26.308934450149536.jpg
ultimos 7:9536.jpg
-------------------
analizando:otraprueba_25.avi_25_11.093358278274536.jpg
ultimos 7:4536.jpg
-------------------
analizando:otraprueba_10.avi_10_36.930373668670654.jpg
ultimos 7:0654.jpg
-------------------
analizando:otraprueba_16.avi_16_4.670064687728882.jpg
ultimos 7:8882.jpg
-------------------
analizando:otraprueba_14.avi_14_32.86349153518677.jpg
ultimos 7:8677.jpg
paso4!!
deberia a continua
Es enfocada de momento:/var/www/html/reconocimientoFacial/proyecto_definitivo/motor/caras/sinclasificar_videos/otraprueba_14.avi_14_32.86349153518677.jpg
es cara1 y enfocada:/var/www/html/reconocimientoFacial/proyecto_definitivo/motor/caras/sinclasificar_videos/otraprueba_14.avi_14_32.86349153518677.jpg
Esta imagen SI tiene caras reconocibles por que tiene encodings
Esta imagen SI tiene caras2!!!
Perfecto, supera todos los filtros
La imagen es buena, voy a ponerla en su correspondiente carpeta, para conservarla: /var/www/html/reconocimientoFacial/proyecto_definitivo/motor/caras/sinclasificar_videos/otraprueba_14.avi_14_32.86349153518677.jpg
Ya existia la ruta:/var/www/html/reconocimientoFacial/proyecto_definitivo/motor/caras/1/0/glUfANFvA9X9QZyiV7XJmr3uw
He copiado de aki: /var/www/html/reconocimientoFacial/proyecto_definitivo/motor/caras/sinclasificar_videos/otraprueba_14.avi_14_32.86349153518677.jpg a aki: glUfANFvA9X9QZyiV7XJmr3uw/otraprueba_14.avi_14_32.86349153518677.jpg_bnHvMuZOUcrSoAOBJxB7e0gPjk.jpg
-------------------
analizando:otraprueba_10.avi_10_21.2480251789093.jpg
ultimos 7:9093.jpg
-------------------
analizando:otraprueba_13.avi_13_18.75102949142456.jpg
ultimos 7:2456.jpg
-------------------
analizando:otraprueba_15.avi_15_33.585336685180664.jpg
ultimos 7:0664.jpg
-------------------
analizando:otraprueba_6.avi_6_7.656804323196411.jpg
ultimos 7:6411.jpg
paso4!!
deberia a continua
Es enfocada de momento:/var/www/html/reconocimientoFacial/proyecto_definitivo/motor/caras/sinclasificar_videos/otraprueba_6.avi_6_7.656804323196411.jpg
es cara1 y enfocada:/var/www/html/reconocimientoFacial/proyecto_definitivo/motor/caras/sinclasificar_videos/otraprueba_6.avi_6_7.656804323196411.jpg
Esta imagen SI tiene caras reconocibles por que tiene encodings
Esta imagen SI tiene caras2!!!
Perfecto, supera todos los filtros
La imagen es buena, voy a ponerla en su correspondiente carpeta, para conservarla: /var/www/html/reconocimientoFacial/proyecto_definitivo/motor/caras/sinclasificar_videos/otraprueba_6.avi_6_7.656804323196411.jpg
Ya existia la ruta:/var/www/html/reconocimientoFacial/proyecto_definitivo/motor/caras/1/0/glUfANFvA9X9QZyiV7XJmr3uw
He copiado de aki: /var/www/html/reconocimientoFacial/proyecto_definitivo/motor/caras/sinclasificar_videos/otraprueba_6.avi_6_7.656804323196411.jpg a aki: glUfANFvA9X9QZyiV7XJmr3uw/otraprueba_6.avi_6_7.656804323196411.jpg_bpXK0TspcqWqSfJQsKnmV45YwA.jpg
-------------------
analizando:otraprueba_4.avi_4_22.010916471481323.jpg
ultimos 7:1323.jpg
-------------------
analizando:otraprueba_18.avi_18_32.719242334365845.jpg
ultimos 7:5845.jpg
-------------------
analizando:otraprueba_15.avi_15_41.69781708717346.jpg
ultimos 7:7346.jpg
-------------------
analizando:otraprueba_9.avi_9_7.283024549484253.jpg
ultimos 7:4253.jpg
paso4!!
deberia a continua
Es enfocada de momento:/var/www/html/reconocimientoFacial/proyecto_definitivo/motor/caras/sinclasificar_videos/otraprueba_9.avi_9_7.283024549484253.jpg
es cara1 y enfocada:/var/www/html/reconocimientoFacial/proyecto_definitivo/motor/caras/sinclasificar_videos/otraprueba_9.avi_9_7.283024549484253.jpg
Esta imagen SI tiene caras reconocibles por que tiene encodings
Esta imagen SI tiene caras2!!!
Perfecto, supera todos los filtros
La imagen es buena, voy a ponerla en su correspondiente carpeta, para conservarla: /var/www/html/reconocimientoFacial/proyecto_definitivo/motor/caras/sinclasificar_videos/otraprueba_9.avi_9_7.283024549484253.jpg
Ya existia la ruta:/var/www/html/reconocimientoFacial/proyecto_definitivo/motor/caras/1/0/glUfANFvA9X9QZyiV7XJmr3uw
He copiado de aki: /var/www/html/reconocimientoFacial/proyecto_definitivo/motor/caras/sinclasificar_videos/otraprueba_9.avi_9_7.283024549484253.jpg a aki: glUfANFvA9X9QZyiV7XJmr3uw/otraprueba_9.avi_9_7.283024549484253.jpg_bAnlTVFL1bPS3X24bwzEZzDCzr.jpg
-------------------
analizando:otraprueba_15.avi_15_31.325772047042847.jpg
ultimos 7:2847.jpg
-------------------
analizando:otraprueba_16.avi_16_38.23596477508545.jpg
ultimos 7:8545.jpg
-------------------
analizando:otraprueba_17.avi_17_32.7797429561615.jpg
ultimos 7:1615.jpg
-------------------
analizando:otraprueba_21.avi_21_37.437506675720215.jpg
ultimos 7:0215.jpg
paso4!!
deberia a continua
Es enfocada de momento:/var/www/html/reconocimientoFacial/proyecto_definitivo/motor/caras/sinclasificar_videos/otraprueba_21.avi_21_37.437506675720215.jpg
es cara1 y enfocada:/var/www/html/reconocimientoFacial/proyecto_definitivo/motor/caras/sinclasificar_videos/otraprueba_21.avi_21_37.437506675720215.jpg
Esta imagen no tiene caras1 por que no tiene encodings
remuevo la imagen pues no supero los filtros y no se va a usar: /var/www/html/reconocimientoFacial/proyecto_definitivo/motor/caras/sinclasificar_videos/otraprueba_21.avi_21_37.437506675720215.jpg
-------------------
analizando:otraprueba_17.avi_17_23.671347856521606.jpg
ultimos 7:1606.jpg
-------------------
analizando:otraprueba_9.avi_9_39.57995390892029.jpg
ultimos 7:2029.jpg
-------------------
analizando:otraprueba_15.avi_15_31.421440839767456.jpg
ultimos 7:7456.jpg
-------------------
analizando:otraprueba_11.avi_11_13.45328950881958.jpg
ultimos 7:1958.jpg
-------------------
analizando:otraprueba_5.avi_5_16.26197910308838.jpg
ultimos 7:8838.jpg
-------------------
analizando:otraprueba_15.avi_15_42.907769441604614.jpg
ultimos 7:4614.jpg
-------------------
analizando:otraprueba_7.avi_7_12.033740997314453.jpg
ultimos 7:4453.jpg
paso4!!
deberia a continua
Es enfocada de momento:/var/www/html/reconocimientoFacial/proyecto_definitivo/motor/caras/sinclasificar_videos/otraprueba_7.avi_7_12.033740997314453.jpg
es cara1 y enfocada:/var/www/html/reconocimientoFacial/proyecto_definitivo/motor/caras/sinclasificar_videos/otraprueba_7.avi_7_12.033740997314453.jpg
Esta imagen SI tiene caras reconocibles por que tiene encodings
Esta imagen SI tiene caras2!!!
Perfecto, supera todos los filtros
La imagen es buena, voy a ponerla en su correspondiente carpeta, para conservarla: /var/www/html/reconocimientoFacial/proyecto_definitivo/motor/caras/sinclasificar_videos/otraprueba_7.avi_7_12.033740997314453.jpg
Ya existia la ruta:/var/www/html/reconocimientoFacial/proyecto_definitivo/motor/caras/1/0/glUfANFvA9X9QZyiV7XJmr3uw
He copiado de aki: /var/www/html/reconocimientoFacial/proyecto_definitivo/motor/caras/sinclasificar_videos/otraprueba_7.avi_7_12.033740997314453.jpg a aki: glUfANFvA9X9QZyiV7XJmr3uw/otraprueba_7.avi_7_12.033740997314453.jpg_b2aQma4lau0RpMkNu56Phg1N3o.jpg
-------------------
analizando:otraprueba_18.avi_18_15.005640745162964.jpg
ultimos 7:2964.jpg
-------------------
analizando:otraprueba_12.avi_12_31.10334610939026.jpg
ultimos 7:9026.jpg
-------------------
analizando:otraprueba_21.avi_21_8.875983238220215.jpg
ultimos 7:0215.jpg
paso4!!
deberia a continua
Es enfocada de momento:/var/www/html/reconocimientoFacial/proyecto_definitivo/motor/caras/sinclasificar_videos/otraprueba_21.avi_21_8.875983238220215.jpg
es cara1 y enfocada:/var/www/html/reconocimientoFacial/proyecto_definitivo/motor/caras/sinclasificar_videos/otraprueba_21.avi_21_8.875983238220215.jpg
Esta imagen SI tiene caras reconocibles por que tiene encodings
Esta imagen SI tiene caras2!!!
Perfecto, supera todos los filtros
La imagen es buena, voy a ponerla en su correspondiente carpeta, para conservarla: /var/www/html/reconocimientoFacial/proyecto_definitivo/motor/caras/sinclasificar_videos/otraprueba_21.avi_21_8.875983238220215.jpg
Ya existia la ruta:/var/www/html/reconocimientoFacial/proyecto_definitivo/motor/caras/1/0/glUfANFvA9X9QZyiV7XJmr3uw
He copiado de aki: /var/www/html/reconocimientoFacial/proyecto_definitivo/motor/caras/sinclasificar_videos/otraprueba_21.avi_21_8.875983238220215.jpg a aki: glUfANFvA9X9QZyiV7XJmr3uw/otraprueba_21.avi_21_8.875983238220215.jpg_brN0OYMQ2TbdHAdFMSKQAbihba.jpg
-------------------
analizando:otraprueba_19.avi_19_26.181989669799805.jpg
ultimos 7:9805.jpg
-------------------
analizando:otraprueba_24.avi_24_23.37791872024536.jpg
ultimos 7:4536.jpg
-------------------
analizando:otraprueba_14.avi_14_6.887867450714111.jpg
ultimos 7:4111.jpg
-------------------
analizando:otraprueba_20.avi_20_13.497702360153198.jpg
ultimos 7:3198.jpg
-------------------
analizando:otraprueba_9.avi_9_32.57274794578552.jpg
ultimos 7:8552.jpg
-------------------
analizando:otraprueba_10.avi_10_24.083784580230713.jpg
ultimos 7:0713.jpg
-------------------
analizando:otraprueba_15.avi_15_41.716044902801514.jpg
ultimos 7:1514.jpg
-------------------
analizando:otraprueba_16.avi_16_9.508980512619019.jpg
ultimos 7:9019.jpg
-------------------
analizando:otraprueba_10.avi_10_6.158133268356323.jpg
ultimos 7:6323.jpg
-------------------
analizando:otraprueba_6.avi_6_12.322396278381348.jpg
ultimos 7:1348.jpg
-------------------
analizando:otraprueba_21.avi_21_35.77764678001404.jpg
ultimos 7:1404.jpg
-------------------
analizando:otraprueba_21.avi_21_35.714476585388184.jpg
ultimos 7:8184.jpg
-------------------
analizando:otraprueba_10.avi_10_32.27480411529541.jpg
ultimos 7:9541.jpg
-------------------
analizando:otraprueba_9.avi_9_19.60499119758606.jpg
ultimos 7:8606.jpg
-------------------
analizando:otraprueba_15.avi_15_4.87171483039856.jpg
ultimos 7:9856.jpg
-------------------
analizando:otraprueba_13.avi_13_39.17956209182739.jpg
ultimos 7:2739.jpg
-------------------
analizando:otraprueba_5.avi_5_21.811057806015015.jpg
ultimos 7:5015.jpg
-------------------
analizando:otraprueba_7.avi_7_35.25349569320679.jpg
ultimos 7:0679.jpg
paso4!!
deberia a continua
Es enfocada de momento:/var/www/html/reconocimientoFacial/proyecto_definitivo/motor/caras/sinclasificar_videos/otraprueba_7.avi_7_35.25349569320679.jpg
es cara1 y enfocada:/var/www/html/reconocimientoFacial/proyecto_definitivo/motor/caras/sinclasificar_videos/otraprueba_7.avi_7_35.25349569320679.jpg
Esta imagen SI tiene caras reconocibles por que tiene encodings
Esta imagen SI tiene caras2!!!
Perfecto, supera todos los filtros
La imagen es buena, voy a ponerla en su correspondiente carpeta, para conservarla: /var/www/html/reconocimientoFacial/proyecto_definitivo/motor/caras/sinclasificar_videos/otraprueba_7.avi_7_35.25349569320679.jpg
Ya existia la ruta:/var/www/html/reconocimientoFacial/proyecto_definitivo/motor/caras/1/0/glUfANFvA9X9QZyiV7XJmr3uw
He copiado de aki: /var/www/html/reconocimientoFacial/proyecto_definitivo/motor/caras/sinclasificar_videos/otraprueba_7.avi_7_35.25349569320679.jpg a aki: glUfANFvA9X9QZyiV7XJmr3uw/otraprueba_7.avi_7_35.25349569320679.jpg_bh0I1maBISy8pWRBTWtP0cfsUp.jpg
-------------------
analizando:otraprueba_10.avi_10_29.354344606399536.jpg
ultimos 7:9536.jpg
-------------------
analizando:otraprueba_17.avi_17_18.190731048583984.jpg
ultimos 7:3984.jpg
-------------------
analizando:otraprueba_21.avi_21_37.433673620224.jpg
ultimos 7:0224.jpg
-------------------
analizando:otraprueba_7.avi_7_3.1579785346984863.jpg
ultimos 7:4863.jpg
-------------------
analizando:otraprueba_17.avi_17_28.277849435806274.jpg
ultimos 7:6274.jpg
-------------------
analizando:otraprueba_6.avi_6_31.214146375656128.jpg
ultimos 7:6128.jpg
-------------------
analizando:otraprueba_21.avi_21_11.535567283630371.jpg
ultimos 7:0371.jpg
-------------------
analizando:otraprueba_19.avi_19_30.83787178993225.jpg
ultimos 7:3225.jpg
-------------------
analizando:otraprueba_9.avi_9_35.06808543205261.jpg
ultimos 7:5261.jpg
-------------------
analizando:otraprueba_15.avi_15_23.42507314682007.jpg
ultimos 7:2007.jpg
-------------------
analizando:otraprueba_5.avi_5_39.99159240722656.jpg
ultimos 7:2656.jpg
-------------------
analizando:otraprueba_21.avi_21_30.426718711853027.jpg
ultimos 7:3027.jpg
-------------------
analizando:otraprueba_24.avi_24_28.04320979118347.jpg
ultimos 7:8347.jpg
-------------------
analizando:otraprueba_20.avi_20_28.369313716888428.jpg
ultimos 7:8428.jpg
-------------------
analizando:otraprueba_23.avi_23_15.969653367996216.jpg
ultimos 7:6216.jpg
-------------------
analizando:otraprueba_4.avi_4_24.87583041191101.jpg
ultimos 7:1101.jpg
-------------------
analizando:otraprueba_25.avi_25_13.752291917800903.jpg
ultimos 7:0903.jpg
-------------------
analizando:otraprueba_8.avi_8_11.02523946762085.jpg
ultimos 7:2085.jpg
-------------------
analizando:otraprueba_10.avi_10_24.13881540298462.jpg
ultimos 7:8462.jpg
-------------------
analizando:otraprueba_20.avi_20_36.30056691169739.jpg
ultimos 7:9739.jpg
-------------------
analizando:otraprueba_17.avi_17_4.977476358413696.jpg
ultimos 7:3696.jpg
-------------------
analizando:otraprueba_24.avi_24_3.191025733947754.jpg
ultimos 7:7754.jpg
-------------------
analizando:otraprueba_15.avi_15_7.409390687942505.jpg
ultimos 7:2505.jpg
-------------------
analizando:otraprueba_24.avi_24_18.691938638687134.jpg
ultimos 7:7134.jpg
-------------------
analizando:otraprueba_12.avi_12_35.78095722198486.jpg
ultimos 7:8486.jpg
-------------------
analizando:otraprueba_16.avi_16_17.65748143196106.jpg
ultimos 7:6106.jpg
-------------------
analizando:otraprueba_12.avi_12_10.02884030342102.jpg
ultimos 7:2102.jpg
-------------------
analizando:otraprueba_22.avi_22_21.59004259109497.jpg
ultimos 7:9497.jpg
-------------------
analizando:otraprueba_24.avi_24_33.67704701423645.jpg
ultimos 7:3645.jpg
-------------------
analizando:otraprueba_15.avi_15_7.3508641719818115.jpg
ultimos 7:8115.jpg
-------------------
analizando:otraprueba_10.avi_10_43.91077136993408.jpg
ultimos 7:3408.jpg
-------------------
analizando:otraprueba_12.avi_12_40.0198769569397.jpg
ultimos 7:9397.jpg
-------------------
analizando:otraprueba_7.avi_7_41.958061933517456.jpg
ultimos 7:7456.jpg
-------------------
analizando:otraprueba_11.avi_11_37.148573875427246.jpg
ultimos 7:7246.jpg
-------------------
analizando:otraprueba_21.avi_21_19.163331270217896.jpg
ultimos 7:7896.jpg
-------------------
analizando:otraprueba_15.avi_15_43.915985107421875.jpg
ultimos 7:1875.jpg
-------------------
analizando:otraprueba_16.avi_16_27.826212406158447.jpg
ultimos 7:8447.jpg
-------------------
analizando:otraprueba_1.avi_1_12.233699083328247.jpg
ultimos 7:8247.jpg
-------------------
analizando:otraprueba_19.avi_19_2.3807213306427.jpg
ultimos 7:6427.jpg
-------------------
analizando:otraprueba_16.avi_16_22.76564598083496.jpg
ultimos 7:3496.jpg
-------------------
analizando:otraprueba_22.avi_22_10.96526050567627.jpg
ultimos 7:7627.jpg
-------------------
analizando:otraprueba_8.avi_8_8.635069847106934.jpg
ultimos 7:6934.jpg
-------------------
analizando:otraprueba_18.avi_18_20.934816360473633.jpg
ultimos 7:3633.jpg
-------------------
analizando:otraprueba_17.avi_17_26.069504022598267.jpg
ultimos 7:8267.jpg
-------------------
analizando:otraprueba_16.avi_16_15.15689730644226.jpg
ultimos 7:4226.jpg
-------------------
analizando:otraprueba_19.avi_19_10.50049352645874.jpg
ultimos 7:5874.jpg
-------------------
analizando:otraprueba_16.avi_16_34.646905183792114.jpg
ultimos 7:2114.jpg
-------------------
analizando:otraprueba_14.avi_14_17.633863925933838.jpg
ultimos 7:3838.jpg
-------------------
analizando:otraprueba_23.avi_23_13.387276411056519.jpg
ultimos 7:6519.jpg
-------------------
analizando:otraprueba_20.avi_20_37.509076833724976.jpg
ultimos 7:4976.jpg
-------------------
analizando:otraprueba_15.avi_15_33.691580057144165.jpg
ultimos 7:4165.jpg
-------------------
analizando:otraprueba_13.avi_13_34.83375859260559.jpg
ultimos 7:0559.jpg
-------------------
analizando:otraprueba_13.avi_13_24.26628613471985.jpg
ultimos 7:1985.jpg
-------------------
analizando:otraprueba_4.avi_4_2.6162400245666504.jpg
ultimos 7:6504.jpg
-------------------
analizando:otraprueba_17.avi_17_41.182705879211426.jpg
ultimos 7:1426.jpg
-------------------
analizando:otraprueba_23.avi_23_18.538391590118408.jpg
ultimos 7:8408.jpg
-------------------
analizando:otraprueba_19.avi_19_36.69433307647705.jpg
ultimos 7:7705.jpg
-------------------
analizando:otraprueba_21.avi_21_21.523741006851196.jpg
ultimos 7:1196.jpg
-------------------
analizando:otraprueba_5.avi_5_37.56598973274231.jpg
ultimos 7:4231.jpg
paso4!!
deberia a continua
Es enfocada de momento:/var/www/html/reconocimientoFacial/proyecto_definitivo/motor/caras/sinclasificar_videos/otraprueba_5.avi_5_37.56598973274231.jpg
es cara1 y enfocada:/var/www/html/reconocimientoFacial/proyecto_definitivo/motor/caras/sinclasificar_videos/otraprueba_5.avi_5_37.56598973274231.jpg
Esta imagen SI tiene caras reconocibles por que tiene encodings
Esta imagen SI tiene caras2!!!
Perfecto, supera todos los filtros
La imagen es buena, voy a ponerla en su correspondiente carpeta, para conservarla: /var/www/html/reconocimientoFacial/proyecto_definitivo/motor/caras/sinclasificar_videos/otraprueba_5.avi_5_37.56598973274231.jpg
Ya existia la ruta:/var/www/html/reconocimientoFacial/proyecto_definitivo/motor/caras/1/0/glUfANFvA9X9QZyiV7XJmr3uw
He copiado de aki: /var/www/html/reconocimientoFacial/proyecto_definitivo/motor/caras/sinclasificar_videos/otraprueba_5.avi_5_37.56598973274231.jpg a aki: glUfANFvA9X9QZyiV7XJmr3uw/otraprueba_5.avi_5_37.56598973274231.jpg_bhnVoXuklqHYxG1s59zoxojk0G.jpg
-------------------
analizando:otraprueba_10.avi_10_32.20626211166382.jpg
ultimos 7:6382.jpg
-------------------
analizando:otraprueba_18.avi_18_25.7884418964386.jpg
ultimos 7:4386.jpg
-------------------
analizando:otraprueba_23.avi_23_21.280570030212402.jpg
ultimos 7:2402.jpg
-------------------
analizando:otraprueba_15.avi_15_42.95696425437927.jpg
ultimos 7:7927.jpg
-------------------
analizando:otraprueba_11.avi_11_27.300819158554077.jpg
ultimos 7:4077.jpg
paso4!!
deberia a continua
Es enfocada de momento:/var/www/html/reconocimientoFacial/proyecto_definitivo/motor/caras/sinclasificar_videos/otraprueba_11.avi_11_27.300819158554077.jpg
es cara1 y enfocada:/var/www/html/reconocimientoFacial/proyecto_definitivo/motor/caras/sinclasificar_videos/otraprueba_11.avi_11_27.300819158554077.jpg
Esta imagen SI tiene caras reconocibles por que tiene encodings
Esta imagen SI tiene caras2!!!
Perfecto, supera todos los filtros
La imagen es buena, voy a ponerla en su correspondiente carpeta, para conservarla: /var/www/html/reconocimientoFacial/proyecto_definitivo/motor/caras/sinclasificar_videos/otraprueba_11.avi_11_27.300819158554077.jpg
Ya existia la ruta:/var/www/html/reconocimientoFacial/proyecto_definitivo/motor/caras/1/0/glUfANFvA9X9QZyiV7XJmr3uw
He copiado de aki: /var/www/html/reconocimientoFacial/proyecto_definitivo/motor/caras/sinclasificar_videos/otraprueba_11.avi_11_27.300819158554077.jpg a aki: glUfANFvA9X9QZyiV7XJmr3uw/otraprueba_11.avi_11_27.300819158554077.jpg_byNmsZEZuQDwmlw5QtwSVYyfs5.jpg
-------------------
analizando:otraprueba_18.avi_18_6.663851976394653.jpg
ultimos 7:4653.jpg
paso4!!
deberia a continua
Es enfocada de momento:/var/www/html/reconocimientoFacial/proyecto_definitivo/motor/caras/sinclasificar_videos/otraprueba_18.avi_18_6.663851976394653.jpg
es cara1 y enfocada:/var/www/html/reconocimientoFacial/proyecto_definitivo/motor/caras/sinclasificar_videos/otraprueba_18.avi_18_6.663851976394653.jpg
Esta imagen no tiene caras1 por que no tiene encodings
remuevo la imagen pues no supero los filtros y no se va a usar: /var/www/html/reconocimientoFacial/proyecto_definitivo/motor/caras/sinclasificar_videos/otraprueba_18.avi_18_6.663851976394653.jpg
-------------------
analizando:otraprueba_8.avi_8_27.581165552139282.jpg
ultimos 7:9282.jpg
-------------------
analizando:otraprueba_4.avi_4_35.47870111465454.jpg
ultimos 7:5454.jpg
-------------------
analizando:otraprueba_8.avi_8_35.29255270957947.jpg
ultimos 7:7947.jpg
-------------------
analizando:otraprueba_22.avi_22_37.266573667526245.jpg
ultimos 7:6245.jpg
-------------------
analizando:otraprueba_21.avi_21_16.607062578201294.jpg
ultimos 7:1294.jpg
-------------------
analizando:otraprueba_16.avi_16_36.42595672607422.jpg
ultimos 7:7422.jpg
-------------------
analizando:otraprueba_11.avi_11_19.116440296173096.jpg
ultimos 7:3096.jpg
-------------------
analizando:otraprueba_13.avi_13_43.01140809059143.jpg
ultimos 7:9143.jpg
-------------------
analizando:otraprueba_11.avi_11_24.717432260513306.jpg
ultimos 7:3306.jpg
-------------------
analizando:otraprueba_5.avi_5_1.0416324138641357.jpg
ultimos 7:1357.jpg
-------------------
analizando:otraprueba_21.avi_21_36.79620862007141.jpg
ultimos 7:7141.jpg
-------------------
analizando:otraprueba_8.avi_8_40.1551353931427.jpg
ultimos 7:1427.jpg
-------------------
analizando:otraprueba_22.avi_22_37.35348677635193.jpg
ultimos 7:5193.jpg
-------------------
analizando:otraprueba_10.avi_10_29.527936697006226.jpg
ultimos 7:6226.jpg
-------------------
analizando:otraprueba_21.avi_21_11.540310859680176.jpg
ultimos 7:0176.jpg
-------------------
analizando:otraprueba_19.avi_19_28.559035301208496.jpg
ultimos 7:8496.jpg
-------------------
analizando:otraprueba_16.avi_16_41.39479088783264.jpg
ultimos 7:3264.jpg
-------------------
analizando:otraprueba_19.avi_19_18.390555381774902.jpg
ultimos 7:4902.jpg
-------------------
analizando:otraprueba_15.avi_15_28.935691833496094.jpg
ultimos 7:6094.jpg
-------------------
analizando:otraprueba_17.avi_17_21.00791335105896.jpg
ultimos 7:5896.jpg
-------------------
analizando:otraprueba_7.avi_7_5.002288103103638.jpg
ultimos 7:3638.jpg
-------------------
analizando:otraprueba_4.avi_4_4.084964752197266.jpg
ultimos 7:7266.jpg
-------------------
analizando:otraprueba_17.avi_17_30.478434324264526.jpg
ultimos 7:4526.jpg
-------------------
analizando:otraprueba_21.avi_21_5.725228548049927.jpg
ultimos 7:9927.jpg
-------------------
analizando:otraprueba_12.avi_12_12.487943649291992.jpg
ultimos 7:1992.jpg
Tiempo de analizar el video:241.39235639572144
