tenemos este video:/var/www/html/reconocimientoFacial/proyecto_definitivo/admin/files/videos_registro_videos/otraprueba_7.avi
voy(7) leyendo el video..
tenemos(7) frame k lo guardo ..
voy(7) leyendo el video..
tenemos(7) frame k lo guardo ..
voy(7) leyendo el video..
tenemos(7) frame k lo guardo ..
cara encontrada en: /var/www/html/reconocimientoFacial/proyecto_definitivo/admin/files/videos_registro_videos/otraprueba_7.avi
OpenCV(4.5.3) /tmp/pip-req-build-dwj9trv5/opencv/modules/imgproc/src/resize.cpp:4051: error: (-215:Assertion failed) !ssize.empty() in function 'resize'

cara encontrada en: /var/www/html/reconocimientoFacial/proyecto_definitivo/admin/files/videos_registro_videos/otraprueba_7.avi
OpenCV(4.5.3) /tmp/pip-req-build-dwj9trv5/opencv/modules/imgproc/src/resize.cpp:4051: error: (-215:Assertion failed) !ssize.empty() in function 'resize'

cara encontrada en: /var/www/html/reconocimientoFacial/proyecto_definitivo/admin/files/videos_registro_videos/otraprueba_7.avi
OpenCV(4.5.3) /tmp/pip-req-build-dwj9trv5/opencv/modules/imgproc/src/resize.cpp:4051: error: (-215:Assertion failed) !ssize.empty() in function 'resize'

cara encontrada en: /var/www/html/reconocimientoFacial/proyecto_definitivo/admin/files/videos_registro_videos/otraprueba_7.avi
cara guardada en /otraprueba_7.avi_7_1.5239074230194092.jpg con esta confidence:0.9985598
cara encontrada en: /var/www/html/reconocimientoFacial/proyecto_definitivo/admin/files/videos_registro_videos/otraprueba_7.avi
OpenCV(4.5.3) /tmp/pip-req-build-dwj9trv5/opencv/modules/imgproc/src/resize.cpp:4051: error: (-215:Assertion failed) !ssize.empty() in function 'resize'

cara encontrada en: /var/www/html/reconocimientoFacial/proyecto_definitivo/admin/files/videos_registro_videos/otraprueba_7.avi
OpenCV(4.5.3) /tmp/pip-req-build-dwj9trv5/opencv/modules/imgproc/src/resize.cpp:4051: error: (-215:Assertion failed) !ssize.empty() in function 'resize'

cara encontrada en: /var/www/html/reconocimientoFacial/proyecto_definitivo/admin/files/videos_registro_videos/otraprueba_7.avi
OpenCV(4.5.3) /tmp/pip-req-build-dwj9trv5/opencv/modules/imgproc/src/resize.cpp:4051: error: (-215:Assertion failed) !ssize.empty() in function 'resize'

cara encontrada en: /var/www/html/reconocimientoFacial/proyecto_definitivo/admin/files/videos_registro_videos/otraprueba_7.avi
OpenCV(4.5.3) /tmp/pip-req-build-dwj9trv5/opencv/modules/imgproc/src/resize.cpp:4051: error: (-215:Assertion failed) !ssize.empty() in function 'resize'

cara encontrada en: /var/www/html/reconocimientoFacial/proyecto_definitivo/admin/files/videos_registro_videos/otraprueba_7.avi
OpenCV(4.5.3) /tmp/pip-req-build-dwj9trv5/opencv/modules/imgproc/src/resize.cpp:4051: error: (-215:Assertion failed) !ssize.empty() in function 'resize'

cara encontrada en: /var/www/html/reconocimientoFacial/proyecto_definitivo/admin/files/videos_registro_videos/otraprueba_7.avi
OpenCV(4.5.3) /tmp/pip-req-build-dwj9trv5/opencv/modules/imgproc/src/resize.cpp:4051: error: (-215:Assertion failed) !ssize.empty() in function 'resize'

voy(7) leyendo el video..
tenemos(7) frame k lo guardo ..
voy(7) leyendo el video..
tenemos(7) frame k lo guardo ..
voy(7) leyendo el video..
tenemos(7) frame k lo guardo ..
cara encontrada en: /var/www/html/reconocimientoFacial/proyecto_definitivo/admin/files/videos_registro_videos/otraprueba_7.avi
OpenCV(4.5.3) /tmp/pip-req-build-dwj9trv5/opencv/modules/imgproc/src/resize.cpp:4051: error: (-215:Assertion failed) !ssize.empty() in function 'resize'

cara encontrada en: /var/www/html/reconocimientoFacial/proyecto_definitivo/admin/files/videos_registro_videos/otraprueba_7.avi
OpenCV(4.5.3) /tmp/pip-req-build-dwj9trv5/opencv/modules/imgproc/src/resize.cpp:4051: error: (-215:Assertion failed) !ssize.empty() in function 'resize'

cara encontrada en: /var/www/html/reconocimientoFacial/proyecto_definitivo/admin/files/videos_registro_videos/otraprueba_7.avi
OpenCV(4.5.3) /tmp/pip-req-build-dwj9trv5/opencv/modules/imgproc/src/resize.cpp:4051: error: (-215:Assertion failed) !ssize.empty() in function 'resize'

cara encontrada en: /var/www/html/reconocimientoFacial/proyecto_definitivo/admin/files/videos_registro_videos/otraprueba_7.avi
OpenCV(4.5.3) /tmp/pip-req-build-dwj9trv5/opencv/modules/imgproc/src/resize.cpp:4051: error: (-215:Assertion failed) !ssize.empty() in function 'resize'

cara encontrada en: /var/www/html/reconocimientoFacial/proyecto_definitivo/admin/files/videos_registro_videos/otraprueba_7.avi
cara guardada en /otraprueba_7.avi_7_2.9288547039031982.jpg con esta confidence:0.99826175
cara encontrada en: /var/www/html/reconocimientoFacial/proyecto_definitivo/admin/files/videos_registro_videos/otraprueba_7.avi
OpenCV(4.5.3) /tmp/pip-req-build-dwj9trv5/opencv/modules/imgproc/src/resize.cpp:4051: error: (-215:Assertion failed) !ssize.empty() in function 'resize'

cara encontrada en: /var/www/html/reconocimientoFacial/proyecto_definitivo/admin/files/videos_registro_videos/otraprueba_7.avi
OpenCV(4.5.3) /tmp/pip-req-build-dwj9trv5/opencv/modules/imgproc/src/resize.cpp:4051: error: (-215:Assertion failed) !ssize.empty() in function 'resize'

cara encontrada en: /var/www/html/reconocimientoFacial/proyecto_definitivo/admin/files/videos_registro_videos/otraprueba_7.avi
OpenCV(4.5.3) /tmp/pip-req-build-dwj9trv5/opencv/modules/imgproc/src/resize.cpp:4051: error: (-215:Assertion failed) !ssize.empty() in function 'resize'

cara encontrada en: /var/www/html/reconocimientoFacial/proyecto_definitivo/admin/files/videos_registro_videos/otraprueba_7.avi
OpenCV(4.5.3) /tmp/pip-req-build-dwj9trv5/opencv/modules/imgproc/src/resize.cpp:4051: error: (-215:Assertion failed) !ssize.empty() in function 'resize'

cara encontrada en: /var/www/html/reconocimientoFacial/proyecto_definitivo/admin/files/videos_registro_videos/otraprueba_7.avi
OpenCV(4.5.3) /tmp/pip-req-build-dwj9trv5/opencv/modules/imgproc/src/resize.cpp:4051: error: (-215:Assertion failed) !ssize.empty() in function 'resize'

voy(7) leyendo el video..
tenemos(7) frame k lo guardo ..
voy(7) leyendo el video..
tenemos(7) frame k lo guardo ..
voy(7) leyendo el video..
tenemos(7) frame k lo guardo ..
cara encontrada en: /var/www/html/reconocimientoFacial/proyecto_definitivo/admin/files/videos_registro_videos/otraprueba_7.avi
OpenCV(4.5.3) /tmp/pip-req-build-dwj9trv5/opencv/modules/imgproc/src/resize.cpp:4051: error: (-215:Assertion failed) !ssize.empty() in function 'resize'

cara encontrada en: /var/www/html/reconocimientoFacial/proyecto_definitivo/admin/files/videos_registro_videos/otraprueba_7.avi
OpenCV(4.5.3) /tmp/pip-req-build-dwj9trv5/opencv/modules/imgproc/src/resize.cpp:4051: error: (-215:Assertion failed) !ssize.empty() in function 'resize'

cara encontrada en: /var/www/html/reconocimientoFacial/proyecto_definitivo/admin/files/videos_registro_videos/otraprueba_7.avi
OpenCV(4.5.3) /tmp/pip-req-build-dwj9trv5/opencv/modules/imgproc/src/resize.cpp:4051: error: (-215:Assertion failed) !ssize.empty() in function 'resize'

cara encontrada en: /var/www/html/reconocimientoFacial/proyecto_definitivo/admin/files/videos_registro_videos/otraprueba_7.avi
OpenCV(4.5.3) /tmp/pip-req-build-dwj9trv5/opencv/modules/imgproc/src/resize.cpp:4051: error: (-215:Assertion failed) !ssize.empty() in function 'resize'

cara encontrada en: /var/www/html/reconocimientoFacial/proyecto_definitivo/admin/files/videos_registro_videos/otraprueba_7.avi
cara guardada en /otraprueba_7.avi_7_4.359012603759766.jpg con esta confidence:0.9976562
cara encontrada en: /var/www/html/reconocimientoFacial/proyecto_definitivo/admin/files/videos_registro_videos/otraprueba_7.avi
OpenCV(4.5.3) /tmp/pip-req-build-dwj9trv5/opencv/modules/imgproc/src/resize.cpp:4051: error: (-215:Assertion failed) !ssize.empty() in function 'resize'

cara encontrada en: /var/www/html/reconocimientoFacial/proyecto_definitivo/admin/files/videos_registro_videos/otraprueba_7.avi
OpenCV(4.5.3) /tmp/pip-req-build-dwj9trv5/opencv/modules/imgproc/src/resize.cpp:4051: error: (-215:Assertion failed) !ssize.empty() in function 'resize'

cara encontrada en: /var/www/html/reconocimientoFacial/proyecto_definitivo/admin/files/videos_registro_videos/otraprueba_7.avi
OpenCV(4.5.3) /tmp/pip-req-build-dwj9trv5/opencv/modules/imgproc/src/resize.cpp:4051: error: (-215:Assertion failed) !ssize.empty() in function 'resize'

cara encontrada en: /var/www/html/reconocimientoFacial/proyecto_definitivo/admin/files/videos_registro_videos/otraprueba_7.avi
OpenCV(4.5.3) /tmp/pip-req-build-dwj9trv5/opencv/modules/imgproc/src/resize.cpp:4051: error: (-215:Assertion failed) !ssize.empty() in function 'resize'

cara encontrada en: /var/www/html/reconocimientoFacial/proyecto_definitivo/admin/files/videos_registro_videos/otraprueba_7.avi
OpenCV(4.5.3) /tmp/pip-req-build-dwj9trv5/opencv/modules/imgproc/src/resize.cpp:4051: error: (-215:Assertion failed) !ssize.empty() in function 'resize'

voy(7) leyendo el video..
tenemos(7) frame k lo guardo ..
voy(7) leyendo el video..
tenemos(7) frame k lo guardo ..
voy(7) leyendo el video..
tenemos(7) frame k lo guardo ..
cara encontrada en: /var/www/html/reconocimientoFacial/proyecto_definitivo/admin/files/videos_registro_videos/otraprueba_7.avi
OpenCV(4.5.3) /tmp/pip-req-build-dwj9trv5/opencv/modules/imgproc/src/resize.cpp:4051: error: (-215:Assertion failed) !ssize.empty() in function 'resize'

cara encontrada en: /var/www/html/reconocimientoFacial/proyecto_definitivo/admin/files/videos_registro_videos/otraprueba_7.avi
OpenCV(4.5.3) /tmp/pip-req-build-dwj9trv5/opencv/modules/imgproc/src/resize.cpp:4051: error: (-215:Assertion failed) !ssize.empty() in function 'resize'

cara encontrada en: /var/www/html/reconocimientoFacial/proyecto_definitivo/admin/files/videos_registro_videos/otraprueba_7.avi
OpenCV(4.5.3) /tmp/pip-req-build-dwj9trv5/opencv/modules/imgproc/src/resize.cpp:4051: error: (-215:Assertion failed) !ssize.empty() in function 'resize'

cara encontrada en: /var/www/html/reconocimientoFacial/proyecto_definitivo/admin/files/videos_registro_videos/otraprueba_7.avi
OpenCV(4.5.3) /tmp/pip-req-build-dwj9trv5/opencv/modules/imgproc/src/resize.cpp:4051: error: (-215:Assertion failed) !ssize.empty() in function 'resize'

cara encontrada en: /var/www/html/reconocimientoFacial/proyecto_definitivo/admin/files/videos_registro_videos/otraprueba_7.avi
cara guardada en /otraprueba_7.avi_7_5.980215072631836.jpg con esta confidence:0.9976427
cara encontrada en: /var/www/html/reconocimientoFacial/proyecto_definitivo/admin/files/videos_registro_videos/otraprueba_7.avi
OpenCV(4.5.3) /tmp/pip-req-build-dwj9trv5/opencv/modules/imgproc/src/resize.cpp:4051: error: (-215:Assertion failed) !ssize.empty() in function 'resize'

cara encontrada en: /var/www/html/reconocimientoFacial/proyecto_definitivo/admin/files/videos_registro_videos/otraprueba_7.avi
OpenCV(4.5.3) /tmp/pip-req-build-dwj9trv5/opencv/modules/imgproc/src/resize.cpp:4051: error: (-215:Assertion failed) !ssize.empty() in function 'resize'

cara encontrada en: /var/www/html/reconocimientoFacial/proyecto_definitivo/admin/files/videos_registro_videos/otraprueba_7.avi
OpenCV(4.5.3) /tmp/pip-req-build-dwj9trv5/opencv/modules/imgproc/src/resize.cpp:4051: error: (-215:Assertion failed) !ssize.empty() in function 'resize'

cara encontrada en: /var/www/html/reconocimientoFacial/proyecto_definitivo/admin/files/videos_registro_videos/otraprueba_7.avi
OpenCV(4.5.3) /tmp/pip-req-build-dwj9trv5/opencv/modules/imgproc/src/resize.cpp:4051: error: (-215:Assertion failed) !ssize.empty() in function 'resize'

cara encontrada en: /var/www/html/reconocimientoFacial/proyecto_definitivo/admin/files/videos_registro_videos/otraprueba_7.avi
OpenCV(4.5.3) /tmp/pip-req-build-dwj9trv5/opencv/modules/imgproc/src/resize.cpp:4051: error: (-215:Assertion failed) !ssize.empty() in function 'resize'

voy(7) leyendo el video..
tenemos(7) frame k lo guardo ..
voy(7) leyendo el video..
tenemos(7) frame k lo guardo ..
voy(7) leyendo el video..
tenemos(7) frame k lo guardo ..
cara encontrada en: /var/www/html/reconocimientoFacial/proyecto_definitivo/admin/files/videos_registro_videos/otraprueba_7.avi
OpenCV(4.5.3) /tmp/pip-req-build-dwj9trv5/opencv/modules/imgproc/src/resize.cpp:4051: error: (-215:Assertion failed) !ssize.empty() in function 'resize'

cara encontrada en: /var/www/html/reconocimientoFacial/proyecto_definitivo/admin/files/videos_registro_videos/otraprueba_7.avi
OpenCV(4.5.3) /tmp/pip-req-build-dwj9trv5/opencv/modules/imgproc/src/resize.cpp:4051: error: (-215:Assertion failed) !ssize.empty() in function 'resize'

cara encontrada en: /var/www/html/reconocimientoFacial/proyecto_definitivo/admin/files/videos_registro_videos/otraprueba_7.avi
OpenCV(4.5.3) /tmp/pip-req-build-dwj9trv5/opencv/modules/imgproc/src/resize.cpp:4051: error: (-215:Assertion failed) !ssize.empty() in function 'resize'

cara encontrada en: /var/www/html/reconocimientoFacial/proyecto_definitivo/admin/files/videos_registro_videos/otraprueba_7.avi
OpenCV(4.5.3) /tmp/pip-req-build-dwj9trv5/opencv/modules/imgproc/src/resize.cpp:4051: error: (-215:Assertion failed) !ssize.empty() in function 'resize'

cara encontrada en: /var/www/html/reconocimientoFacial/proyecto_definitivo/admin/files/videos_registro_videos/otraprueba_7.avi
cara guardada en /otraprueba_7.avi_7_7.693426609039307.jpg con esta confidence:0.99750715
cara encontrada en: /var/www/html/reconocimientoFacial/proyecto_definitivo/admin/files/videos_registro_videos/otraprueba_7.avi
OpenCV(4.5.3) /tmp/pip-req-build-dwj9trv5/opencv/modules/imgproc/src/resize.cpp:4051: error: (-215:Assertion failed) !ssize.empty() in function 'resize'

cara encontrada en: /var/www/html/reconocimientoFacial/proyecto_definitivo/admin/files/videos_registro_videos/otraprueba_7.avi
OpenCV(4.5.3) /tmp/pip-req-build-dwj9trv5/opencv/modules/imgproc/src/resize.cpp:4051: error: (-215:Assertion failed) !ssize.empty() in function 'resize'

cara encontrada en: /var/www/html/reconocimientoFacial/proyecto_definitivo/admin/files/videos_registro_videos/otraprueba_7.avi
OpenCV(4.5.3) /tmp/pip-req-build-dwj9trv5/opencv/modules/imgproc/src/resize.cpp:4051: error: (-215:Assertion failed) !ssize.empty() in function 'resize'

cara encontrada en: /var/www/html/reconocimientoFacial/proyecto_definitivo/admin/files/videos_registro_videos/otraprueba_7.avi
OpenCV(4.5.3) /tmp/pip-req-build-dwj9trv5/opencv/modules/imgproc/src/resize.cpp:4051: error: (-215:Assertion failed) !ssize.empty() in function 'resize'

cara encontrada en: /var/www/html/reconocimientoFacial/proyecto_definitivo/admin/files/videos_registro_videos/otraprueba_7.avi
OpenCV(4.5.3) /tmp/pip-req-build-dwj9trv5/opencv/modules/imgproc/src/resize.cpp:4051: error: (-215:Assertion failed) !ssize.empty() in function 'resize'

voy(7) leyendo el video..
tenemos(7) frame k lo guardo ..
voy(7) leyendo el video..
tenemos(7) frame k lo guardo ..
voy(7) leyendo el video..
tenemos(7) frame k lo guardo ..
cara encontrada en: /var/www/html/reconocimientoFacial/proyecto_definitivo/admin/files/videos_registro_videos/otraprueba_7.avi
OpenCV(4.5.3) /tmp/pip-req-build-dwj9trv5/opencv/modules/imgproc/src/resize.cpp:4051: error: (-215:Assertion failed) !ssize.empty() in function 'resize'

cara encontrada en: /var/www/html/reconocimientoFacial/proyecto_definitivo/admin/files/videos_registro_videos/otraprueba_7.avi
OpenCV(4.5.3) /tmp/pip-req-build-dwj9trv5/opencv/modules/imgproc/src/resize.cpp:4051: error: (-215:Assertion failed) !ssize.empty() in function 'resize'

cara encontrada en: /var/www/html/reconocimientoFacial/proyecto_definitivo/admin/files/videos_registro_videos/otraprueba_7.avi
OpenCV(4.5.3) /tmp/pip-req-build-dwj9trv5/opencv/modules/imgproc/src/resize.cpp:4051: error: (-215:Assertion failed) !ssize.empty() in function 'resize'

cara encontrada en: /var/www/html/reconocimientoFacial/proyecto_definitivo/admin/files/videos_registro_videos/otraprueba_7.avi
OpenCV(4.5.3) /tmp/pip-req-build-dwj9trv5/opencv/modules/imgproc/src/resize.cpp:4051: error: (-215:Assertion failed) !ssize.empty() in function 'resize'

cara encontrada en: /var/www/html/reconocimientoFacial/proyecto_definitivo/admin/files/videos_registro_videos/otraprueba_7.avi
cara guardada en /otraprueba_7.avi_7_9.571109771728516.jpg con esta confidence:0.99729425
cara encontrada en: /var/www/html/reconocimientoFacial/proyecto_definitivo/admin/files/videos_registro_videos/otraprueba_7.avi
OpenCV(4.5.3) /tmp/pip-req-build-dwj9trv5/opencv/modules/imgproc/src/resize.cpp:4051: error: (-215:Assertion failed) !ssize.empty() in function 'resize'

cara encontrada en: /var/www/html/reconocimientoFacial/proyecto_definitivo/admin/files/videos_registro_videos/otraprueba_7.avi
OpenCV(4.5.3) /tmp/pip-req-build-dwj9trv5/opencv/modules/imgproc/src/resize.cpp:4051: error: (-215:Assertion failed) !ssize.empty() in function 'resize'

cara encontrada en: /var/www/html/reconocimientoFacial/proyecto_definitivo/admin/files/videos_registro_videos/otraprueba_7.avi
OpenCV(4.5.3) /tmp/pip-req-build-dwj9trv5/opencv/modules/imgproc/src/resize.cpp:4051: error: (-215:Assertion failed) !ssize.empty() in function 'resize'

cara encontrada en: /var/www/html/reconocimientoFacial/proyecto_definitivo/admin/files/videos_registro_videos/otraprueba_7.avi
OpenCV(4.5.3) /tmp/pip-req-build-dwj9trv5/opencv/modules/imgproc/src/resize.cpp:4051: error: (-215:Assertion failed) !ssize.empty() in function 'resize'

cara encontrada en: /var/www/html/reconocimientoFacial/proyecto_definitivo/admin/files/videos_registro_videos/otraprueba_7.avi
OpenCV(4.5.3) /tmp/pip-req-build-dwj9trv5/opencv/modules/imgproc/src/resize.cpp:4051: error: (-215:Assertion failed) !ssize.empty() in function 'resize'

voy(7) leyendo el video..
tenemos(7) frame k lo guardo ..
voy(7) leyendo el video..
tenemos(7) frame k lo guardo ..
voy(7) leyendo el video..
tenemos(7) frame k lo guardo ..
cara encontrada en: /var/www/html/reconocimientoFacial/proyecto_definitivo/admin/files/videos_registro_videos/otraprueba_7.avi
OpenCV(4.5.3) /tmp/pip-req-build-dwj9trv5/opencv/modules/imgproc/src/resize.cpp:4051: error: (-215:Assertion failed) !ssize.empty() in function 'resize'

cara encontrada en: /var/www/html/reconocimientoFacial/proyecto_definitivo/admin/files/videos_registro_videos/otraprueba_7.avi
OpenCV(4.5.3) /tmp/pip-req-build-dwj9trv5/opencv/modules/imgproc/src/resize.cpp:4051: error: (-215:Assertion failed) !ssize.empty() in function 'resize'

cara encontrada en: /var/www/html/reconocimientoFacial/proyecto_definitivo/admin/files/videos_registro_videos/otraprueba_7.avi
OpenCV(4.5.3) /tmp/pip-req-build-dwj9trv5/opencv/modules/imgproc/src/resize.cpp:4051: error: (-215:Assertion failed) !ssize.empty() in function 'resize'

cara encontrada en: /var/www/html/reconocimientoFacial/proyecto_definitivo/admin/files/videos_registro_videos/otraprueba_7.avi
OpenCV(4.5.3) /tmp/pip-req-build-dwj9trv5/opencv/modules/imgproc/src/resize.cpp:4051: error: (-215:Assertion failed) !ssize.empty() in function 'resize'

cara encontrada en: /var/www/html/reconocimientoFacial/proyecto_definitivo/admin/files/videos_registro_videos/otraprueba_7.avi
cara guardada en /otraprueba_7.avi_7_11.735208988189697.jpg con esta confidence:0.9973967
cara encontrada en: /var/www/html/reconocimientoFacial/proyecto_definitivo/admin/files/videos_registro_videos/otraprueba_7.avi
OpenCV(4.5.3) /tmp/pip-req-build-dwj9trv5/opencv/modules/imgproc/src/resize.cpp:4051: error: (-215:Assertion failed) !ssize.empty() in function 'resize'

cara encontrada en: /var/www/html/reconocimientoFacial/proyecto_definitivo/admin/files/videos_registro_videos/otraprueba_7.avi
OpenCV(4.5.3) /tmp/pip-req-build-dwj9trv5/opencv/modules/imgproc/src/resize.cpp:4051: error: (-215:Assertion failed) !ssize.empty() in function 'resize'

cara encontrada en: /var/www/html/reconocimientoFacial/proyecto_definitivo/admin/files/videos_registro_videos/otraprueba_7.avi
OpenCV(4.5.3) /tmp/pip-req-build-dwj9trv5/opencv/modules/imgproc/src/resize.cpp:4051: error: (-215:Assertion failed) !ssize.empty() in function 'resize'

cara encontrada en: /var/www/html/reconocimientoFacial/proyecto_definitivo/admin/files/videos_registro_videos/otraprueba_7.avi
OpenCV(4.5.3) /tmp/pip-req-build-dwj9trv5/opencv/modules/imgproc/src/resize.cpp:4051: error: (-215:Assertion failed) !ssize.empty() in function 'resize'

cara encontrada en: /var/www/html/reconocimientoFacial/proyecto_definitivo/admin/files/videos_registro_videos/otraprueba_7.avi
OpenCV(4.5.3) /tmp/pip-req-build-dwj9trv5/opencv/modules/imgproc/src/resize.cpp:4051: error: (-215:Assertion failed) !ssize.empty() in function 'resize'

voy(7) leyendo el video..
tenemos(7) frame k lo guardo ..
voy(7) leyendo el video..
tenemos(7) frame k lo guardo ..
voy(7) leyendo el video..
tenemos(7) frame k lo guardo ..
cara encontrada en: /var/www/html/reconocimientoFacial/proyecto_definitivo/admin/files/videos_registro_videos/otraprueba_7.avi
OpenCV(4.5.3) /tmp/pip-req-build-dwj9trv5/opencv/modules/imgproc/src/resize.cpp:4051: error: (-215:Assertion failed) !ssize.empty() in function 'resize'

cara encontrada en: /var/www/html/reconocimientoFacial/proyecto_definitivo/admin/files/videos_registro_videos/otraprueba_7.avi
OpenCV(4.5.3) /tmp/pip-req-build-dwj9trv5/opencv/modules/imgproc/src/resize.cpp:4051: error: (-215:Assertion failed) !ssize.empty() in function 'resize'

cara encontrada en: /var/www/html/reconocimientoFacial/proyecto_definitivo/admin/files/videos_registro_videos/otraprueba_7.avi
OpenCV(4.5.3) /tmp/pip-req-build-dwj9trv5/opencv/modules/imgproc/src/resize.cpp:4051: error: (-215:Assertion failed) !ssize.empty() in function 'resize'

cara encontrada en: /var/www/html/reconocimientoFacial/proyecto_definitivo/admin/files/videos_registro_videos/otraprueba_7.avi
OpenCV(4.5.3) /tmp/pip-req-build-dwj9trv5/opencv/modules/imgproc/src/resize.cpp:4051: error: (-215:Assertion failed) !ssize.empty() in function 'resize'

cara encontrada en: /var/www/html/reconocimientoFacial/proyecto_definitivo/admin/files/videos_registro_videos/otraprueba_7.avi
cara guardada en /otraprueba_7.avi_7_14.165541410446167.jpg con esta confidence:0.99667066
cara encontrada en: /var/www/html/reconocimientoFacial/proyecto_definitivo/admin/files/videos_registro_videos/otraprueba_7.avi
OpenCV(4.5.3) /tmp/pip-req-build-dwj9trv5/opencv/modules/imgproc/src/resize.cpp:4051: error: (-215:Assertion failed) !ssize.empty() in function 'resize'

cara encontrada en: /var/www/html/reconocimientoFacial/proyecto_definitivo/admin/files/videos_registro_videos/otraprueba_7.avi
OpenCV(4.5.3) /tmp/pip-req-build-dwj9trv5/opencv/modules/imgproc/src/resize.cpp:4051: error: (-215:Assertion failed) !ssize.empty() in function 'resize'

cara encontrada en: /var/www/html/reconocimientoFacial/proyecto_definitivo/admin/files/videos_registro_videos/otraprueba_7.avi
OpenCV(4.5.3) /tmp/pip-req-build-dwj9trv5/opencv/modules/imgproc/src/resize.cpp:4051: error: (-215:Assertion failed) !ssize.empty() in function 'resize'

cara encontrada en: /var/www/html/reconocimientoFacial/proyecto_definitivo/admin/files/videos_registro_videos/otraprueba_7.avi
OpenCV(4.5.3) /tmp/pip-req-build-dwj9trv5/opencv/modules/imgproc/src/resize.cpp:4051: error: (-215:Assertion failed) !ssize.empty() in function 'resize'

cara encontrada en: /var/www/html/reconocimientoFacial/proyecto_definitivo/admin/files/videos_registro_videos/otraprueba_7.avi
OpenCV(4.5.3) /tmp/pip-req-build-dwj9trv5/opencv/modules/imgproc/src/resize.cpp:4051: error: (-215:Assertion failed) !ssize.empty() in function 'resize'

voy(7) leyendo el video..
tenemos(7) frame k lo guardo ..
voy(7) leyendo el video..
tenemos(7) frame k lo guardo ..
voy(7) leyendo el video..
tenemos(7) frame k lo guardo ..
cara encontrada en: /var/www/html/reconocimientoFacial/proyecto_definitivo/admin/files/videos_registro_videos/otraprueba_7.avi
OpenCV(4.5.3) /tmp/pip-req-build-dwj9trv5/opencv/modules/imgproc/src/resize.cpp:4051: error: (-215:Assertion failed) !ssize.empty() in function 'resize'

cara encontrada en: /var/www/html/reconocimientoFacial/proyecto_definitivo/admin/files/videos_registro_videos/otraprueba_7.avi
OpenCV(4.5.3) /tmp/pip-req-build-dwj9trv5/opencv/modules/imgproc/src/resize.cpp:4051: error: (-215:Assertion failed) !ssize.empty() in function 'resize'

cara encontrada en: /var/www/html/reconocimientoFacial/proyecto_definitivo/admin/files/videos_registro_videos/otraprueba_7.avi
OpenCV(4.5.3) /tmp/pip-req-build-dwj9trv5/opencv/modules/imgproc/src/resize.cpp:4051: error: (-215:Assertion failed) !ssize.empty() in function 'resize'

cara encontrada en: /var/www/html/reconocimientoFacial/proyecto_definitivo/admin/files/videos_registro_videos/otraprueba_7.avi
OpenCV(4.5.3) /tmp/pip-req-build-dwj9trv5/opencv/modules/imgproc/src/resize.cpp:4051: error: (-215:Assertion failed) !ssize.empty() in function 'resize'

cara encontrada en: /var/www/html/reconocimientoFacial/proyecto_definitivo/admin/files/videos_registro_videos/otraprueba_7.avi
cara guardada en /otraprueba_7.avi_7_16.635008811950684.jpg con esta confidence:0.9967272
cara encontrada en: /var/www/html/reconocimientoFacial/proyecto_definitivo/admin/files/videos_registro_videos/otraprueba_7.avi
OpenCV(4.5.3) /tmp/pip-req-build-dwj9trv5/opencv/modules/imgproc/src/resize.cpp:4051: error: (-215:Assertion failed) !ssize.empty() in function 'resize'

cara encontrada en: /var/www/html/reconocimientoFacial/proyecto_definitivo/admin/files/videos_registro_videos/otraprueba_7.avi
OpenCV(4.5.3) /tmp/pip-req-build-dwj9trv5/opencv/modules/imgproc/src/resize.cpp:4051: error: (-215:Assertion failed) !ssize.empty() in function 'resize'

cara encontrada en: /var/www/html/reconocimientoFacial/proyecto_definitivo/admin/files/videos_registro_videos/otraprueba_7.avi
OpenCV(4.5.3) /tmp/pip-req-build-dwj9trv5/opencv/modules/imgproc/src/resize.cpp:4051: error: (-215:Assertion failed) !ssize.empty() in function 'resize'

cara encontrada en: /var/www/html/reconocimientoFacial/proyecto_definitivo/admin/files/videos_registro_videos/otraprueba_7.avi
OpenCV(4.5.3) /tmp/pip-req-build-dwj9trv5/opencv/modules/imgproc/src/resize.cpp:4051: error: (-215:Assertion failed) !ssize.empty() in function 'resize'

cara encontrada en: /var/www/html/reconocimientoFacial/proyecto_definitivo/admin/files/videos_registro_videos/otraprueba_7.avi
OpenCV(4.5.3) /tmp/pip-req-build-dwj9trv5/opencv/modules/imgproc/src/resize.cpp:4051: error: (-215:Assertion failed) !ssize.empty() in function 'resize'

voy(7) leyendo el video..
tenemos(7) frame k lo guardo ..
voy(7) leyendo el video..
tenemos(7) frame k lo guardo ..
voy(7) leyendo el video..
tenemos(7) frame k lo guardo ..
cara encontrada en: /var/www/html/reconocimientoFacial/proyecto_definitivo/admin/files/videos_registro_videos/otraprueba_7.avi
OpenCV(4.5.3) /tmp/pip-req-build-dwj9trv5/opencv/modules/imgproc/src/resize.cpp:4051: error: (-215:Assertion failed) !ssize.empty() in function 'resize'

cara encontrada en: /var/www/html/reconocimientoFacial/proyecto_definitivo/admin/files/videos_registro_videos/otraprueba_7.avi
OpenCV(4.5.3) /tmp/pip-req-build-dwj9trv5/opencv/modules/imgproc/src/resize.cpp:4051: error: (-215:Assertion failed) !ssize.empty() in function 'resize'

cara encontrada en: /var/www/html/reconocimientoFacial/proyecto_definitivo/admin/files/videos_registro_videos/otraprueba_7.avi
OpenCV(4.5.3) /tmp/pip-req-build-dwj9trv5/opencv/modules/imgproc/src/resize.cpp:4051: error: (-215:Assertion failed) !ssize.empty() in function 'resize'

cara encontrada en: /var/www/html/reconocimientoFacial/proyecto_definitivo/admin/files/videos_registro_videos/otraprueba_7.avi
OpenCV(4.5.3) /tmp/pip-req-build-dwj9trv5/opencv/modules/imgproc/src/resize.cpp:4051: error: (-215:Assertion failed) !ssize.empty() in function 'resize'

cara encontrada en: /var/www/html/reconocimientoFacial/proyecto_definitivo/admin/files/videos_registro_videos/otraprueba_7.avi
cara guardada en /otraprueba_7.avi_7_19.28289556503296.jpg con esta confidence:0.9958688
cara encontrada en: /var/www/html/reconocimientoFacial/proyecto_definitivo/admin/files/videos_registro_videos/otraprueba_7.avi
OpenCV(4.5.3) /tmp/pip-req-build-dwj9trv5/opencv/modules/imgproc/src/resize.cpp:4051: error: (-215:Assertion failed) !ssize.empty() in function 'resize'

cara encontrada en: /var/www/html/reconocimientoFacial/proyecto_definitivo/admin/files/videos_registro_videos/otraprueba_7.avi
OpenCV(4.5.3) /tmp/pip-req-build-dwj9trv5/opencv/modules/imgproc/src/resize.cpp:4051: error: (-215:Assertion failed) !ssize.empty() in function 'resize'

cara encontrada en: /var/www/html/reconocimientoFacial/proyecto_definitivo/admin/files/videos_registro_videos/otraprueba_7.avi
OpenCV(4.5.3) /tmp/pip-req-build-dwj9trv5/opencv/modules/imgproc/src/resize.cpp:4051: error: (-215:Assertion failed) !ssize.empty() in function 'resize'

cara encontrada en: /var/www/html/reconocimientoFacial/proyecto_definitivo/admin/files/videos_registro_videos/otraprueba_7.avi
OpenCV(4.5.3) /tmp/pip-req-build-dwj9trv5/opencv/modules/imgproc/src/resize.cpp:4051: error: (-215:Assertion failed) !ssize.empty() in function 'resize'

cara encontrada en: /var/www/html/reconocimientoFacial/proyecto_definitivo/admin/files/videos_registro_videos/otraprueba_7.avi
OpenCV(4.5.3) /tmp/pip-req-build-dwj9trv5/opencv/modules/imgproc/src/resize.cpp:4051: error: (-215:Assertion failed) !ssize.empty() in function 'resize'

voy(7) leyendo el video..
tenemos(7) frame k lo guardo ..
voy(7) leyendo el video..
tenemos(7) frame k lo guardo ..
voy(7) leyendo el video..
tenemos(7) frame k lo guardo ..
cara encontrada en: /var/www/html/reconocimientoFacial/proyecto_definitivo/admin/files/videos_registro_videos/otraprueba_7.avi
OpenCV(4.5.3) /tmp/pip-req-build-dwj9trv5/opencv/modules/imgproc/src/resize.cpp:4051: error: (-215:Assertion failed) !ssize.empty() in function 'resize'

cara encontrada en: /var/www/html/reconocimientoFacial/proyecto_definitivo/admin/files/videos_registro_videos/otraprueba_7.avi
OpenCV(4.5.3) /tmp/pip-req-build-dwj9trv5/opencv/modules/imgproc/src/resize.cpp:4051: error: (-215:Assertion failed) !ssize.empty() in function 'resize'

cara encontrada en: /var/www/html/reconocimientoFacial/proyecto_definitivo/admin/files/videos_registro_videos/otraprueba_7.avi
OpenCV(4.5.3) /tmp/pip-req-build-dwj9trv5/opencv/modules/imgproc/src/resize.cpp:4051: error: (-215:Assertion failed) !ssize.empty() in function 'resize'

cara encontrada en: /var/www/html/reconocimientoFacial/proyecto_definitivo/admin/files/videos_registro_videos/otraprueba_7.avi
OpenCV(4.5.3) /tmp/pip-req-build-dwj9trv5/opencv/modules/imgproc/src/resize.cpp:4051: error: (-215:Assertion failed) !ssize.empty() in function 'resize'

cara encontrada en: /var/www/html/reconocimientoFacial/proyecto_definitivo/admin/files/videos_registro_videos/otraprueba_7.avi
cara guardada en /otraprueba_7.avi_7_21.65780234336853.jpg con esta confidence:0.995181
cara encontrada en: /var/www/html/reconocimientoFacial/proyecto_definitivo/admin/files/videos_registro_videos/otraprueba_7.avi
OpenCV(4.5.3) /tmp/pip-req-build-dwj9trv5/opencv/modules/imgproc/src/resize.cpp:4051: error: (-215:Assertion failed) !ssize.empty() in function 'resize'

cara encontrada en: /var/www/html/reconocimientoFacial/proyecto_definitivo/admin/files/videos_registro_videos/otraprueba_7.avi
OpenCV(4.5.3) /tmp/pip-req-build-dwj9trv5/opencv/modules/imgproc/src/resize.cpp:4051: error: (-215:Assertion failed) !ssize.empty() in function 'resize'

cara encontrada en: /var/www/html/reconocimientoFacial/proyecto_definitivo/admin/files/videos_registro_videos/otraprueba_7.avi
OpenCV(4.5.3) /tmp/pip-req-build-dwj9trv5/opencv/modules/imgproc/src/resize.cpp:4051: error: (-215:Assertion failed) !ssize.empty() in function 'resize'

cara encontrada en: /var/www/html/reconocimientoFacial/proyecto_definitivo/admin/files/videos_registro_videos/otraprueba_7.avi
OpenCV(4.5.3) /tmp/pip-req-build-dwj9trv5/opencv/modules/imgproc/src/resize.cpp:4051: error: (-215:Assertion failed) !ssize.empty() in function 'resize'

cara encontrada en: /var/www/html/reconocimientoFacial/proyecto_definitivo/admin/files/videos_registro_videos/otraprueba_7.avi
OpenCV(4.5.3) /tmp/pip-req-build-dwj9trv5/opencv/modules/imgproc/src/resize.cpp:4051: error: (-215:Assertion failed) !ssize.empty() in function 'resize'

voy(7) leyendo el video..
tenemos(7) frame k lo guardo ..
voy(7) leyendo el video..
tenemos(7) frame k lo guardo ..
voy(7) leyendo el video..
tenemos(7) frame k lo guardo ..
cara encontrada en: /var/www/html/reconocimientoFacial/proyecto_definitivo/admin/files/videos_registro_videos/otraprueba_7.avi
OpenCV(4.5.3) /tmp/pip-req-build-dwj9trv5/opencv/modules/imgproc/src/resize.cpp:4051: error: (-215:Assertion failed) !ssize.empty() in function 'resize'

cara encontrada en: /var/www/html/reconocimientoFacial/proyecto_definitivo/admin/files/videos_registro_videos/otraprueba_7.avi
OpenCV(4.5.3) /tmp/pip-req-build-dwj9trv5/opencv/modules/imgproc/src/resize.cpp:4051: error: (-215:Assertion failed) !ssize.empty() in function 'resize'

cara encontrada en: /var/www/html/reconocimientoFacial/proyecto_definitivo/admin/files/videos_registro_videos/otraprueba_7.avi
OpenCV(4.5.3) /tmp/pip-req-build-dwj9trv5/opencv/modules/imgproc/src/resize.cpp:4051: error: (-215:Assertion failed) !ssize.empty() in function 'resize'

cara encontrada en: /var/www/html/reconocimientoFacial/proyecto_definitivo/admin/files/videos_registro_videos/otraprueba_7.avi
OpenCV(4.5.3) /tmp/pip-req-build-dwj9trv5/opencv/modules/imgproc/src/resize.cpp:4051: error: (-215:Assertion failed) !ssize.empty() in function 'resize'

cara encontrada en: /var/www/html/reconocimientoFacial/proyecto_definitivo/admin/files/videos_registro_videos/otraprueba_7.avi
cara guardada en /otraprueba_7.avi_7_24.256600856781006.jpg con esta confidence:0.9950854
cara encontrada en: /var/www/html/reconocimientoFacial/proyecto_definitivo/admin/files/videos_registro_videos/otraprueba_7.avi
OpenCV(4.5.3) /tmp/pip-req-build-dwj9trv5/opencv/modules/imgproc/src/resize.cpp:4051: error: (-215:Assertion failed) !ssize.empty() in function 'resize'

cara encontrada en: /var/www/html/reconocimientoFacial/proyecto_definitivo/admin/files/videos_registro_videos/otraprueba_7.avi
OpenCV(4.5.3) /tmp/pip-req-build-dwj9trv5/opencv/modules/imgproc/src/resize.cpp:4051: error: (-215:Assertion failed) !ssize.empty() in function 'resize'

cara encontrada en: /var/www/html/reconocimientoFacial/proyecto_definitivo/admin/files/videos_registro_videos/otraprueba_7.avi
OpenCV(4.5.3) /tmp/pip-req-build-dwj9trv5/opencv/modules/imgproc/src/resize.cpp:4051: error: (-215:Assertion failed) !ssize.empty() in function 'resize'

cara encontrada en: /var/www/html/reconocimientoFacial/proyecto_definitivo/admin/files/videos_registro_videos/otraprueba_7.avi
OpenCV(4.5.3) /tmp/pip-req-build-dwj9trv5/opencv/modules/imgproc/src/resize.cpp:4051: error: (-215:Assertion failed) !ssize.empty() in function 'resize'

cara encontrada en: /var/www/html/reconocimientoFacial/proyecto_definitivo/admin/files/videos_registro_videos/otraprueba_7.avi
OpenCV(4.5.3) /tmp/pip-req-build-dwj9trv5/opencv/modules/imgproc/src/resize.cpp:4051: error: (-215:Assertion failed) !ssize.empty() in function 'resize'

voy(7) leyendo el video..
tenemos(7) frame k lo guardo ..
voy(7) leyendo el video..
tenemos(7) frame k lo guardo ..
voy(7) leyendo el video..
tenemos(7) frame k lo guardo ..
cara encontrada en: /var/www/html/reconocimientoFacial/proyecto_definitivo/admin/files/videos_registro_videos/otraprueba_7.avi
OpenCV(4.5.3) /tmp/pip-req-build-dwj9trv5/opencv/modules/imgproc/src/resize.cpp:4051: error: (-215:Assertion failed) !ssize.empty() in function 'resize'

cara encontrada en: /var/www/html/reconocimientoFacial/proyecto_definitivo/admin/files/videos_registro_videos/otraprueba_7.avi
OpenCV(4.5.3) /tmp/pip-req-build-dwj9trv5/opencv/modules/imgproc/src/resize.cpp:4051: error: (-215:Assertion failed) !ssize.empty() in function 'resize'

cara encontrada en: /var/www/html/reconocimientoFacial/proyecto_definitivo/admin/files/videos_registro_videos/otraprueba_7.avi
OpenCV(4.5.3) /tmp/pip-req-build-dwj9trv5/opencv/modules/imgproc/src/resize.cpp:4051: error: (-215:Assertion failed) !ssize.empty() in function 'resize'

cara encontrada en: /var/www/html/reconocimientoFacial/proyecto_definitivo/admin/files/videos_registro_videos/otraprueba_7.avi
OpenCV(4.5.3) /tmp/pip-req-build-dwj9trv5/opencv/modules/imgproc/src/resize.cpp:4051: error: (-215:Assertion failed) !ssize.empty() in function 'resize'

cara encontrada en: /var/www/html/reconocimientoFacial/proyecto_definitivo/admin/files/videos_registro_videos/otraprueba_7.avi
cara guardada en /otraprueba_7.avi_7_26.93765902519226.jpg con esta confidence:0.99450666
cara encontrada en: /var/www/html/reconocimientoFacial/proyecto_definitivo/admin/files/videos_registro_videos/otraprueba_7.avi
OpenCV(4.5.3) /tmp/pip-req-build-dwj9trv5/opencv/modules/imgproc/src/resize.cpp:4051: error: (-215:Assertion failed) !ssize.empty() in function 'resize'

cara encontrada en: /var/www/html/reconocimientoFacial/proyecto_definitivo/admin/files/videos_registro_videos/otraprueba_7.avi
OpenCV(4.5.3) /tmp/pip-req-build-dwj9trv5/opencv/modules/imgproc/src/resize.cpp:4051: error: (-215:Assertion failed) !ssize.empty() in function 'resize'

cara encontrada en: /var/www/html/reconocimientoFacial/proyecto_definitivo/admin/files/videos_registro_videos/otraprueba_7.avi
OpenCV(4.5.3) /tmp/pip-req-build-dwj9trv5/opencv/modules/imgproc/src/resize.cpp:4051: error: (-215:Assertion failed) !ssize.empty() in function 'resize'

cara encontrada en: /var/www/html/reconocimientoFacial/proyecto_definitivo/admin/files/videos_registro_videos/otraprueba_7.avi
OpenCV(4.5.3) /tmp/pip-req-build-dwj9trv5/opencv/modules/imgproc/src/resize.cpp:4051: error: (-215:Assertion failed) !ssize.empty() in function 'resize'

cara encontrada en: /var/www/html/reconocimientoFacial/proyecto_definitivo/admin/files/videos_registro_videos/otraprueba_7.avi
OpenCV(4.5.3) /tmp/pip-req-build-dwj9trv5/opencv/modules/imgproc/src/resize.cpp:4051: error: (-215:Assertion failed) !ssize.empty() in function 'resize'

voy(7) leyendo el video..
tenemos(7) frame k lo guardo ..
voy(7) leyendo el video..
tenemos(7) frame k lo guardo ..
voy(7) leyendo el video..
tenemos(7) frame k lo guardo ..
cara encontrada en: /var/www/html/reconocimientoFacial/proyecto_definitivo/admin/files/videos_registro_videos/otraprueba_7.avi
OpenCV(4.5.3) /tmp/pip-req-build-dwj9trv5/opencv/modules/imgproc/src/resize.cpp:4051: error: (-215:Assertion failed) !ssize.empty() in function 'resize'

cara encontrada en: /var/www/html/reconocimientoFacial/proyecto_definitivo/admin/files/videos_registro_videos/otraprueba_7.avi
OpenCV(4.5.3) /tmp/pip-req-build-dwj9trv5/opencv/modules/imgproc/src/resize.cpp:4051: error: (-215:Assertion failed) !ssize.empty() in function 'resize'

cara encontrada en: /var/www/html/reconocimientoFacial/proyecto_definitivo/admin/files/videos_registro_videos/otraprueba_7.avi
OpenCV(4.5.3) /tmp/pip-req-build-dwj9trv5/opencv/modules/imgproc/src/resize.cpp:4051: error: (-215:Assertion failed) !ssize.empty() in function 'resize'

cara encontrada en: /var/www/html/reconocimientoFacial/proyecto_definitivo/admin/files/videos_registro_videos/otraprueba_7.avi
OpenCV(4.5.3) /tmp/pip-req-build-dwj9trv5/opencv/modules/imgproc/src/resize.cpp:4051: error: (-215:Assertion failed) !ssize.empty() in function 'resize'

cara encontrada en: /var/www/html/reconocimientoFacial/proyecto_definitivo/admin/files/videos_registro_videos/otraprueba_7.avi
OpenCV(4.5.3) /tmp/pip-req-build-dwj9trv5/opencv/modules/imgproc/src/resize.cpp:4051: error: (-215:Assertion failed) !ssize.empty() in function 'resize'

cara encontrada en: /var/www/html/reconocimientoFacial/proyecto_definitivo/admin/files/videos_registro_videos/otraprueba_7.avi
cara guardada en /otraprueba_7.avi_7_29.576472759246826.jpg con esta confidence:0.99387485
cara encontrada en: /var/www/html/reconocimientoFacial/proyecto_definitivo/admin/files/videos_registro_videos/otraprueba_7.avi
OpenCV(4.5.3) /tmp/pip-req-build-dwj9trv5/opencv/modules/imgproc/src/resize.cpp:4051: error: (-215:Assertion failed) !ssize.empty() in function 'resize'

cara encontrada en: /var/www/html/reconocimientoFacial/proyecto_definitivo/admin/files/videos_registro_videos/otraprueba_7.avi
OpenCV(4.5.3) /tmp/pip-req-build-dwj9trv5/opencv/modules/imgproc/src/resize.cpp:4051: error: (-215:Assertion failed) !ssize.empty() in function 'resize'

cara encontrada en: /var/www/html/reconocimientoFacial/proyecto_definitivo/admin/files/videos_registro_videos/otraprueba_7.avi
OpenCV(4.5.3) /tmp/pip-req-build-dwj9trv5/opencv/modules/imgproc/src/resize.cpp:4051: error: (-215:Assertion failed) !ssize.empty() in function 'resize'

voy(7) leyendo el video..
tenemos(7) frame k lo guardo ..
voy(7) leyendo el video..
tenemos(7) frame k lo guardo ..
voy(7) leyendo el video..
tenemos(7) frame k lo guardo ..
cara encontrada en: /var/www/html/reconocimientoFacial/proyecto_definitivo/admin/files/videos_registro_videos/otraprueba_7.avi
OpenCV(4.5.3) /tmp/pip-req-build-dwj9trv5/opencv/modules/imgproc/src/resize.cpp:4051: error: (-215:Assertion failed) !ssize.empty() in function 'resize'

cara encontrada en: /var/www/html/reconocimientoFacial/proyecto_definitivo/admin/files/videos_registro_videos/otraprueba_7.avi
OpenCV(4.5.3) /tmp/pip-req-build-dwj9trv5/opencv/modules/imgproc/src/resize.cpp:4051: error: (-215:Assertion failed) !ssize.empty() in function 'resize'

cara encontrada en: /var/www/html/reconocimientoFacial/proyecto_definitivo/admin/files/videos_registro_videos/otraprueba_7.avi
OpenCV(4.5.3) /tmp/pip-req-build-dwj9trv5/opencv/modules/imgproc/src/resize.cpp:4051: error: (-215:Assertion failed) !ssize.empty() in function 'resize'

cara encontrada en: /var/www/html/reconocimientoFacial/proyecto_definitivo/admin/files/videos_registro_videos/otraprueba_7.avi
OpenCV(4.5.3) /tmp/pip-req-build-dwj9trv5/opencv/modules/imgproc/src/resize.cpp:4051: error: (-215:Assertion failed) !ssize.empty() in function 'resize'

cara encontrada en: /var/www/html/reconocimientoFacial/proyecto_definitivo/admin/files/videos_registro_videos/otraprueba_7.avi
OpenCV(4.5.3) /tmp/pip-req-build-dwj9trv5/opencv/modules/imgproc/src/resize.cpp:4051: error: (-215:Assertion failed) !ssize.empty() in function 'resize'

cara encontrada en: /var/www/html/reconocimientoFacial/proyecto_definitivo/admin/files/videos_registro_videos/otraprueba_7.avi
cara guardada en /otraprueba_7.avi_7_32.00002908706665.jpg con esta confidence:0.9939593
cara encontrada en: /var/www/html/reconocimientoFacial/proyecto_definitivo/admin/files/videos_registro_videos/otraprueba_7.avi
OpenCV(4.5.3) /tmp/pip-req-build-dwj9trv5/opencv/modules/imgproc/src/resize.cpp:4051: error: (-215:Assertion failed) !ssize.empty() in function 'resize'

cara encontrada en: /var/www/html/reconocimientoFacial/proyecto_definitivo/admin/files/videos_registro_videos/otraprueba_7.avi
OpenCV(4.5.3) /tmp/pip-req-build-dwj9trv5/opencv/modules/imgproc/src/resize.cpp:4051: error: (-215:Assertion failed) !ssize.empty() in function 'resize'

cara encontrada en: /var/www/html/reconocimientoFacial/proyecto_definitivo/admin/files/videos_registro_videos/otraprueba_7.avi
OpenCV(4.5.3) /tmp/pip-req-build-dwj9trv5/opencv/modules/imgproc/src/resize.cpp:4051: error: (-215:Assertion failed) !ssize.empty() in function 'resize'

voy(7) leyendo el video..
tenemos(7) frame k lo guardo ..
voy(7) leyendo el video..
tenemos(7) frame k lo guardo ..
voy(7) leyendo el video..
tenemos(7) frame k lo guardo ..
cara encontrada en: /var/www/html/reconocimientoFacial/proyecto_definitivo/admin/files/videos_registro_videos/otraprueba_7.avi
OpenCV(4.5.3) /tmp/pip-req-build-dwj9trv5/opencv/modules/imgproc/src/resize.cpp:4051: error: (-215:Assertion failed) !ssize.empty() in function 'resize'

cara encontrada en: /var/www/html/reconocimientoFacial/proyecto_definitivo/admin/files/videos_registro_videos/otraprueba_7.avi
OpenCV(4.5.3) /tmp/pip-req-build-dwj9trv5/opencv/modules/imgproc/src/resize.cpp:4051: error: (-215:Assertion failed) !ssize.empty() in function 'resize'

cara encontrada en: /var/www/html/reconocimientoFacial/proyecto_definitivo/admin/files/videos_registro_videos/otraprueba_7.avi
OpenCV(4.5.3) /tmp/pip-req-build-dwj9trv5/opencv/modules/imgproc/src/resize.cpp:4051: error: (-215:Assertion failed) !ssize.empty() in function 'resize'

cara encontrada en: /var/www/html/reconocimientoFacial/proyecto_definitivo/admin/files/videos_registro_videos/otraprueba_7.avi
OpenCV(4.5.3) /tmp/pip-req-build-dwj9trv5/opencv/modules/imgproc/src/resize.cpp:4051: error: (-215:Assertion failed) !ssize.empty() in function 'resize'

cara encontrada en: /var/www/html/reconocimientoFacial/proyecto_definitivo/admin/files/videos_registro_videos/otraprueba_7.avi
cara guardada en /otraprueba_7.avi_7_34.37409591674805.jpg con esta confidence:0.9980096
cara encontrada en: /var/www/html/reconocimientoFacial/proyecto_definitivo/admin/files/videos_registro_videos/otraprueba_7.avi
OpenCV(4.5.3) /tmp/pip-req-build-dwj9trv5/opencv/modules/imgproc/src/resize.cpp:4051: error: (-215:Assertion failed) !ssize.empty() in function 'resize'

cara encontrada en: /var/www/html/reconocimientoFacial/proyecto_definitivo/admin/files/videos_registro_videos/otraprueba_7.avi
OpenCV(4.5.3) /tmp/pip-req-build-dwj9trv5/opencv/modules/imgproc/src/resize.cpp:4051: error: (-215:Assertion failed) !ssize.empty() in function 'resize'

cara encontrada en: /var/www/html/reconocimientoFacial/proyecto_definitivo/admin/files/videos_registro_videos/otraprueba_7.avi
OpenCV(4.5.3) /tmp/pip-req-build-dwj9trv5/opencv/modules/imgproc/src/resize.cpp:4051: error: (-215:Assertion failed) !ssize.empty() in function 'resize'

cara encontrada en: /var/www/html/reconocimientoFacial/proyecto_definitivo/admin/files/videos_registro_videos/otraprueba_7.avi
OpenCV(4.5.3) /tmp/pip-req-build-dwj9trv5/opencv/modules/imgproc/src/resize.cpp:4051: error: (-215:Assertion failed) !ssize.empty() in function 'resize'

cara encontrada en: /var/www/html/reconocimientoFacial/proyecto_definitivo/admin/files/videos_registro_videos/otraprueba_7.avi
OpenCV(4.5.3) /tmp/pip-req-build-dwj9trv5/opencv/modules/imgproc/src/resize.cpp:4051: error: (-215:Assertion failed) !ssize.empty() in function 'resize'

voy(7) leyendo el video..
tenemos(7) frame k lo guardo ..
voy(7) leyendo el video..
tenemos(7) frame k lo guardo ..
voy(7) leyendo el video..
tenemos(7) frame k lo guardo ..
cara encontrada en: /var/www/html/reconocimientoFacial/proyecto_definitivo/admin/files/videos_registro_videos/otraprueba_7.avi
OpenCV(4.5.3) /tmp/pip-req-build-dwj9trv5/opencv/modules/imgproc/src/resize.cpp:4051: error: (-215:Assertion failed) !ssize.empty() in function 'resize'

cara encontrada en: /var/www/html/reconocimientoFacial/proyecto_definitivo/admin/files/videos_registro_videos/otraprueba_7.avi
OpenCV(4.5.3) /tmp/pip-req-build-dwj9trv5/opencv/modules/imgproc/src/resize.cpp:4051: error: (-215:Assertion failed) !ssize.empty() in function 'resize'

cara encontrada en: /var/www/html/reconocimientoFacial/proyecto_definitivo/admin/files/videos_registro_videos/otraprueba_7.avi
OpenCV(4.5.3) /tmp/pip-req-build-dwj9trv5/opencv/modules/imgproc/src/resize.cpp:4051: error: (-215:Assertion failed) !ssize.empty() in function 'resize'

cara encontrada en: /var/www/html/reconocimientoFacial/proyecto_definitivo/admin/files/videos_registro_videos/otraprueba_7.avi
cara guardada en /otraprueba_7.avi_7_36.89686942100525.jpg con esta confidence:0.9985752
cara encontrada en: /var/www/html/reconocimientoFacial/proyecto_definitivo/admin/files/videos_registro_videos/otraprueba_7.avi
OpenCV(4.5.3) /tmp/pip-req-build-dwj9trv5/opencv/modules/imgproc/src/resize.cpp:4051: error: (-215:Assertion failed) !ssize.empty() in function 'resize'

cara encontrada en: /var/www/html/reconocimientoFacial/proyecto_definitivo/admin/files/videos_registro_videos/otraprueba_7.avi
OpenCV(4.5.3) /tmp/pip-req-build-dwj9trv5/opencv/modules/imgproc/src/resize.cpp:4051: error: (-215:Assertion failed) !ssize.empty() in function 'resize'

cara encontrada en: /var/www/html/reconocimientoFacial/proyecto_definitivo/admin/files/videos_registro_videos/otraprueba_7.avi
OpenCV(4.5.3) /tmp/pip-req-build-dwj9trv5/opencv/modules/imgproc/src/resize.cpp:4051: error: (-215:Assertion failed) !ssize.empty() in function 'resize'

cara encontrada en: /var/www/html/reconocimientoFacial/proyecto_definitivo/admin/files/videos_registro_videos/otraprueba_7.avi
OpenCV(4.5.3) /tmp/pip-req-build-dwj9trv5/opencv/modules/imgproc/src/resize.cpp:4051: error: (-215:Assertion failed) !ssize.empty() in function 'resize'

cara encontrada en: /var/www/html/reconocimientoFacial/proyecto_definitivo/admin/files/videos_registro_videos/otraprueba_7.avi
OpenCV(4.5.3) /tmp/pip-req-build-dwj9trv5/opencv/modules/imgproc/src/resize.cpp:4051: error: (-215:Assertion failed) !ssize.empty() in function 'resize'

voy(7) leyendo el video..
tenemos(7) frame k lo guardo ..
voy(7) leyendo el video..
tenemos(7) frame k lo guardo ..
voy(7) leyendo el video..
tenemos(7) frame k lo guardo ..
cara encontrada en: /var/www/html/reconocimientoFacial/proyecto_definitivo/admin/files/videos_registro_videos/otraprueba_7.avi
OpenCV(4.5.3) /tmp/pip-req-build-dwj9trv5/opencv/modules/imgproc/src/resize.cpp:4051: error: (-215:Assertion failed) !ssize.empty() in function 'resize'

cara encontrada en: /var/www/html/reconocimientoFacial/proyecto_definitivo/admin/files/videos_registro_videos/otraprueba_7.avi
OpenCV(4.5.3) /tmp/pip-req-build-dwj9trv5/opencv/modules/imgproc/src/resize.cpp:4051: error: (-215:Assertion failed) !ssize.empty() in function 'resize'

cara encontrada en: /var/www/html/reconocimientoFacial/proyecto_definitivo/admin/files/videos_registro_videos/otraprueba_7.avi
OpenCV(4.5.3) /tmp/pip-req-build-dwj9trv5/opencv/modules/imgproc/src/resize.cpp:4051: error: (-215:Assertion failed) !ssize.empty() in function 'resize'

cara encontrada en: /var/www/html/reconocimientoFacial/proyecto_definitivo/admin/files/videos_registro_videos/otraprueba_7.avi
cara guardada en /otraprueba_7.avi_7_39.14981293678284.jpg con esta confidence:0.9986455
cara encontrada en: /var/www/html/reconocimientoFacial/proyecto_definitivo/admin/files/videos_registro_videos/otraprueba_7.avi
OpenCV(4.5.3) /tmp/pip-req-build-dwj9trv5/opencv/modules/imgproc/src/resize.cpp:4051: error: (-215:Assertion failed) !ssize.empty() in function 'resize'

cara encontrada en: /var/www/html/reconocimientoFacial/proyecto_definitivo/admin/files/videos_registro_videos/otraprueba_7.avi
OpenCV(4.5.3) /tmp/pip-req-build-dwj9trv5/opencv/modules/imgproc/src/resize.cpp:4051: error: (-215:Assertion failed) !ssize.empty() in function 'resize'

cara encontrada en: /var/www/html/reconocimientoFacial/proyecto_definitivo/admin/files/videos_registro_videos/otraprueba_7.avi
OpenCV(4.5.3) /tmp/pip-req-build-dwj9trv5/opencv/modules/imgproc/src/resize.cpp:4051: error: (-215:Assertion failed) !ssize.empty() in function 'resize'

cara encontrada en: /var/www/html/reconocimientoFacial/proyecto_definitivo/admin/files/videos_registro_videos/otraprueba_7.avi
OpenCV(4.5.3) /tmp/pip-req-build-dwj9trv5/opencv/modules/imgproc/src/resize.cpp:4051: error: (-215:Assertion failed) !ssize.empty() in function 'resize'

cara encontrada en: /var/www/html/reconocimientoFacial/proyecto_definitivo/admin/files/videos_registro_videos/otraprueba_7.avi
OpenCV(4.5.3) /tmp/pip-req-build-dwj9trv5/opencv/modules/imgproc/src/resize.cpp:4051: error: (-215:Assertion failed) !ssize.empty() in function 'resize'

voy(7) leyendo el video..
tenemos(7) frame k lo guardo ..
voy(7) leyendo el video..
tenemos(7) frame k lo guardo ..
voy(7) leyendo el video..
tenemos(7) frame k lo guardo ..
cara encontrada en: /var/www/html/reconocimientoFacial/proyecto_definitivo/admin/files/videos_registro_videos/otraprueba_7.avi
OpenCV(4.5.3) /tmp/pip-req-build-dwj9trv5/opencv/modules/imgproc/src/resize.cpp:4051: error: (-215:Assertion failed) !ssize.empty() in function 'resize'

cara encontrada en: /var/www/html/reconocimientoFacial/proyecto_definitivo/admin/files/videos_registro_videos/otraprueba_7.avi
OpenCV(4.5.3) /tmp/pip-req-build-dwj9trv5/opencv/modules/imgproc/src/resize.cpp:4051: error: (-215:Assertion failed) !ssize.empty() in function 'resize'

cara encontrada en: /var/www/html/reconocimientoFacial/proyecto_definitivo/admin/files/videos_registro_videos/otraprueba_7.avi
cara guardada en /otraprueba_7.avi_7_41.224199533462524.jpg con esta confidence:0.9988035
cara encontrada en: /var/www/html/reconocimientoFacial/proyecto_definitivo/admin/files/videos_registro_videos/otraprueba_7.avi
OpenCV(4.5.3) /tmp/pip-req-build-dwj9trv5/opencv/modules/imgproc/src/resize.cpp:4051: error: (-215:Assertion failed) !ssize.empty() in function 'resize'

cara encontrada en: /var/www/html/reconocimientoFacial/proyecto_definitivo/admin/files/videos_registro_videos/otraprueba_7.avi
OpenCV(4.5.3) /tmp/pip-req-build-dwj9trv5/opencv/modules/imgproc/src/resize.cpp:4051: error: (-215:Assertion failed) !ssize.empty() in function 'resize'

cara encontrada en: /var/www/html/reconocimientoFacial/proyecto_definitivo/admin/files/videos_registro_videos/otraprueba_7.avi
OpenCV(4.5.3) /tmp/pip-req-build-dwj9trv5/opencv/modules/imgproc/src/resize.cpp:4051: error: (-215:Assertion failed) !ssize.empty() in function 'resize'

cara encontrada en: /var/www/html/reconocimientoFacial/proyecto_definitivo/admin/files/videos_registro_videos/otraprueba_7.avi
OpenCV(4.5.3) /tmp/pip-req-build-dwj9trv5/opencv/modules/imgproc/src/resize.cpp:4051: error: (-215:Assertion failed) !ssize.empty() in function 'resize'

cara encontrada en: /var/www/html/reconocimientoFacial/proyecto_definitivo/admin/files/videos_registro_videos/otraprueba_7.avi
OpenCV(4.5.3) /tmp/pip-req-build-dwj9trv5/opencv/modules/imgproc/src/resize.cpp:4051: error: (-215:Assertion failed) !ssize.empty() in function 'resize'

cara encontrada en: /var/www/html/reconocimientoFacial/proyecto_definitivo/admin/files/videos_registro_videos/otraprueba_7.avi
OpenCV(4.5.3) /tmp/pip-req-build-dwj9trv5/opencv/modules/imgproc/src/resize.cpp:4051: error: (-215:Assertion failed) !ssize.empty() in function 'resize'

voy(7) leyendo el video..
tenemos(7) frame k lo guardo ..
voy(7) leyendo el video..
Llego al final y remuevo el video!
Tiempo de analizar el video:41.62174987792969
tenemos este video:/var/www/html/reconocimientoFacial/proyecto_definitivo/admin/files/videos_registro_videos/otraprueba_7.avi
voy(7) leyendo el video..
tenemos(7) frame k lo guardo ..
voy(7) leyendo el video..
tenemos(7) frame k lo guardo ..
voy(7) leyendo el video..
tenemos(7) frame k lo guardo ..
cara encontrada en: /var/www/html/reconocimientoFacial/proyecto_definitivo/admin/files/videos_registro_videos/otraprueba_7.avi
OpenCV(4.5.3) /tmp/pip-req-build-dwj9trv5/opencv/modules/imgproc/src/resize.cpp:4051: error: (-215:Assertion failed) !ssize.empty() in function 'resize'

cara encontrada en: /var/www/html/reconocimientoFacial/proyecto_definitivo/admin/files/videos_registro_videos/otraprueba_7.avi
OpenCV(4.5.3) /tmp/pip-req-build-dwj9trv5/opencv/modules/imgproc/src/resize.cpp:4051: error: (-215:Assertion failed) !ssize.empty() in function 'resize'

cara encontrada en: /var/www/html/reconocimientoFacial/proyecto_definitivo/admin/files/videos_registro_videos/otraprueba_7.avi
OpenCV(4.5.3) /tmp/pip-req-build-dwj9trv5/opencv/modules/imgproc/src/resize.cpp:4051: error: (-215:Assertion failed) !ssize.empty() in function 'resize'

cara encontrada en: /var/www/html/reconocimientoFacial/proyecto_definitivo/admin/files/videos_registro_videos/otraprueba_7.avi
cara guardada en /otraprueba_7.avi_7_1.4526400566101074.jpg con esta confidence:0.9985598
cara encontrada en: /var/www/html/reconocimientoFacial/proyecto_definitivo/admin/files/videos_registro_videos/otraprueba_7.avi
OpenCV(4.5.3) /tmp/pip-req-build-dwj9trv5/opencv/modules/imgproc/src/resize.cpp:4051: error: (-215:Assertion failed) !ssize.empty() in function 'resize'

cara encontrada en: /var/www/html/reconocimientoFacial/proyecto_definitivo/admin/files/videos_registro_videos/otraprueba_7.avi
OpenCV(4.5.3) /tmp/pip-req-build-dwj9trv5/opencv/modules/imgproc/src/resize.cpp:4051: error: (-215:Assertion failed) !ssize.empty() in function 'resize'

cara encontrada en: /var/www/html/reconocimientoFacial/proyecto_definitivo/admin/files/videos_registro_videos/otraprueba_7.avi
OpenCV(4.5.3) /tmp/pip-req-build-dwj9trv5/opencv/modules/imgproc/src/resize.cpp:4051: error: (-215:Assertion failed) !ssize.empty() in function 'resize'

cara encontrada en: /var/www/html/reconocimientoFacial/proyecto_definitivo/admin/files/videos_registro_videos/otraprueba_7.avi
OpenCV(4.5.3) /tmp/pip-req-build-dwj9trv5/opencv/modules/imgproc/src/resize.cpp:4051: error: (-215:Assertion failed) !ssize.empty() in function 'resize'

cara encontrada en: /var/www/html/reconocimientoFacial/proyecto_definitivo/admin/files/videos_registro_videos/otraprueba_7.avi
OpenCV(4.5.3) /tmp/pip-req-build-dwj9trv5/opencv/modules/imgproc/src/resize.cpp:4051: error: (-215:Assertion failed) !ssize.empty() in function 'resize'

cara encontrada en: /var/www/html/reconocimientoFacial/proyecto_definitivo/admin/files/videos_registro_videos/otraprueba_7.avi
OpenCV(4.5.3) /tmp/pip-req-build-dwj9trv5/opencv/modules/imgproc/src/resize.cpp:4051: error: (-215:Assertion failed) !ssize.empty() in function 'resize'

voy(7) leyendo el video..
tenemos(7) frame k lo guardo ..
voy(7) leyendo el video..
tenemos(7) frame k lo guardo ..
voy(7) leyendo el video..
tenemos(7) frame k lo guardo ..
cara encontrada en: /var/www/html/reconocimientoFacial/proyecto_definitivo/admin/files/videos_registro_videos/otraprueba_7.avi
OpenCV(4.5.3) /tmp/pip-req-build-dwj9trv5/opencv/modules/imgproc/src/resize.cpp:4051: error: (-215:Assertion failed) !ssize.empty() in function 'resize'

cara encontrada en: /var/www/html/reconocimientoFacial/proyecto_definitivo/admin/files/videos_registro_videos/otraprueba_7.avi
OpenCV(4.5.3) /tmp/pip-req-build-dwj9trv5/opencv/modules/imgproc/src/resize.cpp:4051: error: (-215:Assertion failed) !ssize.empty() in function 'resize'

cara encontrada en: /var/www/html/reconocimientoFacial/proyecto_definitivo/admin/files/videos_registro_videos/otraprueba_7.avi
OpenCV(4.5.3) /tmp/pip-req-build-dwj9trv5/opencv/modules/imgproc/src/resize.cpp:4051: error: (-215:Assertion failed) !ssize.empty() in function 'resize'

cara encontrada en: /var/www/html/reconocimientoFacial/proyecto_definitivo/admin/files/videos_registro_videos/otraprueba_7.avi
OpenCV(4.5.3) /tmp/pip-req-build-dwj9trv5/opencv/modules/imgproc/src/resize.cpp:4051: error: (-215:Assertion failed) !ssize.empty() in function 'resize'

cara encontrada en: /var/www/html/reconocimientoFacial/proyecto_definitivo/admin/files/videos_registro_videos/otraprueba_7.avi
cara guardada en /otraprueba_7.avi_7_3.1579785346984863.jpg con esta confidence:0.99826175
cara encontrada en: /var/www/html/reconocimientoFacial/proyecto_definitivo/admin/files/videos_registro_videos/otraprueba_7.avi
OpenCV(4.5.3) /tmp/pip-req-build-dwj9trv5/opencv/modules/imgproc/src/resize.cpp:4051: error: (-215:Assertion failed) !ssize.empty() in function 'resize'

cara encontrada en: /var/www/html/reconocimientoFacial/proyecto_definitivo/admin/files/videos_registro_videos/otraprueba_7.avi
OpenCV(4.5.3) /tmp/pip-req-build-dwj9trv5/opencv/modules/imgproc/src/resize.cpp:4051: error: (-215:Assertion failed) !ssize.empty() in function 'resize'

cara encontrada en: /var/www/html/reconocimientoFacial/proyecto_definitivo/admin/files/videos_registro_videos/otraprueba_7.avi
OpenCV(4.5.3) /tmp/pip-req-build-dwj9trv5/opencv/modules/imgproc/src/resize.cpp:4051: error: (-215:Assertion failed) !ssize.empty() in function 'resize'

cara encontrada en: /var/www/html/reconocimientoFacial/proyecto_definitivo/admin/files/videos_registro_videos/otraprueba_7.avi
OpenCV(4.5.3) /tmp/pip-req-build-dwj9trv5/opencv/modules/imgproc/src/resize.cpp:4051: error: (-215:Assertion failed) !ssize.empty() in function 'resize'

cara encontrada en: /var/www/html/reconocimientoFacial/proyecto_definitivo/admin/files/videos_registro_videos/otraprueba_7.avi
OpenCV(4.5.3) /tmp/pip-req-build-dwj9trv5/opencv/modules/imgproc/src/resize.cpp:4051: error: (-215:Assertion failed) !ssize.empty() in function 'resize'

voy(7) leyendo el video..
tenemos(7) frame k lo guardo ..
voy(7) leyendo el video..
tenemos(7) frame k lo guardo ..
voy(7) leyendo el video..
tenemos(7) frame k lo guardo ..
cara encontrada en: /var/www/html/reconocimientoFacial/proyecto_definitivo/admin/files/videos_registro_videos/otraprueba_7.avi
OpenCV(4.5.3) /tmp/pip-req-build-dwj9trv5/opencv/modules/imgproc/src/resize.cpp:4051: error: (-215:Assertion failed) !ssize.empty() in function 'resize'

cara encontrada en: /var/www/html/reconocimientoFacial/proyecto_definitivo/admin/files/videos_registro_videos/otraprueba_7.avi
OpenCV(4.5.3) /tmp/pip-req-build-dwj9trv5/opencv/modules/imgproc/src/resize.cpp:4051: error: (-215:Assertion failed) !ssize.empty() in function 'resize'

cara encontrada en: /var/www/html/reconocimientoFacial/proyecto_definitivo/admin/files/videos_registro_videos/otraprueba_7.avi
OpenCV(4.5.3) /tmp/pip-req-build-dwj9trv5/opencv/modules/imgproc/src/resize.cpp:4051: error: (-215:Assertion failed) !ssize.empty() in function 'resize'

cara encontrada en: /var/www/html/reconocimientoFacial/proyecto_definitivo/admin/files/videos_registro_videos/otraprueba_7.avi
OpenCV(4.5.3) /tmp/pip-req-build-dwj9trv5/opencv/modules/imgproc/src/resize.cpp:4051: error: (-215:Assertion failed) !ssize.empty() in function 'resize'

cara encontrada en: /var/www/html/reconocimientoFacial/proyecto_definitivo/admin/files/videos_registro_videos/otraprueba_7.avi
cara guardada en /otraprueba_7.avi_7_5.002288103103638.jpg con esta confidence:0.9976562
cara encontrada en: /var/www/html/reconocimientoFacial/proyecto_definitivo/admin/files/videos_registro_videos/otraprueba_7.avi
OpenCV(4.5.3) /tmp/pip-req-build-dwj9trv5/opencv/modules/imgproc/src/resize.cpp:4051: error: (-215:Assertion failed) !ssize.empty() in function 'resize'

cara encontrada en: /var/www/html/reconocimientoFacial/proyecto_definitivo/admin/files/videos_registro_videos/otraprueba_7.avi
OpenCV(4.5.3) /tmp/pip-req-build-dwj9trv5/opencv/modules/imgproc/src/resize.cpp:4051: error: (-215:Assertion failed) !ssize.empty() in function 'resize'

cara encontrada en: /var/www/html/reconocimientoFacial/proyecto_definitivo/admin/files/videos_registro_videos/otraprueba_7.avi
OpenCV(4.5.3) /tmp/pip-req-build-dwj9trv5/opencv/modules/imgproc/src/resize.cpp:4051: error: (-215:Assertion failed) !ssize.empty() in function 'resize'

cara encontrada en: /var/www/html/reconocimientoFacial/proyecto_definitivo/admin/files/videos_registro_videos/otraprueba_7.avi
OpenCV(4.5.3) /tmp/pip-req-build-dwj9trv5/opencv/modules/imgproc/src/resize.cpp:4051: error: (-215:Assertion failed) !ssize.empty() in function 'resize'

cara encontrada en: /var/www/html/reconocimientoFacial/proyecto_definitivo/admin/files/videos_registro_videos/otraprueba_7.avi
OpenCV(4.5.3) /tmp/pip-req-build-dwj9trv5/opencv/modules/imgproc/src/resize.cpp:4051: error: (-215:Assertion failed) !ssize.empty() in function 'resize'

voy(7) leyendo el video..
tenemos(7) frame k lo guardo ..
voy(7) leyendo el video..
tenemos(7) frame k lo guardo ..
voy(7) leyendo el video..
tenemos(7) frame k lo guardo ..
cara encontrada en: /var/www/html/reconocimientoFacial/proyecto_definitivo/admin/files/videos_registro_videos/otraprueba_7.avi
OpenCV(4.5.3) /tmp/pip-req-build-dwj9trv5/opencv/modules/imgproc/src/resize.cpp:4051: error: (-215:Assertion failed) !ssize.empty() in function 'resize'

cara encontrada en: /var/www/html/reconocimientoFacial/proyecto_definitivo/admin/files/videos_registro_videos/otraprueba_7.avi
OpenCV(4.5.3) /tmp/pip-req-build-dwj9trv5/opencv/modules/imgproc/src/resize.cpp:4051: error: (-215:Assertion failed) !ssize.empty() in function 'resize'

cara encontrada en: /var/www/html/reconocimientoFacial/proyecto_definitivo/admin/files/videos_registro_videos/otraprueba_7.avi
OpenCV(4.5.3) /tmp/pip-req-build-dwj9trv5/opencv/modules/imgproc/src/resize.cpp:4051: error: (-215:Assertion failed) !ssize.empty() in function 'resize'

cara encontrada en: /var/www/html/reconocimientoFacial/proyecto_definitivo/admin/files/videos_registro_videos/otraprueba_7.avi
OpenCV(4.5.3) /tmp/pip-req-build-dwj9trv5/opencv/modules/imgproc/src/resize.cpp:4051: error: (-215:Assertion failed) !ssize.empty() in function 'resize'

cara encontrada en: /var/www/html/reconocimientoFacial/proyecto_definitivo/admin/files/videos_registro_videos/otraprueba_7.avi
cara guardada en /otraprueba_7.avi_7_7.273302793502808.jpg con esta confidence:0.9976427
cara encontrada en: /var/www/html/reconocimientoFacial/proyecto_definitivo/admin/files/videos_registro_videos/otraprueba_7.avi
OpenCV(4.5.3) /tmp/pip-req-build-dwj9trv5/opencv/modules/imgproc/src/resize.cpp:4051: error: (-215:Assertion failed) !ssize.empty() in function 'resize'

cara encontrada en: /var/www/html/reconocimientoFacial/proyecto_definitivo/admin/files/videos_registro_videos/otraprueba_7.avi
OpenCV(4.5.3) /tmp/pip-req-build-dwj9trv5/opencv/modules/imgproc/src/resize.cpp:4051: error: (-215:Assertion failed) !ssize.empty() in function 'resize'

cara encontrada en: /var/www/html/reconocimientoFacial/proyecto_definitivo/admin/files/videos_registro_videos/otraprueba_7.avi
OpenCV(4.5.3) /tmp/pip-req-build-dwj9trv5/opencv/modules/imgproc/src/resize.cpp:4051: error: (-215:Assertion failed) !ssize.empty() in function 'resize'

cara encontrada en: /var/www/html/reconocimientoFacial/proyecto_definitivo/admin/files/videos_registro_videos/otraprueba_7.avi
OpenCV(4.5.3) /tmp/pip-req-build-dwj9trv5/opencv/modules/imgproc/src/resize.cpp:4051: error: (-215:Assertion failed) !ssize.empty() in function 'resize'

cara encontrada en: /var/www/html/reconocimientoFacial/proyecto_definitivo/admin/files/videos_registro_videos/otraprueba_7.avi
OpenCV(4.5.3) /tmp/pip-req-build-dwj9trv5/opencv/modules/imgproc/src/resize.cpp:4051: error: (-215:Assertion failed) !ssize.empty() in function 'resize'

voy(7) leyendo el video..
tenemos(7) frame k lo guardo ..
voy(7) leyendo el video..
tenemos(7) frame k lo guardo ..
voy(7) leyendo el video..
tenemos(7) frame k lo guardo ..
cara encontrada en: /var/www/html/reconocimientoFacial/proyecto_definitivo/admin/files/videos_registro_videos/otraprueba_7.avi
OpenCV(4.5.3) /tmp/pip-req-build-dwj9trv5/opencv/modules/imgproc/src/resize.cpp:4051: error: (-215:Assertion failed) !ssize.empty() in function 'resize'

cara encontrada en: /var/www/html/reconocimientoFacial/proyecto_definitivo/admin/files/videos_registro_videos/otraprueba_7.avi
OpenCV(4.5.3) /tmp/pip-req-build-dwj9trv5/opencv/modules/imgproc/src/resize.cpp:4051: error: (-215:Assertion failed) !ssize.empty() in function 'resize'

cara encontrada en: /var/www/html/reconocimientoFacial/proyecto_definitivo/admin/files/videos_registro_videos/otraprueba_7.avi
OpenCV(4.5.3) /tmp/pip-req-build-dwj9trv5/opencv/modules/imgproc/src/resize.cpp:4051: error: (-215:Assertion failed) !ssize.empty() in function 'resize'

cara encontrada en: /var/www/html/reconocimientoFacial/proyecto_definitivo/admin/files/videos_registro_videos/otraprueba_7.avi
OpenCV(4.5.3) /tmp/pip-req-build-dwj9trv5/opencv/modules/imgproc/src/resize.cpp:4051: error: (-215:Assertion failed) !ssize.empty() in function 'resize'

cara encontrada en: /var/www/html/reconocimientoFacial/proyecto_definitivo/admin/files/videos_registro_videos/otraprueba_7.avi
cara guardada en /otraprueba_7.avi_7_9.56562352180481.jpg con esta confidence:0.99750715
cara encontrada en: /var/www/html/reconocimientoFacial/proyecto_definitivo/admin/files/videos_registro_videos/otraprueba_7.avi
OpenCV(4.5.3) /tmp/pip-req-build-dwj9trv5/opencv/modules/imgproc/src/resize.cpp:4051: error: (-215:Assertion failed) !ssize.empty() in function 'resize'

cara encontrada en: /var/www/html/reconocimientoFacial/proyecto_definitivo/admin/files/videos_registro_videos/otraprueba_7.avi
OpenCV(4.5.3) /tmp/pip-req-build-dwj9trv5/opencv/modules/imgproc/src/resize.cpp:4051: error: (-215:Assertion failed) !ssize.empty() in function 'resize'

cara encontrada en: /var/www/html/reconocimientoFacial/proyecto_definitivo/admin/files/videos_registro_videos/otraprueba_7.avi
OpenCV(4.5.3) /tmp/pip-req-build-dwj9trv5/opencv/modules/imgproc/src/resize.cpp:4051: error: (-215:Assertion failed) !ssize.empty() in function 'resize'

cara encontrada en: /var/www/html/reconocimientoFacial/proyecto_definitivo/admin/files/videos_registro_videos/otraprueba_7.avi
OpenCV(4.5.3) /tmp/pip-req-build-dwj9trv5/opencv/modules/imgproc/src/resize.cpp:4051: error: (-215:Assertion failed) !ssize.empty() in function 'resize'

cara encontrada en: /var/www/html/reconocimientoFacial/proyecto_definitivo/admin/files/videos_registro_videos/otraprueba_7.avi
OpenCV(4.5.3) /tmp/pip-req-build-dwj9trv5/opencv/modules/imgproc/src/resize.cpp:4051: error: (-215:Assertion failed) !ssize.empty() in function 'resize'

voy(7) leyendo el video..
tenemos(7) frame k lo guardo ..
voy(7) leyendo el video..
tenemos(7) frame k lo guardo ..
voy(7) leyendo el video..
tenemos(7) frame k lo guardo ..
cara encontrada en: /var/www/html/reconocimientoFacial/proyecto_definitivo/admin/files/videos_registro_videos/otraprueba_7.avi
OpenCV(4.5.3) /tmp/pip-req-build-dwj9trv5/opencv/modules/imgproc/src/resize.cpp:4051: error: (-215:Assertion failed) !ssize.empty() in function 'resize'

cara encontrada en: /var/www/html/reconocimientoFacial/proyecto_definitivo/admin/files/videos_registro_videos/otraprueba_7.avi
OpenCV(4.5.3) /tmp/pip-req-build-dwj9trv5/opencv/modules/imgproc/src/resize.cpp:4051: error: (-215:Assertion failed) !ssize.empty() in function 'resize'

cara encontrada en: /var/www/html/reconocimientoFacial/proyecto_definitivo/admin/files/videos_registro_videos/otraprueba_7.avi
OpenCV(4.5.3) /tmp/pip-req-build-dwj9trv5/opencv/modules/imgproc/src/resize.cpp:4051: error: (-215:Assertion failed) !ssize.empty() in function 'resize'

cara encontrada en: /var/www/html/reconocimientoFacial/proyecto_definitivo/admin/files/videos_registro_videos/otraprueba_7.avi
OpenCV(4.5.3) /tmp/pip-req-build-dwj9trv5/opencv/modules/imgproc/src/resize.cpp:4051: error: (-215:Assertion failed) !ssize.empty() in function 'resize'

cara encontrada en: /var/www/html/reconocimientoFacial/proyecto_definitivo/admin/files/videos_registro_videos/otraprueba_7.avi
cara guardada en /otraprueba_7.avi_7_12.033740997314453.jpg con esta confidence:0.99729425
cara encontrada en: /var/www/html/reconocimientoFacial/proyecto_definitivo/admin/files/videos_registro_videos/otraprueba_7.avi
OpenCV(4.5.3) /tmp/pip-req-build-dwj9trv5/opencv/modules/imgproc/src/resize.cpp:4051: error: (-215:Assertion failed) !ssize.empty() in function 'resize'

cara encontrada en: /var/www/html/reconocimientoFacial/proyecto_definitivo/admin/files/videos_registro_videos/otraprueba_7.avi
OpenCV(4.5.3) /tmp/pip-req-build-dwj9trv5/opencv/modules/imgproc/src/resize.cpp:4051: error: (-215:Assertion failed) !ssize.empty() in function 'resize'

cara encontrada en: /var/www/html/reconocimientoFacial/proyecto_definitivo/admin/files/videos_registro_videos/otraprueba_7.avi
OpenCV(4.5.3) /tmp/pip-req-build-dwj9trv5/opencv/modules/imgproc/src/resize.cpp:4051: error: (-215:Assertion failed) !ssize.empty() in function 'resize'

cara encontrada en: /var/www/html/reconocimientoFacial/proyecto_definitivo/admin/files/videos_registro_videos/otraprueba_7.avi
OpenCV(4.5.3) /tmp/pip-req-build-dwj9trv5/opencv/modules/imgproc/src/resize.cpp:4051: error: (-215:Assertion failed) !ssize.empty() in function 'resize'

cara encontrada en: /var/www/html/reconocimientoFacial/proyecto_definitivo/admin/files/videos_registro_videos/otraprueba_7.avi
OpenCV(4.5.3) /tmp/pip-req-build-dwj9trv5/opencv/modules/imgproc/src/resize.cpp:4051: error: (-215:Assertion failed) !ssize.empty() in function 'resize'

voy(7) leyendo el video..
tenemos(7) frame k lo guardo ..
voy(7) leyendo el video..
tenemos(7) frame k lo guardo ..
voy(7) leyendo el video..
tenemos(7) frame k lo guardo ..
cara encontrada en: /var/www/html/reconocimientoFacial/proyecto_definitivo/admin/files/videos_registro_videos/otraprueba_7.avi
OpenCV(4.5.3) /tmp/pip-req-build-dwj9trv5/opencv/modules/imgproc/src/resize.cpp:4051: error: (-215:Assertion failed) !ssize.empty() in function 'resize'

cara encontrada en: /var/www/html/reconocimientoFacial/proyecto_definitivo/admin/files/videos_registro_videos/otraprueba_7.avi
OpenCV(4.5.3) /tmp/pip-req-build-dwj9trv5/opencv/modules/imgproc/src/resize.cpp:4051: error: (-215:Assertion failed) !ssize.empty() in function 'resize'

cara encontrada en: /var/www/html/reconocimientoFacial/proyecto_definitivo/admin/files/videos_registro_videos/otraprueba_7.avi
OpenCV(4.5.3) /tmp/pip-req-build-dwj9trv5/opencv/modules/imgproc/src/resize.cpp:4051: error: (-215:Assertion failed) !ssize.empty() in function 'resize'

cara encontrada en: /var/www/html/reconocimientoFacial/proyecto_definitivo/admin/files/videos_registro_videos/otraprueba_7.avi
OpenCV(4.5.3) /tmp/pip-req-build-dwj9trv5/opencv/modules/imgproc/src/resize.cpp:4051: error: (-215:Assertion failed) !ssize.empty() in function 'resize'

cara encontrada en: /var/www/html/reconocimientoFacial/proyecto_definitivo/admin/files/videos_registro_videos/otraprueba_7.avi
cara guardada en /otraprueba_7.avi_7_14.611621618270874.jpg con esta confidence:0.9973967
cara encontrada en: /var/www/html/reconocimientoFacial/proyecto_definitivo/admin/files/videos_registro_videos/otraprueba_7.avi
OpenCV(4.5.3) /tmp/pip-req-build-dwj9trv5/opencv/modules/imgproc/src/resize.cpp:4051: error: (-215:Assertion failed) !ssize.empty() in function 'resize'

cara encontrada en: /var/www/html/reconocimientoFacial/proyecto_definitivo/admin/files/videos_registro_videos/otraprueba_7.avi
OpenCV(4.5.3) /tmp/pip-req-build-dwj9trv5/opencv/modules/imgproc/src/resize.cpp:4051: error: (-215:Assertion failed) !ssize.empty() in function 'resize'

cara encontrada en: /var/www/html/reconocimientoFacial/proyecto_definitivo/admin/files/videos_registro_videos/otraprueba_7.avi
OpenCV(4.5.3) /tmp/pip-req-build-dwj9trv5/opencv/modules/imgproc/src/resize.cpp:4051: error: (-215:Assertion failed) !ssize.empty() in function 'resize'

cara encontrada en: /var/www/html/reconocimientoFacial/proyecto_definitivo/admin/files/videos_registro_videos/otraprueba_7.avi
OpenCV(4.5.3) /tmp/pip-req-build-dwj9trv5/opencv/modules/imgproc/src/resize.cpp:4051: error: (-215:Assertion failed) !ssize.empty() in function 'resize'

cara encontrada en: /var/www/html/reconocimientoFacial/proyecto_definitivo/admin/files/videos_registro_videos/otraprueba_7.avi
OpenCV(4.5.3) /tmp/pip-req-build-dwj9trv5/opencv/modules/imgproc/src/resize.cpp:4051: error: (-215:Assertion failed) !ssize.empty() in function 'resize'

voy(7) leyendo el video..
tenemos(7) frame k lo guardo ..
voy(7) leyendo el video..
tenemos(7) frame k lo guardo ..
voy(7) leyendo el video..
tenemos(7) frame k lo guardo ..
cara encontrada en: /var/www/html/reconocimientoFacial/proyecto_definitivo/admin/files/videos_registro_videos/otraprueba_7.avi
OpenCV(4.5.3) /tmp/pip-req-build-dwj9trv5/opencv/modules/imgproc/src/resize.cpp:4051: error: (-215:Assertion failed) !ssize.empty() in function 'resize'

cara encontrada en: /var/www/html/reconocimientoFacial/proyecto_definitivo/admin/files/videos_registro_videos/otraprueba_7.avi
OpenCV(4.5.3) /tmp/pip-req-build-dwj9trv5/opencv/modules/imgproc/src/resize.cpp:4051: error: (-215:Assertion failed) !ssize.empty() in function 'resize'

cara encontrada en: /var/www/html/reconocimientoFacial/proyecto_definitivo/admin/files/videos_registro_videos/otraprueba_7.avi
OpenCV(4.5.3) /tmp/pip-req-build-dwj9trv5/opencv/modules/imgproc/src/resize.cpp:4051: error: (-215:Assertion failed) !ssize.empty() in function 'resize'

cara encontrada en: /var/www/html/reconocimientoFacial/proyecto_definitivo/admin/files/videos_registro_videos/otraprueba_7.avi
OpenCV(4.5.3) /tmp/pip-req-build-dwj9trv5/opencv/modules/imgproc/src/resize.cpp:4051: error: (-215:Assertion failed) !ssize.empty() in function 'resize'

cara encontrada en: /var/www/html/reconocimientoFacial/proyecto_definitivo/admin/files/videos_registro_videos/otraprueba_7.avi
cara guardada en /otraprueba_7.avi_7_17.351431369781494.jpg con esta confidence:0.99667066
cara encontrada en: /var/www/html/reconocimientoFacial/proyecto_definitivo/admin/files/videos_registro_videos/otraprueba_7.avi
OpenCV(4.5.3) /tmp/pip-req-build-dwj9trv5/opencv/modules/imgproc/src/resize.cpp:4051: error: (-215:Assertion failed) !ssize.empty() in function 'resize'

cara encontrada en: /var/www/html/reconocimientoFacial/proyecto_definitivo/admin/files/videos_registro_videos/otraprueba_7.avi
OpenCV(4.5.3) /tmp/pip-req-build-dwj9trv5/opencv/modules/imgproc/src/resize.cpp:4051: error: (-215:Assertion failed) !ssize.empty() in function 'resize'

cara encontrada en: /var/www/html/reconocimientoFacial/proyecto_definitivo/admin/files/videos_registro_videos/otraprueba_7.avi
OpenCV(4.5.3) /tmp/pip-req-build-dwj9trv5/opencv/modules/imgproc/src/resize.cpp:4051: error: (-215:Assertion failed) !ssize.empty() in function 'resize'

cara encontrada en: /var/www/html/reconocimientoFacial/proyecto_definitivo/admin/files/videos_registro_videos/otraprueba_7.avi
OpenCV(4.5.3) /tmp/pip-req-build-dwj9trv5/opencv/modules/imgproc/src/resize.cpp:4051: error: (-215:Assertion failed) !ssize.empty() in function 'resize'

cara encontrada en: /var/www/html/reconocimientoFacial/proyecto_definitivo/admin/files/videos_registro_videos/otraprueba_7.avi
OpenCV(4.5.3) /tmp/pip-req-build-dwj9trv5/opencv/modules/imgproc/src/resize.cpp:4051: error: (-215:Assertion failed) !ssize.empty() in function 'resize'

voy(7) leyendo el video..
tenemos(7) frame k lo guardo ..
voy(7) leyendo el video..
tenemos(7) frame k lo guardo ..
voy(7) leyendo el video..
tenemos(7) frame k lo guardo ..
cara encontrada en: /var/www/html/reconocimientoFacial/proyecto_definitivo/admin/files/videos_registro_videos/otraprueba_7.avi
OpenCV(4.5.3) /tmp/pip-req-build-dwj9trv5/opencv/modules/imgproc/src/resize.cpp:4051: error: (-215:Assertion failed) !ssize.empty() in function 'resize'

cara encontrada en: /var/www/html/reconocimientoFacial/proyecto_definitivo/admin/files/videos_registro_videos/otraprueba_7.avi
OpenCV(4.5.3) /tmp/pip-req-build-dwj9trv5/opencv/modules/imgproc/src/resize.cpp:4051: error: (-215:Assertion failed) !ssize.empty() in function 'resize'

cara encontrada en: /var/www/html/reconocimientoFacial/proyecto_definitivo/admin/files/videos_registro_videos/otraprueba_7.avi
OpenCV(4.5.3) /tmp/pip-req-build-dwj9trv5/opencv/modules/imgproc/src/resize.cpp:4051: error: (-215:Assertion failed) !ssize.empty() in function 'resize'

cara encontrada en: /var/www/html/reconocimientoFacial/proyecto_definitivo/admin/files/videos_registro_videos/otraprueba_7.avi
OpenCV(4.5.3) /tmp/pip-req-build-dwj9trv5/opencv/modules/imgproc/src/resize.cpp:4051: error: (-215:Assertion failed) !ssize.empty() in function 'resize'

cara encontrada en: /var/www/html/reconocimientoFacial/proyecto_definitivo/admin/files/videos_registro_videos/otraprueba_7.avi
cara guardada en /otraprueba_7.avi_7_20.1008882522583.jpg con esta confidence:0.9967272
cara encontrada en: /var/www/html/reconocimientoFacial/proyecto_definitivo/admin/files/videos_registro_videos/otraprueba_7.avi
OpenCV(4.5.3) /tmp/pip-req-build-dwj9trv5/opencv/modules/imgproc/src/resize.cpp:4051: error: (-215:Assertion failed) !ssize.empty() in function 'resize'

cara encontrada en: /var/www/html/reconocimientoFacial/proyecto_definitivo/admin/files/videos_registro_videos/otraprueba_7.avi
OpenCV(4.5.3) /tmp/pip-req-build-dwj9trv5/opencv/modules/imgproc/src/resize.cpp:4051: error: (-215:Assertion failed) !ssize.empty() in function 'resize'

cara encontrada en: /var/www/html/reconocimientoFacial/proyecto_definitivo/admin/files/videos_registro_videos/otraprueba_7.avi
OpenCV(4.5.3) /tmp/pip-req-build-dwj9trv5/opencv/modules/imgproc/src/resize.cpp:4051: error: (-215:Assertion failed) !ssize.empty() in function 'resize'

cara encontrada en: /var/www/html/reconocimientoFacial/proyecto_definitivo/admin/files/videos_registro_videos/otraprueba_7.avi
OpenCV(4.5.3) /tmp/pip-req-build-dwj9trv5/opencv/modules/imgproc/src/resize.cpp:4051: error: (-215:Assertion failed) !ssize.empty() in function 'resize'

cara encontrada en: /var/www/html/reconocimientoFacial/proyecto_definitivo/admin/files/videos_registro_videos/otraprueba_7.avi
OpenCV(4.5.3) /tmp/pip-req-build-dwj9trv5/opencv/modules/imgproc/src/resize.cpp:4051: error: (-215:Assertion failed) !ssize.empty() in function 'resize'

voy(7) leyendo el video..
tenemos(7) frame k lo guardo ..
voy(7) leyendo el video..
tenemos(7) frame k lo guardo ..
voy(7) leyendo el video..
tenemos(7) frame k lo guardo ..
cara encontrada en: /var/www/html/reconocimientoFacial/proyecto_definitivo/admin/files/videos_registro_videos/otraprueba_7.avi
OpenCV(4.5.3) /tmp/pip-req-build-dwj9trv5/opencv/modules/imgproc/src/resize.cpp:4051: error: (-215:Assertion failed) !ssize.empty() in function 'resize'

cara encontrada en: /var/www/html/reconocimientoFacial/proyecto_definitivo/admin/files/videos_registro_videos/otraprueba_7.avi
OpenCV(4.5.3) /tmp/pip-req-build-dwj9trv5/opencv/modules/imgproc/src/resize.cpp:4051: error: (-215:Assertion failed) !ssize.empty() in function 'resize'

cara encontrada en: /var/www/html/reconocimientoFacial/proyecto_definitivo/admin/files/videos_registro_videos/otraprueba_7.avi
OpenCV(4.5.3) /tmp/pip-req-build-dwj9trv5/opencv/modules/imgproc/src/resize.cpp:4051: error: (-215:Assertion failed) !ssize.empty() in function 'resize'

cara encontrada en: /var/www/html/reconocimientoFacial/proyecto_definitivo/admin/files/videos_registro_videos/otraprueba_7.avi
OpenCV(4.5.3) /tmp/pip-req-build-dwj9trv5/opencv/modules/imgproc/src/resize.cpp:4051: error: (-215:Assertion failed) !ssize.empty() in function 'resize'

cara encontrada en: /var/www/html/reconocimientoFacial/proyecto_definitivo/admin/files/videos_registro_videos/otraprueba_7.avi
cara guardada en /otraprueba_7.avi_7_23.081404209136963.jpg con esta confidence:0.9958688
cara encontrada en: /var/www/html/reconocimientoFacial/proyecto_definitivo/admin/files/videos_registro_videos/otraprueba_7.avi
OpenCV(4.5.3) /tmp/pip-req-build-dwj9trv5/opencv/modules/imgproc/src/resize.cpp:4051: error: (-215:Assertion failed) !ssize.empty() in function 'resize'

cara encontrada en: /var/www/html/reconocimientoFacial/proyecto_definitivo/admin/files/videos_registro_videos/otraprueba_7.avi
OpenCV(4.5.3) /tmp/pip-req-build-dwj9trv5/opencv/modules/imgproc/src/resize.cpp:4051: error: (-215:Assertion failed) !ssize.empty() in function 'resize'

cara encontrada en: /var/www/html/reconocimientoFacial/proyecto_definitivo/admin/files/videos_registro_videos/otraprueba_7.avi
OpenCV(4.5.3) /tmp/pip-req-build-dwj9trv5/opencv/modules/imgproc/src/resize.cpp:4051: error: (-215:Assertion failed) !ssize.empty() in function 'resize'

cara encontrada en: /var/www/html/reconocimientoFacial/proyecto_definitivo/admin/files/videos_registro_videos/otraprueba_7.avi
OpenCV(4.5.3) /tmp/pip-req-build-dwj9trv5/opencv/modules/imgproc/src/resize.cpp:4051: error: (-215:Assertion failed) !ssize.empty() in function 'resize'

cara encontrada en: /var/www/html/reconocimientoFacial/proyecto_definitivo/admin/files/videos_registro_videos/otraprueba_7.avi
OpenCV(4.5.3) /tmp/pip-req-build-dwj9trv5/opencv/modules/imgproc/src/resize.cpp:4051: error: (-215:Assertion failed) !ssize.empty() in function 'resize'

voy(7) leyendo el video..
tenemos(7) frame k lo guardo ..
voy(7) leyendo el video..
tenemos(7) frame k lo guardo ..
voy(7) leyendo el video..
tenemos(7) frame k lo guardo ..
cara encontrada en: /var/www/html/reconocimientoFacial/proyecto_definitivo/admin/files/videos_registro_videos/otraprueba_7.avi
OpenCV(4.5.3) /tmp/pip-req-build-dwj9trv5/opencv/modules/imgproc/src/resize.cpp:4051: error: (-215:Assertion failed) !ssize.empty() in function 'resize'

cara encontrada en: /var/www/html/reconocimientoFacial/proyecto_definitivo/admin/files/videos_registro_videos/otraprueba_7.avi
OpenCV(4.5.3) /tmp/pip-req-build-dwj9trv5/opencv/modules/imgproc/src/resize.cpp:4051: error: (-215:Assertion failed) !ssize.empty() in function 'resize'

cara encontrada en: /var/www/html/reconocimientoFacial/proyecto_definitivo/admin/files/videos_registro_videos/otraprueba_7.avi
OpenCV(4.5.3) /tmp/pip-req-build-dwj9trv5/opencv/modules/imgproc/src/resize.cpp:4051: error: (-215:Assertion failed) !ssize.empty() in function 'resize'

cara encontrada en: /var/www/html/reconocimientoFacial/proyecto_definitivo/admin/files/videos_registro_videos/otraprueba_7.avi
OpenCV(4.5.3) /tmp/pip-req-build-dwj9trv5/opencv/modules/imgproc/src/resize.cpp:4051: error: (-215:Assertion failed) !ssize.empty() in function 'resize'

cara encontrada en: /var/www/html/reconocimientoFacial/proyecto_definitivo/admin/files/videos_registro_videos/otraprueba_7.avi
cara guardada en /otraprueba_7.avi_7_25.635223865509033.jpg con esta confidence:0.995181
cara encontrada en: /var/www/html/reconocimientoFacial/proyecto_definitivo/admin/files/videos_registro_videos/otraprueba_7.avi
OpenCV(4.5.3) /tmp/pip-req-build-dwj9trv5/opencv/modules/imgproc/src/resize.cpp:4051: error: (-215:Assertion failed) !ssize.empty() in function 'resize'

cara encontrada en: /var/www/html/reconocimientoFacial/proyecto_definitivo/admin/files/videos_registro_videos/otraprueba_7.avi
OpenCV(4.5.3) /tmp/pip-req-build-dwj9trv5/opencv/modules/imgproc/src/resize.cpp:4051: error: (-215:Assertion failed) !ssize.empty() in function 'resize'

cara encontrada en: /var/www/html/reconocimientoFacial/proyecto_definitivo/admin/files/videos_registro_videos/otraprueba_7.avi
OpenCV(4.5.3) /tmp/pip-req-build-dwj9trv5/opencv/modules/imgproc/src/resize.cpp:4051: error: (-215:Assertion failed) !ssize.empty() in function 'resize'

cara encontrada en: /var/www/html/reconocimientoFacial/proyecto_definitivo/admin/files/videos_registro_videos/otraprueba_7.avi
OpenCV(4.5.3) /tmp/pip-req-build-dwj9trv5/opencv/modules/imgproc/src/resize.cpp:4051: error: (-215:Assertion failed) !ssize.empty() in function 'resize'

cara encontrada en: /var/www/html/reconocimientoFacial/proyecto_definitivo/admin/files/videos_registro_videos/otraprueba_7.avi
OpenCV(4.5.3) /tmp/pip-req-build-dwj9trv5/opencv/modules/imgproc/src/resize.cpp:4051: error: (-215:Assertion failed) !ssize.empty() in function 'resize'

voy(7) leyendo el video..
tenemos(7) frame k lo guardo ..
voy(7) leyendo el video..
tenemos(7) frame k lo guardo ..
voy(7) leyendo el video..
tenemos(7) frame k lo guardo ..
cara encontrada en: /var/www/html/reconocimientoFacial/proyecto_definitivo/admin/files/videos_registro_videos/otraprueba_7.avi
OpenCV(4.5.3) /tmp/pip-req-build-dwj9trv5/opencv/modules/imgproc/src/resize.cpp:4051: error: (-215:Assertion failed) !ssize.empty() in function 'resize'

cara encontrada en: /var/www/html/reconocimientoFacial/proyecto_definitivo/admin/files/videos_registro_videos/otraprueba_7.avi
OpenCV(4.5.3) /tmp/pip-req-build-dwj9trv5/opencv/modules/imgproc/src/resize.cpp:4051: error: (-215:Assertion failed) !ssize.empty() in function 'resize'

cara encontrada en: /var/www/html/reconocimientoFacial/proyecto_definitivo/admin/files/videos_registro_videos/otraprueba_7.avi
OpenCV(4.5.3) /tmp/pip-req-build-dwj9trv5/opencv/modules/imgproc/src/resize.cpp:4051: error: (-215:Assertion failed) !ssize.empty() in function 'resize'

cara encontrada en: /var/www/html/reconocimientoFacial/proyecto_definitivo/admin/files/videos_registro_videos/otraprueba_7.avi
OpenCV(4.5.3) /tmp/pip-req-build-dwj9trv5/opencv/modules/imgproc/src/resize.cpp:4051: error: (-215:Assertion failed) !ssize.empty() in function 'resize'

cara encontrada en: /var/www/html/reconocimientoFacial/proyecto_definitivo/admin/files/videos_registro_videos/otraprueba_7.avi
cara guardada en /otraprueba_7.avi_7_27.998810052871704.jpg con esta confidence:0.9950854
cara encontrada en: /var/www/html/reconocimientoFacial/proyecto_definitivo/admin/files/videos_registro_videos/otraprueba_7.avi
OpenCV(4.5.3) /tmp/pip-req-build-dwj9trv5/opencv/modules/imgproc/src/resize.cpp:4051: error: (-215:Assertion failed) !ssize.empty() in function 'resize'

cara encontrada en: /var/www/html/reconocimientoFacial/proyecto_definitivo/admin/files/videos_registro_videos/otraprueba_7.avi
OpenCV(4.5.3) /tmp/pip-req-build-dwj9trv5/opencv/modules/imgproc/src/resize.cpp:4051: error: (-215:Assertion failed) !ssize.empty() in function 'resize'

cara encontrada en: /var/www/html/reconocimientoFacial/proyecto_definitivo/admin/files/videos_registro_videos/otraprueba_7.avi
OpenCV(4.5.3) /tmp/pip-req-build-dwj9trv5/opencv/modules/imgproc/src/resize.cpp:4051: error: (-215:Assertion failed) !ssize.empty() in function 'resize'

cara encontrada en: /var/www/html/reconocimientoFacial/proyecto_definitivo/admin/files/videos_registro_videos/otraprueba_7.avi
OpenCV(4.5.3) /tmp/pip-req-build-dwj9trv5/opencv/modules/imgproc/src/resize.cpp:4051: error: (-215:Assertion failed) !ssize.empty() in function 'resize'

cara encontrada en: /var/www/html/reconocimientoFacial/proyecto_definitivo/admin/files/videos_registro_videos/otraprueba_7.avi
OpenCV(4.5.3) /tmp/pip-req-build-dwj9trv5/opencv/modules/imgproc/src/resize.cpp:4051: error: (-215:Assertion failed) !ssize.empty() in function 'resize'

voy(7) leyendo el video..
tenemos(7) frame k lo guardo ..
voy(7) leyendo el video..
tenemos(7) frame k lo guardo ..
voy(7) leyendo el video..
tenemos(7) frame k lo guardo ..
cara encontrada en: /var/www/html/reconocimientoFacial/proyecto_definitivo/admin/files/videos_registro_videos/otraprueba_7.avi
OpenCV(4.5.3) /tmp/pip-req-build-dwj9trv5/opencv/modules/imgproc/src/resize.cpp:4051: error: (-215:Assertion failed) !ssize.empty() in function 'resize'

cara encontrada en: /var/www/html/reconocimientoFacial/proyecto_definitivo/admin/files/videos_registro_videos/otraprueba_7.avi
OpenCV(4.5.3) /tmp/pip-req-build-dwj9trv5/opencv/modules/imgproc/src/resize.cpp:4051: error: (-215:Assertion failed) !ssize.empty() in function 'resize'

cara encontrada en: /var/www/html/reconocimientoFacial/proyecto_definitivo/admin/files/videos_registro_videos/otraprueba_7.avi
OpenCV(4.5.3) /tmp/pip-req-build-dwj9trv5/opencv/modules/imgproc/src/resize.cpp:4051: error: (-215:Assertion failed) !ssize.empty() in function 'resize'

cara encontrada en: /var/www/html/reconocimientoFacial/proyecto_definitivo/admin/files/videos_registro_videos/otraprueba_7.avi
OpenCV(4.5.3) /tmp/pip-req-build-dwj9trv5/opencv/modules/imgproc/src/resize.cpp:4051: error: (-215:Assertion failed) !ssize.empty() in function 'resize'

cara encontrada en: /var/www/html/reconocimientoFacial/proyecto_definitivo/admin/files/videos_registro_videos/otraprueba_7.avi
cara guardada en /otraprueba_7.avi_7_30.405909538269043.jpg con esta confidence:0.99450666
cara encontrada en: /var/www/html/reconocimientoFacial/proyecto_definitivo/admin/files/videos_registro_videos/otraprueba_7.avi
OpenCV(4.5.3) /tmp/pip-req-build-dwj9trv5/opencv/modules/imgproc/src/resize.cpp:4051: error: (-215:Assertion failed) !ssize.empty() in function 'resize'

cara encontrada en: /var/www/html/reconocimientoFacial/proyecto_definitivo/admin/files/videos_registro_videos/otraprueba_7.avi
OpenCV(4.5.3) /tmp/pip-req-build-dwj9trv5/opencv/modules/imgproc/src/resize.cpp:4051: error: (-215:Assertion failed) !ssize.empty() in function 'resize'

cara encontrada en: /var/www/html/reconocimientoFacial/proyecto_definitivo/admin/files/videos_registro_videos/otraprueba_7.avi
OpenCV(4.5.3) /tmp/pip-req-build-dwj9trv5/opencv/modules/imgproc/src/resize.cpp:4051: error: (-215:Assertion failed) !ssize.empty() in function 'resize'

cara encontrada en: /var/www/html/reconocimientoFacial/proyecto_definitivo/admin/files/videos_registro_videos/otraprueba_7.avi
OpenCV(4.5.3) /tmp/pip-req-build-dwj9trv5/opencv/modules/imgproc/src/resize.cpp:4051: error: (-215:Assertion failed) !ssize.empty() in function 'resize'

cara encontrada en: /var/www/html/reconocimientoFacial/proyecto_definitivo/admin/files/videos_registro_videos/otraprueba_7.avi
OpenCV(4.5.3) /tmp/pip-req-build-dwj9trv5/opencv/modules/imgproc/src/resize.cpp:4051: error: (-215:Assertion failed) !ssize.empty() in function 'resize'

voy(7) leyendo el video..
tenemos(7) frame k lo guardo ..
voy(7) leyendo el video..
tenemos(7) frame k lo guardo ..
voy(7) leyendo el video..
tenemos(7) frame k lo guardo ..
cara encontrada en: /var/www/html/reconocimientoFacial/proyecto_definitivo/admin/files/videos_registro_videos/otraprueba_7.avi
OpenCV(4.5.3) /tmp/pip-req-build-dwj9trv5/opencv/modules/imgproc/src/resize.cpp:4051: error: (-215:Assertion failed) !ssize.empty() in function 'resize'

cara encontrada en: /var/www/html/reconocimientoFacial/proyecto_definitivo/admin/files/videos_registro_videos/otraprueba_7.avi
OpenCV(4.5.3) /tmp/pip-req-build-dwj9trv5/opencv/modules/imgproc/src/resize.cpp:4051: error: (-215:Assertion failed) !ssize.empty() in function 'resize'

cara encontrada en: /var/www/html/reconocimientoFacial/proyecto_definitivo/admin/files/videos_registro_videos/otraprueba_7.avi
OpenCV(4.5.3) /tmp/pip-req-build-dwj9trv5/opencv/modules/imgproc/src/resize.cpp:4051: error: (-215:Assertion failed) !ssize.empty() in function 'resize'

cara encontrada en: /var/www/html/reconocimientoFacial/proyecto_definitivo/admin/files/videos_registro_videos/otraprueba_7.avi
OpenCV(4.5.3) /tmp/pip-req-build-dwj9trv5/opencv/modules/imgproc/src/resize.cpp:4051: error: (-215:Assertion failed) !ssize.empty() in function 'resize'

cara encontrada en: /var/www/html/reconocimientoFacial/proyecto_definitivo/admin/files/videos_registro_videos/otraprueba_7.avi
OpenCV(4.5.3) /tmp/pip-req-build-dwj9trv5/opencv/modules/imgproc/src/resize.cpp:4051: error: (-215:Assertion failed) !ssize.empty() in function 'resize'

cara encontrada en: /var/www/html/reconocimientoFacial/proyecto_definitivo/admin/files/videos_registro_videos/otraprueba_7.avi
cara guardada en /otraprueba_7.avi_7_32.87085795402527.jpg con esta confidence:0.99387485
cara encontrada en: /var/www/html/reconocimientoFacial/proyecto_definitivo/admin/files/videos_registro_videos/otraprueba_7.avi
OpenCV(4.5.3) /tmp/pip-req-build-dwj9trv5/opencv/modules/imgproc/src/resize.cpp:4051: error: (-215:Assertion failed) !ssize.empty() in function 'resize'

cara encontrada en: /var/www/html/reconocimientoFacial/proyecto_definitivo/admin/files/videos_registro_videos/otraprueba_7.avi
OpenCV(4.5.3) /tmp/pip-req-build-dwj9trv5/opencv/modules/imgproc/src/resize.cpp:4051: error: (-215:Assertion failed) !ssize.empty() in function 'resize'

cara encontrada en: /var/www/html/reconocimientoFacial/proyecto_definitivo/admin/files/videos_registro_videos/otraprueba_7.avi
OpenCV(4.5.3) /tmp/pip-req-build-dwj9trv5/opencv/modules/imgproc/src/resize.cpp:4051: error: (-215:Assertion failed) !ssize.empty() in function 'resize'

voy(7) leyendo el video..
tenemos(7) frame k lo guardo ..
voy(7) leyendo el video..
tenemos(7) frame k lo guardo ..
voy(7) leyendo el video..
tenemos(7) frame k lo guardo ..
cara encontrada en: /var/www/html/reconocimientoFacial/proyecto_definitivo/admin/files/videos_registro_videos/otraprueba_7.avi
OpenCV(4.5.3) /tmp/pip-req-build-dwj9trv5/opencv/modules/imgproc/src/resize.cpp:4051: error: (-215:Assertion failed) !ssize.empty() in function 'resize'

cara encontrada en: /var/www/html/reconocimientoFacial/proyecto_definitivo/admin/files/videos_registro_videos/otraprueba_7.avi
OpenCV(4.5.3) /tmp/pip-req-build-dwj9trv5/opencv/modules/imgproc/src/resize.cpp:4051: error: (-215:Assertion failed) !ssize.empty() in function 'resize'

cara encontrada en: /var/www/html/reconocimientoFacial/proyecto_definitivo/admin/files/videos_registro_videos/otraprueba_7.avi
OpenCV(4.5.3) /tmp/pip-req-build-dwj9trv5/opencv/modules/imgproc/src/resize.cpp:4051: error: (-215:Assertion failed) !ssize.empty() in function 'resize'

cara encontrada en: /var/www/html/reconocimientoFacial/proyecto_definitivo/admin/files/videos_registro_videos/otraprueba_7.avi
OpenCV(4.5.3) /tmp/pip-req-build-dwj9trv5/opencv/modules/imgproc/src/resize.cpp:4051: error: (-215:Assertion failed) !ssize.empty() in function 'resize'

cara encontrada en: /var/www/html/reconocimientoFacial/proyecto_definitivo/admin/files/videos_registro_videos/otraprueba_7.avi
OpenCV(4.5.3) /tmp/pip-req-build-dwj9trv5/opencv/modules/imgproc/src/resize.cpp:4051: error: (-215:Assertion failed) !ssize.empty() in function 'resize'

cara encontrada en: /var/www/html/reconocimientoFacial/proyecto_definitivo/admin/files/videos_registro_videos/otraprueba_7.avi
cara guardada en /otraprueba_7.avi_7_35.25349569320679.jpg con esta confidence:0.9939593
cara encontrada en: /var/www/html/reconocimientoFacial/proyecto_definitivo/admin/files/videos_registro_videos/otraprueba_7.avi
OpenCV(4.5.3) /tmp/pip-req-build-dwj9trv5/opencv/modules/imgproc/src/resize.cpp:4051: error: (-215:Assertion failed) !ssize.empty() in function 'resize'

cara encontrada en: /var/www/html/reconocimientoFacial/proyecto_definitivo/admin/files/videos_registro_videos/otraprueba_7.avi
OpenCV(4.5.3) /tmp/pip-req-build-dwj9trv5/opencv/modules/imgproc/src/resize.cpp:4051: error: (-215:Assertion failed) !ssize.empty() in function 'resize'

cara encontrada en: /var/www/html/reconocimientoFacial/proyecto_definitivo/admin/files/videos_registro_videos/otraprueba_7.avi
OpenCV(4.5.3) /tmp/pip-req-build-dwj9trv5/opencv/modules/imgproc/src/resize.cpp:4051: error: (-215:Assertion failed) !ssize.empty() in function 'resize'

voy(7) leyendo el video..
tenemos(7) frame k lo guardo ..
voy(7) leyendo el video..
tenemos(7) frame k lo guardo ..
voy(7) leyendo el video..
tenemos(7) frame k lo guardo ..
cara encontrada en: /var/www/html/reconocimientoFacial/proyecto_definitivo/admin/files/videos_registro_videos/otraprueba_7.avi
OpenCV(4.5.3) /tmp/pip-req-build-dwj9trv5/opencv/modules/imgproc/src/resize.cpp:4051: error: (-215:Assertion failed) !ssize.empty() in function 'resize'

cara encontrada en: /var/www/html/reconocimientoFacial/proyecto_definitivo/admin/files/videos_registro_videos/otraprueba_7.avi
OpenCV(4.5.3) /tmp/pip-req-build-dwj9trv5/opencv/modules/imgproc/src/resize.cpp:4051: error: (-215:Assertion failed) !ssize.empty() in function 'resize'

cara encontrada en: /var/www/html/reconocimientoFacial/proyecto_definitivo/admin/files/videos_registro_videos/otraprueba_7.avi
OpenCV(4.5.3) /tmp/pip-req-build-dwj9trv5/opencv/modules/imgproc/src/resize.cpp:4051: error: (-215:Assertion failed) !ssize.empty() in function 'resize'

cara encontrada en: /var/www/html/reconocimientoFacial/proyecto_definitivo/admin/files/videos_registro_videos/otraprueba_7.avi
OpenCV(4.5.3) /tmp/pip-req-build-dwj9trv5/opencv/modules/imgproc/src/resize.cpp:4051: error: (-215:Assertion failed) !ssize.empty() in function 'resize'

cara encontrada en: /var/www/html/reconocimientoFacial/proyecto_definitivo/admin/files/videos_registro_videos/otraprueba_7.avi
cara guardada en /otraprueba_7.avi_7_37.59192681312561.jpg con esta confidence:0.9980096
cara encontrada en: /var/www/html/reconocimientoFacial/proyecto_definitivo/admin/files/videos_registro_videos/otraprueba_7.avi
OpenCV(4.5.3) /tmp/pip-req-build-dwj9trv5/opencv/modules/imgproc/src/resize.cpp:4051: error: (-215:Assertion failed) !ssize.empty() in function 'resize'

cara encontrada en: /var/www/html/reconocimientoFacial/proyecto_definitivo/admin/files/videos_registro_videos/otraprueba_7.avi
OpenCV(4.5.3) /tmp/pip-req-build-dwj9trv5/opencv/modules/imgproc/src/resize.cpp:4051: error: (-215:Assertion failed) !ssize.empty() in function 'resize'

cara encontrada en: /var/www/html/reconocimientoFacial/proyecto_definitivo/admin/files/videos_registro_videos/otraprueba_7.avi
OpenCV(4.5.3) /tmp/pip-req-build-dwj9trv5/opencv/modules/imgproc/src/resize.cpp:4051: error: (-215:Assertion failed) !ssize.empty() in function 'resize'

cara encontrada en: /var/www/html/reconocimientoFacial/proyecto_definitivo/admin/files/videos_registro_videos/otraprueba_7.avi
OpenCV(4.5.3) /tmp/pip-req-build-dwj9trv5/opencv/modules/imgproc/src/resize.cpp:4051: error: (-215:Assertion failed) !ssize.empty() in function 'resize'

cara encontrada en: /var/www/html/reconocimientoFacial/proyecto_definitivo/admin/files/videos_registro_videos/otraprueba_7.avi
OpenCV(4.5.3) /tmp/pip-req-build-dwj9trv5/opencv/modules/imgproc/src/resize.cpp:4051: error: (-215:Assertion failed) !ssize.empty() in function 'resize'

voy(7) leyendo el video..
tenemos(7) frame k lo guardo ..
voy(7) leyendo el video..
tenemos(7) frame k lo guardo ..
voy(7) leyendo el video..
tenemos(7) frame k lo guardo ..
cara encontrada en: /var/www/html/reconocimientoFacial/proyecto_definitivo/admin/files/videos_registro_videos/otraprueba_7.avi
OpenCV(4.5.3) /tmp/pip-req-build-dwj9trv5/opencv/modules/imgproc/src/resize.cpp:4051: error: (-215:Assertion failed) !ssize.empty() in function 'resize'

cara encontrada en: /var/www/html/reconocimientoFacial/proyecto_definitivo/admin/files/videos_registro_videos/otraprueba_7.avi
OpenCV(4.5.3) /tmp/pip-req-build-dwj9trv5/opencv/modules/imgproc/src/resize.cpp:4051: error: (-215:Assertion failed) !ssize.empty() in function 'resize'

cara encontrada en: /var/www/html/reconocimientoFacial/proyecto_definitivo/admin/files/videos_registro_videos/otraprueba_7.avi
OpenCV(4.5.3) /tmp/pip-req-build-dwj9trv5/opencv/modules/imgproc/src/resize.cpp:4051: error: (-215:Assertion failed) !ssize.empty() in function 'resize'

cara encontrada en: /var/www/html/reconocimientoFacial/proyecto_definitivo/admin/files/videos_registro_videos/otraprueba_7.avi
cara guardada en /otraprueba_7.avi_7_40.07353734970093.jpg con esta confidence:0.9985752
cara encontrada en: /var/www/html/reconocimientoFacial/proyecto_definitivo/admin/files/videos_registro_videos/otraprueba_7.avi
OpenCV(4.5.3) /tmp/pip-req-build-dwj9trv5/opencv/modules/imgproc/src/resize.cpp:4051: error: (-215:Assertion failed) !ssize.empty() in function 'resize'

cara encontrada en: /var/www/html/reconocimientoFacial/proyecto_definitivo/admin/files/videos_registro_videos/otraprueba_7.avi
OpenCV(4.5.3) /tmp/pip-req-build-dwj9trv5/opencv/modules/imgproc/src/resize.cpp:4051: error: (-215:Assertion failed) !ssize.empty() in function 'resize'

cara encontrada en: /var/www/html/reconocimientoFacial/proyecto_definitivo/admin/files/videos_registro_videos/otraprueba_7.avi
OpenCV(4.5.3) /tmp/pip-req-build-dwj9trv5/opencv/modules/imgproc/src/resize.cpp:4051: error: (-215:Assertion failed) !ssize.empty() in function 'resize'

cara encontrada en: /var/www/html/reconocimientoFacial/proyecto_definitivo/admin/files/videos_registro_videos/otraprueba_7.avi
OpenCV(4.5.3) /tmp/pip-req-build-dwj9trv5/opencv/modules/imgproc/src/resize.cpp:4051: error: (-215:Assertion failed) !ssize.empty() in function 'resize'

cara encontrada en: /var/www/html/reconocimientoFacial/proyecto_definitivo/admin/files/videos_registro_videos/otraprueba_7.avi
OpenCV(4.5.3) /tmp/pip-req-build-dwj9trv5/opencv/modules/imgproc/src/resize.cpp:4051: error: (-215:Assertion failed) !ssize.empty() in function 'resize'

voy(7) leyendo el video..
tenemos(7) frame k lo guardo ..
voy(7) leyendo el video..
tenemos(7) frame k lo guardo ..
voy(7) leyendo el video..
tenemos(7) frame k lo guardo ..
cara encontrada en: /var/www/html/reconocimientoFacial/proyecto_definitivo/admin/files/videos_registro_videos/otraprueba_7.avi
OpenCV(4.5.3) /tmp/pip-req-build-dwj9trv5/opencv/modules/imgproc/src/resize.cpp:4051: error: (-215:Assertion failed) !ssize.empty() in function 'resize'

cara encontrada en: /var/www/html/reconocimientoFacial/proyecto_definitivo/admin/files/videos_registro_videos/otraprueba_7.avi
OpenCV(4.5.3) /tmp/pip-req-build-dwj9trv5/opencv/modules/imgproc/src/resize.cpp:4051: error: (-215:Assertion failed) !ssize.empty() in function 'resize'

cara encontrada en: /var/www/html/reconocimientoFacial/proyecto_definitivo/admin/files/videos_registro_videos/otraprueba_7.avi
OpenCV(4.5.3) /tmp/pip-req-build-dwj9trv5/opencv/modules/imgproc/src/resize.cpp:4051: error: (-215:Assertion failed) !ssize.empty() in function 'resize'

cara encontrada en: /var/www/html/reconocimientoFacial/proyecto_definitivo/admin/files/videos_registro_videos/otraprueba_7.avi
cara guardada en /otraprueba_7.avi_7_41.958061933517456.jpg con esta confidence:0.9986455
cara encontrada en: /var/www/html/reconocimientoFacial/proyecto_definitivo/admin/files/videos_registro_videos/otraprueba_7.avi
OpenCV(4.5.3) /tmp/pip-req-build-dwj9trv5/opencv/modules/imgproc/src/resize.cpp:4051: error: (-215:Assertion failed) !ssize.empty() in function 'resize'

cara encontrada en: /var/www/html/reconocimientoFacial/proyecto_definitivo/admin/files/videos_registro_videos/otraprueba_7.avi
OpenCV(4.5.3) /tmp/pip-req-build-dwj9trv5/opencv/modules/imgproc/src/resize.cpp:4051: error: (-215:Assertion failed) !ssize.empty() in function 'resize'

cara encontrada en: /var/www/html/reconocimientoFacial/proyecto_definitivo/admin/files/videos_registro_videos/otraprueba_7.avi
OpenCV(4.5.3) /tmp/pip-req-build-dwj9trv5/opencv/modules/imgproc/src/resize.cpp:4051: error: (-215:Assertion failed) !ssize.empty() in function 'resize'

cara encontrada en: /var/www/html/reconocimientoFacial/proyecto_definitivo/admin/files/videos_registro_videos/otraprueba_7.avi
OpenCV(4.5.3) /tmp/pip-req-build-dwj9trv5/opencv/modules/imgproc/src/resize.cpp:4051: error: (-215:Assertion failed) !ssize.empty() in function 'resize'

cara encontrada en: /var/www/html/reconocimientoFacial/proyecto_definitivo/admin/files/videos_registro_videos/otraprueba_7.avi
OpenCV(4.5.3) /tmp/pip-req-build-dwj9trv5/opencv/modules/imgproc/src/resize.cpp:4051: error: (-215:Assertion failed) !ssize.empty() in function 'resize'

voy(7) leyendo el video..
tenemos(7) frame k lo guardo ..
voy(7) leyendo el video..
tenemos(7) frame k lo guardo ..
voy(7) leyendo el video..
tenemos(7) frame k lo guardo ..
cara encontrada en: /var/www/html/reconocimientoFacial/proyecto_definitivo/admin/files/videos_registro_videos/otraprueba_7.avi
OpenCV(4.5.3) /tmp/pip-req-build-dwj9trv5/opencv/modules/imgproc/src/resize.cpp:4051: error: (-215:Assertion failed) !ssize.empty() in function 'resize'

cara encontrada en: /var/www/html/reconocimientoFacial/proyecto_definitivo/admin/files/videos_registro_videos/otraprueba_7.avi
OpenCV(4.5.3) /tmp/pip-req-build-dwj9trv5/opencv/modules/imgproc/src/resize.cpp:4051: error: (-215:Assertion failed) !ssize.empty() in function 'resize'

cara encontrada en: /var/www/html/reconocimientoFacial/proyecto_definitivo/admin/files/videos_registro_videos/otraprueba_7.avi
cara guardada en /otraprueba_7.avi_7_43.657312631607056.jpg con esta confidence:0.9988035
cara encontrada en: /var/www/html/reconocimientoFacial/proyecto_definitivo/admin/files/videos_registro_videos/otraprueba_7.avi
OpenCV(4.5.3) /tmp/pip-req-build-dwj9trv5/opencv/modules/imgproc/src/resize.cpp:4051: error: (-215:Assertion failed) !ssize.empty() in function 'resize'

cara encontrada en: /var/www/html/reconocimientoFacial/proyecto_definitivo/admin/files/videos_registro_videos/otraprueba_7.avi
OpenCV(4.5.3) /tmp/pip-req-build-dwj9trv5/opencv/modules/imgproc/src/resize.cpp:4051: error: (-215:Assertion failed) !ssize.empty() in function 'resize'

cara encontrada en: /var/www/html/reconocimientoFacial/proyecto_definitivo/admin/files/videos_registro_videos/otraprueba_7.avi
OpenCV(4.5.3) /tmp/pip-req-build-dwj9trv5/opencv/modules/imgproc/src/resize.cpp:4051: error: (-215:Assertion failed) !ssize.empty() in function 'resize'

cara encontrada en: /var/www/html/reconocimientoFacial/proyecto_definitivo/admin/files/videos_registro_videos/otraprueba_7.avi
OpenCV(4.5.3) /tmp/pip-req-build-dwj9trv5/opencv/modules/imgproc/src/resize.cpp:4051: error: (-215:Assertion failed) !ssize.empty() in function 'resize'

cara encontrada en: /var/www/html/reconocimientoFacial/proyecto_definitivo/admin/files/videos_registro_videos/otraprueba_7.avi
OpenCV(4.5.3) /tmp/pip-req-build-dwj9trv5/opencv/modules/imgproc/src/resize.cpp:4051: error: (-215:Assertion failed) !ssize.empty() in function 'resize'

cara encontrada en: /var/www/html/reconocimientoFacial/proyecto_definitivo/admin/files/videos_registro_videos/otraprueba_7.avi
OpenCV(4.5.3) /tmp/pip-req-build-dwj9trv5/opencv/modules/imgproc/src/resize.cpp:4051: error: (-215:Assertion failed) !ssize.empty() in function 'resize'

voy(7) leyendo el video..
tenemos(7) frame k lo guardo ..
voy(7) leyendo el video..
Llego al final y remuevo el video!
Tiempo de analizar el video:44.246861934661865
