FTP_SERVERreconocimien.vps.webdock.cloud
FTP_USERtestuser
FTP_PASSprueba123
URL_CONEXIONrtsp://admin:bakcAse4@nouesmalt.duckdns.org:779/cam/realmonitor?channel=1&subtype=0
LOCAL_ID1
CAMARA_ID1
FTP_SERVERreconocimien.vps.webdock.cloud
FTP_USERtestuser
FTP_PASSprueba123
URL_CONEXIONrtsp://admin:bakcAse4@172.16.51.52:554/cam/realmonitor?channel=1&subtype=0
LOCAL_ID1
CAMARA_ID1
Estado actual del movimiento:1
Estado actual del movimiento:1
Estado actual del movimiento:1
Estado actual del movimiento:1
Estado actual del movimiento:1
Estado actual del movimiento:1
Estado actual del movimiento:1
Estado actual del movimiento:1
Estado actual del movimiento:1
Estado actual del movimiento:1
Estado actual del movimiento:1
Estado actual del movimiento:1
Estado actual del movimiento:1
Estado actual del movimiento:1
Estado actual del movimiento:1
Estado actual del movimiento:1
Estado actual del movimiento:1
Estado actual del movimiento:1
Estado actual del movimiento:1
Estado actual del movimiento:1
Estado actual del movimiento:1
Estado actual del movimiento:1
Estado actual del movimiento:1
Estado actual del movimiento:1
Detecto movimiento, empiezo a grabar...
Grabando primera...
Estado actual del movimiento:1
Estado actual del movimiento:1
Estado actual del movimiento:0
Estado actual del movimiento:1
Estado actual del movimiento:1
Estado actual del movimiento:1
Estado actual del movimiento:1
Estado actual del movimiento:1
Estado actual del movimiento:1
Estado actual del movimiento:1
Estado actual del movimiento:1
Estado actual del movimiento:1
Estado actual del movimiento:1
Estado actual del movimiento:1
Estado actual del movimiento:1
Estado actual del movimiento:1
Estado actual del movimiento:1
Estado actual del movimiento:1
Estado actual del movimiento:1
Estado actual del movimiento:1
Estado actual del movimiento:1
Estado actual del movimiento:1
Estado actual del movimiento:1
Estado actual del movimiento:1
Estado actual del movimiento:1
Estado actual del movimiento:1
Estado actual del movimiento:1
Estado actual del movimiento:1
Estado actual del movimiento:1
Estado actual del movimiento:1
Estado actual del movimiento:1
Estado actual del movimiento:1
Estado actual del movimiento:1
Estado actual del movimiento:1
Estado actual del movimiento:1
Estado actual del movimiento:1
Estado actual del movimiento:1
Estado actual del movimiento:1
Estado actual del movimiento:1
Estado actual del movimiento:1
Estado actual del movimiento:1
Estado actual del movimiento:1
Estado actual del movimiento:1
Estado actual del movimiento:1
Estado actual del movimiento:1
Estado actual del movimiento:1
Estado actual del movimiento:1
Estado actual del movimiento:1
Estado actual del movimiento:1
Estado actual del movimiento:1
Estado actual del movimiento:1
Estado actual del movimiento:1
Estado actual del movimiento:1
Estado actual del movimiento:1
Estado actual del movimiento:1
Estado actual del movimiento:1
Estado actual del movimiento:1
Estado actual del movimiento:1
Estado actual del movimiento:1
Estado actual del movimiento:1
Estado actual del movimiento:1
Estado actual del movimiento:1
Estado actual del movimiento:1
Estado actual del movimiento:1
Estado actual del movimiento:1
Estado actual del movimiento:1
Estado actual del movimiento:1
Estado actual del movimiento:1
Estado actual del movimiento:1
Estado actual del movimiento:1
Estado actual del movimiento:1
Estado actual del movimiento:1
Estado actual del movimiento:1
Estado actual del movimiento:1
Estado actual del movimiento:1
Estado actual del movimiento:1
Estado actual del movimiento:1
Estado actual del movimiento:1
Estado actual del movimiento:1
Estado actual del movimiento:1
Estado actual del movimiento:1
Estado actual del movimiento:1
Estado actual del movimiento:1
Estado actual del movimiento:1
Estado actual del movimiento:1
Estado actual del movimiento:1
Estado actual del movimiento:1
Estado actual del movimiento:1
Estado actual del movimiento:1
Estado actual del movimiento:1
Estado actual del movimiento:1
Estado actual del movimiento:1
Estado actual del movimiento:1
Estado actual del movimiento:1
Estado actual del movimiento:1
Estado actual del movimiento:1
Estado actual del movimiento:1
Estado actual del movimiento:1
Estado actual del movimiento:1
Estado actual del movimiento:1
Estado actual del movimiento:1
Estado actual del movimiento:1
parado de grabar 100 frames despues y subiendo video:1_2022-10-26_10:33:11.141196.avi ...
Sigue habiendo movimiento despues de subir el video..
Estado actual del movimiento:1
Grabando primera...
Estado actual del movimiento:1
Estado actual del movimiento:1
Estado actual del movimiento:1
Estado actual del movimiento:1
Estado actual del movimiento:1
Estado actual del movimiento:1
Estado actual del movimiento:1
Estado actual del movimiento:1
Estado actual del movimiento:1
Estado actual del movimiento:1
Estado actual del movimiento:1
Estado actual del movimiento:1
Estado actual del movimiento:1
Estado actual del movimiento:1
Estado actual del movimiento:1
Estado actual del movimiento:1
Estado actual del movimiento:1
Estado actual del movimiento:1
Estado actual del movimiento:1
Estado actual del movimiento:1
Estado actual del movimiento:1
Estado actual del movimiento:1
Estado actual del movimiento:1
Estado actual del movimiento:1
Estado actual del movimiento:1
Estado actual del movimiento:1
Estado actual del movimiento:1
Estado actual del movimiento:1
Estado actual del movimiento:1
Estado actual del movimiento:1
Estado actual del movimiento:1
Estado actual del movimiento:1
Estado actual del movimiento:1
Estado actual del movimiento:1
Estado actual del movimiento:1
Estado actual del movimiento:1
Estado actual del movimiento:1
Estado actual del movimiento:1
Estado actual del movimiento:1
Estado actual del movimiento:1
Estado actual del movimiento:1
Estado actual del movimiento:1
Estado actual del movimiento:1
Estado actual del movimiento:1
Estado actual del movimiento:1
Estado actual del movimiento:1
Estado actual del movimiento:1
Estado actual del movimiento:1
Estado actual del movimiento:1
Estado actual del movimiento:1
Estado actual del movimiento:1
Estado actual del movimiento:1
Estado actual del movimiento:1
Estado actual del movimiento:1
Estado actual del movimiento:1
Estado actual del movimiento:1
Estado actual del movimiento:1
Estado actual del movimiento:1
Estado actual del movimiento:1
Estado actual del movimiento:1
Estado actual del movimiento:1
Estado actual del movimiento:1
Estado actual del movimiento:1
Estado actual del movimiento:1
Estado actual del movimiento:1
Estado actual del movimiento:1
Estado actual del movimiento:1
Estado actual del movimiento:1
Estado actual del movimiento:1
Estado actual del movimiento:1
Estado actual del movimiento:1
Estado actual del movimiento:1
Estado actual del movimiento:1
Estado actual del movimiento:1
Estado actual del movimiento:1
Estado actual del movimiento:1
Estado actual del movimiento:1
Estado actual del movimiento:1
Estado actual del movimiento:1
Estado actual del movimiento:1
Estado actual del movimiento:1
Estado actual del movimiento:1
Estado actual del movimiento:1
Estado actual del movimiento:1
Estado actual del movimiento:1
Estado actual del movimiento:1
Estado actual del movimiento:1
Estado actual del movimiento:1
Estado actual del movimiento:1
Estado actual del movimiento:1
Estado actual del movimiento:1
Estado actual del movimiento:1
Estado actual del movimiento:1
Estado actual del movimiento:1
Estado actual del movimiento:1
Estado actual del movimiento:1
Estado actual del movimiento:1
Estado actual del movimiento:1
Estado actual del movimiento:1
Estado actual del movimiento:1
Estado actual del movimiento:1
Estado actual del movimiento:1
Estado actual del movimiento:1
Estado actual del movimiento:1
Estado actual del movimiento:1
Estado actual del movimiento:1
Estado actual del movimiento:1
Estado actual del movimiento:1
Estado actual del movimiento:1
Estado actual del movimiento:1
Estado actual del movimiento:1
Estado actual del movimiento:1
Estado actual del movimiento:1
Estado actual del movimiento:1
Estado actual del movimiento:1
Estado actual del movimiento:1
Estado actual del movimiento:1
Estado actual del movimiento:1
Estado actual del movimiento:1
Estado actual del movimiento:1
Estado actual del movimiento:1
Estado actual del movimiento:1
Estado actual del movimiento:1
Estado actual del movimiento:1
Estado actual del movimiento:1
Estado actual del movimiento:1
Estado actual del movimiento:1
Estado actual del movimiento:1
Estado actual del movimiento:1
Estado actual del movimiento:1
Estado actual del movimiento:1
Estado actual del movimiento:1
Estado actual del movimiento:1
Estado actual del movimiento:1
Estado actual del movimiento:1
Estado actual del movimiento:1
Estado actual del movimiento:1
Estado actual del movimiento:1
Estado actual del movimiento:1
Estado actual del movimiento:1
Estado actual del movimiento:1
Estado actual del movimiento:1
Estado actual del movimiento:1
Estado actual del movimiento:1
Estado actual del movimiento:1
Estado actual del movimiento:1
Estado actual del movimiento:1
Estado actual del movimiento:1
Estado actual del movimiento:1
Estado actual del movimiento:1
Estado actual del movimiento:1
Estado actual del movimiento:1
Estado actual del movimiento:1
Estado actual del movimiento:1
Estado actual del movimiento:1
Estado actual del movimiento:1
Estado actual del movimiento:1
Estado actual del movimiento:1
Estado actual del movimiento:1
Estado actual del movimiento:1
Estado actual del movimiento:1
Estado actual del movimiento:1
Estado actual del movimiento:1
Estado actual del movimiento:1
Estado actual del movimiento:1
Estado actual del movimiento:1
Estado actual del movimiento:1
Estado actual del movimiento:1
Estado actual del movimiento:1
Estado actual del movimiento:1
Estado actual del movimiento:1
Estado actual del movimiento:1
Estado actual del movimiento:1
Estado actual del movimiento:1
Estado actual del movimiento:1
Estado actual del movimiento:1
Estado actual del movimiento:1
Estado actual del movimiento:1
Estado actual del movimiento:1
Estado actual del movimiento:1
Estado actual del movimiento:1
Estado actual del movimiento:1
Estado actual del movimiento:1
Estado actual del movimiento:1
Estado actual del movimiento:1
Estado actual del movimiento:1
Estado actual del movimiento:1
Estado actual del movimiento:1
Estado actual del movimiento:1
Estado actual del movimiento:1
Estado actual del movimiento:1
Estado actual del movimiento:1
Estado actual del movimiento:1
Estado actual del movimiento:1
Estado actual del movimiento:1
Estado actual del movimiento:1
Estado actual del movimiento:1
Estado actual del movimiento:1
Estado actual del movimiento:1
Estado actual del movimiento:1
Estado actual del movimiento:1
Estado actual del movimiento:1
Estado actual del movimiento:1
Estado actual del movimiento:1
Estado actual del movimiento:1
Estado actual del movimiento:1
Estado actual del movimiento:1
Estado actual del movimiento:1
Estado actual del movimiento:1
Estado actual del movimiento:1
Estado actual del movimiento:1
Estado actual del movimiento:1
Estado actual del movimiento:1
Estado actual del movimiento:1
Estado actual del movimiento:1
Estado actual del movimiento:1
Estado actual del movimiento:1
Estado actual del movimiento:1
Estado actual del movimiento:1
Estado actual del movimiento:1
Estado actual del movimiento:1
Estado actual del movimiento:1
Estado actual del movimiento:1
Estado actual del movimiento:1
Estado actual del movimiento:1
Estado actual del movimiento:1
Estado actual del movimiento:1
Estado actual del movimiento:1
Estado actual del movimiento:1
Estado actual del movimiento:1
Estado actual del movimiento:1
Estado actual del movimiento:1
Estado actual del movimiento:1
Estado actual del movimiento:1
Estado actual del movimiento:1
Estado actual del movimiento:1
Estado actual del movimiento:1
Estado actual del movimiento:1
Estado actual del movimiento:1
Estado actual del movimiento:1
Estado actual del movimiento:1
Estado actual del movimiento:1
Estado actual del movimiento:1
Estado actual del movimiento:1
Estado actual del movimiento:1
Estado actual del movimiento:1
Estado actual del movimiento:1
Estado actual del movimiento:1
Estado actual del movimiento:1
Estado actual del movimiento:1
Estado actual del movimiento:1
Estado actual del movimiento:1
Estado actual del movimiento:1
Estado actual del movimiento:1
Estado actual del movimiento:1
Estado actual del movimiento:1
Estado actual del movimiento:1
Estado actual del movimiento:1
Estado actual del movimiento:1
Estado actual del movimiento:1
Estado actual del movimiento:1
Estado actual del movimiento:1
Estado actual del movimiento:1
Estado actual del movimiento:1
Estado actual del movimiento:1
Estado actual del movimiento:1
Estado actual del movimiento:1
Estado actual del movimiento:1
Estado actual del movimiento:1
Estado actual del movimiento:1
Estado actual del movimiento:1
Estado actual del movimiento:1
Estado actual del movimiento:1
Estado actual del movimiento:1
Estado actual del movimiento:1
Estado actual del movimiento:1
Estado actual del movimiento:1
Estado actual del movimiento:1
Estado actual del movimiento:1
Estado actual del movimiento:1
Estado actual del movimiento:1
Estado actual del movimiento:1
Estado actual del movimiento:1
Estado actual del movimiento:1
Estado actual del movimiento:1
Estado actual del movimiento:1
Estado actual del movimiento:1
Estado actual del movimiento:1
Estado actual del movimiento:1
Estado actual del movimiento:1
Estado actual del movimiento:1
Estado actual del movimiento:1
Estado actual del movimiento:1
Estado actual del movimiento:1
Estado actual del movimiento:1
Estado actual del movimiento:1
Estado actual del movimiento:1
Estado actual del movimiento:1
Estado actual del movimiento:1
Estado actual del movimiento:1
Estado actual del movimiento:1
Estado actual del movimiento:1
FTP_SERVERreconocimien.vps.webdock.cloud
FTP_USERtestuser
FTP_PASSprueba123
URL_CONEXIONrtsp://admin:bakcAse4@172.16.51.223:554/cam/realmonitor?channel=1&subtype=0
LOCAL_ID1
CAMARA_ID1
Estado actual del movimiento:0
FTP_SERVERreconocimien.vps.webdock.cloud
FTP_USERtestuser
FTP_PASSprueba123
URL_CONEXIONrtsp://admin:bakcAse4@172.16.51.223:554/cam/realmonitor?channel=1&subtype=0
LOCAL_ID1
CAMARA_ID1
Estado actual del movimiento:0
Estado actual del movimiento:0
Estado actual del movimiento:0
Estado actual del movimiento:0
Estado actual del movimiento:0
Estado actual del movimiento:0
Estado actual del movimiento:0
Estado actual del movimiento:0
Estado actual del movimiento:0
Estado actual del movimiento:0
Estado actual del movimiento:0
Estado actual del movimiento:0
Estado actual del movimiento:1
Estado actual del movimiento:1
Estado actual del movimiento:1
Estado actual del movimiento:1
Estado actual del movimiento:1
Estado actual del movimiento:1
Estado actual del movimiento:1
Estado actual del movimiento:1
Estado actual del movimiento:1
Estado actual del movimiento:1
Estado actual del movimiento:1
Estado actual del movimiento:1
Estado actual del movimiento:1
Estado actual del movimiento:1
Estado actual del movimiento:1
Estado actual del movimiento:1
Estado actual del movimiento:1
Estado actual del movimiento:1
Estado actual del movimiento:1
Estado actual del movimiento:1
Estado actual del movimiento:1
Estado actual del movimiento:1
Estado actual del movimiento:1
Estado actual del movimiento:1
Detecto movimiento, empiezo a grabar...
Grabando primera...
Estado actual del movimiento:1
Estado actual del movimiento:1
Estado actual del movimiento:1
Estado actual del movimiento:1
Estado actual del movimiento:1
Estado actual del movimiento:1
Estado actual del movimiento:1
Estado actual del movimiento:1
Estado actual del movimiento:1
Estado actual del movimiento:1
Estado actual del movimiento:1
Estado actual del movimiento:1
Estado actual del movimiento:1
Estado actual del movimiento:1
Estado actual del movimiento:1
Estado actual del movimiento:1
Estado actual del movimiento:1
Estado actual del movimiento:1
Estado actual del movimiento:1
Estado actual del movimiento:1
Estado actual del movimiento:1
Estado actual del movimiento:1
Estado actual del movimiento:1
Estado actual del movimiento:1
Estado actual del movimiento:1
Estado actual del movimiento:1
Estado actual del movimiento:1
Estado actual del movimiento:1
Estado actual del movimiento:1
Estado actual del movimiento:1
Estado actual del movimiento:1
Estado actual del movimiento:1
Estado actual del movimiento:1
Estado actual del movimiento:1
Estado actual del movimiento:1
Estado actual del movimiento:1
Estado actual del movimiento:1
Estado actual del movimiento:1
Estado actual del movimiento:1
Estado actual del movimiento:1
Estado actual del movimiento:1
Estado actual del movimiento:1
Estado actual del movimiento:1
Estado actual del movimiento:1
Estado actual del movimiento:1
Estado actual del movimiento:1
Estado actual del movimiento:1
Estado actual del movimiento:1
Estado actual del movimiento:1
Estado actual del movimiento:1
Estado actual del movimiento:1
Estado actual del movimiento:1
Estado actual del movimiento:1
Estado actual del movimiento:1
Estado actual del movimiento:1
Estado actual del movimiento:1
Estado actual del movimiento:1
Estado actual del movimiento:1
Estado actual del movimiento:1
Estado actual del movimiento:1
Estado actual del movimiento:1
Estado actual del movimiento:1
Estado actual del movimiento:1
Estado actual del movimiento:1
Estado actual del movimiento:1
Estado actual del movimiento:1
Estado actual del movimiento:1
Estado actual del movimiento:1
Estado actual del movimiento:1
Estado actual del movimiento:1
Estado actual del movimiento:1
Estado actual del movimiento:1
Estado actual del movimiento:1
Estado actual del movimiento:1
Estado actual del movimiento:1
Estado actual del movimiento:1
Estado actual del movimiento:1
Estado actual del movimiento:1
Estado actual del movimiento:1
Estado actual del movimiento:1
Estado actual del movimiento:1
Estado actual del movimiento:1
Estado actual del movimiento:1
Estado actual del movimiento:1
Estado actual del movimiento:1
Estado actual del movimiento:1
Estado actual del movimiento:1
Estado actual del movimiento:1
Estado actual del movimiento:1
Estado actual del movimiento:1
Estado actual del movimiento:1
Estado actual del movimiento:1
Estado actual del movimiento:1
Estado actual del movimiento:1
Estado actual del movimiento:1
Estado actual del movimiento:1
Estado actual del movimiento:1
Estado actual del movimiento:1
Estado actual del movimiento:1
Estado actual del movimiento:1
Estado actual del movimiento:1
Estado actual del movimiento:1
Estado actual del movimiento:1
Estado actual del movimiento:1
Estado actual del movimiento:1
Estado actual del movimiento:1
Estado actual del movimiento:1
Estado actual del movimiento:1
Estado actual del movimiento:1
Estado actual del movimiento:1
Estado actual del movimiento:1
Estado actual del movimiento:1
Estado actual del movimiento:1
Estado actual del movimiento:1
Estado actual del movimiento:1
Estado actual del movimiento:1
Estado actual del movimiento:1
Estado actual del movimiento:1
Estado actual del movimiento:1
Estado actual del movimiento:1
Estado actual del movimiento:1
Estado actual del movimiento:1
Estado actual del movimiento:1
Estado actual del movimiento:1
Estado actual del movimiento:1
Estado actual del movimiento:1
Estado actual del movimiento:1
Estado actual del movimiento:1
Estado actual del movimiento:1
Estado actual del movimiento:1
Estado actual del movimiento:1
Estado actual del movimiento:1
Estado actual del movimiento:1
Estado actual del movimiento:1
Estado actual del movimiento:1
Estado actual del movimiento:1
Estado actual del movimiento:1
Estado actual del movimiento:1
Estado actual del movimiento:1
Estado actual del movimiento:1
Estado actual del movimiento:1
Estado actual del movimiento:1
Estado actual del movimiento:1
Estado actual del movimiento:1
Estado actual del movimiento:1
Estado actual del movimiento:1
Estado actual del movimiento:1
Estado actual del movimiento:1
Estado actual del movimiento:1
Estado actual del movimiento:1
Estado actual del movimiento:1
Estado actual del movimiento:1
Estado actual del movimiento:1
Estado actual del movimiento:1
Estado actual del movimiento:1
Estado actual del movimiento:1
Estado actual del movimiento:1
Estado actual del movimiento:1
Estado actual del movimiento:1
Estado actual del movimiento:1
Estado actual del movimiento:1
Estado actual del movimiento:1
Estado actual del movimiento:1
Estado actual del movimiento:1
Estado actual del movimiento:1
Estado actual del movimiento:1
Estado actual del movimiento:1
Estado actual del movimiento:1
Estado actual del movimiento:1
Estado actual del movimiento:1
Estado actual del movimiento:1
Estado actual del movimiento:1
Estado actual del movimiento:1
Estado actual del movimiento:1
Estado actual del movimiento:1
Estado actual del movimiento:1
Estado actual del movimiento:1
Estado actual del movimiento:1
Estado actual del movimiento:1
Estado actual del movimiento:1
Estado actual del movimiento:1
Estado actual del movimiento:1
Estado actual del movimiento:1
Estado actual del movimiento:1
Estado actual del movimiento:1
Estado actual del movimiento:1
Estado actual del movimiento:1
Estado actual del movimiento:1
Estado actual del movimiento:1
Estado actual del movimiento:1
Estado actual del movimiento:1
Estado actual del movimiento:1
Estado actual del movimiento:1
Estado actual del movimiento:1
Estado actual del movimiento:1
Estado actual del movimiento:1
Estado actual del movimiento:1
Estado actual del movimiento:1
Estado actual del movimiento:1
Estado actual del movimiento:1
Estado actual del movimiento:1
Estado actual del movimiento:1
Estado actual del movimiento:1
Estado actual del movimiento:1
Estado actual del movimiento:1
Estado actual del movimiento:1
Estado actual del movimiento:1
Estado actual del movimiento:1
Estado actual del movimiento:1
Estado actual del movimiento:1
Estado actual del movimiento:1
Estado actual del movimiento:1
Estado actual del movimiento:1
Estado actual del movimiento:1
Estado actual del movimiento:1
Estado actual del movimiento:1
Estado actual del movimiento:1
Estado actual del movimiento:1
Estado actual del movimiento:1
Estado actual del movimiento:1
Estado actual del movimiento:1
Estado actual del movimiento:1
Estado actual del movimiento:1
Estado actual del movimiento:1
Estado actual del movimiento:1
Estado actual del movimiento:1
Estado actual del movimiento:1
Estado actual del movimiento:1
Estado actual del movimiento:1
Estado actual del movimiento:1
Estado actual del movimiento:1
Estado actual del movimiento:1
Estado actual del movimiento:1
Estado actual del movimiento:1
Estado actual del movimiento:1
Estado actual del movimiento:1
Estado actual del movimiento:1
Estado actual del movimiento:1
Estado actual del movimiento:1
Estado actual del movimiento:1
Estado actual del movimiento:1
Estado actual del movimiento:1
Estado actual del movimiento:1
Estado actual del movimiento:1
Estado actual del movimiento:1
Estado actual del movimiento:1
Estado actual del movimiento:1
Estado actual del movimiento:1
Estado actual del movimiento:1
Estado actual del movimiento:1
Estado actual del movimiento:1
Estado actual del movimiento:1
Estado actual del movimiento:1
Estado actual del movimiento:1
Estado actual del movimiento:1
Estado actual del movimiento:1
Estado actual del movimiento:1
Estado actual del movimiento:1
Estado actual del movimiento:1
Estado actual del movimiento:1
Estado actual del movimiento:1
Estado actual del movimiento:1
Estado actual del movimiento:1
Estado actual del movimiento:1
Estado actual del movimiento:1
Estado actual del movimiento:1
Estado actual del movimiento:1
Estado actual del movimiento:1
Estado actual del movimiento:1
Estado actual del movimiento:1
Estado actual del movimiento:1
Estado actual del movimiento:1
Estado actual del movimiento:1
Estado actual del movimiento:1
Estado actual del movimiento:1
Estado actual del movimiento:1
Estado actual del movimiento:1
Estado actual del movimiento:1
Estado actual del movimiento:1
Estado actual del movimiento:1
Estado actual del movimiento:1
Estado actual del movimiento:1
Estado actual del movimiento:1
Estado actual del movimiento:1
Estado actual del movimiento:1
Estado actual del movimiento:1
Estado actual del movimiento:1
Estado actual del movimiento:1
Estado actual del movimiento:1
Estado actual del movimiento:1
Estado actual del movimiento:1
Estado actual del movimiento:1
Estado actual del movimiento:1
Estado actual del movimiento:1
Estado actual del movimiento:1
Estado actual del movimiento:1
Estado actual del movimiento:1
Estado actual del movimiento:1
Estado actual del movimiento:1
Estado actual del movimiento:1
Estado actual del movimiento:1
Estado actual del movimiento:1
Estado actual del movimiento:1
Estado actual del movimiento:1
Estado actual del movimiento:1
Estado actual del movimiento:1
Estado actual del movimiento:1
Estado actual del movimiento:1
Estado actual del movimiento:1
Estado actual del movimiento:1
Estado actual del movimiento:1
Estado actual del movimiento:1
Estado actual del movimiento:1
Estado actual del movimiento:1
Estado actual del movimiento:1
Estado actual del movimiento:1
Estado actual del movimiento:1
Estado actual del movimiento:1
Estado actual del movimiento:1
Estado actual del movimiento:1
Estado actual del movimiento:1
Estado actual del movimiento:1
Estado actual del movimiento:1
Estado actual del movimiento:1
Estado actual del movimiento:1
Estado actual del movimiento:1
Estado actual del movimiento:1
Estado actual del movimiento:1
Estado actual del movimiento:1
Estado actual del movimiento:1
Estado actual del movimiento:1
Estado actual del movimiento:1
Estado actual del movimiento:1
Estado actual del movimiento:1
Estado actual del movimiento:1
Estado actual del movimiento:1
Estado actual del movimiento:1
Estado actual del movimiento:1
Estado actual del movimiento:1
Estado actual del movimiento:1
Estado actual del movimiento:1
Estado actual del movimiento:1
Estado actual del movimiento:1
Estado actual del movimiento:1
Estado actual del movimiento:1
Estado actual del movimiento:1
Estado actual del movimiento:1
Estado actual del movimiento:1
Estado actual del movimiento:1
Estado actual del movimiento:1
Estado actual del movimiento:1
Estado actual del movimiento:1
Estado actual del movimiento:1
Estado actual del movimiento:1
Estado actual del movimiento:1
Estado actual del movimiento:1
Estado actual del movimiento:1
Estado actual del movimiento:1
Estado actual del movimiento:1
Estado actual del movimiento:1
Estado actual del movimiento:1
Estado actual del movimiento:1
Estado actual del movimiento:1
Estado actual del movimiento:1
Estado actual del movimiento:1
Estado actual del movimiento:1
Estado actual del movimiento:1
Estado actual del movimiento:1
Estado actual del movimiento:1
Estado actual del movimiento:1
Estado actual del movimiento:1
Estado actual del movimiento:1
Estado actual del movimiento:1
Estado actual del movimiento:1
Estado actual del movimiento:1
Estado actual del movimiento:1
Estado actual del movimiento:1
Estado actual del movimiento:1
Estado actual del movimiento:1
Estado actual del movimiento:1
Estado actual del movimiento:1
Estado actual del movimiento:1
Estado actual del movimiento:1
Estado actual del movimiento:1
Estado actual del movimiento:1
Estado actual del movimiento:1
Estado actual del movimiento:1
Estado actual del movimiento:1
Estado actual del movimiento:1
Estado actual del movimiento:1
Estado actual del movimiento:1
Estado actual del movimiento:1
Estado actual del movimiento:1
Estado actual del movimiento:1
Estado actual del movimiento:1
Estado actual del movimiento:1
Estado actual del movimiento:1
Estado actual del movimiento:1
Estado actual del movimiento:1
Estado actual del movimiento:1
Estado actual del movimiento:1
Estado actual del movimiento:1
Estado actual del movimiento:1
Estado actual del movimiento:1
Estado actual del movimiento:1
Estado actual del movimiento:1
Estado actual del movimiento:1
Estado actual del movimiento:1
Estado actual del movimiento:1
Estado actual del movimiento:1
Estado actual del movimiento:1
Estado actual del movimiento:1
Estado actual del movimiento:1
Estado actual del movimiento:1
Estado actual del movimiento:1
Estado actual del movimiento:1
Estado actual del movimiento:1
Estado actual del movimiento:1
Estado actual del movimiento:1
Estado actual del movimiento:1
Estado actual del movimiento:1
Estado actual del movimiento:1
Estado actual del movimiento:1
Estado actual del movimiento:1
Estado actual del movimiento:1
Estado actual del movimiento:1
Estado actual del movimiento:1
Estado actual del movimiento:1
Estado actual del movimiento:1
Estado actual del movimiento:1
Estado actual del movimiento:1
Estado actual del movimiento:1
Estado actual del movimiento:1
Estado actual del movimiento:1
Estado actual del movimiento:1
Estado actual del movimiento:1
Estado actual del movimiento:1
Estado actual del movimiento:1
Estado actual del movimiento:1
Estado actual del movimiento:1
Estado actual del movimiento:1
Estado actual del movimiento:1
Estado actual del movimiento:1
Estado actual del movimiento:1
Estado actual del movimiento:1
Estado actual del movimiento:1
Estado actual del movimiento:1
Estado actual del movimiento:1
Estado actual del movimiento:1
Estado actual del movimiento:1
Estado actual del movimiento:1
Estado actual del movimiento:1
Estado actual del movimiento:1
Estado actual del movimiento:1
Estado actual del movimiento:1
Estado actual del movimiento:1
Estado actual del movimiento:1
Estado actual del movimiento:1
Estado actual del movimiento:1
Estado actual del movimiento:1
Estado actual del movimiento:1
Estado actual del movimiento:1
Estado actual del movimiento:1
Estado actual del movimiento:1
Estado actual del movimiento:1
Estado actual del movimiento:1
Estado actual del movimiento:1
Estado actual del movimiento:1
Estado actual del movimiento:1
Estado actual del movimiento:1
Estado actual del movimiento:1
Estado actual del movimiento:1
Estado actual del movimiento:1
Estado actual del movimiento:1
Estado actual del movimiento:1
Estado actual del movimiento:1
Estado actual del movimiento:1
Estado actual del movimiento:1
Estado actual del movimiento:1
Estado actual del movimiento:1
Estado actual del movimiento:1
Estado actual del movimiento:1
Estado actual del movimiento:1
Estado actual del movimiento:1
Estado actual del movimiento:1
Estado actual del movimiento:1
Estado actual del movimiento:1
Estado actual del movimiento:1
Estado actual del movimiento:1
Estado actual del movimiento:1
Estado actual del movimiento:1
Estado actual del movimiento:1
Estado actual del movimiento:1
Estado actual del movimiento:1
Estado actual del movimiento:1
Estado actual del movimiento:1
Estado actual del movimiento:1
Estado actual del movimiento:1
Estado actual del movimiento:1
Estado actual del movimiento:1
Estado actual del movimiento:1
Estado actual del movimiento:1
Estado actual del movimiento:1
Estado actual del movimiento:1
Estado actual del movimiento:1
Estado actual del movimiento:1
Estado actual del movimiento:1
Estado actual del movimiento:1
Estado actual del movimiento:1
Estado actual del movimiento:1
Estado actual del movimiento:1
Estado actual del movimiento:1
Estado actual del movimiento:1
Estado actual del movimiento:1
Estado actual del movimiento:1
Estado actual del movimiento:1
Estado actual del movimiento:1
Estado actual del movimiento:1
Estado actual del movimiento:1
Estado actual del movimiento:1
Estado actual del movimiento:1
Estado actual del movimiento:1
Estado actual del movimiento:1
Estado actual del movimiento:1
Estado actual del movimiento:1
Estado actual del movimiento:1
Estado actual del movimiento:1
Estado actual del movimiento:1
Estado actual del movimiento:1
Estado actual del movimiento:1
Estado actual del movimiento:1
Estado actual del movimiento:1
Estado actual del movimiento:1
Estado actual del movimiento:1
Estado actual del movimiento:1
Estado actual del movimiento:1
Estado actual del movimiento:1
Estado actual del movimiento:1
Estado actual del movimiento:1
Estado actual del movimiento:1
Estado actual del movimiento:1
Estado actual del movimiento:1
Estado actual del movimiento:1
Estado actual del movimiento:1
Estado actual del movimiento:1
Estado actual del movimiento:1
Estado actual del movimiento:1
Estado actual del movimiento:1
Estado actual del movimiento:1
Estado actual del movimiento:1
Estado actual del movimiento:1
Estado actual del movimiento:1
Estado actual del movimiento:1
Estado actual del movimiento:1
Estado actual del movimiento:1
Estado actual del movimiento:1
Estado actual del movimiento:1
Estado actual del movimiento:1
Estado actual del movimiento:1
Estado actual del movimiento:1
Estado actual del movimiento:1
Estado actual del movimiento:1
Estado actual del movimiento:1
Estado actual del movimiento:1
Estado actual del movimiento:1
Estado actual del movimiento:1
Estado actual del movimiento:1
Estado actual del movimiento:1
Estado actual del movimiento:1
Estado actual del movimiento:1
Estado actual del movimiento:1
Estado actual del movimiento:1
Estado actual del movimiento:1
Estado actual del movimiento:1
Estado actual del movimiento:1
Estado actual del movimiento:1
Estado actual del movimiento:1
Estado actual del movimiento:1
Estado actual del movimiento:1
Estado actual del movimiento:1
Estado actual del movimiento:1
Estado actual del movimiento:1
Estado actual del movimiento:1
Estado actual del movimiento:1
Estado actual del movimiento:1
Estado actual del movimiento:1
Estado actual del movimiento:1
Estado actual del movimiento:1
Estado actual del movimiento:1
Estado actual del movimiento:1
Estado actual del movimiento:1
Estado actual del movimiento:1
Estado actual del movimiento:1
Estado actual del movimiento:1
Estado actual del movimiento:1
Estado actual del movimiento:1
Estado actual del movimiento:1
Estado actual del movimiento:1
Estado actual del movimiento:1
Estado actual del movimiento:1
Estado actual del movimiento:1
Estado actual del movimiento:1
Estado actual del movimiento:1
Estado actual del movimiento:1
Estado actual del movimiento:1
Estado actual del movimiento:1
Estado actual del movimiento:1
Estado actual del movimiento:1
Estado actual del movimiento:1
Estado actual del movimiento:1
Estado actual del movimiento:1
Estado actual del movimiento:1
Estado actual del movimiento:1
Estado actual del movimiento:1
Estado actual del movimiento:1
Estado actual del movimiento:1
Estado actual del movimiento:1
Estado actual del movimiento:1
Estado actual del movimiento:1
Estado actual del movimiento:1
Estado actual del movimiento:1
Estado actual del movimiento:1
Estado actual del movimiento:1
Estado actual del movimiento:1
Estado actual del movimiento:1
Estado actual del movimiento:1
Estado actual del movimiento:1
Estado actual del movimiento:1
Estado actual del movimiento:1
Estado actual del movimiento:1
Estado actual del movimiento:1
Estado actual del movimiento:1
Estado actual del movimiento:1
Estado actual del movimiento:1
Estado actual del movimiento:1
Estado actual del movimiento:1
Estado actual del movimiento:1
Estado actual del movimiento:1
Estado actual del movimiento:1
Estado actual del movimiento:1
Estado actual del movimiento:1
Estado actual del movimiento:1
Estado actual del movimiento:1
Estado actual del movimiento:1
parado de grabar 100 frames despues y subiendo video:1_2022-10-31_12:34:19.902076.avi ...
Sigue habiendo movimiento despues de subir el video..
Estado actual del movimiento:1
Grabando primera...
Estado actual del movimiento:1
Estado actual del movimiento:1
Estado actual del movimiento:1
Estado actual del movimiento:1
Estado actual del movimiento:1
Estado actual del movimiento:1
Estado actual del movimiento:1
Estado actual del movimiento:1
Estado actual del movimiento:1
Estado actual del movimiento:1
Estado actual del movimiento:1
Estado actual del movimiento:1
Estado actual del movimiento:1
Estado actual del movimiento:1
Estado actual del movimiento:1
Estado actual del movimiento:1
Estado actual del movimiento:1
Estado actual del movimiento:1
Estado actual del movimiento:1
Estado actual del movimiento:1
Estado actual del movimiento:1
Estado actual del movimiento:1
Estado actual del movimiento:1
Estado actual del movimiento:1
Estado actual del movimiento:1
Estado actual del movimiento:1
Estado actual del movimiento:1
Estado actual del movimiento:1
Estado actual del movimiento:1
Estado actual del movimiento:1
Estado actual del movimiento:1
Estado actual del movimiento:1
Estado actual del movimiento:1
Estado actual del movimiento:1
Estado actual del movimiento:1
Estado actual del movimiento:1
Estado actual del movimiento:1
Estado actual del movimiento:1
Estado actual del movimiento:1
Estado actual del movimiento:1
Estado actual del movimiento:1
Estado actual del movimiento:1
Estado actual del movimiento:1
Estado actual del movimiento:1
Estado actual del movimiento:1
Estado actual del movimiento:1
Estado actual del movimiento:1
Estado actual del movimiento:1
Estado actual del movimiento:1
Estado actual del movimiento:1
Estado actual del movimiento:1
Estado actual del movimiento:1
Estado actual del movimiento:1
Estado actual del movimiento:1
Estado actual del movimiento:1
Estado actual del movimiento:1
Estado actual del movimiento:1
Estado actual del movimiento:1
Estado actual del movimiento:1
Estado actual del movimiento:1
Estado actual del movimiento:1
Estado actual del movimiento:1
Estado actual del movimiento:1
Estado actual del movimiento:1
Estado actual del movimiento:1
Estado actual del movimiento:1
Estado actual del movimiento:1
Estado actual del movimiento:1
Estado actual del movimiento:1
Estado actual del movimiento:1
Estado actual del movimiento:1
Estado actual del movimiento:1
Estado actual del movimiento:1
Estado actual del movimiento:1
Estado actual del movimiento:1
Estado actual del movimiento:1
Estado actual del movimiento:1
Estado actual del movimiento:1
Estado actual del movimiento:1
FTP_SERVERreconocimien.vps.webdock.cloud
FTP_USERtestuser
FTP_PASSprueba123
URL_CONEXIONrtsp://admin:bakcAse4@172.16.51.52:554/cam/realmonitor?channel=1&subtype=0
LOCAL_ID1
CAMARA_ID1
Estado actual del movimiento:0
Estado actual del movimiento:1
Estado actual del movimiento:1
Estado actual del movimiento:1
Estado actual del movimiento:1
Estado actual del movimiento:1
Estado actual del movimiento:1
Estado actual del movimiento:0
Estado actual del movimiento:0
Estado actual del movimiento:0
Estado actual del movimiento:1
Estado actual del movimiento:1
Estado actual del movimiento:1
Estado actual del movimiento:1
Estado actual del movimiento:1
Estado actual del movimiento:1
Estado actual del movimiento:1
Estado actual del movimiento:1
Estado actual del movimiento:1
Estado actual del movimiento:1
Estado actual del movimiento:1
Estado actual del movimiento:1
Estado actual del movimiento:1
Estado actual del movimiento:1
Estado actual del movimiento:1
Estado actual del movimiento:1
Estado actual del movimiento:1
Estado actual del movimiento:1
Detecto movimiento, empiezo a grabar...
Grabando primera...
Estado actual del movimiento:1
Estado actual del movimiento:1
Estado actual del movimiento:1
Estado actual del movimiento:1
Estado actual del movimiento:1
Estado actual del movimiento:1
Estado actual del movimiento:1
Estado actual del movimiento:1
Estado actual del movimiento:1
Estado actual del movimiento:1
Estado actual del movimiento:1
Estado actual del movimiento:1
Estado actual del movimiento:1
Estado actual del movimiento:1
Estado actual del movimiento:1
Estado actual del movimiento:1
Estado actual del movimiento:1
Estado actual del movimiento:1
Estado actual del movimiento:1
Estado actual del movimiento:1
Estado actual del movimiento:1
Estado actual del movimiento:1
Estado actual del movimiento:1
Estado actual del movimiento:1
Estado actual del movimiento:1
Estado actual del movimiento:1
Estado actual del movimiento:1
Estado actual del movimiento:1
Estado actual del movimiento:1
Estado actual del movimiento:1
Estado actual del movimiento:1
Estado actual del movimiento:1
Estado actual del movimiento:1
Estado actual del movimiento:1
Estado actual del movimiento:1
Estado actual del movimiento:1
Estado actual del movimiento:1
Estado actual del movimiento:1
Estado actual del movimiento:1
Estado actual del movimiento:1
Estado actual del movimiento:1
Estado actual del movimiento:1
Estado actual del movimiento:1
Estado actual del movimiento:1
Estado actual del movimiento:1
Estado actual del movimiento:1
Estado actual del movimiento:1
Estado actual del movimiento:1
Estado actual del movimiento:1
Estado actual del movimiento:1
Estado actual del movimiento:1
Estado actual del movimiento:1
Estado actual del movimiento:1
Estado actual del movimiento:1
Estado actual del movimiento:1
Estado actual del movimiento:1
Estado actual del movimiento:1
Estado actual del movimiento:1
Estado actual del movimiento:1
Estado actual del movimiento:1
Estado actual del movimiento:1
Estado actual del movimiento:1
Estado actual del movimiento:1
Estado actual del movimiento:1
Estado actual del movimiento:1
Estado actual del movimiento:1
FTP_SERVERreconocimien.vps.webdock.cloud
FTP_USERtestuser
FTP_PASSprueba123
URL_CONEXIONrtsp://admin:bakcAse4@172.16.51.52:554/cam/realmonitor?channel=1&subtype=0
LOCAL_ID1
CAMARA_ID1
Estado actual del movimiento:0
Estado actual del movimiento:0
Estado actual del movimiento:0
Estado actual del movimiento:0
Estado actual del movimiento:0
Estado actual del movimiento:0
Estado actual del movimiento:0
Estado actual del movimiento:0
Estado actual del movimiento:0
Estado actual del movimiento:0
Estado actual del movimiento:0
Estado actual del movimiento:0
Estado actual del movimiento:0
Estado actual del movimiento:0
Estado actual del movimiento:0
Estado actual del movimiento:0
Estado actual del movimiento:0
Estado actual del movimiento:0
Estado actual del movimiento:0
Estado actual del movimiento:0
Estado actual del movimiento:0
Estado actual del movimiento:0
Estado actual del movimiento:0
Estado actual del movimiento:0
Estado actual del movimiento:0
Estado actual del movimiento:0
Estado actual del movimiento:0
Estado actual del movimiento:0
Estado actual del movimiento:0
Estado actual del movimiento:0
Estado actual del movimiento:0
Estado actual del movimiento:0
Estado actual del movimiento:0
Estado actual del movimiento:0
Estado actual del movimiento:0
Estado actual del movimiento:0
Estado actual del movimiento:0
Estado actual del movimiento:0
Estado actual del movimiento:0
Estado actual del movimiento:0
Estado actual del movimiento:0
Estado actual del movimiento:0
Estado actual del movimiento:0
Estado actual del movimiento:1
Estado actual del movimiento:1
Estado actual del movimiento:1
Estado actual del movimiento:1
Estado actual del movimiento:1
Estado actual del movimiento:1
Estado actual del movimiento:1
Estado actual del movimiento:1
Estado actual del movimiento:0
Estado actual del movimiento:0
Estado actual del movimiento:0
Estado actual del movimiento:0
Estado actual del movimiento:0
Estado actual del movimiento:0
Estado actual del movimiento:0
Estado actual del movimiento:0
Estado actual del movimiento:0
Estado actual del movimiento:0
Estado actual del movimiento:0
Estado actual del movimiento:0
Estado actual del movimiento:1
Estado actual del movimiento:1
Estado actual del movimiento:1
Estado actual del movimiento:1
Estado actual del movimiento:1
Estado actual del movimiento:1
Estado actual del movimiento:1
Estado actual del movimiento:1
Estado actual del movimiento:1
Estado actual del movimiento:1
Estado actual del movimiento:1
Estado actual del movimiento:1
Estado actual del movimiento:1
Estado actual del movimiento:1
Estado actual del movimiento:1
Estado actual del movimiento:1
Estado actual del movimiento:1
Estado actual del movimiento:1
Estado actual del movimiento:1
Estado actual del movimiento:1
Estado actual del movimiento:1
Estado actual del movimiento:1
Estado actual del movimiento:1
Estado actual del movimiento:1
Detecto movimiento, empiezo a grabar...
Grabando primera...
Estado actual del movimiento:1
Estado actual del movimiento:1
Estado actual del movimiento:1
Estado actual del movimiento:1
Estado actual del movimiento:1
Estado actual del movimiento:1
Estado actual del movimiento:1
Estado actual del movimiento:1
Estado actual del movimiento:1
Estado actual del movimiento:1
Estado actual del movimiento:1
Estado actual del movimiento:1
Estado actual del movimiento:1
Estado actual del movimiento:1
Estado actual del movimiento:1
Estado actual del movimiento:1
Estado actual del movimiento:0
Estado actual del movimiento:0
Estado actual del movimiento:0
Estado actual del movimiento:0
Estado actual del movimiento:0
Estado actual del movimiento:0
Estado actual del movimiento:0
Estado actual del movimiento:0
Estado actual del movimiento:0
Estado actual del movimiento:0
Estado actual del movimiento:0
Estado actual del movimiento:0
Estado actual del movimiento:0
Estado actual del movimiento:0
Estado actual del movimiento:0
Estado actual del movimiento:0
Estado actual del movimiento:1
Estado actual del movimiento:1
Estado actual del movimiento:1
Estado actual del movimiento:1
Estado actual del movimiento:1
Estado actual del movimiento:1
Estado actual del movimiento:1
Estado actual del movimiento:1
Estado actual del movimiento:1
Estado actual del movimiento:1
Estado actual del movimiento:1
Estado actual del movimiento:1
Estado actual del movimiento:1
Estado actual del movimiento:1
Estado actual del movimiento:1
Estado actual del movimiento:1
Estado actual del movimiento:1
FTP_SERVERreconocimien.vps.webdock.cloud
FTP_USERtestuser
FTP_PASSprueba123
URL_CONEXIONrtsp://admin:bakcAse4@172.16.51.52:554/cam/realmonitor?channel=1&subtype=0
LOCAL_ID1
CAMARA_ID1
Estado actual del movimiento:0
Estado actual del movimiento:0
Estado actual del movimiento:0
Estado actual del movimiento:0
Estado actual del movimiento:0
Estado actual del movimiento:1
Estado actual del movimiento:1
Estado actual del movimiento:1
Estado actual del movimiento:1
Estado actual del movimiento:1
Estado actual del movimiento:1
Estado actual del movimiento:1
Estado actual del movimiento:1
Estado actual del movimiento:1
Estado actual del movimiento:1
Estado actual del movimiento:1
Estado actual del movimiento:1
Estado actual del movimiento:1
Estado actual del movimiento:1
Estado actual del movimiento:1
Estado actual del movimiento:1
Estado actual del movimiento:1
Estado actual del movimiento:1
Estado actual del movimiento:1
Estado actual del movimiento:1
Estado actual del movimiento:1
Estado actual del movimiento:1
Estado actual del movimiento:1
Estado actual del movimiento:1
Detecto movimiento, empiezo a grabar...
Grabando primera...
Estado actual del movimiento:1
Estado actual del movimiento:1
Estado actual del movimiento:1
Estado actual del movimiento:1
Estado actual del movimiento:1
Estado actual del movimiento:1
Estado actual del movimiento:1
Estado actual del movimiento:1
Estado actual del movimiento:1
Estado actual del movimiento:1
Estado actual del movimiento:1
Estado actual del movimiento:1
Estado actual del movimiento:1
Estado actual del movimiento:1
Estado actual del movimiento:1
Estado actual del movimiento:1
Estado actual del movimiento:1
Estado actual del movimiento:1
Estado actual del movimiento:1
Estado actual del movimiento:1
Estado actual del movimiento:1
Estado actual del movimiento:1
Estado actual del movimiento:1
Estado actual del movimiento:1
Estado actual del movimiento:1
Estado actual del movimiento:1
Estado actual del movimiento:1
Estado actual del movimiento:1
Estado actual del movimiento:1
Estado actual del movimiento:1
Estado actual del movimiento:1
Estado actual del movimiento:1
Estado actual del movimiento:1
Estado actual del movimiento:1
Estado actual del movimiento:1
Estado actual del movimiento:1
Estado actual del movimiento:1
Estado actual del movimiento:1
Estado actual del movimiento:1
Estado actual del movimiento:1
Estado actual del movimiento:1
Estado actual del movimiento:1
Estado actual del movimiento:1
Estado actual del movimiento:1
Estado actual del movimiento:1
Estado actual del movimiento:1
Estado actual del movimiento:1
Estado actual del movimiento:1
Estado actual del movimiento:1
Estado actual del movimiento:1
Estado actual del movimiento:1
Estado actual del movimiento:1
Estado actual del movimiento:1
Estado actual del movimiento:1
Estado actual del movimiento:1
Estado actual del movimiento:1
Estado actual del movimiento:1
Estado actual del movimiento:1
Estado actual del movimiento:1
Estado actual del movimiento:1
Estado actual del movimiento:1
Estado actual del movimiento:1
Estado actual del movimiento:1
Estado actual del movimiento:1
Estado actual del movimiento:1
Estado actual del movimiento:1
Estado actual del movimiento:1
Estado actual del movimiento:1
Estado actual del movimiento:1
Estado actual del movimiento:1
Estado actual del movimiento:1
Estado actual del movimiento:1
Estado actual del movimiento:1
Estado actual del movimiento:1
Estado actual del movimiento:1
Estado actual del movimiento:0
Estado actual del movimiento:1
Estado actual del movimiento:1
Estado actual del movimiento:1
Estado actual del movimiento:1
Estado actual del movimiento:1
Estado actual del movimiento:1
Estado actual del movimiento:1
Estado actual del movimiento:1
Estado actual del movimiento:1
Estado actual del movimiento:1
Estado actual del movimiento:1
Estado actual del movimiento:1
Estado actual del movimiento:1
Estado actual del movimiento:1
Estado actual del movimiento:1
Estado actual del movimiento:1
Estado actual del movimiento:1
Estado actual del movimiento:1
Estado actual del movimiento:1
Estado actual del movimiento:1
Estado actual del movimiento:1
Estado actual del movimiento:1
Estado actual del movimiento:1
Estado actual del movimiento:1
Estado actual del movimiento:1
Estado actual del movimiento:1
Estado actual del movimiento:1
Estado actual del movimiento:1
Estado actual del movimiento:1
Estado actual del movimiento:1
Estado actual del movimiento:1
Estado actual del movimiento:1
Estado actual del movimiento:1
Estado actual del movimiento:1
Estado actual del movimiento:1
Estado actual del movimiento:1
Estado actual del movimiento:1
Estado actual del movimiento:1
Estado actual del movimiento:1
Estado actual del movimiento:1
Estado actual del movimiento:1
Estado actual del movimiento:1
Estado actual del movimiento:1
Estado actual del movimiento:1
Estado actual del movimiento:1
Estado actual del movimiento:1
Estado actual del movimiento:1
Estado actual del movimiento:1
Estado actual del movimiento:1
Estado actual del movimiento:1
Estado actual del movimiento:1
Estado actual del movimiento:1
Estado actual del movimiento:1
Estado actual del movimiento:1
Estado actual del movimiento:1
Estado actual del movimiento:1
Estado actual del movimiento:1
Estado actual del movimiento:1
Estado actual del movimiento:1
Estado actual del movimiento:1
Estado actual del movimiento:1
Estado actual del movimiento:1
Estado actual del movimiento:1
Estado actual del movimiento:1
Estado actual del movimiento:1
Estado actual del movimiento:0
Estado actual del movimiento:0
Estado actual del movimiento:1
Estado actual del movimiento:1
Estado actual del movimiento:1
Estado actual del movimiento:1
Estado actual del movimiento:1
Estado actual del movimiento:1
Estado actual del movimiento:1
Estado actual del movimiento:1
Estado actual del movimiento:1
Estado actual del movimiento:1
Estado actual del movimiento:1
Estado actual del movimiento:0
Estado actual del movimiento:0
Estado actual del movimiento:0
Estado actual del movimiento:0
Estado actual del movimiento:0
Estado actual del movimiento:0
Estado actual del movimiento:1
Estado actual del movimiento:1
Estado actual del movimiento:1
Estado actual del movimiento:1
Estado actual del movimiento:1
Estado actual del movimiento:1
Estado actual del movimiento:1
Estado actual del movimiento:1
Estado actual del movimiento:1
Estado actual del movimiento:1
Estado actual del movimiento:1
Estado actual del movimiento:1
Estado actual del movimiento:1
Estado actual del movimiento:1
Estado actual del movimiento:1
parado de grabar 100 frames despues y subiendo video:1_2022-10-31_12:39:44.365453.avi ...
Sigue habiendo movimiento despues de subir el video..
Estado actual del movimiento:1
Grabando primera...
Estado actual del movimiento:1
Estado actual del movimiento:1
Estado actual del movimiento:1
Estado actual del movimiento:1
FTP_SERVERreconocimien.vps.webdock.cloud
FTP_USERtestuser
FTP_PASSprueba123
URL_CONEXIONrtsp://admin:bakcAse4@172.16.51.52:554/cam/realmonitor?channel=1&subtype=0
LOCAL_ID1
CAMARA_ID1
FTP_SERVERreconocimien.vps.webdock.cloud
FTP_USERtestuser
FTP_PASSprueba123
URL_CONEXIONrtsp://admin:bakcAse4@172.16.51.52:554/cam/realmonitor?channel=1&subtype=0
LOCAL_ID1
CAMARA_ID1
Estado actual del movimiento:0
Estado actual del movimiento:0
Estado actual del movimiento:0
Estado actual del movimiento:0
Estado actual del movimiento:0
Estado actual del movimiento:0
Estado actual del movimiento:0
Estado actual del movimiento:0
Estado actual del movimiento:0
Estado actual del movimiento:0
Estado actual del movimiento:0
Estado actual del movimiento:0
Estado actual del movimiento:0
Estado actual del movimiento:0
Estado actual del movimiento:0
Estado actual del movimiento:0
Estado actual del movimiento:0
Estado actual del movimiento:0
Estado actual del movimiento:0
Estado actual del movimiento:0
Estado actual del movimiento:0
Estado actual del movimiento:0
Estado actual del movimiento:0
Estado actual del movimiento:0
Estado actual del movimiento:0
Estado actual del movimiento:0
Estado actual del movimiento:0
Estado actual del movimiento:0
Estado actual del movimiento:0
Estado actual del movimiento:0
Estado actual del movimiento:0
Estado actual del movimiento:0
Estado actual del movimiento:0
Estado actual del movimiento:0
Estado actual del movimiento:0
Estado actual del movimiento:0
Estado actual del movimiento:0
Estado actual del movimiento:0
Estado actual del movimiento:0
Estado actual del movimiento:0
Estado actual del movimiento:0
Estado actual del movimiento:0
Estado actual del movimiento:1
Estado actual del movimiento:1
Estado actual del movimiento:1
Estado actual del movimiento:1
Estado actual del movimiento:1
Estado actual del movimiento:1
Estado actual del movimiento:1
Estado actual del movimiento:1
Estado actual del movimiento:1
Estado actual del movimiento:1
Estado actual del movimiento:1
Estado actual del movimiento:1
Estado actual del movimiento:1
Estado actual del movimiento:1
Estado actual del movimiento:1
Estado actual del movimiento:1
Estado actual del movimiento:1
Estado actual del movimiento:1
Estado actual del movimiento:1
Estado actual del movimiento:1
Estado actual del movimiento:1
Estado actual del movimiento:1
Estado actual del movimiento:1
Estado actual del movimiento:1
Detecto movimiento, empiezo a grabar...
Grabando primera...
Estado actual del movimiento:1
Estado actual del movimiento:1
Estado actual del movimiento:1
Estado actual del movimiento:1
Estado actual del movimiento:1
Estado actual del movimiento:1
Estado actual del movimiento:1
Estado actual del movimiento:1
Estado actual del movimiento:1
Estado actual del movimiento:1
Estado actual del movimiento:1
Estado actual del movimiento:1
Estado actual del movimiento:1
Estado actual del movimiento:1
Estado actual del movimiento:1
Estado actual del movimiento:1
Estado actual del movimiento:1
Estado actual del movimiento:1
Estado actual del movimiento:1
Estado actual del movimiento:1
Estado actual del movimiento:1
Estado actual del movimiento:1
Estado actual del movimiento:1
Estado actual del movimiento:1
Estado actual del movimiento:1
Estado actual del movimiento:1
Estado actual del movimiento:1
Estado actual del movimiento:1
Estado actual del movimiento:1
Estado actual del movimiento:1
Estado actual del movimiento:1
Estado actual del movimiento:1
Estado actual del movimiento:1
Estado actual del movimiento:1
Estado actual del movimiento:1
Estado actual del movimiento:1
Estado actual del movimiento:1
Estado actual del movimiento:1
Estado actual del movimiento:1
Estado actual del movimiento:1
Estado actual del movimiento:1
Estado actual del movimiento:1
Estado actual del movimiento:1
Estado actual del movimiento:1
Estado actual del movimiento:1
Estado actual del movimiento:1
Estado actual del movimiento:1
Estado actual del movimiento:1
Estado actual del movimiento:1
Estado actual del movimiento:1
Estado actual del movimiento:1
Estado actual del movimiento:1
Estado actual del movimiento:1
Estado actual del movimiento:1
Estado actual del movimiento:1
Estado actual del movimiento:1
Estado actual del movimiento:1
Estado actual del movimiento:1
Estado actual del movimiento:1
Estado actual del movimiento:1
Estado actual del movimiento:1
Estado actual del movimiento:1
Estado actual del movimiento:1
Estado actual del movimiento:1
Estado actual del movimiento:1
Estado actual del movimiento:1
Estado actual del movimiento:1
Estado actual del movimiento:1
Estado actual del movimiento:1
Estado actual del movimiento:1
Estado actual del movimiento:1
Estado actual del movimiento:1
Estado actual del movimiento:1
Estado actual del movimiento:1
Estado actual del movimiento:1
Estado actual del movimiento:1
Estado actual del movimiento:1
Estado actual del movimiento:1
Estado actual del movimiento:1
Estado actual del movimiento:1
Estado actual del movimiento:1
Estado actual del movimiento:1
Estado actual del movimiento:1
Estado actual del movimiento:1
Estado actual del movimiento:1
Estado actual del movimiento:1
Estado actual del movimiento:1
Estado actual del movimiento:1
Estado actual del movimiento:1
Estado actual del movimiento:0
Estado actual del movimiento:0
Estado actual del movimiento:1
Estado actual del movimiento:1
Estado actual del movimiento:1
Estado actual del movimiento:0
Estado actual del movimiento:0
Estado actual del movimiento:0
Estado actual del movimiento:0
Estado actual del movimiento:0
Estado actual del movimiento:0
Estado actual del movimiento:0
Estado actual del movimiento:0
Estado actual del movimiento:0
Estado actual del movimiento:0
Estado actual del movimiento:0
Estado actual del movimiento:0
Estado actual del movimiento:1
Estado actual del movimiento:1
Estado actual del movimiento:1
Estado actual del movimiento:0
Estado actual del movimiento:0
Estado actual del movimiento:0
Estado actual del movimiento:1
Estado actual del movimiento:1
Estado actual del movimiento:1
Estado actual del movimiento:1
Estado actual del movimiento:1
Estado actual del movimiento:1
Estado actual del movimiento:1
Estado actual del movimiento:1
Estado actual del movimiento:0
Estado actual del movimiento:0
Estado actual del movimiento:0
Estado actual del movimiento:0
Estado actual del movimiento:0
Estado actual del movimiento:0
Estado actual del movimiento:0
Estado actual del movimiento:0
Estado actual del movimiento:0
Estado actual del movimiento:0
Estado actual del movimiento:0
Estado actual del movimiento:0
Estado actual del movimiento:0
Estado actual del movimiento:0
Estado actual del movimiento:0
Estado actual del movimiento:0
Estado actual del movimiento:0
Estado actual del movimiento:0
Estado actual del movimiento:1
Estado actual del movimiento:1
Estado actual del movimiento:1
Estado actual del movimiento:1
Estado actual del movimiento:1
Estado actual del movimiento:1
Estado actual del movimiento:1
Estado actual del movimiento:1
Estado actual del movimiento:1
Estado actual del movimiento:1
Estado actual del movimiento:1
Estado actual del movimiento:1
Estado actual del movimiento:1
Estado actual del movimiento:1
Estado actual del movimiento:1
Estado actual del movimiento:1
Estado actual del movimiento:1
Estado actual del movimiento:1
Estado actual del movimiento:0
Estado actual del movimiento:0
Estado actual del movimiento:1
Estado actual del movimiento:1
Estado actual del movimiento:1
Estado actual del movimiento:1
Estado actual del movimiento:1
Estado actual del movimiento:1
Estado actual del movimiento:1
Estado actual del movimiento:1
Estado actual del movimiento:1
Estado actual del movimiento:1
Estado actual del movimiento:1
Estado actual del movimiento:1
Estado actual del movimiento:1
Estado actual del movimiento:1
Estado actual del movimiento:1
Estado actual del movimiento:1
Estado actual del movimiento:1
Estado actual del movimiento:1
Estado actual del movimiento:0
Estado actual del movimiento:0
Estado actual del movimiento:0
Estado actual del movimiento:0
FTP_SERVERreconocimien.vps.webdock.cloud
FTP_USERtestuser
FTP_PASSprueba123
URL_CONEXIONrtsp://admin:bakcAse4@172.16.51.52:554/cam/realmonitor?channel=1&subtype=0
LOCAL_ID1
CAMARA_ID1
Estado actual del movimiento:0
Estado actual del movimiento:0
Estado actual del movimiento:1
Estado actual del movimiento:1
Estado actual del movimiento:1
Estado actual del movimiento:1
Estado actual del movimiento:1
Estado actual del movimiento:1
Estado actual del movimiento:1
Estado actual del movimiento:1
Estado actual del movimiento:1
Estado actual del movimiento:1
Estado actual del movimiento:1
Estado actual del movimiento:1
Estado actual del movimiento:1
Estado actual del movimiento:0
Estado actual del movimiento:0
Estado actual del movimiento:0
Estado actual del movimiento:0
Estado actual del movimiento:0
Estado actual del movimiento:1
Estado actual del movimiento:1
Estado actual del movimiento:1
Estado actual del movimiento:0
Estado actual del movimiento:0
Estado actual del movimiento:1
Estado actual del movimiento:0
Estado actual del movimiento:0
Estado actual del movimiento:0
Estado actual del movimiento:0
Estado actual del movimiento:0
Estado actual del movimiento:0
Estado actual del movimiento:0
Estado actual del movimiento:0
Estado actual del movimiento:0
Estado actual del movimiento:0
Estado actual del movimiento:0
Estado actual del movimiento:0
Estado actual del movimiento:0
Estado actual del movimiento:0
Estado actual del movimiento:0
Estado actual del movimiento:1
Estado actual del movimiento:1
Estado actual del movimiento:1
Estado actual del movimiento:1
Estado actual del movimiento:1
Estado actual del movimiento:1
Estado actual del movimiento:1
Estado actual del movimiento:1
Estado actual del movimiento:1
Estado actual del movimiento:0
Estado actual del movimiento:0
Estado actual del movimiento:0
Estado actual del movimiento:0
Estado actual del movimiento:0
Estado actual del movimiento:0
Estado actual del movimiento:0
Estado actual del movimiento:0
Estado actual del movimiento:0
Estado actual del movimiento:0
Estado actual del movimiento:0
Estado actual del movimiento:0
Estado actual del movimiento:1
Estado actual del movimiento:1
Estado actual del movimiento:1
Estado actual del movimiento:1
Estado actual del movimiento:1
Estado actual del movimiento:1
Estado actual del movimiento:1
Estado actual del movimiento:1
Estado actual del movimiento:1
Estado actual del movimiento:1
Estado actual del movimiento:1
Estado actual del movimiento:1
Estado actual del movimiento:1
Estado actual del movimiento:1
Estado actual del movimiento:1
Estado actual del movimiento:0
Estado actual del movimiento:1
Estado actual del movimiento:1
Estado actual del movimiento:1
Estado actual del movimiento:1
Estado actual del movimiento:1
Estado actual del movimiento:1
Estado actual del movimiento:1
Estado actual del movimiento:1
Estado actual del movimiento:1
Detecto movimiento, empiezo a grabar...
Grabando primera...
Estado actual del movimiento:1
Estado actual del movimiento:1
Estado actual del movimiento:1
Estado actual del movimiento:1
Estado actual del movimiento:1
Estado actual del movimiento:1
Estado actual del movimiento:1
Estado actual del movimiento:1
Estado actual del movimiento:0
Estado actual del movimiento:1
Estado actual del movimiento:1
Estado actual del movimiento:1
Estado actual del movimiento:1
Estado actual del movimiento:1
Estado actual del movimiento:1
Estado actual del movimiento:1
Estado actual del movimiento:1
Estado actual del movimiento:1
Estado actual del movimiento:1
Estado actual del movimiento:1
Estado actual del movimiento:1
Estado actual del movimiento:1
Estado actual del movimiento:1
Estado actual del movimiento:1
Estado actual del movimiento:1
Estado actual del movimiento:1
Estado actual del movimiento:0
Estado actual del movimiento:1
Estado actual del movimiento:1
Estado actual del movimiento:1
Estado actual del movimiento:1
Estado actual del movimiento:1
Estado actual del movimiento:1
Estado actual del movimiento:1
Estado actual del movimiento:1
Estado actual del movimiento:1
Estado actual del movimiento:1
Estado actual del movimiento:1
Estado actual del movimiento:1
Estado actual del movimiento:1
Estado actual del movimiento:1
Estado actual del movimiento:1
Estado actual del movimiento:1
Estado actual del movimiento:1
Estado actual del movimiento:1
Estado actual del movimiento:0
Estado actual del movimiento:0
Estado actual del movimiento:0
Estado actual del movimiento:1
Estado actual del movimiento:1
Estado actual del movimiento:1
Estado actual del movimiento:1
Estado actual del movimiento:0
Estado actual del movimiento:0
Estado actual del movimiento:0
Estado actual del movimiento:0
Estado actual del movimiento:0
Estado actual del movimiento:0
Estado actual del movimiento:0
Estado actual del movimiento:0
Estado actual del movimiento:0
Estado actual del movimiento:0
FTP_SERVERreconocimien.vps.webdock.cloud
FTP_USERtestuser
FTP_PASSprueba123
URL_CONEXIONrtsp://admin:bakcAse4@172.16.51.223:554/cam/realmonitor?channel=1&subtype=0
LOCAL_ID1
CAMARA_ID1
Estado actual del movimiento:0
Estado actual del movimiento:0
Estado actual del movimiento:0
Estado actual del movimiento:0
Estado actual del movimiento:0
Estado actual del movimiento:0
Estado actual del movimiento:0
Estado actual del movimiento:0
Estado actual del movimiento:0
Estado actual del movimiento:0
Estado actual del movimiento:0
Estado actual del movimiento:0
Estado actual del movimiento:0
Estado actual del movimiento:0
Estado actual del movimiento:0
Estado actual del movimiento:0
Estado actual del movimiento:0
Estado actual del movimiento:0
Estado actual del movimiento:0
Estado actual del movimiento:0
Estado actual del movimiento:0
Estado actual del movimiento:0
Estado actual del movimiento:0
Estado actual del movimiento:0
Estado actual del movimiento:0
Estado actual del movimiento:0
Estado actual del movimiento:0
Estado actual del movimiento:0
Estado actual del movimiento:0
Estado actual del movimiento:0
Estado actual del movimiento:0
Estado actual del movimiento:0
Estado actual del movimiento:0
Estado actual del movimiento:0
Estado actual del movimiento:0
Estado actual del movimiento:0
Estado actual del movimiento:0
Estado actual del movimiento:0
Estado actual del movimiento:0
Estado actual del movimiento:0
Estado actual del movimiento:0
Estado actual del movimiento:0
Estado actual del movimiento:0
Estado actual del movimiento:0
Estado actual del movimiento:0
Estado actual del movimiento:0
Estado actual del movimiento:0
Estado actual del movimiento:0
Estado actual del movimiento:0
Estado actual del movimiento:0
Estado actual del movimiento:0
Estado actual del movimiento:0
Estado actual del movimiento:0
Estado actual del movimiento:0
Estado actual del movimiento:0
Estado actual del movimiento:0
Estado actual del movimiento:0
Estado actual del movimiento:0
Estado actual del movimiento:0
Estado actual del movimiento:0
Estado actual del movimiento:0
Estado actual del movimiento:0
Estado actual del movimiento:0
Estado actual del movimiento:0
Estado actual del movimiento:0
Estado actual del movimiento:0
Estado actual del movimiento:0
Estado actual del movimiento:0
Estado actual del movimiento:0
Estado actual del movimiento:0
Estado actual del movimiento:0
Estado actual del movimiento:0
Estado actual del movimiento:0
Estado actual del movimiento:0
Estado actual del movimiento:0
Estado actual del movimiento:0
Estado actual del movimiento:0
Estado actual del movimiento:0
Estado actual del movimiento:0
Estado actual del movimiento:0
Estado actual del movimiento:0
Estado actual del movimiento:0
Estado actual del movimiento:0
Estado actual del movimiento:0
Estado actual del movimiento:0
Estado actual del movimiento:0
Estado actual del movimiento:0
Estado actual del movimiento:0
Estado actual del movimiento:0
Estado actual del movimiento:0
Estado actual del movimiento:0
Estado actual del movimiento:0
Estado actual del movimiento:0
Estado actual del movimiento:0
Estado actual del movimiento:0
Estado actual del movimiento:0
Estado actual del movimiento:0
Estado actual del movimiento:0
Estado actual del movimiento:0
Estado actual del movimiento:0
Estado actual del movimiento:0
Estado actual del movimiento:0
Estado actual del movimiento:0
Estado actual del movimiento:0
Estado actual del movimiento:0
Estado actual del movimiento:1
Estado actual del movimiento:1
Estado actual del movimiento:1
Estado actual del movimiento:1
Estado actual del movimiento:1
Estado actual del movimiento:1
Estado actual del movimiento:1
Estado actual del movimiento:1
Estado actual del movimiento:1
Estado actual del movimiento:1
Estado actual del movimiento:1
Estado actual del movimiento:1
Estado actual del movimiento:1
Estado actual del movimiento:1
Estado actual del movimiento:1
Estado actual del movimiento:1
Estado actual del movimiento:1
Estado actual del movimiento:1
Estado actual del movimiento:1
Estado actual del movimiento:1
Estado actual del movimiento:1
Estado actual del movimiento:1
Estado actual del movimiento:1
Estado actual del movimiento:1
Detecto movimiento, empiezo a grabar...
Grabando primera...
Estado actual del movimiento:1
Estado actual del movimiento:1
Estado actual del movimiento:1
Estado actual del movimiento:1
Estado actual del movimiento:1
Estado actual del movimiento:1
Estado actual del movimiento:1
Estado actual del movimiento:1
Estado actual del movimiento:1
Estado actual del movimiento:1
Estado actual del movimiento:1
Estado actual del movimiento:1
Estado actual del movimiento:1
Estado actual del movimiento:1
Estado actual del movimiento:1
Estado actual del movimiento:1
Estado actual del movimiento:1
Estado actual del movimiento:1
Estado actual del movimiento:1
Estado actual del movimiento:1
Estado actual del movimiento:1
Estado actual del movimiento:1
Estado actual del movimiento:1
Estado actual del movimiento:1
Estado actual del movimiento:1
Estado actual del movimiento:1
Estado actual del movimiento:1
Estado actual del movimiento:1
Estado actual del movimiento:1
Estado actual del movimiento:1
Estado actual del movimiento:1
Estado actual del movimiento:1
Estado actual del movimiento:1
Estado actual del movimiento:1
Estado actual del movimiento:1
Estado actual del movimiento:1
Estado actual del movimiento:1
Estado actual del movimiento:1
Estado actual del movimiento:1
Estado actual del movimiento:1
Estado actual del movimiento:1
Estado actual del movimiento:1
Estado actual del movimiento:1
Estado actual del movimiento:1
Estado actual del movimiento:1
Estado actual del movimiento:1
Estado actual del movimiento:1
Estado actual del movimiento:1
Estado actual del movimiento:1
Estado actual del movimiento:1
Estado actual del movimiento:1
Estado actual del movimiento:1
Estado actual del movimiento:1
Estado actual del movimiento:1
Estado actual del movimiento:1
Estado actual del movimiento:1
Estado actual del movimiento:1
Estado actual del movimiento:1
Estado actual del movimiento:1
Estado actual del movimiento:1
Estado actual del movimiento:1
Estado actual del movimiento:1
Estado actual del movimiento:1
Estado actual del movimiento:1
Estado actual del movimiento:1
Estado actual del movimiento:1
Estado actual del movimiento:1
Estado actual del movimiento:1
Estado actual del movimiento:1
Estado actual del movimiento:1
Estado actual del movimiento:1
Estado actual del movimiento:1
Estado actual del movimiento:1
Estado actual del movimiento:1
Estado actual del movimiento:1
Estado actual del movimiento:1
Estado actual del movimiento:1
Estado actual del movimiento:1
Estado actual del movimiento:1
Estado actual del movimiento:1
Estado actual del movimiento:1
Estado actual del movimiento:1
Estado actual del movimiento:1
Estado actual del movimiento:1
Estado actual del movimiento:1
Estado actual del movimiento:1
Estado actual del movimiento:1
Estado actual del movimiento:1
Estado actual del movimiento:1
Estado actual del movimiento:1
Estado actual del movimiento:1
Estado actual del movimiento:1
Estado actual del movimiento:1
Estado actual del movimiento:1
Estado actual del movimiento:1
Estado actual del movimiento:1
Estado actual del movimiento:1
Estado actual del movimiento:1
Estado actual del movimiento:1
Estado actual del movimiento:1
Estado actual del movimiento:1
Estado actual del movimiento:1
Estado actual del movimiento:1
Estado actual del movimiento:1
Estado actual del movimiento:1
Estado actual del movimiento:1
Estado actual del movimiento:1
Estado actual del movimiento:1
Estado actual del movimiento:1
Estado actual del movimiento:1
Estado actual del movimiento:1
Estado actual del movimiento:1
Estado actual del movimiento:1
Estado actual del movimiento:1
Estado actual del movimiento:1
Estado actual del movimiento:1
Estado actual del movimiento:1
Estado actual del movimiento:1
Estado actual del movimiento:1
Estado actual del movimiento:1
Estado actual del movimiento:1
Estado actual del movimiento:1
Estado actual del movimiento:1
Estado actual del movimiento:1
Estado actual del movimiento:1
Estado actual del movimiento:1
Estado actual del movimiento:1
Estado actual del movimiento:1
Estado actual del movimiento:1
Estado actual del movimiento:1
Estado actual del movimiento:1
Estado actual del movimiento:1
Estado actual del movimiento:1
Estado actual del movimiento:1
Estado actual del movimiento:1
Estado actual del movimiento:1
Estado actual del movimiento:1
Estado actual del movimiento:1
Estado actual del movimiento:1
Estado actual del movimiento:1
Estado actual del movimiento:1
Estado actual del movimiento:1
Estado actual del movimiento:1
Estado actual del movimiento:1
Estado actual del movimiento:1
Estado actual del movimiento:1
Estado actual del movimiento:1
Estado actual del movimiento:1
Estado actual del movimiento:1
Estado actual del movimiento:1
Estado actual del movimiento:1
Estado actual del movimiento:1
Estado actual del movimiento:1
Estado actual del movimiento:1
Estado actual del movimiento:1
Estado actual del movimiento:1
Estado actual del movimiento:1
Estado actual del movimiento:1
Estado actual del movimiento:1
Estado actual del movimiento:1
Estado actual del movimiento:1
Estado actual del movimiento:1
Estado actual del movimiento:1
Estado actual del movimiento:1
Estado actual del movimiento:1
Estado actual del movimiento:1
Estado actual del movimiento:1
Estado actual del movimiento:1
Estado actual del movimiento:1
Estado actual del movimiento:1
Estado actual del movimiento:1
Estado actual del movimiento:1
Estado actual del movimiento:1
Estado actual del movimiento:1
Estado actual del movimiento:1
Estado actual del movimiento:1
Estado actual del movimiento:1
Estado actual del movimiento:1
Estado actual del movimiento:1
Estado actual del movimiento:1
Estado actual del movimiento:1
Estado actual del movimiento:1
Estado actual del movimiento:1
Estado actual del movimiento:1
Estado actual del movimiento:1
Estado actual del movimiento:1
Estado actual del movimiento:1
Estado actual del movimiento:1
Estado actual del movimiento:1
Estado actual del movimiento:1
Estado actual del movimiento:1
Estado actual del movimiento:1
Estado actual del movimiento:1
Estado actual del movimiento:1
Estado actual del movimiento:1
Estado actual del movimiento:1
Estado actual del movimiento:1
Estado actual del movimiento:1
Estado actual del movimiento:1
Estado actual del movimiento:1
Estado actual del movimiento:1
Estado actual del movimiento:1
Estado actual del movimiento:1
Estado actual del movimiento:1
Estado actual del movimiento:1
Estado actual del movimiento:1
Estado actual del movimiento:1
Estado actual del movimiento:1
FTP_SERVERreconocimien.vps.webdock.cloud
FTP_USERtestuser
FTP_PASSprueba123
URL_CONEXIONrtsp://admin:bakcAse4@172.16.51.52:554/cam/realmonitor?channel=1&subtype=0
LOCAL_ID1
CAMARA_ID1
Estado actual del movimiento:0
Estado actual del movimiento:0
Estado actual del movimiento:0
Estado actual del movimiento:0
Estado actual del movimiento:0
Estado actual del movimiento:0
Estado actual del movimiento:0
Estado actual del movimiento:0
Estado actual del movimiento:0
Estado actual del movimiento:0
Estado actual del movimiento:0
Estado actual del movimiento:0
Estado actual del movimiento:0
Estado actual del movimiento:0
Estado actual del movimiento:0
Estado actual del movimiento:0
Estado actual del movimiento:0
Estado actual del movimiento:0
Estado actual del movimiento:0
Estado actual del movimiento:0
Estado actual del movimiento:0
Estado actual del movimiento:0
Estado actual del movimiento:0
Estado actual del movimiento:0
Estado actual del movimiento:0
Estado actual del movimiento:0
Estado actual del movimiento:0
Estado actual del movimiento:0
Estado actual del movimiento:0
Estado actual del movimiento:0
Estado actual del movimiento:0
Estado actual del movimiento:0
Estado actual del movimiento:0
Estado actual del movimiento:0
Estado actual del movimiento:0
Estado actual del movimiento:0
Estado actual del movimiento:0
Estado actual del movimiento:0
Estado actual del movimiento:0
Estado actual del movimiento:0
Estado actual del movimiento:0
Estado actual del movimiento:0
Estado actual del movimiento:0
Estado actual del movimiento:0
Estado actual del movimiento:0
Estado actual del movimiento:0
Estado actual del movimiento:0
Estado actual del movimiento:0
Estado actual del movimiento:0
Estado actual del movimiento:0
Estado actual del movimiento:0
Estado actual del movimiento:0
Estado actual del movimiento:0
Estado actual del movimiento:0
Estado actual del movimiento:0
Estado actual del movimiento:0
Estado actual del movimiento:0
Estado actual del movimiento:0
Estado actual del movimiento:0
Estado actual del movimiento:0
Estado actual del movimiento:0
Estado actual del movimiento:0
Estado actual del movimiento:0
Estado actual del movimiento:0
Estado actual del movimiento:0
Estado actual del movimiento:0
Estado actual del movimiento:0
Estado actual del movimiento:0
Estado actual del movimiento:0
Estado actual del movimiento:0
Estado actual del movimiento:0
Estado actual del movimiento:0
Estado actual del movimiento:0
Estado actual del movimiento:0
Estado actual del movimiento:0
Estado actual del movimiento:0
Estado actual del movimiento:0
Estado actual del movimiento:0
Estado actual del movimiento:0
Estado actual del movimiento:0
Estado actual del movimiento:0
Estado actual del movimiento:0
Estado actual del movimiento:0
Estado actual del movimiento:0
Estado actual del movimiento:0
Estado actual del movimiento:0
Estado actual del movimiento:0
Estado actual del movimiento:0
Estado actual del movimiento:0
Estado actual del movimiento:0
Estado actual del movimiento:0
Estado actual del movimiento:0
Estado actual del movimiento:0
Estado actual del movimiento:0
Estado actual del movimiento:0
Estado actual del movimiento:0
Estado actual del movimiento:0
Estado actual del movimiento:0
Estado actual del movimiento:0
Estado actual del movimiento:0
Estado actual del movimiento:0
Estado actual del movimiento:0
Estado actual del movimiento:0
Estado actual del movimiento:0
Estado actual del movimiento:0
Estado actual del movimiento:0
Estado actual del movimiento:0
Estado actual del movimiento:0
Estado actual del movimiento:0
Estado actual del movimiento:0
Estado actual del movimiento:0
Estado actual del movimiento:0
Estado actual del movimiento:0
Estado actual del movimiento:0
Estado actual del movimiento:0
Estado actual del movimiento:0
Estado actual del movimiento:0
Estado actual del movimiento:0
Estado actual del movimiento:0
Estado actual del movimiento:0
Estado actual del movimiento:0
Estado actual del movimiento:1
Estado actual del movimiento:1
Estado actual del movimiento:1
Estado actual del movimiento:1
Estado actual del movimiento:1
Estado actual del movimiento:0
Estado actual del movimiento:0
Estado actual del movimiento:1
Estado actual del movimiento:1
Estado actual del movimiento:1
Estado actual del movimiento:1
Estado actual del movimiento:1
Estado actual del movimiento:1
Estado actual del movimiento:1
Estado actual del movimiento:1
Estado actual del movimiento:0
Estado actual del movimiento:1
Estado actual del movimiento:1
Estado actual del movimiento:1
Estado actual del movimiento:1
Estado actual del movimiento:1
Estado actual del movimiento:1
Estado actual del movimiento:1
Estado actual del movimiento:1
Estado actual del movimiento:0
Estado actual del movimiento:0
Estado actual del movimiento:0
Estado actual del movimiento:1
Estado actual del movimiento:1
Estado actual del movimiento:0
Estado actual del movimiento:0
Estado actual del movimiento:0
Estado actual del movimiento:0
Estado actual del movimiento:0
Estado actual del movimiento:0
Estado actual del movimiento:0
Estado actual del movimiento:0
Estado actual del movimiento:0
Estado actual del movimiento:0
Estado actual del movimiento:0
Estado actual del movimiento:0
Estado actual del movimiento:0
Estado actual del movimiento:0
Estado actual del movimiento:0
Estado actual del movimiento:0
Estado actual del movimiento:0
Estado actual del movimiento:0
Estado actual del movimiento:0
Estado actual del movimiento:0
Estado actual del movimiento:0
Estado actual del movimiento:0
Estado actual del movimiento:0
Estado actual del movimiento:0
Estado actual del movimiento:0
Estado actual del movimiento:0
Estado actual del movimiento:0
Estado actual del movimiento:0
Estado actual del movimiento:0
Estado actual del movimiento:0
Estado actual del movimiento:0
Estado actual del movimiento:0
Estado actual del movimiento:0
Estado actual del movimiento:0
Estado actual del movimiento:0
Estado actual del movimiento:0
Estado actual del movimiento:0
Estado actual del movimiento:0
Estado actual del movimiento:0
Estado actual del movimiento:0
Estado actual del movimiento:0
FTP_SERVERreconocimien.vps.webdock.cloud
FTP_USERtestuser
FTP_PASSprueba123
URL_CONEXIONrtsp://admin:bakcAse4@172.16.51.52:554/cam/realmonitor?channel=1&subtype=0
LOCAL_ID1
CAMARA_ID1
Estado actual del movimiento:0
Estado actual del movimiento:0
Estado actual del movimiento:0
Estado actual del movimiento:0
Estado actual del movimiento:0
Estado actual del movimiento:0
Estado actual del movimiento:0
Estado actual del movimiento:0
Estado actual del movimiento:0
Estado actual del movimiento:0
Estado actual del movimiento:0
Estado actual del movimiento:0
Estado actual del movimiento:0
Estado actual del movimiento:0
Estado actual del movimiento:0
Estado actual del movimiento:0
Estado actual del movimiento:0
Estado actual del movimiento:0
Estado actual del movimiento:0
Estado actual del movimiento:0
Estado actual del movimiento:0
Estado actual del movimiento:0
Estado actual del movimiento:0
Estado actual del movimiento:0
Estado actual del movimiento:0
Estado actual del movimiento:0
Estado actual del movimiento:0
Estado actual del movimiento:0
Estado actual del movimiento:0
Estado actual del movimiento:0
Estado actual del movimiento:0
Estado actual del movimiento:0
Estado actual del movimiento:0
Estado actual del movimiento:0
Estado actual del movimiento:0
Estado actual del movimiento:0
Estado actual del movimiento:0
Estado actual del movimiento:0
Estado actual del movimiento:0
Estado actual del movimiento:0
Estado actual del movimiento:0
Estado actual del movimiento:0
Estado actual del movimiento:0
Estado actual del movimiento:0
Estado actual del movimiento:0
Estado actual del movimiento:0
Estado actual del movimiento:0
Estado actual del movimiento:0
Estado actual del movimiento:0
Estado actual del movimiento:0
Estado actual del movimiento:0
Estado actual del movimiento:0
Estado actual del movimiento:0
Estado actual del movimiento:0
Estado actual del movimiento:0
Estado actual del movimiento:0
Estado actual del movimiento:0
Estado actual del movimiento:0
Estado actual del movimiento:0
Estado actual del movimiento:0
Estado actual del movimiento:0
Estado actual del movimiento:0
Estado actual del movimiento:0
Estado actual del movimiento:0
Estado actual del movimiento:0
Estado actual del movimiento:0
Estado actual del movimiento:0
Estado actual del movimiento:0
Estado actual del movimiento:0
Estado actual del movimiento:0
Estado actual del movimiento:0
Estado actual del movimiento:0
Estado actual del movimiento:0
Estado actual del movimiento:0
Estado actual del movimiento:0
Estado actual del movimiento:0
Estado actual del movimiento:0
Estado actual del movimiento:0
Estado actual del movimiento:0
Estado actual del movimiento:0
Estado actual del movimiento:0
Estado actual del movimiento:0
Estado actual del movimiento:0
Estado actual del movimiento:0
Estado actual del movimiento:0
Estado actual del movimiento:0
Estado actual del movimiento:0
Estado actual del movimiento:0
Estado actual del movimiento:0
Estado actual del movimiento:0
Estado actual del movimiento:0
Estado actual del movimiento:0
Estado actual del movimiento:0
Estado actual del movimiento:0
Estado actual del movimiento:0
Estado actual del movimiento:0
Estado actual del movimiento:0
Estado actual del movimiento:0
Estado actual del movimiento:0
Estado actual del movimiento:0
Estado actual del movimiento:0
Estado actual del movimiento:0
Estado actual del movimiento:0
Estado actual del movimiento:0
Estado actual del movimiento:0
Estado actual del movimiento:0
Estado actual del movimiento:0
Estado actual del movimiento:0
Estado actual del movimiento:0
Estado actual del movimiento:0
Estado actual del movimiento:0
Estado actual del movimiento:0
Estado actual del movimiento:0
Estado actual del movimiento:0
Estado actual del movimiento:0
Estado actual del movimiento:0
Estado actual del movimiento:0
Estado actual del movimiento:0
Estado actual del movimiento:0
Estado actual del movimiento:0
Estado actual del movimiento:0
Estado actual del movimiento:0
Estado actual del movimiento:0
Estado actual del movimiento:0
Estado actual del movimiento:0
Estado actual del movimiento:0
Estado actual del movimiento:0
Estado actual del movimiento:0
Estado actual del movimiento:0
Estado actual del movimiento:0
Estado actual del movimiento:0
Estado actual del movimiento:0
Estado actual del movimiento:0
Estado actual del movimiento:0
Estado actual del movimiento:0
Estado actual del movimiento:0
Estado actual del movimiento:0
Estado actual del movimiento:0
Estado actual del movimiento:0
Estado actual del movimiento:0
Estado actual del movimiento:0
Estado actual del movimiento:0
Estado actual del movimiento:0
Estado actual del movimiento:0
Estado actual del movimiento:0
Estado actual del movimiento:0
Estado actual del movimiento:0
Estado actual del movimiento:0
Estado actual del movimiento:0
Estado actual del movimiento:0
Estado actual del movimiento:0
Estado actual del movimiento:0
Estado actual del movimiento:0
Estado actual del movimiento:0
Estado actual del movimiento:0
Estado actual del movimiento:0
Estado actual del movimiento:0
Estado actual del movimiento:0
Estado actual del movimiento:0
Estado actual del movimiento:0
Estado actual del movimiento:0
Estado actual del movimiento:0
Estado actual del movimiento:0
Estado actual del movimiento:0
Estado actual del movimiento:0
Estado actual del movimiento:0
Estado actual del movimiento:0
Estado actual del movimiento:0
Estado actual del movimiento:0
Estado actual del movimiento:0
Estado actual del movimiento:0
Estado actual del movimiento:0
Estado actual del movimiento:0
Estado actual del movimiento:0
Estado actual del movimiento:0
Estado actual del movimiento:0
Estado actual del movimiento:0
Estado actual del movimiento:0
Estado actual del movimiento:0
Estado actual del movimiento:0
Estado actual del movimiento:0
Estado actual del movimiento:0
Estado actual del movimiento:0
Estado actual del movimiento:0
Estado actual del movimiento:0
Estado actual del movimiento:0
Estado actual del movimiento:0
Estado actual del movimiento:0
Estado actual del movimiento:1
Estado actual del movimiento:1
Estado actual del movimiento:1
Estado actual del movimiento:1
Estado actual del movimiento:1
Estado actual del movimiento:1
Estado actual del movimiento:1
Estado actual del movimiento:1
Estado actual del movimiento:1
Estado actual del movimiento:1
Estado actual del movimiento:1
Estado actual del movimiento:1
Estado actual del movimiento:1
Estado actual del movimiento:1
Estado actual del movimiento:1
Estado actual del movimiento:1
Estado actual del movimiento:1
Estado actual del movimiento:1
Estado actual del movimiento:1
Estado actual del movimiento:1
Estado actual del movimiento:1
Estado actual del movimiento:1
Estado actual del movimiento:1
Estado actual del movimiento:1
Detecto movimiento, empiezo a grabar...
Grabando primera...
Estado actual del movimiento:1
Estado actual del movimiento:1
Estado actual del movimiento:1
Estado actual del movimiento:1
Estado actual del movimiento:1
Estado actual del movimiento:1
Estado actual del movimiento:1
Estado actual del movimiento:1
Estado actual del movimiento:1
Estado actual del movimiento:1
Estado actual del movimiento:1
Estado actual del movimiento:1
Estado actual del movimiento:1
Estado actual del movimiento:1
Estado actual del movimiento:1
Estado actual del movimiento:1
Estado actual del movimiento:1
Estado actual del movimiento:1
Estado actual del movimiento:1
Estado actual del movimiento:1
Estado actual del movimiento:1
Estado actual del movimiento:1
Estado actual del movimiento:1
Estado actual del movimiento:1
Estado actual del movimiento:1
Estado actual del movimiento:1
Estado actual del movimiento:1
Estado actual del movimiento:1
Estado actual del movimiento:1
Estado actual del movimiento:1
Estado actual del movimiento:1
Estado actual del movimiento:1
Estado actual del movimiento:1
Estado actual del movimiento:1
Estado actual del movimiento:1
Estado actual del movimiento:1
Estado actual del movimiento:1
Estado actual del movimiento:1
Estado actual del movimiento:1
Estado actual del movimiento:1
Estado actual del movimiento:1
Estado actual del movimiento:1
Estado actual del movimiento:1
Estado actual del movimiento:1
Estado actual del movimiento:1
Estado actual del movimiento:1
Estado actual del movimiento:1
Estado actual del movimiento:1
Estado actual del movimiento:1
Estado actual del movimiento:1
Estado actual del movimiento:1
Estado actual del movimiento:1
Estado actual del movimiento:1
Estado actual del movimiento:1
Estado actual del movimiento:1
Estado actual del movimiento:1
Estado actual del movimiento:1
Estado actual del movimiento:1
Estado actual del movimiento:1
Estado actual del movimiento:1
Estado actual del movimiento:1
Estado actual del movimiento:1
Estado actual del movimiento:1
Estado actual del movimiento:1
Estado actual del movimiento:1
Estado actual del movimiento:1
Estado actual del movimiento:1
Estado actual del movimiento:1
Estado actual del movimiento:1
Estado actual del movimiento:1
Estado actual del movimiento:1
Estado actual del movimiento:1
Estado actual del movimiento:1
Estado actual del movimiento:1
Estado actual del movimiento:1
Estado actual del movimiento:1
Estado actual del movimiento:1
Estado actual del movimiento:1
Estado actual del movimiento:1
Estado actual del movimiento:1
Estado actual del movimiento:1
Estado actual del movimiento:1
Estado actual del movimiento:1
Estado actual del movimiento:1
Estado actual del movimiento:0
Ya no hay moviemiento, paro de grabar...
Proceso de frenado:1
Estado actual del movimiento:0
Ya no hay moviemiento, paro de grabar...
Proceso de frenado:2
Estado actual del movimiento:0
Ya no hay moviemiento, paro de grabar...
Proceso de frenado:3
Estado actual del movimiento:0
Ya no hay moviemiento, paro de grabar...
Proceso de frenado:4
Estado actual del movimiento:0
Ya no hay moviemiento, paro de grabar...
Proceso de frenado:5
Estado actual del movimiento:0
Ya no hay moviemiento, paro de grabar...
Proceso de frenado:6
Estado actual del movimiento:0
Ya no hay moviemiento, paro de grabar...
Proceso de frenado:7
Estado actual del movimiento:0
Ya no hay moviemiento, paro de grabar...
Proceso de frenado:8
Estado actual del movimiento:0
Ya no hay moviemiento, paro de grabar...
Proceso de frenado:9
Estado actual del movimiento:0
Ya no hay moviemiento, paro de grabar...
Proceso de frenado:10
Estado actual del movimiento:0
Ya no hay moviemiento, paro de grabar...
Proceso de frenado:11
Estado actual del movimiento:0
Ya no hay moviemiento, paro de grabar...
Proceso de frenado:12
Estado actual del movimiento:0
Ya no hay moviemiento, paro de grabar...
Proceso de frenado:13
Estado actual del movimiento:0
Ya no hay moviemiento, paro de grabar...
Proceso de frenado:14
Estado actual del movimiento:0
Ya no hay moviemiento, paro de grabar...
Proceso de frenado:15
Estado actual del movimiento:0
Ya no hay moviemiento, paro de grabar...
Proceso de frenado:16
Estado actual del movimiento:0
Ya no hay moviemiento, paro de grabar...
Proceso de frenado:17
Estado actual del movimiento:0
Ya no hay moviemiento, paro de grabar...
Proceso de frenado:18
Estado actual del movimiento:0
Ya no hay moviemiento, paro de grabar...
Proceso de frenado:19
Estado actual del movimiento:0
Ya no hay moviemiento, paro de grabar...
Proceso de frenado:20
Estado actual del movimiento:0
Ya no hay moviemiento, paro de grabar...
Proceso de frenado:21
Estado actual del movimiento:0
Ya no hay moviemiento, paro de grabar...
Proceso de frenado:22
Estado actual del movimiento:0
Ya no hay moviemiento, paro de grabar...
Proceso de frenado:23
Estado actual del movimiento:0
Ya no hay moviemiento, paro de grabar...
Proceso de frenado:24
Estado actual del movimiento:0
Ya no hay moviemiento, paro de grabar...
Proceso de frenado:25
Estado actual del movimiento:0
Ya no hay moviemiento, paro de grabar...
Proceso de frenado:26
Estado actual del movimiento:0
Ya no hay moviemiento, paro de grabar...
Proceso de frenado:27
Estado actual del movimiento:0
Ya no hay moviemiento, paro de grabar...
Proceso de frenado:28
Estado actual del movimiento:0
Ya no hay moviemiento, paro de grabar...
Proceso de frenado:29
Estado actual del movimiento:0
Ya no hay moviemiento, paro de grabar...
Proceso de frenado:30
Estado actual del movimiento:0
Ya no hay moviemiento, paro de grabar...
Proceso de frenado:31
Estado actual del movimiento:0
Ya no hay moviemiento, paro de grabar...
Proceso de frenado:32
Estado actual del movimiento:0
Ya no hay moviemiento, paro de grabar...
Proceso de frenado:33
Estado actual del movimiento:0
Ya no hay moviemiento, paro de grabar...
Proceso de frenado:34
Estado actual del movimiento:0
Ya no hay moviemiento, paro de grabar...
Proceso de frenado:35
Estado actual del movimiento:0
Ya no hay moviemiento, paro de grabar...
Proceso de frenado:36
Estado actual del movimiento:0
Ya no hay moviemiento, paro de grabar...
Proceso de frenado:37
Estado actual del movimiento:0
Ya no hay moviemiento, paro de grabar...
Proceso de frenado:38
Estado actual del movimiento:0
Ya no hay moviemiento, paro de grabar...
Proceso de frenado:39
Estado actual del movimiento:0
Ya no hay moviemiento, paro de grabar...
Proceso de frenado:40
Estado actual del movimiento:0
Ya no hay moviemiento, paro de grabar...
Proceso de frenado:41
Estado actual del movimiento:0
Ya no hay moviemiento, paro de grabar...
Proceso de frenado:42
Estado actual del movimiento:0
Ya no hay moviemiento, paro de grabar...
Proceso de frenado:43
Estado actual del movimiento:0
Ya no hay moviemiento, paro de grabar...
Proceso de frenado:44
Estado actual del movimiento:0
Ya no hay moviemiento, paro de grabar...
Proceso de frenado:45
Estado actual del movimiento:0
Ya no hay moviemiento, paro de grabar...
Proceso de frenado:46
Estado actual del movimiento:0
Ya no hay moviemiento, paro de grabar...
Proceso de frenado:47
Estado actual del movimiento:0
Ya no hay moviemiento, paro de grabar...
Proceso de frenado:48
Estado actual del movimiento:0
Ya no hay moviemiento, paro de grabar...
Proceso de frenado:49
Estado actual del movimiento:0
Ya no hay moviemiento, paro de grabar...
Proceso de frenado:50
Estado actual del movimiento:0
Ya no hay moviemiento, paro de grabar...
Proceso de frenado:51
Estado actual del movimiento:0
Ya no hay moviemiento, paro de grabar...
Proceso de frenado:52
Estado actual del movimiento:0
Ya no hay moviemiento, paro de grabar...
Proceso de frenado:53
Estado actual del movimiento:0
Ya no hay moviemiento, paro de grabar...
Proceso de frenado:54
Estado actual del movimiento:0
Ya no hay moviemiento, paro de grabar...
Proceso de frenado:55
Estado actual del movimiento:0
Ya no hay moviemiento, paro de grabar...
Proceso de frenado:56
Estado actual del movimiento:0
Ya no hay moviemiento, paro de grabar...
Proceso de frenado:57
Estado actual del movimiento:0
Ya no hay moviemiento, paro de grabar...
Proceso de frenado:58
Estado actual del movimiento:0
Ya no hay moviemiento, paro de grabar...
Proceso de frenado:59
Estado actual del movimiento:0
Ya no hay moviemiento, paro de grabar...
Proceso de frenado:60
Estado actual del movimiento:0
Ya no hay moviemiento, paro de grabar...
Proceso de frenado:61
Estado actual del movimiento:0
Ya no hay moviemiento, paro de grabar...
Proceso de frenado:62
Estado actual del movimiento:0
Ya no hay moviemiento, paro de grabar...
Proceso de frenado:63
Estado actual del movimiento:0
Ya no hay moviemiento, paro de grabar...
Proceso de frenado:64
Estado actual del movimiento:0
Ya no hay moviemiento, paro de grabar...
Proceso de frenado:65
Estado actual del movimiento:0
Ya no hay moviemiento, paro de grabar...
Proceso de frenado:66
Estado actual del movimiento:0
Ya no hay moviemiento, paro de grabar...
Proceso de frenado:67
Estado actual del movimiento:0
Ya no hay moviemiento, paro de grabar...
Proceso de frenado:68
Estado actual del movimiento:0
Ya no hay moviemiento, paro de grabar...
Proceso de frenado:69
Estado actual del movimiento:0
Ya no hay moviemiento, paro de grabar...
Proceso de frenado:70
Estado actual del movimiento:0
Ya no hay moviemiento, paro de grabar...
Proceso de frenado:71
Estado actual del movimiento:0
Ya no hay moviemiento, paro de grabar...
Proceso de frenado:72
Estado actual del movimiento:0
Ya no hay moviemiento, paro de grabar...
Proceso de frenado:73
Estado actual del movimiento:0
Ya no hay moviemiento, paro de grabar...
Proceso de frenado:74
Estado actual del movimiento:0
Ya no hay moviemiento, paro de grabar...
Proceso de frenado:75
Estado actual del movimiento:0
Ya no hay moviemiento, paro de grabar...
Proceso de frenado:76
Estado actual del movimiento:0
Ya no hay moviemiento, paro de grabar...
Proceso de frenado:77
Estado actual del movimiento:0
Ya no hay moviemiento, paro de grabar...
Proceso de frenado:78
Estado actual del movimiento:0
Ya no hay moviemiento, paro de grabar...
Proceso de frenado:79
Estado actual del movimiento:0
Ya no hay moviemiento, paro de grabar...
Proceso de frenado:80
Estado actual del movimiento:0
Ya no hay moviemiento, paro de grabar...
Proceso de frenado:81
Estado actual del movimiento:0
Ya no hay moviemiento, paro de grabar...
Proceso de frenado:82
Estado actual del movimiento:0
Ya no hay moviemiento, paro de grabar...
Proceso de frenado:83
Estado actual del movimiento:0
Ya no hay moviemiento, paro de grabar...
Proceso de frenado:84
Estado actual del movimiento:0
Ya no hay moviemiento, paro de grabar...
Proceso de frenado:85
Estado actual del movimiento:0
Ya no hay moviemiento, paro de grabar...
Proceso de frenado:86
Estado actual del movimiento:0
Ya no hay moviemiento, paro de grabar...
Proceso de frenado:87
Estado actual del movimiento:0
Ya no hay moviemiento, paro de grabar...
Proceso de frenado:88
Estado actual del movimiento:0
Ya no hay moviemiento, paro de grabar...
Proceso de frenado:89
Estado actual del movimiento:0
Ya no hay moviemiento, paro de grabar...
Proceso de frenado:90
Estado actual del movimiento:0
Ya no hay moviemiento, paro de grabar...
Proceso de frenado:91
Estado actual del movimiento:0
Ya no hay moviemiento, paro de grabar...
Proceso de frenado:92
Estado actual del movimiento:0
Ya no hay moviemiento, paro de grabar...
Proceso de frenado:93
Estado actual del movimiento:0
Ya no hay moviemiento, paro de grabar...
Proceso de frenado:94
Estado actual del movimiento:0
Ya no hay moviemiento, paro de grabar...
Proceso de frenado:95
Estado actual del movimiento:0
Ya no hay moviemiento, paro de grabar...
Proceso de frenado:96
Estado actual del movimiento:0
Ya no hay moviemiento, paro de grabar...
Proceso de frenado:97
Estado actual del movimiento:0
Ya no hay moviemiento, paro de grabar...
Proceso de frenado:98
Estado actual del movimiento:0
Ya no hay moviemiento, paro de grabar...
Proceso de frenado:99
Estado actual del movimiento:0
Ya no hay moviemiento, paro de grabar...
Proceso de frenado:100
parado de grabar 100 frames despues y subiendo video:1_2022-10-31_16:27:05.491214.avi ...
ftp-upload -h reconocimien.vps.webdock.cloud -u testuser --password prueba123 -d motor/videos/1/1 motor/videos/1/1_2022-10-31_16:27:05.491214.avi
Estado actual del movimiento:0
Estado actual del movimiento:0
Estado actual del movimiento:0
Estado actual del movimiento:0
Estado actual del movimiento:0
Estado actual del movimiento:0
Estado actual del movimiento:0
Estado actual del movimiento:0
Estado actual del movimiento:0
Estado actual del movimiento:0
Estado actual del movimiento:0
Estado actual del movimiento:0
Estado actual del movimiento:0
Estado actual del movimiento:0
Estado actual del movimiento:0
Estado actual del movimiento:0
Estado actual del movimiento:0
Estado actual del movimiento:0
Estado actual del movimiento:0
Estado actual del movimiento:0
Estado actual del movimiento:0
Estado actual del movimiento:0
Estado actual del movimiento:0
Estado actual del movimiento:0
Estado actual del movimiento:0
Estado actual del movimiento:0
Estado actual del movimiento:0
Estado actual del movimiento:0
Estado actual del movimiento:0
Estado actual del movimiento:0
Estado actual del movimiento:0
Estado actual del movimiento:0
Estado actual del movimiento:0
Estado actual del movimiento:0
Estado actual del movimiento:0
Estado actual del movimiento:0
Estado actual del movimiento:0
Estado actual del movimiento:0
Estado actual del movimiento:0
Estado actual del movimiento:0
Estado actual del movimiento:0
Estado actual del movimiento:0
Estado actual del movimiento:0
Estado actual del movimiento:0
Estado actual del movimiento:0
Estado actual del movimiento:0
Estado actual del movimiento:0
Estado actual del movimiento:0
Estado actual del movimiento:0
Estado actual del movimiento:0
Estado actual del movimiento:0
Estado actual del movimiento:0
Estado actual del movimiento:0
Estado actual del movimiento:0
Estado actual del movimiento:0
Estado actual del movimiento:0
Estado actual del movimiento:0
Estado actual del movimiento:0
Estado actual del movimiento:0
Estado actual del movimiento:0
Estado actual del movimiento:0
Estado actual del movimiento:0
Estado actual del movimiento:0
Estado actual del movimiento:0
Estado actual del movimiento:0
Estado actual del movimiento:0
Estado actual del movimiento:0
Estado actual del movimiento:0
Estado actual del movimiento:0
Estado actual del movimiento:0
Estado actual del movimiento:0
Estado actual del movimiento:0
Estado actual del movimiento:0
Estado actual del movimiento:0
Estado actual del movimiento:0
Estado actual del movimiento:0
Estado actual del movimiento:0
Estado actual del movimiento:0
Estado actual del movimiento:0
Estado actual del movimiento:0
Estado actual del movimiento:0
Estado actual del movimiento:0
Estado actual del movimiento:0
Estado actual del movimiento:0
Estado actual del movimiento:0
Estado actual del movimiento:0
Estado actual del movimiento:0
Estado actual del movimiento:0
Estado actual del movimiento:0
Estado actual del movimiento:0
Estado actual del movimiento:0
Estado actual del movimiento:0
Estado actual del movimiento:0
Estado actual del movimiento:0
Estado actual del movimiento:0
Estado actual del movimiento:0
Estado actual del movimiento:0
Estado actual del movimiento:0
Estado actual del movimiento:0
Estado actual del movimiento:0
Estado actual del movimiento:0
Estado actual del movimiento:0
Estado actual del movimiento:0
Estado actual del movimiento:0
Estado actual del movimiento:0
Estado actual del movimiento:0
Estado actual del movimiento:0
Estado actual del movimiento:0
Estado actual del movimiento:0
Estado actual del movimiento:0
Estado actual del movimiento:0
Estado actual del movimiento:0
Estado actual del movimiento:0
Estado actual del movimiento:0
Estado actual del movimiento:0
Estado actual del movimiento:0
Estado actual del movimiento:0
Estado actual del movimiento:0
Estado actual del movimiento:0
Estado actual del movimiento:0
Estado actual del movimiento:0
Estado actual del movimiento:0
Estado actual del movimiento:0
Estado actual del movimiento:0
Estado actual del movimiento:0
Estado actual del movimiento:0
Estado actual del movimiento:0
Estado actual del movimiento:0
Estado actual del movimiento:0
Estado actual del movimiento:0
Estado actual del movimiento:0
Estado actual del movimiento:0
Estado actual del movimiento:0
Estado actual del movimiento:0
Estado actual del movimiento:0
Estado actual del movimiento:0
Estado actual del movimiento:0
Estado actual del movimiento:0
Estado actual del movimiento:0
Estado actual del movimiento:0
Estado actual del movimiento:0
Estado actual del movimiento:0
Estado actual del movimiento:0
Estado actual del movimiento:0
Estado actual del movimiento:0
Estado actual del movimiento:0
Estado actual del movimiento:0
Estado actual del movimiento:0
Estado actual del movimiento:0
Estado actual del movimiento:0
Estado actual del movimiento:0
Estado actual del movimiento:0
Estado actual del movimiento:0
Estado actual del movimiento:0
Estado actual del movimiento:0
Estado actual del movimiento:0
Estado actual del movimiento:0
Estado actual del movimiento:0
Estado actual del movimiento:0
Estado actual del movimiento:0
Estado actual del movimiento:0
Estado actual del movimiento:0
Estado actual del movimiento:0
Estado actual del movimiento:0
Estado actual del movimiento:0
Estado actual del movimiento:0
Estado actual del movimiento:0
Estado actual del movimiento:0
Estado actual del movimiento:0
Estado actual del movimiento:0
Estado actual del movimiento:0
Estado actual del movimiento:0
Estado actual del movimiento:0
Estado actual del movimiento:0
Estado actual del movimiento:0
Estado actual del movimiento:0
Estado actual del movimiento:0
Estado actual del movimiento:0
Estado actual del movimiento:0
Estado actual del movimiento:0
Estado actual del movimiento:0
Estado actual del movimiento:0
Estado actual del movimiento:0
Estado actual del movimiento:0
Estado actual del movimiento:0
Estado actual del movimiento:0
Estado actual del movimiento:0
Estado actual del movimiento:0
Estado actual del movimiento:0
Estado actual del movimiento:0
Estado actual del movimiento:0
Estado actual del movimiento:0
Estado actual del movimiento:1
Estado actual del movimiento:1
Estado actual del movimiento:1
Estado actual del movimiento:1
Estado actual del movimiento:1
Estado actual del movimiento:1
Estado actual del movimiento:1
Estado actual del movimiento:1
Estado actual del movimiento:1
Estado actual del movimiento:1
Estado actual del movimiento:1
Estado actual del movimiento:1
Estado actual del movimiento:1
Estado actual del movimiento:1
Estado actual del movimiento:1
Estado actual del movimiento:1
Estado actual del movimiento:1
Estado actual del movimiento:1
Estado actual del movimiento:1
Estado actual del movimiento:0
Estado actual del movimiento:0
Estado actual del movimiento:0
Estado actual del movimiento:0
Estado actual del movimiento:0
Estado actual del movimiento:0
Estado actual del movimiento:0
Estado actual del movimiento:0
