--->/var/www/html/reconocimientoFacial/proyecto_definitivo/motor/caras/sinclasificar_videos/
-------------------
analizando:0_2022-10-24_12:39:07.976362.avi_29.536956548690796.jpg
ultimos 7:0796.jpg
-------------------
analizando:0_2022-10-24_12:29:06.747723.avi_5.824153184890747.jpg
ultimos 7:0747.jpg
-------------------
analizando:0_2022-10-24_12:29:29.629503.avi_20.24744462966919.jpg
ultimos 7:6919.jpg
-------------------
analizando:0_2022-10-24_12:29:43.191824.avi_41.3725860118866.jpg
ultimos 7:8866.jpg
paso1!!
deberia a continua
Es enfocada de momento:/var/www/html/reconocimientoFacial/proyecto_definitivo/motor/caras/sinclasificar_videos/0_2022-10-24_12:29:43.191824.avi_41.3725860118866.jpg
es cara1 y enfocada:/var/www/html/reconocimientoFacial/proyecto_definitivo/motor/caras/sinclasificar_videos/0_2022-10-24_12:29:43.191824.avi_41.3725860118866.jpg
Esta imagen no tiene caras1 por que no tiene encodings
remuevo la imagen pues no supero los filtros y no se va a usar: /var/www/html/reconocimientoFacial/proyecto_definitivo/motor/caras/sinclasificar_videos/0_2022-10-24_12:29:43.191824.avi_41.3725860118866.jpg
-------------------
analizando:0_2022-10-24_12:39:19.724328.avi_33.36094832420349.jpg
ultimos 7:0349.jpg
-------------------
analizando:0_2022-10-24_12:29:41.057788.avi_33.22472858428955.jpg
ultimos 7:8955.jpg
-------------------
analizando:0_2022-10-24_12:29:42.523379.avi_35.895397663116455.jpg
ultimos 7:6455.jpg
-------------------
analizando:0_2022-10-24_12:39:35.929908.avi_45.261576414108276.jpg
ultimos 7:8276.jpg
-------------------
analizando:0_2022-10-24_12:29:28.378702.avi_24.678412675857544.jpg
ultimos 7:7544.jpg
-------------------
analizando:0_2022-10-24_12:29:23.624922.avi_18.410454750061035.jpg
ultimos 7:1035.jpg
-------------------
analizando:0_2022-10-24_12:39:28.059098.avi_38.995107650756836.jpg
ultimos 7:6836.jpg
-------------------
analizando:0_2022-10-24_12:29:41.748165.avi_32.366108417510986.jpg
ultimos 7:0986.jpg
-------------------
analizando:0_2022-10-24_12:38:49.390803.avi_2.394524574279785.jpg
ultimos 7:9785.jpg
-------------------
analizando:0_2022-10-24_12:29:15.335322.avi_5.953263521194458.jpg
ultimos 7:4458.jpg
-------------------
analizando:0_2022-10-24_12:38:55.181466.avi_5.1391236782073975.jpg
ultimos 7:3975.jpg
-------------------
analizando:0_2022-10-24_12:29:29.523455.avi_32.565038442611694.jpg
ultimos 7:1694.jpg
-------------------
analizando:0_2022-10-24_12:29:29.127378.avi_19.554208040237427.jpg
ultimos 7:7427.jpg
-------------------
analizando:0_2022-10-24_12:39:34.580159.avi_48.46282768249512.jpg
ultimos 7:9512.jpg
-------------------
analizando:0_2022-10-24_12:39:28.629672.avi_37.96134090423584.jpg
ultimos 7:3584.jpg
-------------------
analizando:0_2022-10-24_12:39:08.855475.avi_15.40070915222168.jpg
ultimos 7:2168.jpg
-------------------
analizando:0_2022-10-24_12:29:34.522813.avi_28.179500579833984.jpg
ultimos 7:3984.jpg
-------------------
analizando:0_2022-10-24_12:28:56.475714.avi_1.09977388381958.jpg
ultimos 7:1958.jpg
-------------------
analizando:0_2022-10-24_12:39:13.557721.avi_33.096335887908936.jpg
ultimos 7:8936.jpg
-------------------
analizando:0_2022-10-24_12:38:59.855300.avi_6.400531530380249.jpg
ultimos 7:0249.jpg
-------------------
analizando:0_2022-10-24_12:39:31.579047.avi_45.21566700935364.jpg
ultimos 7:5364.jpg
-------------------
analizando:0_2022-10-24_12:29:19.297614.avi_23.564794778823853.jpg
ultimos 7:3853.jpg
-------------------
analizando:0_2022-10-24_12:29:49.343962.avi_38.866909980773926.jpg
ultimos 7:3926.jpg
-------------------
analizando:0_2022-10-24_12:29:21.920634.avi_14.0875723361969.jpg
ultimos 7:1969.jpg
-------------------
analizando:0_2022-10-24_12:29:24.200892.avi_23.9194118976593.jpg
ultimos 7:6593.jpg
-------------------
analizando:0_2022-10-24_12:39:35.592433.avi_46.52844452857971.jpg
ultimos 7:7971.jpg
-------------------
analizando:0_2022-10-24_12:29:20.117931.avi_19.725963830947876.jpg
ultimos 7:7876.jpg
-------------------
analizando:0_2022-10-24_12:39:12.134195.avi_30.596304893493652.jpg
ultimos 7:3652.jpg
-------------------
analizando:0_2022-10-24_12:39:32.254549.avi_44.24411940574646.jpg
ultimos 7:4646.jpg
paso1!!
deberia a continua
Es enfocada de momento:/var/www/html/reconocimientoFacial/proyecto_definitivo/motor/caras/sinclasificar_videos/0_2022-10-24_12:39:32.254549.avi_44.24411940574646.jpg
es cara1 y enfocada:/var/www/html/reconocimientoFacial/proyecto_definitivo/motor/caras/sinclasificar_videos/0_2022-10-24_12:39:32.254549.avi_44.24411940574646.jpg
Esta imagen SI tiene caras reconocibles por que tiene encodings
Esta imagen SI tiene caras2!!!
Perfecto, supera todos los filtros
La imagen es buena, voy a ponerla en su correspondiente carpeta, para conservarla: /var/www/html/reconocimientoFacial/proyecto_definitivo/motor/caras/sinclasificar_videos/0_2022-10-24_12:39:32.254549.avi_44.24411940574646.jpg
Ya existia la ruta:/var/www/html/reconocimientoFacial/proyecto_definitivo/motor/caras/1/C0/HtMPemK7ygmA0RiMEKEMmwVbm
He copiado de aki: /var/www/html/reconocimientoFacial/proyecto_definitivo/motor/caras/sinclasificar_videos/0_2022-10-24_12:39:32.254549.avi_44.24411940574646.jpg a aki: HtMPemK7ygmA0RiMEKEMmwVbm/0_2022-10-24_12:39:32.254549.avi_44.24411940574646.jpg_bfvGxNjfiZcGBD450GxciSmiIq.jpg
-------------------
analizando:0_2022-10-24_12:29:08.797235.avi_10.980522871017456.jpg
ultimos 7:7456.jpg
-------------------
analizando:0_2022-10-24_12:29:23.527588.avi_26.56917381286621.jpg
ultimos 7:6621.jpg
-------------------
analizando:0_2022-10-24_12:39:17.931345.avi_27.888999700546265.jpg
ultimos 7:6265.jpg
-------------------
analizando:0_2022-10-24_12:29:14.431088.avi_14.039120197296143.jpg
ultimos 7:6143.jpg
-------------------
analizando:0_2022-10-24_12:29:54.155574.avi_39.28046417236328.jpg
ultimos 7:6328.jpg
-------------------
analizando:0_2022-10-24_12:29:29.066738.avi_22.43875789642334.jpg
ultimos 7:2334.jpg
-------------------
analizando:0_2022-10-24_12:29:25.358796.avi_14.881744384765625.jpg
ultimos 7:5625.jpg
-------------------
analizando:0_2022-10-24_12:29:18.299531.avi_3.2339980602264404.jpg
ultimos 7:4404.jpg
paso1!!
deberia a continua
Es enfocada de momento:/var/www/html/reconocimientoFacial/proyecto_definitivo/motor/caras/sinclasificar_videos/0_2022-10-24_12:29:18.299531.avi_3.2339980602264404.jpg
es cara1 y enfocada:/var/www/html/reconocimientoFacial/proyecto_definitivo/motor/caras/sinclasificar_videos/0_2022-10-24_12:29:18.299531.avi_3.2339980602264404.jpg
Esta imagen no tiene caras1 por que no tiene encodings
remuevo la imagen pues no supero los filtros y no se va a usar: /var/www/html/reconocimientoFacial/proyecto_definitivo/motor/caras/sinclasificar_videos/0_2022-10-24_12:29:18.299531.avi_3.2339980602264404.jpg
-------------------
analizando:0_2022-10-24_12:39:02.770131.avi_9.31535816192627.jpg
ultimos 7:2627.jpg
-------------------
analizando:0_2022-10-24_12:39:22.023552.avi_41.56216621398926.jpg
ultimos 7:8926.jpg
-------------------
analizando:0_2022-10-24_12:29:12.638072.avi_10.818836450576782.jpg
ultimos 7:6782.jpg
-------------------
analizando:0_2022-10-24_12:29:23.578492.avi_16.95050048828125.jpg
ultimos 7:8125.jpg
-------------------
analizando:0_2022-10-24_12:29:19.891404.avi_13.548104286193848.jpg
ultimos 7:3848.jpg
-------------------
analizando:0_2022-10-24_12:29:36.551909.avi_38.781862020492554.jpg
ultimos 7:2554.jpg
-------------------
analizando:0_2022-10-24_12:29:15.931975.avi_15.65049695968628.jpg
ultimos 7:8628.jpg
paso1!!
deberia a continua
Es enfocada de momento:/var/www/html/reconocimientoFacial/proyecto_definitivo/motor/caras/sinclasificar_videos/0_2022-10-24_12:29:15.931975.avi_15.65049695968628.jpg
es cara1 y enfocada:/var/www/html/reconocimientoFacial/proyecto_definitivo/motor/caras/sinclasificar_videos/0_2022-10-24_12:29:15.931975.avi_15.65049695968628.jpg
Esta imagen SI tiene caras reconocibles por que tiene encodings
Esta imagen SI tiene caras2!!!
Perfecto, supera todos los filtros
La imagen es buena, voy a ponerla en su correspondiente carpeta, para conservarla: /var/www/html/reconocimientoFacial/proyecto_definitivo/motor/caras/sinclasificar_videos/0_2022-10-24_12:29:15.931975.avi_15.65049695968628.jpg
Ya existia la ruta:/var/www/html/reconocimientoFacial/proyecto_definitivo/motor/caras/1/C0/HtMPemK7ygmA0RiMEKEMmwVbm
He copiado de aki: /var/www/html/reconocimientoFacial/proyecto_definitivo/motor/caras/sinclasificar_videos/0_2022-10-24_12:29:15.931975.avi_15.65049695968628.jpg a aki: HtMPemK7ygmA0RiMEKEMmwVbm/0_2022-10-24_12:29:15.931975.avi_15.65049695968628.jpg_bdgXGyCsACZgdntZlI1V63RpsR.jpg
-------------------
analizando:0_2022-10-24_12:39:19.066104.avi_40.6266987323761.jpg
ultimos 7:3761.jpg
-------------------
analizando:0_2022-10-24_12:29:19.325615.avi_15.62532353401184.jpg
ultimos 7:1184.jpg
-------------------
analizando:0_2022-10-24_12:39:33.775710.avi_40.32094216346741.jpg
ultimos 7:6741.jpg
-------------------
analizando:0_2022-10-24_12:29:36.303914.avi_34.68798589706421.jpg
ultimos 7:6421.jpg
-------------------
analizando:0_2022-10-24_12:29:47.217384.avi_36.74033069610596.jpg
ultimos 7:0596.jpg
-------------------
analizando:0_2022-10-24_12:29:30.342176.avi_22.509116649627686.jpg
ultimos 7:7686.jpg
-------------------
analizando:0_2022-10-24_12:39:14.231599.avi_30.537724256515503.jpg
ultimos 7:5503.jpg
-------------------
analizando:0_2022-10-24_12:29:38.031547.avi_34.310460329055786.jpg
ultimos 7:5786.jpg
-------------------
analizando:0_2022-10-24_12:39:20.331235.avi_28.79533839225769.jpg
ultimos 7:5769.jpg
-------------------
analizando:0_2022-10-24_12:38:54.948098.avi_13.410208225250244.jpg
ultimos 7:0244.jpg
paso1!!
deberia a continua
Es enfocada de momento:/var/www/html/reconocimientoFacial/proyecto_definitivo/motor/caras/sinclasificar_videos/0_2022-10-24_12:38:54.948098.avi_13.410208225250244.jpg
es cara1 y enfocada:/var/www/html/reconocimientoFacial/proyecto_definitivo/motor/caras/sinclasificar_videos/0_2022-10-24_12:38:54.948098.avi_13.410208225250244.jpg
Esta imagen SI tiene caras reconocibles por que tiene encodings
Esta imagen SI tiene caras2!!!
Perfecto, supera todos los filtros
La imagen es buena, voy a ponerla en su correspondiente carpeta, para conservarla: /var/www/html/reconocimientoFacial/proyecto_definitivo/motor/caras/sinclasificar_videos/0_2022-10-24_12:38:54.948098.avi_13.410208225250244.jpg
Ya existia la ruta:/var/www/html/reconocimientoFacial/proyecto_definitivo/motor/caras/1/C0/HtMPemK7ygmA0RiMEKEMmwVbm
He copiado de aki: /var/www/html/reconocimientoFacial/proyecto_definitivo/motor/caras/sinclasificar_videos/0_2022-10-24_12:38:54.948098.avi_13.410208225250244.jpg a aki: HtMPemK7ygmA0RiMEKEMmwVbm/0_2022-10-24_12:38:54.948098.avi_13.410208225250244.jpg_bAEUwFVyG624mcaEdg03rsUDGO.jpg
-------------------
analizando:0_2022-10-24_12:39:14.374156.avi_26.36372661590576.jpg
ultimos 7:0576.jpg
-------------------
analizando:0_2022-10-24_12:38:58.798768.avi_15.104892492294312.jpg
ultimos 7:4312.jpg
-------------------
analizando:0_2022-10-24_12:39:15.817883.avi_35.17370367050171.jpg
ultimos 7:0171.jpg
-------------------
analizando:0_2022-10-24_12:39:30.158645.avi_36.703874588012695.jpg
ultimos 7:2695.jpg
-------------------
analizando:0_2022-10-24_12:39:22.864583.avi_29.409815311431885.jpg
ultimos 7:1885.jpg
-------------------
analizando:0_2022-10-24_12:38:59.932263.avi_10.86827301979065.jpg
ultimos 7:9065.jpg
-------------------
analizando:0_2022-10-24_12:39:13.319599.avi_27.474392890930176.jpg
ultimos 7:0176.jpg
-------------------
analizando:0_2022-10-24_12:29:28.609308.avi_30.7925968170166.jpg
ultimos 7:0166.jpg
-------------------
analizando:0_2022-10-24_12:39:19.267598.avi_35.573721408843994.jpg
ultimos 7:3994.jpg
-------------------
analizando:0_2022-10-24_12:39:28.561168.avi_37.89283871650696.jpg
ultimos 7:0696.jpg
-------------------
analizando:0_2022-10-24_12:29:44.955230.avi_38.32724714279175.jpg
ultimos 7:9175.jpg
-------------------
analizando:0_2022-10-24_12:29:14.236930.avi_7.893629789352417.jpg
ultimos 7:2417.jpg
-------------------
analizando:0_2022-10-24_12:38:59.172669.avi_8.50433874130249.jpg
ultimos 7:0249.jpg
-------------------
analizando:0_2022-10-24_12:38:58.347295.avi_14.450901985168457.jpg
ultimos 7:8457.jpg
-------------------
analizando:0_2022-10-24_12:39:08.960424.avi_19.896431922912598.jpg
ultimos 7:2598.jpg
-------------------
analizando:0_2022-10-24_12:29:49.149190.avi_48.225619077682495.jpg
ultimos 7:2495.jpg
-------------------
analizando:0_2022-10-24_12:29:33.521658.avi_37.788838148117065.jpg
ultimos 7:7065.jpg
-------------------
analizando:0_2022-10-24_12:39:34.294171.avi_45.22313714027405.jpg
ultimos 7:7405.jpg
-------------------
analizando:0_2022-10-24_12:38:50.828751.avi_14.174537658691406.jpg
ultimos 7:1406.jpg
-------------------
analizando:0_2022-10-24_12:39:19.297275.avi_31.286844730377197.jpg
ultimos 7:7197.jpg
-------------------
analizando:0_2022-10-24_12:39:14.268234.avi_30.5743567943573.jpg
ultimos 7:3573.jpg
-------------------
analizando:0_2022-10-24_12:39:28.650016.avi_44.75362277030945.jpg
ultimos 7:0945.jpg
-------------------
analizando:0_2022-10-24_12:29:42.927356.avi_37.712886095047.jpg
ultimos 7:5047.jpg
-------------------
analizando:0_2022-10-24_12:29:45.683980.avi_43.02799677848816.jpg
ultimos 7:8816.jpg
-------------------
analizando:0_2022-10-24_12:29:50.678393.avi_46.97810411453247.jpg
ultimos 7:3247.jpg
-------------------
analizando:0_2022-10-24_12:29:54.247775.avi_44.67460322380066.jpg
ultimos 7:0066.jpg
paso1!!
deberia a continua
Es enfocada de momento:/var/www/html/reconocimientoFacial/proyecto_definitivo/motor/caras/sinclasificar_videos/0_2022-10-24_12:29:54.247775.avi_44.67460322380066.jpg
es cara1 y enfocada:/var/www/html/reconocimientoFacial/proyecto_definitivo/motor/caras/sinclasificar_videos/0_2022-10-24_12:29:54.247775.avi_44.67460322380066.jpg
Esta imagen no tiene caras1 por que no tiene encodings
remuevo la imagen pues no supero los filtros y no se va a usar: /var/www/html/reconocimientoFacial/proyecto_definitivo/motor/caras/sinclasificar_videos/0_2022-10-24_12:29:54.247775.avi_44.67460322380066.jpg
-------------------
analizando:0_2022-10-24_12:39:04.315712.avi_20.419322729110718.jpg
ultimos 7:0718.jpg
-------------------
analizando:0_2022-10-24_12:39:02.588858.avi_15.592576503753662.jpg
ultimos 7:3662.jpg
-------------------
analizando:0_2022-10-24_12:39:09.028359.avi_17.319164991378784.jpg
ultimos 7:8784.jpg
-------------------
analizando:0_2022-10-24_12:29:11.732640.avi_5.389338970184326.jpg
ultimos 7:4326.jpg
-------------------
analizando:0_2022-10-24_12:38:46.335505.avi_5.874119997024536.jpg
ultimos 7:4536.jpg
-------------------
analizando:0_2022-10-24_12:39:04.789846.avi_24.32845902442932.jpg
ultimos 7:2932.jpg
-------------------
analizando:0_2022-10-24_12:29:45.630724.avi_40.41625380516052.jpg
ultimos 7:6052.jpg
-------------------
analizando:0_2022-10-24_12:29:23.583753.avi_8.518218278884888.jpg
ultimos 7:4888.jpg
paso1!!
deberia a continua
Es enfocada de momento:/var/www/html/reconocimientoFacial/proyecto_definitivo/motor/caras/sinclasificar_videos/0_2022-10-24_12:29:23.583753.avi_8.518218278884888.jpg
es cara1 y enfocada:/var/www/html/reconocimientoFacial/proyecto_definitivo/motor/caras/sinclasificar_videos/0_2022-10-24_12:29:23.583753.avi_8.518218278884888.jpg
Esta imagen no tiene caras1 por que no tiene encodings
remuevo la imagen pues no supero los filtros y no se va a usar: /var/www/html/reconocimientoFacial/proyecto_definitivo/motor/caras/sinclasificar_videos/0_2022-10-24_12:29:23.583753.avi_8.518218278884888.jpg
-------------------
analizando:0_2022-10-24_12:39:19.231493.avi_39.34729075431824.jpg
ultimos 7:1824.jpg
-------------------
analizando:0_2022-10-24_12:29:10.309270.avi_10.027795553207397.jpg
ultimos 7:7397.jpg
-------------------
analizando:0_2022-10-24_12:39:03.784796.avi_9.373502731323242.jpg
ultimos 7:3242.jpg
-------------------
analizando:0_2022-10-24_12:39:13.427972.avi_17.924712657928467.jpg
ultimos 7:8467.jpg
-------------------
analizando:0_2022-10-24_12:29:16.570976.avi_18.754265308380127.jpg
ultimos 7:0127.jpg
-------------------
analizando:0_2022-10-24_12:39:18.020421.avi_28.949381828308105.jpg
ultimos 7:8105.jpg
-------------------
analizando:0_2022-10-24_12:39:05.369376.avi_13.83346939086914.jpg
ultimos 7:6914.jpg
-------------------
analizando:0_2022-10-24_12:39:02.433988.avi_14.423557758331299.jpg
ultimos 7:1299.jpg
-------------------
analizando:0_2022-10-24_12:39:15.041199.avi_25.977209091186523.jpg
ultimos 7:6523.jpg
-------------------
analizando:0_2022-10-24_12:29:07.556898.avi_5.737659692764282.jpg
ultimos 7:4282.jpg
paso1!!
deberia a continua
Es enfocada de momento:/var/www/html/reconocimientoFacial/proyecto_definitivo/motor/caras/sinclasificar_videos/0_2022-10-24_12:29:07.556898.avi_5.737659692764282.jpg
es cara1 y enfocada:/var/www/html/reconocimientoFacial/proyecto_definitivo/motor/caras/sinclasificar_videos/0_2022-10-24_12:29:07.556898.avi_5.737659692764282.jpg
Esta imagen no tiene caras1 por que no tiene encodings
remuevo la imagen pues no supero los filtros y no se va a usar: /var/www/html/reconocimientoFacial/proyecto_definitivo/motor/caras/sinclasificar_videos/0_2022-10-24_12:29:07.556898.avi_5.737659692764282.jpg
-------------------
analizando:0_2022-10-24_12:39:26.090798.avi_42.19440817832947.jpg
ultimos 7:2947.jpg
-------------------
analizando:0_2022-10-24_12:29:41.794787.avi_43.70444440841675.jpg
ultimos 7:1675.jpg
-------------------
analizando:0_2022-10-24_12:39:34.150815.avi_45.08681917190552.jpg
ultimos 7:0552.jpg
-------------------
analizando:0_2022-10-24_12:29:31.557535.avi_31.165567874908447.jpg
ultimos 7:8447.jpg
-------------------
analizando:0_2022-10-24_12:39:21.768773.avi_40.554699659347534.jpg
ultimos 7:7534.jpg
-------------------
analizando:0_2022-10-24_12:29:52.599847.avi_47.38537621498108.jpg
ultimos 7:8108.jpg
-------------------
analizando:0_2022-10-24_12:29:38.567384.avi_29.185327529907227.jpg
ultimos 7:7227.jpg
-------------------
analizando:0_2022-10-24_12:29:24.023490.avi_9.14838171005249.jpg
ultimos 7:5249.jpg
-------------------
analizando:0_2022-10-24_12:29:24.091923.avi_14.709866523742676.jpg
ultimos 7:2676.jpg
-------------------
analizando:0_2022-10-24_12:39:32.095606.avi_40.38641095161438.jpg
ultimos 7:1438.jpg
-------------------
analizando:0_2022-10-24_12:29:08.894224.avi_2.550921678543091.jpg
ultimos 7:3091.jpg
-------------------
analizando:0_2022-10-24_12:39:22.876478.avi_29.421712636947632.jpg
ultimos 7:7632.jpg
-------------------
analizando:0_2022-10-24_12:29:17.591915.avi_10.963931798934937.jpg
ultimos 7:4937.jpg
-------------------
analizando:0_2022-10-24_12:29:25.693029.avi_25.301061153411865.jpg
ultimos 7:1865.jpg
-------------------
analizando:0_2022-10-24_12:38:42.217509.avi_1.5733299255371094.jpg
ultimos 7:1094.jpg
-------------------
analizando:0_2022-10-24_12:29:40.593905.avi_43.63548803329468.jpg
ultimos 7:9468.jpg
-------------------
analizando:0_2022-10-24_12:39:03.942430.avi_13.90008807182312.jpg
ultimos 7:2312.jpg
-------------------
analizando:0_2022-10-24_12:39:08.871763.avi_19.807774305343628.jpg
ultimos 7:3628.jpg
-------------------
analizando:0_2022-10-24_12:39:28.545357.avi_39.47432351112366.jpg
ultimos 7:2366.jpg
-------------------
analizando:0_2022-10-24_12:39:11.071022.avi_27.377145767211914.jpg
ultimos 7:1914.jpg
-------------------
analizando:0_2022-10-24_12:39:33.953871.avi_45.94344162940979.jpg
ultimos 7:0979.jpg
-------------------
analizando:0_2022-10-24_12:39:19.213978.avi_35.52009105682373.jpg
ultimos 7:2373.jpg
-------------------
analizando:0_2022-10-24_12:38:51.670767.avi_4.674492359161377.jpg
ultimos 7:1377.jpg
-------------------
analizando:0_2022-10-24_12:29:47.489846.avi_44.833861112594604.jpg
ultimos 7:4604.jpg
paso1!!
deberia a continua
Es enfocada de momento:/var/www/html/reconocimientoFacial/proyecto_definitivo/motor/caras/sinclasificar_videos/0_2022-10-24_12:29:47.489846.avi_44.833861112594604.jpg
es cara1 y enfocada:/var/www/html/reconocimientoFacial/proyecto_definitivo/motor/caras/sinclasificar_videos/0_2022-10-24_12:29:47.489846.avi_44.833861112594604.jpg
Esta imagen SI tiene caras reconocibles por que tiene encodings
Esta imagen SI tiene caras2!!!
Perfecto, supera todos los filtros
La imagen es buena, voy a ponerla en su correspondiente carpeta, para conservarla: /var/www/html/reconocimientoFacial/proyecto_definitivo/motor/caras/sinclasificar_videos/0_2022-10-24_12:29:47.489846.avi_44.833861112594604.jpg
Ya existia la ruta:/var/www/html/reconocimientoFacial/proyecto_definitivo/motor/caras/1/C0/HtMPemK7ygmA0RiMEKEMmwVbm
He copiado de aki: /var/www/html/reconocimientoFacial/proyecto_definitivo/motor/caras/sinclasificar_videos/0_2022-10-24_12:29:47.489846.avi_44.833861112594604.jpg a aki: HtMPemK7ygmA0RiMEKEMmwVbm/0_2022-10-24_12:29:47.489846.avi_44.833861112594604.jpg_bDbsBFXrud62mjO2IPBfyOiMvo.jpg
-------------------
analizando:0_2022-10-24_12:39:26.545871.avi_35.87754154205322.jpg
ultimos 7:5322.jpg
-------------------
analizando:0_2022-10-24_12:38:59.520223.avi_7.984323740005493.jpg
ultimos 7:5493.jpg
-------------------
analizando:0_2022-10-24_12:38:41.242027.avi_1.3578228950500488.jpg
ultimos 7:0488.jpg
paso1!!
deberia a continua
Es enfocada de momento:/var/www/html/reconocimientoFacial/proyecto_definitivo/motor/caras/sinclasificar_videos/0_2022-10-24_12:38:41.242027.avi_1.3578228950500488.jpg
es cara1 y enfocada:/var/www/html/reconocimientoFacial/proyecto_definitivo/motor/caras/sinclasificar_videos/0_2022-10-24_12:38:41.242027.avi_1.3578228950500488.jpg
Esta imagen SI tiene caras reconocibles por que tiene encodings
Esta imagen SI tiene caras2!!!
Perfecto, supera todos los filtros
La imagen es buena, voy a ponerla en su correspondiente carpeta, para conservarla: /var/www/html/reconocimientoFacial/proyecto_definitivo/motor/caras/sinclasificar_videos/0_2022-10-24_12:38:41.242027.avi_1.3578228950500488.jpg
Ya existia la ruta:/var/www/html/reconocimientoFacial/proyecto_definitivo/motor/caras/1/C0/HtMPemK7ygmA0RiMEKEMmwVbm
He copiado de aki: /var/www/html/reconocimientoFacial/proyecto_definitivo/motor/caras/sinclasificar_videos/0_2022-10-24_12:38:41.242027.avi_1.3578228950500488.jpg a aki: HtMPemK7ygmA0RiMEKEMmwVbm/0_2022-10-24_12:38:41.242027.avi_1.3578228950500488.jpg_b1P4jab95XNvbd440MhQFaGfEZ.jpg
-------------------
analizando:0_2022-10-24_12:29:41.025432.avi_31.452263116836548.jpg
ultimos 7:6548.jpg
-------------------
analizando:0_2022-10-24_12:29:20.969809.avi_11.5877525806427.jpg
ultimos 7:6427.jpg
-------------------
analizando:0_2022-10-24_12:29:50.637837.avi_40.845216274261475.jpg
ultimos 7:1475.jpg
-------------------
analizando:0_2022-10-24_12:39:07.612176.avi_12.108916521072388.jpg
ultimos 7:2388.jpg
-------------------
analizando:0_2022-10-24_12:38:50.630387.avi_2.619955062866211.jpg
ultimos 7:6211.jpg
-------------------
analizando:0_2022-10-24_12:39:22.795331.avi_33.73134160041809.jpg
ultimos 7:1809.jpg
-------------------
analizando:0_2022-10-24_12:29:17.108197.avi_10.764895915985107.jpg
ultimos 7:5107.jpg
-------------------
analizando:0_2022-10-24_12:29:36.294324.avi_32.57323408126831.jpg
ultimos 7:6831.jpg
-------------------
analizando:0_2022-10-24_12:29:35.162489.avi_20.287378549575806.jpg
ultimos 7:5806.jpg
-------------------
analizando:0_2022-10-24_12:38:52.509662.avi_8.61327052116394.jpg
ultimos 7:6394.jpg
-------------------
analizando:0_2022-10-24_12:29:28.682221.avi_30.865509033203125.jpg
ultimos 7:3125.jpg
-------------------
analizando:0_2022-10-24_12:38:56.888748.avi_5.352847576141357.jpg
ultimos 7:1357.jpg
-------------------
analizando:0_2022-10-24_12:29:21.201369.avi_11.628193140029907.jpg
ultimos 7:9907.jpg
-------------------
analizando:0_2022-10-24_12:29:04.342442.avi_3.4188714027404785.jpg
ultimos 7:4785.jpg
-------------------
analizando:0_2022-10-24_12:39:17.831904.avi_27.789564609527588.jpg
ultimos 7:7588.jpg
-------------------
analizando:0_2022-10-24_12:29:32.416116.avi_30.5968816280365.jpg
ultimos 7:0365.jpg
-------------------
analizando:0_2022-10-24_12:29:12.469325.avi_2.896156072616577.jpg
ultimos 7:6577.jpg
-------------------
analizando:0_2022-10-24_12:29:48.505709.avi_39.12365221977234.jpg
ultimos 7:7234.jpg
-------------------
analizando:0_2022-10-24_12:29:15.439427.avi_5.866249322891235.jpg
ultimos 7:1235.jpg
-------------------
analizando:0_2022-10-24_12:29:37.197405.avi_33.49711489677429.jpg
ultimos 7:7429.jpg
-------------------
analizando:0_2022-10-24_12:39:27.074476.avi_31.571215629577637.jpg
ultimos 7:7637.jpg
-------------------
analizando:0_2022-10-24_12:39:19.219016.avi_31.208585739135742.jpg
ultimos 7:5742.jpg
-------------------
analizando:0_2022-10-24_12:39:18.463736.avi_31.46746063232422.jpg
ultimos 7:2422.jpg
paso1!!
deberia a continua
Es enfocada de momento:/var/www/html/reconocimientoFacial/proyecto_definitivo/motor/caras/sinclasificar_videos/0_2022-10-24_12:39:18.463736.avi_31.46746063232422.jpg
es cara1 y enfocada:/var/www/html/reconocimientoFacial/proyecto_definitivo/motor/caras/sinclasificar_videos/0_2022-10-24_12:39:18.463736.avi_31.46746063232422.jpg
Esta imagen no tiene caras1 por que no tiene encodings
remuevo la imagen pues no supero los filtros y no se va a usar: /var/www/html/reconocimientoFacial/proyecto_definitivo/motor/caras/sinclasificar_videos/0_2022-10-24_12:39:18.463736.avi_31.46746063232422.jpg
-------------------
analizando:0_2022-10-24_12:39:03.937622.avi_13.895278453826904.jpg
ultimos 7:6904.jpg
-------------------
analizando:0_2022-10-24_12:29:42.789614.avi_44.97290229797363.jpg
ultimos 7:7363.jpg
-------------------
analizando:0_2022-10-24_12:29:20.820650.avi_15.60617709159851.jpg
ultimos 7:9851.jpg
-------------------
analizando:0_2022-10-24_12:39:06.338533.avi_14.62933349609375.jpg
ultimos 7:9375.jpg
-------------------
analizando:0_2022-10-24_12:39:33.086216.avi_43.04387450218201.jpg
ultimos 7:8201.jpg
-------------------
analizando:0_2022-10-24_12:29:32.432713.avi_30.613476753234863.jpg
ultimos 7:4863.jpg
-------------------
analizando:0_2022-10-24_12:29:39.640055.avi_35.93976593017578.jpg
ultimos 7:7578.jpg
-------------------
analizando:0_2022-10-24_12:29:46.593198.avi_44.97726893424988.jpg
ultimos 7:4988.jpg
-------------------
analizando:0_2022-10-24_12:29:41.705850.avi_32.32379102706909.jpg
ultimos 7:6909.jpg
-------------------
analizando:0_2022-10-24_12:39:16.144057.avi_30.298853158950806.jpg
ultimos 7:0806.jpg
paso1!!
deberia a continua
Es enfocada de momento:/var/www/html/reconocimientoFacial/proyecto_definitivo/motor/caras/sinclasificar_videos/0_2022-10-24_12:39:16.144057.avi_30.298853158950806.jpg
es cara1 y enfocada:/var/www/html/reconocimientoFacial/proyecto_definitivo/motor/caras/sinclasificar_videos/0_2022-10-24_12:39:16.144057.avi_30.298853158950806.jpg
Esta imagen SI tiene caras reconocibles por que tiene encodings
Esta imagen SI tiene caras2!!!
Perfecto, supera todos los filtros
La imagen es buena, voy a ponerla en su correspondiente carpeta, para conservarla: /var/www/html/reconocimientoFacial/proyecto_definitivo/motor/caras/sinclasificar_videos/0_2022-10-24_12:39:16.144057.avi_30.298853158950806.jpg
Ya existia la ruta:/var/www/html/reconocimientoFacial/proyecto_definitivo/motor/caras/1/C0/HtMPemK7ygmA0RiMEKEMmwVbm
He copiado de aki: /var/www/html/reconocimientoFacial/proyecto_definitivo/motor/caras/sinclasificar_videos/0_2022-10-24_12:39:16.144057.avi_30.298853158950806.jpg a aki: HtMPemK7ygmA0RiMEKEMmwVbm/0_2022-10-24_12:39:16.144057.avi_30.298853158950806.jpg_blgkzwYwFUYbjelx5NWJY8VKmv.jpg
-------------------
analizando:0_2022-10-24_12:29:18.658328.avi_18.376853704452515.jpg
ultimos 7:2515.jpg
-------------------
analizando:0_2022-10-24_12:29:19.943790.avi_13.600487470626831.jpg
ultimos 7:6831.jpg
-------------------
analizando:0_2022-10-24_12:29:29.850167.avi_14.975054264068604.jpg
ultimos 7:8604.jpg
paso1!!
deberia a continua
Es enfocada de momento:/var/www/html/reconocimientoFacial/proyecto_definitivo/motor/caras/sinclasificar_videos/0_2022-10-24_12:29:29.850167.avi_14.975054264068604.jpg
es cara1 y enfocada:/var/www/html/reconocimientoFacial/proyecto_definitivo/motor/caras/sinclasificar_videos/0_2022-10-24_12:29:29.850167.avi_14.975054264068604.jpg
Esta imagen no tiene caras1 por que no tiene encodings
remuevo la imagen pues no supero los filtros y no se va a usar: /var/www/html/reconocimientoFacial/proyecto_definitivo/motor/caras/sinclasificar_videos/0_2022-10-24_12:29:29.850167.avi_14.975054264068604.jpg
-------------------
analizando:0_2022-10-24_12:29:36.648644.avi_26.171589374542236.jpg
ultimos 7:2236.jpg
-------------------
analizando:0_2022-10-24_12:29:43.157351.avi_46.198936223983765.jpg
ultimos 7:3765.jpg
-------------------
analizando:0_2022-10-24_12:29:12.243960.avi_11.320390224456787.jpg
ultimos 7:6787.jpg
-------------------
analizando:0_2022-10-24_12:38:41.869460.avi_1.4080712795257568.jpg
ultimos 7:7568.jpg
-------------------
analizando:0_2022-10-24_12:39:16.052092.avi_34.83802080154419.jpg
ultimos 7:4419.jpg
-------------------
analizando:0_2022-10-24_12:29:53.494847.avi_43.702226638793945.jpg
ultimos 7:3945.jpg
-------------------
analizando:0_2022-10-24_12:29:43.267205.avi_41.44796872138977.jpg
ultimos 7:8977.jpg
-------------------
analizando:0_2022-10-24_12:29:04.021080.avi_3.6291091442108154.jpg
ultimos 7:8154.jpg
-------------------
analizando:0_2022-10-24_12:29:30.559474.avi_26.83837103843689.jpg
ultimos 7:3689.jpg
-------------------
analizando:0_2022-10-24_12:39:25.511677.avi_36.44768786430359.jpg
ultimos 7:0359.jpg
-------------------
analizando:0_2022-10-24_12:29:19.253556.avi_15.553267478942871.jpg
ultimos 7:2871.jpg
-------------------
analizando:0_2022-10-24_12:39:30.368998.avi_41.29796552658081.jpg
ultimos 7:8081.jpg
-------------------
analizando:0_2022-10-24_12:38:54.311460.avi_5.240429878234863.jpg
ultimos 7:4863.jpg
-------------------
analizando:0_2022-10-24_12:29:35.115664.avi_25.542495727539062.jpg
ultimos 7:9062.jpg
-------------------
analizando:0_2022-10-24_12:39:13.589160.avi_22.92082953453064.jpg
ultimos 7:3064.jpg
-------------------
analizando:0_2022-10-24_12:29:52.064283.avi_45.43630027770996.jpg
ultimos 7:0996.jpg
-------------------
analizando:0_2022-10-24_12:29:08.983596.avi_2.6402947902679443.jpg
ultimos 7:9443.jpg
-------------------
analizando:0_2022-10-24_12:29:48.555657.avi_38.982486963272095.jpg
ultimos 7:2095.jpg
-------------------
analizando:0_2022-10-24_12:29:38.333982.avi_30.500922679901123.jpg
ultimos 7:1123.jpg
-------------------
analizando:0_2022-10-24_12:38:47.772294.avi_3.8759021759033203.jpg
ultimos 7:3203.jpg
-------------------
analizando:0_2022-10-24_12:29:32.412165.avi_17.537055253982544.jpg
ultimos 7:2544.jpg
-------------------
analizando:0_2022-10-24_12:38:47.406563.avi_5.288854598999023.jpg
ultimos 7:9023.jpg
-------------------
analizando:0_2022-10-24_12:39:26.540199.avi_35.87186670303345.jpg
ultimos 7:3345.jpg
-------------------
analizando:0_2022-10-24_12:39:25.368302.avi_35.325960636138916.jpg
ultimos 7:8916.jpg
-------------------
analizando:0_2022-10-24_12:29:27.989203.avi_29.898866653442383.jpg
ultimos 7:2383.jpg
-------------------
analizando:0_2022-10-24_12:38:45.596579.avi_3.4788715839385986.jpg
ultimos 7:5986.jpg
-------------------
analizando:0_2022-10-24_12:39:16.509575.avi_32.81569957733154.jpg
ultimos 7:3154.jpg
-------------------
analizando:0_2022-10-24_12:29:21.697862.avi_17.976775407791138.jpg
ultimos 7:1138.jpg
-------------------
analizando:0_2022-10-24_12:29:25.829219.avi_25.43724822998047.jpg
ultimos 7:8047.jpg
-------------------
analizando:0_2022-10-24_12:39:25.291436.avi_35.24909472465515.jpg
ultimos 7:5515.jpg
-------------------
analizando:0_2022-10-24_12:29:40.569646.avi_35.355175256729126.jpg
ultimos 7:9126.jpg
-------------------
analizando:0_2022-10-24_12:29:38.732643.avi_38.45115876197815.jpg
ultimos 7:7815.jpg
-------------------
analizando:0_2022-10-24_12:39:35.420102.avi_47.40967297554016.jpg
ultimos 7:4016.jpg
-------------------
analizando:0_2022-10-24_12:38:50.261772.avi_4.416567325592041.jpg
ultimos 7:2041.jpg
-------------------
analizando:0_2022-10-24_12:39:00.851435.avi_10.809095621109009.jpg
ultimos 7:9009.jpg
-------------------
analizando:0_2022-10-24_12:38:59.259844.avi_11.249414682388306.jpg
ultimos 7:8306.jpg
-------------------
analizando:0_2022-10-24_12:29:13.899219.avi_17.164452075958252.jpg
ultimos 7:8252.jpg
-------------------
analizando:0_2022-10-24_12:38:55.925506.avi_10.080300331115723.jpg
ultimos 7:5723.jpg
-------------------
analizando:0_2022-10-24_12:29:05.132846.avi_2.4768612384796143.jpg
ultimos 7:6143.jpg
-------------------
analizando:0_2022-10-24_12:29:29.407716.avi_26.751733541488647.jpg
ultimos 7:8647.jpg
-------------------
analizando:0_2022-10-24_12:38:42.827494.avi_1.6134233474731445.jpg
ultimos 7:1445.jpg
-------------------
analizando:0_2022-10-24_12:29:20.797573.avi_5.732042074203491.jpg
ultimos 7:3491.jpg
-------------------
analizando:0_2022-10-24_12:29:50.862937.avi_40.385884284973145.jpg
ultimos 7:3145.jpg
-------------------
analizando:0_2022-10-24_12:29:12.601264.avi_3.219200849533081.jpg
ultimos 7:3081.jpg
-------------------
analizando:0_2022-10-24_12:39:12.544052.avi_28.647661685943604.jpg
ultimos 7:3604.jpg
-------------------
analizando:0_2022-10-24_12:39:19.232063.avi_38.77067828178406.jpg
ultimos 7:8406.jpg
paso1!!
deberia a continua
Es enfocada de momento:/var/www/html/reconocimientoFacial/proyecto_definitivo/motor/caras/sinclasificar_videos/0_2022-10-24_12:39:19.232063.avi_38.77067828178406.jpg
es cara1 y enfocada:/var/www/html/reconocimientoFacial/proyecto_definitivo/motor/caras/sinclasificar_videos/0_2022-10-24_12:39:19.232063.avi_38.77067828178406.jpg
Esta imagen SI tiene caras reconocibles por que tiene encodings
Esta imagen SI tiene caras2!!!
Perfecto, supera todos los filtros
La imagen es buena, voy a ponerla en su correspondiente carpeta, para conservarla: /var/www/html/reconocimientoFacial/proyecto_definitivo/motor/caras/sinclasificar_videos/0_2022-10-24_12:39:19.232063.avi_38.77067828178406.jpg
Ya existia la ruta:/var/www/html/reconocimientoFacial/proyecto_definitivo/motor/caras/1/C0/HtMPemK7ygmA0RiMEKEMmwVbm
He copiado de aki: /var/www/html/reconocimientoFacial/proyecto_definitivo/motor/caras/sinclasificar_videos/0_2022-10-24_12:39:19.232063.avi_38.77067828178406.jpg a aki: HtMPemK7ygmA0RiMEKEMmwVbm/0_2022-10-24_12:39:19.232063.avi_38.77067828178406.jpg_bTbuTwW7xMnwmdE5MipLUApGhK.jpg
-------------------
analizando:0_2022-10-24_12:29:21.289022.avi_21.0075466632843.jpg
ultimos 7:2843.jpg
-------------------
analizando:0_2022-10-24_12:38:57.115023.avi_8.051027059555054.jpg
ultimos 7:5054.jpg
-------------------
analizando:0_2022-10-24_12:29:34.442168.avi_27.81418776512146.jpg
ultimos 7:2146.jpg
-------------------
analizando:0_2022-10-24_12:29:51.634864.avi_42.25280714035034.jpg
ultimos 7:5034.jpg
-------------------
analizando:0_2022-10-24_12:38:55.095384.avi_5.0530431270599365.jpg
ultimos 7:9365.jpg
-------------------
analizando:0_2022-10-24_12:39:08.353606.avi_20.34317374229431.jpg
ultimos 7:9431.jpg
-------------------
analizando:0_2022-10-24_12:29:25.609663.avi_27.83961296081543.jpg
ultimos 7:1543.jpg
-------------------
analizando:0_2022-10-24_12:39:32.365750.avi_48.46936011314392.jpg
ultimos 7:4392.jpg
-------------------
analizando:0_2022-10-24_12:38:52.298769.avi_11.084698677062988.jpg
ultimos 7:2988.jpg
-------------------
analizando:0_2022-10-24_12:39:16.338338.avi_35.876952171325684.jpg
ultimos 7:5684.jpg
-------------------
analizando:0_2022-10-24_12:39:19.580681.avi_33.21730065345764.jpg
ultimos 7:5764.jpg
-------------------
analizando:0_2022-10-24_12:39:01.109569.avi_23.975234031677246.jpg
ultimos 7:7246.jpg
-------------------
analizando:0_2022-10-24_12:38:43.350274.avi_4.910869121551514.jpg
ultimos 7:1514.jpg
-------------------
analizando:0_2022-10-24_12:29:38.186974.avi_32.97250580787659.jpg
ultimos 7:7659.jpg
-------------------
analizando:0_2022-10-24_12:29:07.543558.avi_2.329087018966675.jpg
ultimos 7:6675.jpg
-------------------
analizando:0_2022-10-24_12:39:27.140304.avi_45.9262273311615.jpg
ultimos 7:1615.jpg
-------------------
analizando:0_2022-10-24_12:38:47.572712.avi_6.034822940826416.jpg
ultimos 7:6416.jpg
-------------------
analizando:0_2022-10-24_12:29:47.241703.avi_43.54141402244568.jpg
ultimos 7:4568.jpg
-------------------
analizando:0_2022-10-24_12:38:49.760592.avi_9.116414308547974.jpg
ultimos 7:7974.jpg
-------------------
analizando:0_2022-10-24_12:39:27.785890.avi_36.24998998641968.jpg
ultimos 7:1968.jpg
-------------------
analizando:0_2022-10-24_12:38:58.906576.avi_20.467166900634766.jpg
ultimos 7:4766.jpg
-------------------
analizando:0_2022-10-24_12:29:45.588182.avi_37.755122423172.jpg
ultimos 7:3172.jpg
-------------------
analizando:0_2022-10-24_12:39:03.516287.avi_11.807093381881714.jpg
ultimos 7:1714.jpg
-------------------
analizando:0_2022-10-24_12:39:15.155579.avi_31.259190320968628.jpg
ultimos 7:8628.jpg
paso1!!
deberia a continua
Es enfocada de momento:/var/www/html/reconocimientoFacial/proyecto_definitivo/motor/caras/sinclasificar_videos/0_2022-10-24_12:39:15.155579.avi_31.259190320968628.jpg
es cara1 y enfocada:/var/www/html/reconocimientoFacial/proyecto_definitivo/motor/caras/sinclasificar_videos/0_2022-10-24_12:39:15.155579.avi_31.259190320968628.jpg
Esta imagen no tiene caras1 por que no tiene encodings
remuevo la imagen pues no supero los filtros y no se va a usar: /var/www/html/reconocimientoFacial/proyecto_definitivo/motor/caras/sinclasificar_videos/0_2022-10-24_12:39:15.155579.avi_31.259190320968628.jpg
-------------------
analizando:0_2022-10-24_12:29:16.415630.avi_20.682810068130493.jpg
ultimos 7:0493.jpg
-------------------
analizando:0_2022-10-24_12:29:50.837422.avi_40.360371112823486.jpg
ultimos 7:3486.jpg
-------------------
analizando:0_2022-10-24_12:29:45.757535.avi_43.10155367851257.jpg
ultimos 7:1257.jpg
-------------------
analizando:0_2022-10-24_12:39:35.471042.avi_47.460609674453735.jpg
ultimos 7:3735.jpg
-------------------
analizando:0_2022-10-24_12:29:38.656445.avi_29.27438521385193.jpg
ultimos 7:5193.jpg
-------------------
analizando:0_2022-10-24_12:28:59.377128.avi_1.5604181289672852.jpg
ultimos 7:2852.jpg
-------------------
analizando:0_2022-10-24_12:39:00.239339.avi_11.168306827545166.jpg
ultimos 7:5166.jpg
-------------------
analizando:0_2022-10-24_12:29:23.340534.avi_22.416963815689087.jpg
ultimos 7:9087.jpg
-------------------
analizando:0_2022-10-24_12:38:46.072747.avi_4.858676195144653.jpg
ultimos 7:4653.jpg
-------------------
analizando:0_2022-10-24_12:38:46.310127.avi_6.4259257316589355.jpg
ultimos 7:9355.jpg
-------------------
analizando:0_2022-10-24_12:29:39.046398.avi_43.3135781288147.jpg
ultimos 7:8147.jpg
-------------------
analizando:0_2022-10-24_12:29:12.530650.avi_9.87466549873352.jpg
ultimos 7:3352.jpg
-------------------
analizando:0_2022-10-24_12:39:02.916556.avi_13.852566480636597.jpg
ultimos 7:6597.jpg
-------------------
analizando:0_2022-10-24_12:39:07.934031.avi_24.240156173706055.jpg
ultimos 7:6055.jpg
-------------------
analizando:0_2022-10-24_12:29:37.743697.avi_37.35172414779663.jpg
ultimos 7:9663.jpg
-------------------
analizando:0_2022-10-24_12:39:21.742383.avi_26.23912501335144.jpg
ultimos 7:5144.jpg
-------------------
analizando:0_2022-10-24_12:29:15.128726.avi_14.20515513420105.jpg
ultimos 7:0105.jpg
-------------------
analizando:0_2022-10-24_12:38:54.497015.avi_12.379303693771362.jpg
ultimos 7:1362.jpg
-------------------
analizando:0_2022-10-24_12:39:05.684155.avi_12.229388952255249.jpg
ultimos 7:5249.jpg
-------------------
analizando:0_2022-10-24_12:39:17.273701.avi_23.818925857543945.jpg
ultimos 7:3945.jpg
-------------------
analizando:0_2022-10-24_12:29:04.346602.avi_8.970659732818604.jpg
ultimos 7:8604.jpg
paso1!!
deberia a continua
Es enfocada de momento:/var/www/html/reconocimientoFacial/proyecto_definitivo/motor/caras/sinclasificar_videos/0_2022-10-24_12:29:04.346602.avi_8.970659732818604.jpg
es cara1 y enfocada:/var/www/html/reconocimientoFacial/proyecto_definitivo/motor/caras/sinclasificar_videos/0_2022-10-24_12:29:04.346602.avi_8.970659732818604.jpg
Esta imagen no tiene caras1 por que no tiene encodings
remuevo la imagen pues no supero los filtros y no se va a usar: /var/www/html/reconocimientoFacial/proyecto_definitivo/motor/caras/sinclasificar_videos/0_2022-10-24_12:29:04.346602.avi_8.970659732818604.jpg
-------------------
analizando:0_2022-10-24_12:38:44.565478.avi_4.681272029876709.jpg
ultimos 7:6709.jpg
-------------------
analizando:0_2022-10-24_12:39:24.161366.avi_33.49303579330444.jpg
ultimos 7:0444.jpg
paso1!!
deberia a continua
Es enfocada de momento:/var/www/html/reconocimientoFacial/proyecto_definitivo/motor/caras/sinclasificar_videos/0_2022-10-24_12:39:24.161366.avi_33.49303579330444.jpg
es cara1 y enfocada:/var/www/html/reconocimientoFacial/proyecto_definitivo/motor/caras/sinclasificar_videos/0_2022-10-24_12:39:24.161366.avi_33.49303579330444.jpg
Esta imagen SI tiene caras reconocibles por que tiene encodings
Esta imagen SI tiene caras2!!!
Perfecto, supera todos los filtros
La imagen es buena, voy a ponerla en su correspondiente carpeta, para conservarla: /var/www/html/reconocimientoFacial/proyecto_definitivo/motor/caras/sinclasificar_videos/0_2022-10-24_12:39:24.161366.avi_33.49303579330444.jpg
Ya existia la ruta:/var/www/html/reconocimientoFacial/proyecto_definitivo/motor/caras/1/C0/HtMPemK7ygmA0RiMEKEMmwVbm
He copiado de aki: /var/www/html/reconocimientoFacial/proyecto_definitivo/motor/caras/sinclasificar_videos/0_2022-10-24_12:39:24.161366.avi_33.49303579330444.jpg a aki: HtMPemK7ygmA0RiMEKEMmwVbm/0_2022-10-24_12:39:24.161366.avi_33.49303579330444.jpg_b5mICXd2roDvdaNlu3m4AX34Ur.jpg
-------------------
analizando:0_2022-10-24_12:29:46.243234.avi_36.86117601394653.jpg
ultimos 7:4653.jpg
-------------------
analizando:0_2022-10-24_12:39:01.806203.avi_21.92200207710266.jpg
ultimos 7:0266.jpg
paso1!!
deberia a continua
Es enfocada de momento:/var/www/html/reconocimientoFacial/proyecto_definitivo/motor/caras/sinclasificar_videos/0_2022-10-24_12:39:01.806203.avi_21.92200207710266.jpg
es cara1 y enfocada:/var/www/html/reconocimientoFacial/proyecto_definitivo/motor/caras/sinclasificar_videos/0_2022-10-24_12:39:01.806203.avi_21.92200207710266.jpg
Esta imagen SI tiene caras reconocibles por que tiene encodings
Esta imagen SI tiene caras2!!!
Perfecto, supera todos los filtros
La imagen es buena, voy a ponerla en su correspondiente carpeta, para conservarla: /var/www/html/reconocimientoFacial/proyecto_definitivo/motor/caras/sinclasificar_videos/0_2022-10-24_12:39:01.806203.avi_21.92200207710266.jpg
Ya existia la ruta:/var/www/html/reconocimientoFacial/proyecto_definitivo/motor/caras/1/C0/HtMPemK7ygmA0RiMEKEMmwVbm
He copiado de aki: /var/www/html/reconocimientoFacial/proyecto_definitivo/motor/caras/sinclasificar_videos/0_2022-10-24_12:39:01.806203.avi_21.92200207710266.jpg a aki: HtMPemK7ygmA0RiMEKEMmwVbm/0_2022-10-24_12:39:01.806203.avi_21.92200207710266.jpg_bmme8vIwXHZeySjgTfhOhEgZZD.jpg
-------------------
analizando:0_2022-10-24_12:38:50.707625.avi_2.6971919536590576.jpg
ultimos 7:0576.jpg
-------------------
analizando:0_2022-10-24_12:29:44.439705.avi_42.823776721954346.jpg
ultimos 7:4346.jpg
-------------------
analizando:0_2022-10-24_12:29:02.779209.avi_4.688871145248413.jpg
ultimos 7:8413.jpg
-------------------
analizando:0_2022-10-24_12:39:10.578588.avi_15.075326681137085.jpg
ultimos 7:7085.jpg
-------------------
analizando:0_2022-10-24_12:38:55.105875.avi_17.97153949737549.jpg
ultimos 7:7549.jpg
-------------------
analizando:0_2022-10-24_12:29:23.265346.avi_22.34177541732788.jpg
ultimos 7:2788.jpg
-------------------
analizando:0_2022-10-24_12:29:19.565912.avi_21.749196767807007.jpg
ultimos 7:7007.jpg
-------------------
analizando:0_2022-10-24_12:29:09.150764.avi_2.522782325744629.jpg
ultimos 7:4629.jpg
-------------------
analizando:0_2022-10-24_12:29:47.646037.avi_39.81297779083252.jpg
ultimos 7:3252.jpg
-------------------
analizando:0_2022-10-24_12:29:10.020021.avi_4.8055503368377686.jpg
ultimos 7:7686.jpg
-------------------
analizando:0_2022-10-24_12:29:45.374120.avi_30.49900770187378.jpg
ultimos 7:7378.jpg
-------------------
analizando:0_2022-10-24_12:39:24.214450.avi_40.520572900772095.jpg
ultimos 7:2095.jpg
-------------------
analizando:0_2022-10-24_12:39:11.940771.avi_29.82306170463562.jpg
ultimos 7:3562.jpg
-------------------
analizando:0_2022-10-24_12:29:40.557613.avi_25.682504177093506.jpg
ultimos 7:3506.jpg
-------------------
analizando:0_2022-10-24_12:29:37.206985.avi_30.579002618789673.jpg
ultimos 7:9673.jpg
-------------------
analizando:0_2022-10-24_12:29:50.648674.avi_44.305373191833496.jpg
ultimos 7:3496.jpg
-------------------
analizando:0_2022-10-24_12:29:33.864134.avi_23.38708186149597.jpg
ultimos 7:9597.jpg
-------------------
analizando:0_2022-10-24_12:29:12.037772.avi_5.409787893295288.jpg
ultimos 7:5288.jpg
-------------------
analizando:0_2022-10-24_12:29:53.963644.avi_44.1710250377655.jpg
ultimos 7:7655.jpg
-------------------
analizando:0_2022-10-24_12:29:32.135790.avi_26.921319007873535.jpg
ultimos 7:3535.jpg
-------------------
analizando:0_2022-10-24_12:29:40.266910.avi_39.874943017959595.jpg
ultimos 7:9595.jpg
-------------------
analizando:0_2022-10-24_12:39:11.646770.avi_23.636338472366333.jpg
ultimos 7:6333.jpg
-------------------
analizando:0_2022-10-24_12:39:14.388410.avi_20.933640956878662.jpg
ultimos 7:8662.jpg
paso1!!
deberia a continua
Es enfocada de momento:/var/www/html/reconocimientoFacial/proyecto_definitivo/motor/caras/sinclasificar_videos/0_2022-10-24_12:39:14.388410.avi_20.933640956878662.jpg
es cara1 y enfocada:/var/www/html/reconocimientoFacial/proyecto_definitivo/motor/caras/sinclasificar_videos/0_2022-10-24_12:39:14.388410.avi_20.933640956878662.jpg
Esta imagen no tiene caras1 por que no tiene encodings
remuevo la imagen pues no supero los filtros y no se va a usar: /var/www/html/reconocimientoFacial/proyecto_definitivo/motor/caras/sinclasificar_videos/0_2022-10-24_12:39:14.388410.avi_20.933640956878662.jpg
-------------------
analizando:0_2022-10-24_12:39:07.805272.avi_27.921070337295532.jpg
ultimos 7:5532.jpg
-------------------
analizando:0_2022-10-24_12:29:22.416870.avi_20.800942182540894.jpg
ultimos 7:0894.jpg
-------------------
analizando:0_2022-10-24_12:39:11.488895.avi_25.12550926208496.jpg
ultimos 7:8496.jpg
-------------------
analizando:0_2022-10-24_12:39:20.505244.avi_39.86106562614441.jpg
ultimos 7:4441.jpg
-------------------
analizando:0_2022-10-24_12:38:56.806406.avi_3.351635217666626.jpg
ultimos 7:6626.jpg
paso1!!
deberia a continua
Es enfocada de momento:/var/www/html/reconocimientoFacial/proyecto_definitivo/motor/caras/sinclasificar_videos/0_2022-10-24_12:38:56.806406.avi_3.351635217666626.jpg
es cara1 y enfocada:/var/www/html/reconocimientoFacial/proyecto_definitivo/motor/caras/sinclasificar_videos/0_2022-10-24_12:38:56.806406.avi_3.351635217666626.jpg
Esta imagen no tiene caras1 por que no tiene encodings
remuevo la imagen pues no supero los filtros y no se va a usar: /var/www/html/reconocimientoFacial/proyecto_definitivo/motor/caras/sinclasificar_videos/0_2022-10-24_12:38:56.806406.avi_3.351635217666626.jpg
-------------------
analizando:0_2022-10-24_12:38:50.209981.avi_10.325779914855957.jpg
ultimos 7:5957.jpg
-------------------
analizando:0_2022-10-24_12:29:17.869342.avi_16.945769548416138.jpg
ultimos 7:6138.jpg
-------------------
analizando:0_2022-10-24_12:39:20.256008.avi_26.80124068260193.jpg
ultimos 7:0193.jpg
-------------------
analizando:0_2022-10-24_12:29:13.729263.avi_15.912553310394287.jpg
ultimos 7:4287.jpg
-------------------
analizando:0_2022-10-24_12:29:16.523835.avi_6.046783208847046.jpg
ultimos 7:7046.jpg
-------------------
analizando:0_2022-10-24_12:39:24.245085.avi_37.248809576034546.jpg
ultimos 7:4546.jpg
-------------------
analizando:0_2022-10-24_12:29:07.183622.avi_4.527640104293823.jpg
ultimos 7:3823.jpg
-------------------
analizando:0_2022-10-24_12:39:20.251658.avi_38.13395023345947.jpg
ultimos 7:5947.jpg
-------------------
analizando:0_2022-10-24_12:39:09.869700.avi_29.22551131248474.jpg
ultimos 7:8474.jpg
-------------------
analizando:0_2022-10-24_12:39:12.536161.avi_22.49381995201111.jpg
ultimos 7:1111.jpg
-------------------
analizando:0_2022-10-24_12:29:30.737112.avi_35.004292488098145.jpg
ultimos 7:8145.jpg
-------------------
analizando:0_2022-10-24_12:29:45.054453.avi_41.354164838790894.jpg
ultimos 7:0894.jpg
-------------------
analizando:0_2022-10-24_12:39:10.826214.avi_24.708882331848145.jpg
ultimos 7:8145.jpg
-------------------
analizando:0_2022-10-24_12:29:48.713674.avi_38.921051263809204.jpg
ultimos 7:9204.jpg
-------------------
analizando:0_2022-10-24_12:29:25.829745.avi_24.906174898147583.jpg
ultimos 7:7583.jpg
-------------------
analizando:0_2022-10-24_12:38:49.429685.avi_7.311978101730347.jpg
ultimos 7:0347.jpg
-------------------
analizando:0_2022-10-24_12:29:44.583709.avi_34.10665464401245.jpg
ultimos 7:1245.jpg
-------------------
analizando:0_2022-10-24_12:38:44.563181.avi_4.1017906665802.jpg
ultimos 7:5802.jpg
-------------------
analizando:0_2022-10-24_12:28:59.541416.avi_1.4510765075683594.jpg
ultimos 7:3594.jpg
-------------------
analizando:0_2022-10-24_12:29:49.909396.avi_44.69492530822754.jpg
ultimos 7:2754.jpg
-------------------
analizando:0_2022-10-24_12:29:31.632467.avi_25.00448703765869.jpg
ultimos 7:5869.jpg
-------------------
analizando:0_2022-10-24_12:29:49.069353.avi_42.726052045822144.jpg
ultimos 7:2144.jpg
-------------------
analizando:0_2022-10-24_12:38:53.336559.avi_5.32612943649292.jpg
ultimos 7:9292.jpg
-------------------
analizando:0_2022-10-24_12:39:08.053378.avi_21.05710482597351.jpg
ultimos 7:7351.jpg
-------------------
analizando:0_2022-10-24_12:38:50.577788.avi_4.460453033447266.jpg
ultimos 7:7266.jpg
-------------------
analizando:0_2022-10-24_12:39:18.121139.avi_34.22474932670593.jpg
ultimos 7:0593.jpg
-------------------
analizando:0_2022-10-24_12:38:55.803978.avi_15.342592716217041.jpg
ultimos 7:7041.jpg
-------------------
analizando:0_2022-10-24_12:29:40.627856.avi_36.906766176223755.jpg
ultimos 7:3755.jpg
-------------------
analizando:0_2022-10-24_12:29:14.745541.avi_8.117559909820557.jpg
ultimos 7:0557.jpg
-------------------
analizando:0_2022-10-24_12:38:42.738856.avi_1.524780511856079.jpg
ultimos 7:6079.jpg
-------------------
analizando:0_2022-10-24_12:28:56.466849.avi_1.0909090042114258.jpg
ultimos 7:4258.jpg
-------------------
analizando:0_2022-10-24_12:29:10.880647.avi_7.180354595184326.jpg
ultimos 7:4326.jpg
-------------------
analizando:0_2022-10-24_12:29:24.950951.avi_15.158332109451294.jpg
ultimos 7:1294.jpg
-------------------
analizando:0_2022-10-24_12:29:50.550828.avi_40.97766041755676.jpg
ultimos 7:5676.jpg
-------------------
analizando:0_2022-10-24_12:39:29.081497.avi_33.57823848724365.jpg
ultimos 7:4365.jpg
-------------------
analizando:0_2022-10-24_12:29:45.193397.avi_44.801429748535156.jpg
ultimos 7:5156.jpg
-------------------
analizando:0_2022-10-24_12:39:33.191165.avi_47.345961809158325.jpg
ultimos 7:8325.jpg
-------------------
analizando:0_2022-10-24_12:38:43.905844.avi_3.2616655826568604.jpg
ultimos 7:8604.jpg
paso1!!
deberia a continua
Es enfocada de momento:/var/www/html/reconocimientoFacial/proyecto_definitivo/motor/caras/sinclasificar_videos/0_2022-10-24_12:38:43.905844.avi_3.2616655826568604.jpg
es cara1 y enfocada:/var/www/html/reconocimientoFacial/proyecto_definitivo/motor/caras/sinclasificar_videos/0_2022-10-24_12:38:43.905844.avi_3.2616655826568604.jpg
Esta imagen no tiene caras1 por que no tiene encodings
remuevo la imagen pues no supero los filtros y no se va a usar: /var/www/html/reconocimientoFacial/proyecto_definitivo/motor/caras/sinclasificar_videos/0_2022-10-24_12:38:43.905844.avi_3.2616655826568604.jpg
-------------------
analizando:0_2022-10-24_12:29:20.564942.avi_13.936939239501953.jpg
ultimos 7:1953.jpg
-------------------
analizando:0_2022-10-24_12:39:15.348023.avi_31.451630353927612.jpg
ultimos 7:7612.jpg
-------------------
analizando:0_2022-10-24_12:29:48.745441.avi_47.12951350212097.jpg
ultimos 7:2097.jpg
-------------------
analizando:0_2022-10-24_12:39:07.695425.avi_31.0412118434906.jpg
ultimos 7:4906.jpg
-------------------
analizando:0_2022-10-24_12:29:49.320709.avi_38.84365463256836.jpg
ultimos 7:6836.jpg
-------------------
analizando:0_2022-10-24_12:38:50.349517.avi_9.888131618499756.jpg
ultimos 7:9756.jpg
-------------------
analizando:0_2022-10-24_12:29:44.515730.avi_46.425392866134644.jpg
ultimos 7:4644.jpg
paso1!!
deberia a continua
Es enfocada de momento:/var/www/html/reconocimientoFacial/proyecto_definitivo/motor/caras/sinclasificar_videos/0_2022-10-24_12:29:44.515730.avi_46.425392866134644.jpg
es cara1 y enfocada:/var/www/html/reconocimientoFacial/proyecto_definitivo/motor/caras/sinclasificar_videos/0_2022-10-24_12:29:44.515730.avi_46.425392866134644.jpg
Esta imagen SI tiene caras reconocibles por que tiene encodings
Esta imagen SI tiene caras2!!!
Perfecto, supera todos los filtros
La imagen es buena, voy a ponerla en su correspondiente carpeta, para conservarla: /var/www/html/reconocimientoFacial/proyecto_definitivo/motor/caras/sinclasificar_videos/0_2022-10-24_12:29:44.515730.avi_46.425392866134644.jpg
Ya existia la ruta:/var/www/html/reconocimientoFacial/proyecto_definitivo/motor/caras/1/C0/HtMPemK7ygmA0RiMEKEMmwVbm
He copiado de aki: /var/www/html/reconocimientoFacial/proyecto_definitivo/motor/caras/sinclasificar_videos/0_2022-10-24_12:29:44.515730.avi_46.425392866134644.jpg a aki: HtMPemK7ygmA0RiMEKEMmwVbm/0_2022-10-24_12:29:44.515730.avi_46.425392866134644.jpg_b8sjeCBCn0uEe0zQALRWldnRoe.jpg
-------------------
analizando:0_2022-10-24_12:29:47.217080.avi_40.87377667427063.jpg
ultimos 7:7063.jpg
-------------------
analizando:0_2022-10-24_12:39:02.996808.avi_21.45891809463501.jpg
ultimos 7:3501.jpg
-------------------
analizando:0_2022-10-24_12:29:45.264803.avi_38.92150044441223.jpg
ultimos 7:1223.jpg
-------------------
analizando:0_2022-10-24_12:29:01.060855.avi_3.290806531906128.jpg
ultimos 7:6128.jpg
-------------------
analizando:0_2022-10-24_12:38:45.688138.avi_5.043958902359009.jpg
ultimos 7:9009.jpg
-------------------
analizando:0_2022-10-24_12:29:35.299465.avi_38.341042280197144.jpg
ultimos 7:7144.jpg
-------------------
analizando:0_2022-10-24_12:39:18.192743.avi_34.29635405540466.jpg
ultimos 7:0466.jpg
paso1!!
deberia a continua
Es enfocada de momento:/var/www/html/reconocimientoFacial/proyecto_definitivo/motor/caras/sinclasificar_videos/0_2022-10-24_12:39:18.192743.avi_34.29635405540466.jpg
es cara1 y enfocada:/var/www/html/reconocimientoFacial/proyecto_definitivo/motor/caras/sinclasificar_videos/0_2022-10-24_12:39:18.192743.avi_34.29635405540466.jpg
Esta imagen SI tiene caras reconocibles por que tiene encodings
Esta imagen SI tiene caras2!!!
Perfecto, supera todos los filtros
La imagen es buena, voy a ponerla en su correspondiente carpeta, para conservarla: /var/www/html/reconocimientoFacial/proyecto_definitivo/motor/caras/sinclasificar_videos/0_2022-10-24_12:39:18.192743.avi_34.29635405540466.jpg
Ya existia la ruta:/var/www/html/reconocimientoFacial/proyecto_definitivo/motor/caras/1/C0/HtMPemK7ygmA0RiMEKEMmwVbm
He copiado de aki: /var/www/html/reconocimientoFacial/proyecto_definitivo/motor/caras/sinclasificar_videos/0_2022-10-24_12:39:18.192743.avi_34.29635405540466.jpg a aki: HtMPemK7ygmA0RiMEKEMmwVbm/0_2022-10-24_12:39:18.192743.avi_34.29635405540466.jpg_bLlOxgFeutVN5vVnRW2vLIdzne.jpg
-------------------
analizando:0_2022-10-24_12:39:12.554751.avi_23.483717679977417.jpg
ultimos 7:7417.jpg
-------------------
analizando:0_2022-10-24_12:39:34.732646.avi_44.064313888549805.jpg
ultimos 7:9805.jpg
-------------------
analizando:0_2022-10-24_12:39:03.000222.avi_13.936229944229126.jpg
ultimos 7:9126.jpg
-------------------
analizando:0_2022-10-24_12:29:28.510375.avi_30.740327835083008.jpg
ultimos 7:3008.jpg
-------------------
analizando:0_2022-10-24_12:29:41.336129.avi_43.566081047058105.jpg
ultimos 7:8105.jpg
-------------------
analizando:0_2022-10-24_12:29:43.474449.avi_40.818459272384644.jpg
ultimos 7:4644.jpg
paso1!!
deberia a continua
Es enfocada de momento:/var/www/html/reconocimientoFacial/proyecto_definitivo/motor/caras/sinclasificar_videos/0_2022-10-24_12:29:43.474449.avi_40.818459272384644.jpg
es cara1 y enfocada:/var/www/html/reconocimientoFacial/proyecto_definitivo/motor/caras/sinclasificar_videos/0_2022-10-24_12:29:43.474449.avi_40.818459272384644.jpg
Esta imagen SI tiene caras reconocibles por que tiene encodings
Esta imagen SI tiene caras2!!!
Perfecto, supera todos los filtros
La imagen es buena, voy a ponerla en su correspondiente carpeta, para conservarla: /var/www/html/reconocimientoFacial/proyecto_definitivo/motor/caras/sinclasificar_videos/0_2022-10-24_12:29:43.474449.avi_40.818459272384644.jpg
Ya existia la ruta:/var/www/html/reconocimientoFacial/proyecto_definitivo/motor/caras/1/C0/HtMPemK7ygmA0RiMEKEMmwVbm
He copiado de aki: /var/www/html/reconocimientoFacial/proyecto_definitivo/motor/caras/sinclasificar_videos/0_2022-10-24_12:29:43.474449.avi_40.818459272384644.jpg a aki: HtMPemK7ygmA0RiMEKEMmwVbm/0_2022-10-24_12:29:43.474449.avi_40.818459272384644.jpg_bfTHxPH9JbIQLhg9MiR3mO2rxW.jpg
-------------------
analizando:0_2022-10-24_12:29:23.297077.avi_13.723906517028809.jpg
ultimos 7:8809.jpg
-------------------
analizando:0_2022-10-24_12:29:53.008013.avi_42.53096127510071.jpg
ultimos 7:0071.jpg
-------------------
analizando:0_2022-10-24_12:38:54.264458.avi_2.7285571098327637.jpg
ultimos 7:7637.jpg
-------------------
analizando:0_2022-10-24_12:29:00.991821.avi_2.901484489440918.jpg
ultimos 7:0918.jpg
-------------------
analizando:0_2022-10-24_12:39:29.405527.avi_43.28819513320923.jpg
ultimos 7:0923.jpg
-------------------
analizando:0_2022-10-24_12:29:36.999805.avi_27.207183122634888.jpg
ultimos 7:4888.jpg
paso1!!
deberia a continua
Es enfocada de momento:/var/www/html/reconocimientoFacial/proyecto_definitivo/motor/caras/sinclasificar_videos/0_2022-10-24_12:29:36.999805.avi_27.207183122634888.jpg
es cara1 y enfocada:/var/www/html/reconocimientoFacial/proyecto_definitivo/motor/caras/sinclasificar_videos/0_2022-10-24_12:29:36.999805.avi_27.207183122634888.jpg
Esta imagen no tiene caras1 por que no tiene encodings
remuevo la imagen pues no supero los filtros y no se va a usar: /var/www/html/reconocimientoFacial/proyecto_definitivo/motor/caras/sinclasificar_videos/0_2022-10-24_12:29:36.999805.avi_27.207183122634888.jpg
-------------------
analizando:0_2022-10-24_12:29:12.145602.avi_15.187186479568481.jpg
ultimos 7:8481.jpg
-------------------
analizando:0_2022-10-24_12:39:22.523225.avi_32.48088455200195.jpg
ultimos 7:0195.jpg
-------------------
analizando:0_2022-10-24_12:39:20.979375.avi_37.082984924316406.jpg
ultimos 7:6406.jpg
paso1!!
deberia a continua
Es enfocada de momento:/var/www/html/reconocimientoFacial/proyecto_definitivo/motor/caras/sinclasificar_videos/0_2022-10-24_12:39:20.979375.avi_37.082984924316406.jpg
es cara1 y enfocada:/var/www/html/reconocimientoFacial/proyecto_definitivo/motor/caras/sinclasificar_videos/0_2022-10-24_12:39:20.979375.avi_37.082984924316406.jpg
Esta imagen SI tiene caras reconocibles por que tiene encodings
Esta imagen SI tiene caras2!!!
Perfecto, supera todos los filtros
La imagen es buena, voy a ponerla en su correspondiente carpeta, para conservarla: /var/www/html/reconocimientoFacial/proyecto_definitivo/motor/caras/sinclasificar_videos/0_2022-10-24_12:39:20.979375.avi_37.082984924316406.jpg
Ya existia la ruta:/var/www/html/reconocimientoFacial/proyecto_definitivo/motor/caras/1/C0/HtMPemK7ygmA0RiMEKEMmwVbm
He copiado de aki: /var/www/html/reconocimientoFacial/proyecto_definitivo/motor/caras/sinclasificar_videos/0_2022-10-24_12:39:20.979375.avi_37.082984924316406.jpg a aki: HtMPemK7ygmA0RiMEKEMmwVbm/0_2022-10-24_12:39:20.979375.avi_37.082984924316406.jpg_biGYes2sBKWEztSIIgBJKEleJ0.jpg
-------------------
analizando:0_2022-10-24_12:29:14.407488.avi_8.064182996749878.jpg
ultimos 7:9878.jpg
-------------------
analizando:0_2022-10-24_12:39:00.738954.avi_19.524882316589355.jpg
ultimos 7:9355.jpg
-------------------
analizando:0_2022-10-24_12:29:38.098109.avi_36.27886939048767.jpg
ultimos 7:8767.jpg
-------------------
analizando:0_2022-10-24_12:38:48.014871.avi_8.130670070648193.jpg
ultimos 7:8193.jpg
-------------------
analizando:0_2022-10-24_12:39:12.540100.avi_28.643707513809204.jpg
ultimos 7:9204.jpg
-------------------
analizando:0_2022-10-24_12:29:47.122487.avi_46.198912143707275.jpg
ultimos 7:7275.jpg
-------------------
analizando:0_2022-10-24_12:29:05.919497.avi_2.198408842086792.jpg
ultimos 7:6792.jpg
-------------------
analizando:0_2022-10-24_12:39:30.351759.avi_41.2877676486969.jpg
ultimos 7:6969.jpg
-------------------
analizando:0_2022-10-24_12:39:02.445894.avi_10.909995079040527.jpg
ultimos 7:0527.jpg
-------------------
analizando:0_2022-10-24_12:29:35.853570.avi_26.47151279449463.jpg
ultimos 7:9463.jpg
-------------------
analizando:0_2022-10-24_12:39:31.269030.avi_45.151697874069214.jpg
ultimos 7:9214.jpg
-------------------
analizando:0_2022-10-24_12:39:33.748024.avi_40.29325485229492.jpg
ultimos 7:9492.jpg
-------------------
analizando:0_2022-10-24_12:39:25.551887.avi_44.9077091217041.jpg
ultimos 7:7041.jpg
-------------------
analizando:0_2022-10-24_12:29:31.256150.avi_20.779098749160767.jpg
ultimos 7:0767.jpg
-------------------
analizando:0_2022-10-24_12:29:33.055907.avi_25.222843170166016.jpg
ultimos 7:6016.jpg
-------------------
analizando:0_2022-10-24_12:39:36.338723.avi_44.62952756881714.jpg
ultimos 7:1714.jpg
-------------------
analizando:0_2022-10-24_12:29:08.242664.avi_6.626731872558594.jpg
ultimos 7:8594.jpg
-------------------
analizando:0_2022-10-24_12:39:25.497779.avi_32.043009757995605.jpg
ultimos 7:5605.jpg
-------------------
analizando:0_2022-10-24_12:39:27.036121.avi_40.91878628730774.jpg
ultimos 7:0774.jpg
-------------------
analizando:0_2022-10-24_12:29:15.211041.avi_5.828985691070557.jpg
ultimos 7:0557.jpg
-------------------
analizando:0_2022-10-24_12:39:35.136937.avi_43.60103964805603.jpg
ultimos 7:5603.jpg
-------------------
analizando:0_2022-10-24_12:29:40.283188.avi_42.46647548675537.jpg
ultimos 7:5537.jpg
-------------------
analizando:0_2022-10-24_12:39:34.290909.avi_45.22692108154297.jpg
ultimos 7:4297.jpg
-------------------
analizando:0_2022-10-24_12:39:08.776708.avi_17.24080538749695.jpg
ultimos 7:9695.jpg
-------------------
analizando:0_2022-10-24_12:29:29.492509.avi_20.11045265197754.jpg
ultimos 7:7754.jpg
-------------------
analizando:0_2022-10-24_12:29:40.239010.avi_39.315438985824585.jpg
ultimos 7:4585.jpg
-------------------
analizando:0_2022-10-24_12:29:34.231907.avi_30.531618356704712.jpg
ultimos 7:4712.jpg
-------------------
analizando:0_2022-10-24_12:39:28.143237.avi_39.07924842834473.jpg
ultimos 7:4473.jpg
-------------------
analizando:0_2022-10-24_12:39:05.538649.avi_19.175267457962036.jpg
ultimos 7:2036.jpg
-------------------
analizando:0_2022-10-24_12:39:28.231403.avi_36.52220845222473.jpg
ultimos 7:2473.jpg
-------------------
analizando:0_2022-10-24_12:38:55.527652.avi_11.833776235580444.jpg
ultimos 7:0444.jpg
paso1!!
deberia a continua
Es enfocada de momento:/var/www/html/reconocimientoFacial/proyecto_definitivo/motor/caras/sinclasificar_videos/0_2022-10-24_12:38:55.527652.avi_11.833776235580444.jpg
es cara1 y enfocada:/var/www/html/reconocimientoFacial/proyecto_definitivo/motor/caras/sinclasificar_videos/0_2022-10-24_12:38:55.527652.avi_11.833776235580444.jpg
Esta imagen SI tiene caras reconocibles por que tiene encodings
Esta imagen SI tiene caras2!!!
Perfecto, supera todos los filtros
La imagen es buena, voy a ponerla en su correspondiente carpeta, para conservarla: /var/www/html/reconocimientoFacial/proyecto_definitivo/motor/caras/sinclasificar_videos/0_2022-10-24_12:38:55.527652.avi_11.833776235580444.jpg
Ya existia la ruta:/var/www/html/reconocimientoFacial/proyecto_definitivo/motor/caras/1/C0/HtMPemK7ygmA0RiMEKEMmwVbm
He copiado de aki: /var/www/html/reconocimientoFacial/proyecto_definitivo/motor/caras/sinclasificar_videos/0_2022-10-24_12:38:55.527652.avi_11.833776235580444.jpg a aki: HtMPemK7ygmA0RiMEKEMmwVbm/0_2022-10-24_12:38:55.527652.avi_11.833776235580444.jpg_bbj0UsDccvKn7O289o3lcayf14.jpg
-------------------
analizando:0_2022-10-24_12:29:34.229317.avi_30.52902626991272.jpg
ultimos 7:1272.jpg
-------------------
analizando:0_2022-10-24_12:29:34.072709.avi_38.69676971435547.jpg
ultimos 7:5547.jpg
-------------------
analizando:0_2022-10-24_12:29:53.433842.avi_44.05178618431091.jpg
ultimos 7:1091.jpg
-------------------
analizando:0_2022-10-24_12:29:50.969405.avi_44.34142231941223.jpg
ultimos 7:1223.jpg
-------------------
analizando:0_2022-10-24_12:29:41.694316.avi_40.078386545181274.jpg
ultimos 7:1274.jpg
-------------------
analizando:0_2022-10-24_12:29:43.648454.avi_35.81539535522461.jpg
ultimos 7:2461.jpg
-------------------
analizando:0_2022-10-24_12:39:33.703056.avi_42.16715860366821.jpg
ultimos 7:6821.jpg
-------------------
analizando:0_2022-10-24_12:38:55.733803.avi_17.294398307800293.jpg
ultimos 7:0293.jpg
-------------------
analizando:0_2022-10-24_12:29:49.254531.avi_45.554240226745605.jpg
ultimos 7:5605.jpg
-------------------
analizando:0_2022-10-24_12:29:05.910922.avi_5.518954753875732.jpg
ultimos 7:5732.jpg
-------------------
analizando:0_2022-10-24_12:29:24.889375.avi_15.096755743026733.jpg
ultimos 7:6733.jpg
-------------------
analizando:0_2022-10-24_12:38:53.048982.avi_6.931650876998901.jpg
ultimos 7:8901.jpg
-------------------
analizando:0_2022-10-24_12:39:32.861179.avi_42.19284963607788.jpg
ultimos 7:7788.jpg
-------------------
analizando:0_2022-10-24_12:39:16.309366.avi_30.19203472137451.jpg
ultimos 7:7451.jpg
-------------------
analizando:0_2022-10-24_12:39:01.823820.avi_21.362433433532715.jpg
ultimos 7:2715.jpg
-------------------
analizando:0_2022-10-24_12:29:08.465579.avi_4.7652904987335205.jpg
ultimos 7:5205.jpg
-------------------
analizando:0_2022-10-24_12:29:27.820430.avi_26.204500436782837.jpg
ultimos 7:2837.jpg
-------------------
analizando:0_2022-10-24_12:39:01.422296.avi_17.52590322494507.jpg
ultimos 7:4507.jpg
-------------------
analizando:0_2022-10-24_12:39:24.615829.avi_44.15444302558899.jpg
ultimos 7:8899.jpg
-------------------
analizando:0_2022-10-24_12:39:31.272911.avi_41.230570554733276.jpg
ultimos 7:3276.jpg
-------------------
analizando:0_2022-10-24_12:39:29.999272.avi_38.46337366104126.jpg
ultimos 7:4126.jpg
-------------------
analizando:0_2022-10-24_12:29:09.423179.avi_8.499609231948853.jpg
ultimos 7:8853.jpg
-------------------
analizando:0_2022-10-24_12:39:24.249890.avi_38.13255715370178.jpg
ultimos 7:0178.jpg
-------------------
analizando:0_2022-10-24_12:39:29.300219.avi_48.08614778518677.jpg
ultimos 7:8677.jpg
-------------------
analizando:0_2022-10-24_12:29:21.005580.avi_11.432411432266235.jpg
ultimos 7:6235.jpg
-------------------
analizando:0_2022-10-24_12:39:19.039850.avi_37.825778007507324.jpg
ultimos 7:7324.jpg
-------------------
analizando:0_2022-10-24_12:29:44.053344.avi_34.6712851524353.jpg
ultimos 7:4353.jpg
-------------------
analizando:0_2022-10-24_12:38:37.680144.avi_1.0259313583374023.jpg
ultimos 7:4023.jpg
-------------------
analizando:0_2022-10-24_12:29:01.089365.avi_4.130949258804321.jpg
ultimos 7:4321.jpg
-------------------
analizando:0_2022-10-24_12:39:27.571848.avi_37.52950644493103.jpg
ultimos 7:3103.jpg
-------------------
analizando:0_2022-10-24_12:29:49.091761.avi_42.46377897262573.jpg
ultimos 7:2573.jpg
-------------------
analizando:0_2022-10-24_12:29:12.640582.avi_3.2585225105285645.jpg
ultimos 7:5645.jpg
-------------------
analizando:0_2022-10-24_12:39:27.341108.avi_39.330676555633545.jpg
ultimos 7:3545.jpg
-------------------
analizando:0_2022-10-24_12:39:05.819417.avi_16.755427837371826.jpg
ultimos 7:1826.jpg
-------------------
analizando:0_2022-10-24_12:29:52.105449.avi_45.762141704559326.jpg
ultimos 7:9326.jpg
-------------------
analizando:0_2022-10-24_12:29:23.170127.avi_22.778151035308838.jpg
ultimos 7:8838.jpg
-------------------
analizando:0_2022-10-24_12:39:28.263815.avi_46.14610743522644.jpg
ultimos 7:2644.jpg
paso1!!
deberia a continua
Es enfocada de momento:/var/www/html/reconocimientoFacial/proyecto_definitivo/motor/caras/sinclasificar_videos/0_2022-10-24_12:39:28.263815.avi_46.14610743522644.jpg
es cara1 y enfocada:/var/www/html/reconocimientoFacial/proyecto_definitivo/motor/caras/sinclasificar_videos/0_2022-10-24_12:39:28.263815.avi_46.14610743522644.jpg
Esta imagen SI tiene caras reconocibles por que tiene encodings
Esta imagen SI tiene caras2!!!
Perfecto, supera todos los filtros
La imagen es buena, voy a ponerla en su correspondiente carpeta, para conservarla: /var/www/html/reconocimientoFacial/proyecto_definitivo/motor/caras/sinclasificar_videos/0_2022-10-24_12:39:28.263815.avi_46.14610743522644.jpg
Ya existia la ruta:/var/www/html/reconocimientoFacial/proyecto_definitivo/motor/caras/1/C0/HtMPemK7ygmA0RiMEKEMmwVbm
He copiado de aki: /var/www/html/reconocimientoFacial/proyecto_definitivo/motor/caras/sinclasificar_videos/0_2022-10-24_12:39:28.263815.avi_46.14610743522644.jpg a aki: HtMPemK7ygmA0RiMEKEMmwVbm/0_2022-10-24_12:39:28.263815.avi_46.14610743522644.jpg_bbIeloPFPIOLueDChIiyT6ulhB.jpg
-------------------
analizando:0_2022-10-24_12:29:01.018094.avi_3.2480404376983643.jpg
ultimos 7:3643.jpg
-------------------
analizando:0_2022-10-24_12:29:38.134751.avi_28.561577558517456.jpg
ultimos 7:7456.jpg
-------------------
analizando:0_2022-10-24_12:38:59.803320.avi_10.7393319606781.jpg
ultimos 7:6781.jpg
-------------------
analizando:0_2022-10-24_12:29:26.702516.avi_17.320459604263306.jpg
ultimos 7:3306.jpg
-------------------
analizando:0_2022-10-24_12:29:39.566465.avi_29.08941340446472.jpg
ultimos 7:6472.jpg
-------------------
analizando:0_2022-10-24_12:29:51.154579.avi_36.27946472167969.jpg
ultimos 7:7969.jpg
-------------------
analizando:0_2022-10-24_12:39:04.801238.avi_24.917020559310913.jpg
ultimos 7:0913.jpg
-------------------
analizando:0_2022-10-24_12:39:10.788436.avi_32.34903073310852.jpg
ultimos 7:0852.jpg
-------------------
analizando:0_2022-10-24_12:39:19.830755.avi_28.121559381484985.jpg
ultimos 7:4985.jpg
-------------------
analizando:0_2022-10-24_12:29:02.114302.avi_1.7223305702209473.jpg
ultimos 7:9473.jpg
-------------------
analizando:0_2022-10-24_12:29:28.691829.avi_28.299856424331665.jpg
ultimos 7:1665.jpg
-------------------
analizando:0_2022-10-24_12:29:06.577480.avi_8.487138032913208.jpg
ultimos 7:3208.jpg
-------------------
analizando:0_2022-10-24_12:39:26.830378.avi_43.13649821281433.jpg
ultimos 7:1433.jpg
-------------------
analizando:0_2022-10-24_12:29:05.942590.avi_2.2422921657562256.jpg
ultimos 7:2256.jpg
-------------------
analizando:0_2022-10-24_12:38:43.251959.avi_2.790574312210083.jpg
ultimos 7:0083.jpg
-------------------
analizando:0_2022-10-24_12:39:22.875117.avi_31.339219331741333.jpg
ultimos 7:1333.jpg
-------------------
analizando:0_2022-10-24_12:29:47.731339.avi_42.51687026023865.jpg
ultimos 7:3865.jpg
-------------------
analizando:0_2022-10-24_12:39:13.045958.avi_35.91162443161011.jpg
ultimos 7:1011.jpg
-------------------
analizando:0_2022-10-24_12:29:05.897005.avi_4.281075477600098.jpg
ultimos 7:0098.jpg
-------------------
analizando:0_2022-10-24_12:39:28.113272.avi_34.65850305557251.jpg
ultimos 7:7251.jpg
-------------------
analizando:0_2022-10-24_12:29:37.684031.avi_39.86731958389282.jpg
ultimos 7:9282.jpg
-------------------
analizando:0_2022-10-24_12:29:50.613892.avi_41.04072070121765.jpg
ultimos 7:1765.jpg
-------------------
analizando:0_2022-10-24_12:38:45.097120.avi_8.44290804862976.jpg
ultimos 7:2976.jpg
-------------------
analizando:0_2022-10-24_12:39:25.428488.avi_31.973719596862793.jpg
ultimos 7:2793.jpg
-------------------
analizando:0_2022-10-24_12:39:13.983717.avi_27.62033772468567.jpg
ultimos 7:8567.jpg
-------------------
analizando:0_2022-10-24_12:38:51.555723.avi_2.484689950942993.jpg
ultimos 7:2993.jpg
-------------------
analizando:0_2022-10-24_12:29:41.027879.avi_33.19481945037842.jpg
ultimos 7:7842.jpg
-------------------
analizando:0_2022-10-24_12:29:42.808511.avi_36.465211153030396.jpg
ultimos 7:0396.jpg
-------------------
analizando:0_2022-10-24_12:39:36.007204.avi_45.96486282348633.jpg
ultimos 7:8633.jpg
-------------------
analizando:0_2022-10-24_12:39:17.619244.avi_26.08334708213806.jpg
ultimos 7:3806.jpg
-------------------
analizando:0_2022-10-24_12:39:13.060299.avi_31.84622883796692.jpg
ultimos 7:6692.jpg
-------------------
analizando:0_2022-10-24_12:29:02.208893.avi_1.927412986755371.jpg
ultimos 7:5371.jpg
-------------------
analizando:0_2022-10-24_12:39:02.483398.avi_11.815067768096924.jpg
ultimos 7:6924.jpg
-------------------
analizando:0_2022-10-24_12:39:13.406966.avi_27.289634943008423.jpg
ultimos 7:8423.jpg
-------------------
analizando:0_2022-10-24_12:29:42.690906.avi_38.99061727523804.jpg
ultimos 7:3804.jpg
-------------------
analizando:0_2022-10-24_12:39:24.303852.avi_37.307576417922974.jpg
ultimos 7:2974.jpg
-------------------
analizando:0_2022-10-24_12:39:30.239029.avi_41.17504072189331.jpg
ultimos 7:9331.jpg
-------------------
analizando:0_2022-10-24_12:38:58.529823.avi_18.068437814712524.jpg
ultimos 7:2524.jpg
-------------------
analizando:0_2022-10-24_12:39:27.243185.avi_41.397982597351074.jpg
ultimos 7:1074.jpg
-------------------
analizando:0_2022-10-24_12:39:18.468895.avi_31.47262167930603.jpg
ultimos 7:0603.jpg
-------------------
analizando:0_2022-10-24_12:39:11.515379.avi_18.060612440109253.jpg
ultimos 7:9253.jpg
-------------------
analizando:0_2022-10-24_12:29:21.165063.avi_11.783006191253662.jpg
ultimos 7:3662.jpg
-------------------
analizando:0_2022-10-24_12:39:21.363991.avi_34.36771821975708.jpg
ultimos 7:5708.jpg
-------------------
analizando:0_2022-10-24_12:29:21.157283.avi_19.33804702758789.jpg
ultimos 7:8789.jpg
-------------------
analizando:0_2022-10-24_12:29:18.060750.avi_21.102331161499023.jpg
ultimos 7:9023.jpg
-------------------
analizando:0_2022-10-24_12:39:24.200421.avi_38.083088874816895.jpg
ultimos 7:6895.jpg
-------------------
analizando:0_2022-10-24_12:29:44.992512.avi_44.068941831588745.jpg
ultimos 7:8745.jpg
-------------------
analizando:0_2022-10-24_12:39:19.068300.avi_40.628896951675415.jpg
ultimos 7:5415.jpg
-------------------
analizando:0_2022-10-24_12:38:51.568939.avi_2.5049476623535156.jpg
ultimos 7:5156.jpg
-------------------
analizando:0_2022-10-24_12:29:28.787681.avi_27.864111185073853.jpg
ultimos 7:3853.jpg
-------------------
analizando:0_2022-10-24_12:29:20.606989.avi_19.683417558670044.jpg
ultimos 7:0044.jpg
paso1!!
deberia a continua
Es enfocada de momento:/var/www/html/reconocimientoFacial/proyecto_definitivo/motor/caras/sinclasificar_videos/0_2022-10-24_12:29:20.606989.avi_19.683417558670044.jpg
es cara1 y enfocada:/var/www/html/reconocimientoFacial/proyecto_definitivo/motor/caras/sinclasificar_videos/0_2022-10-24_12:29:20.606989.avi_19.683417558670044.jpg
Esta imagen SI tiene caras reconocibles por que tiene encodings
Esta imagen SI tiene caras2!!!
Perfecto, supera todos los filtros
La imagen es buena, voy a ponerla en su correspondiente carpeta, para conservarla: /var/www/html/reconocimientoFacial/proyecto_definitivo/motor/caras/sinclasificar_videos/0_2022-10-24_12:29:20.606989.avi_19.683417558670044.jpg
Ya existia la ruta:/var/www/html/reconocimientoFacial/proyecto_definitivo/motor/caras/1/C0/HtMPemK7ygmA0RiMEKEMmwVbm
He copiado de aki: /var/www/html/reconocimientoFacial/proyecto_definitivo/motor/caras/sinclasificar_videos/0_2022-10-24_12:29:20.606989.avi_19.683417558670044.jpg a aki: HtMPemK7ygmA0RiMEKEMmwVbm/0_2022-10-24_12:29:20.606989.avi_19.683417558670044.jpg_bs770ogBn0etdKyzFIt5dmq4JT.jpg
-------------------
analizando:0_2022-10-24_12:29:28.285748.avi_17.808696269989014.jpg
ultimos 7:9014.jpg
-------------------
analizando:0_2022-10-24_12:38:49.834763.avi_6.140886306762695.jpg
ultimos 7:2695.jpg
-------------------
analizando:0_2022-10-24_12:29:11.403448.avi_11.01147747039795.jpg
ultimos 7:9795.jpg
-------------------
analizando:0_2022-10-24_12:29:51.124524.avi_47.40343713760376.jpg
ultimos 7:0376.jpg
-------------------
analizando:0_2022-10-24_12:29:38.100113.avi_32.88564348220825.jpg
ultimos 7:0825.jpg
-------------------
analizando:0_2022-10-24_12:29:44.940922.avi_47.12421226501465.jpg
ultimos 7:1465.jpg
-------------------
analizando:0_2022-10-24_12:29:03.710020.avi_3.428544282913208.jpg
ultimos 7:3208.jpg
-------------------
analizando:0_2022-10-24_12:29:17.788534.avi_12.574065208435059.jpg
ultimos 7:5059.jpg
-------------------
analizando:0_2022-10-24_12:29:04.735805.avi_6.965750217437744.jpg
ultimos 7:7744.jpg
-------------------
analizando:0_2022-10-24_12:29:52.390106.avi_44.55704689025879.jpg
ultimos 7:5879.jpg
-------------------
analizando:0_2022-10-24_12:29:25.390091.avi_21.689802408218384.jpg
ultimos 7:8384.jpg
-------------------
analizando:0_2022-10-24_12:29:37.832510.avi_36.90893912315369.jpg
ultimos 7:5369.jpg
-------------------
analizando:0_2022-10-24_12:29:29.287806.avi_14.222272396087646.jpg
ultimos 7:7646.jpg
-------------------
analizando:0_2022-10-24_12:28:59.451874.avi_1.6818242073059082.jpg
ultimos 7:9082.jpg
-------------------
analizando:0_2022-10-24_12:29:18.739245.avi_8.946619272232056.jpg
ultimos 7:2056.jpg
-------------------
analizando:0_2022-10-24_12:39:31.569204.avi_45.723997831344604.jpg
ultimos 7:4604.jpg
paso1!!
deberia a continua
Es enfocada de momento:/var/www/html/reconocimientoFacial/proyecto_definitivo/motor/caras/sinclasificar_videos/0_2022-10-24_12:39:31.569204.avi_45.723997831344604.jpg
es cara1 y enfocada:/var/www/html/reconocimientoFacial/proyecto_definitivo/motor/caras/sinclasificar_videos/0_2022-10-24_12:39:31.569204.avi_45.723997831344604.jpg
Esta imagen SI tiene caras reconocibles por que tiene encodings
Esta imagen SI tiene caras2!!!
Perfecto, supera todos los filtros
La imagen es buena, voy a ponerla en su correspondiente carpeta, para conservarla: /var/www/html/reconocimientoFacial/proyecto_definitivo/motor/caras/sinclasificar_videos/0_2022-10-24_12:39:31.569204.avi_45.723997831344604.jpg
Ya existia la ruta:/var/www/html/reconocimientoFacial/proyecto_definitivo/motor/caras/1/C0/HtMPemK7ygmA0RiMEKEMmwVbm
He copiado de aki: /var/www/html/reconocimientoFacial/proyecto_definitivo/motor/caras/sinclasificar_videos/0_2022-10-24_12:39:31.569204.avi_45.723997831344604.jpg a aki: HtMPemK7ygmA0RiMEKEMmwVbm/0_2022-10-24_12:39:31.569204.avi_45.723997831344604.jpg_bejHQXFBRclBHeTOjhpx6v4VV9.jpg
-------------------
analizando:0_2022-10-24_12:39:05.835970.avi_24.29807734489441.jpg
ultimos 7:9441.jpg
-------------------
analizando:0_2022-10-24_12:39:09.023999.avi_14.612708806991577.jpg
ultimos 7:1577.jpg
-------------------
analizando:0_2022-10-24_12:29:47.259554.avi_40.91625165939331.jpg
ultimos 7:9331.jpg
-------------------
analizando:0_2022-10-24_12:29:36.763109.avi_26.28605604171753.jpg
ultimos 7:1753.jpg
-------------------
analizando:0_2022-10-24_12:29:46.258727.avi_36.68555808067322.jpg
ultimos 7:7322.jpg
-------------------
analizando:0_2022-10-24_12:39:12.448487.avi_23.37745475769043.jpg
ultimos 7:9043.jpg
-------------------
analizando:0_2022-10-24_12:29:47.124276.avi_40.49629187583923.jpg
ultimos 7:3923.jpg
-------------------
analizando:0_2022-10-24_12:29:09.563181.avi_6.907199382781982.jpg
ultimos 7:1982.jpg
-------------------
analizando:0_2022-10-24_12:29:50.570167.avi_48.954238176345825.jpg
ultimos 7:5825.jpg
-------------------
analizando:0_2022-10-24_12:39:15.154739.avi_33.616849422454834.jpg
ultimos 7:4834.jpg
-------------------
analizando:0_2022-10-24_12:39:21.600145.avi_30.931812047958374.jpg
ultimos 7:8374.jpg
-------------------
analizando:0_2022-10-24_12:29:13.661999.avi_17.929178476333618.jpg
ultimos 7:3618.jpg
-------------------
analizando:0_2022-10-24_12:29:45.878028.avi_45.59654951095581.jpg
ultimos 7:5581.jpg
-------------------
analizando:0_2022-10-24_12:29:32.113885.avi_26.899415969848633.jpg
ultimos 7:8633.jpg
-------------------
analizando:0_2022-10-24_12:39:16.493326.avi_32.79945206642151.jpg
ultimos 7:2151.jpg
-------------------
analizando:0_2022-10-24_12:39:32.197272.avi_38.74250245094299.jpg
ultimos 7:4299.jpg
-------------------
analizando:0_2022-10-24_12:38:51.482172.avi_5.118791580200195.jpg
ultimos 7:0195.jpg
-------------------
analizando:0_2022-10-24_12:38:49.612289.avi_12.477953433990479.jpg
ultimos 7:0479.jpg
-------------------
analizando:0_2022-10-24_12:29:35.715317.avi_38.98055124282837.jpg
ultimos 7:2837.jpg
-------------------
analizando:0_2022-10-24_12:38:45.820854.avi_4.282956123352051.jpg
ultimos 7:2051.jpg
-------------------
analizando:0_2022-10-24_12:29:27.234962.avi_26.9534854888916.jpg
ultimos 7:8916.jpg
-------------------
analizando:0_2022-10-24_12:39:20.257637.avi_30.215296506881714.jpg
ultimos 7:1714.jpg
-------------------
analizando:0_2022-10-24_12:29:15.085579.avi_14.16200304031372.jpg
ultimos 7:1372.jpg
-------------------
analizando:0_2022-10-24_12:29:52.207824.avi_37.33271384239197.jpg
ultimos 7:9197.jpg
-------------------
analizando:0_2022-10-24_12:29:45.289544.avi_38.946242570877075.jpg
ultimos 7:7075.jpg
-------------------
analizando:0_2022-10-24_12:29:00.917107.avi_5.541167497634888.jpg
ultimos 7:4888.jpg
paso1!!
deberia a continua
Es enfocada de momento:/var/www/html/reconocimientoFacial/proyecto_definitivo/motor/caras/sinclasificar_videos/0_2022-10-24_12:29:00.917107.avi_5.541167497634888.jpg
es cara1 y enfocada:/var/www/html/reconocimientoFacial/proyecto_definitivo/motor/caras/sinclasificar_videos/0_2022-10-24_12:29:00.917107.avi_5.541167497634888.jpg
Esta imagen no tiene caras1 por que no tiene encodings
remuevo la imagen pues no supero los filtros y no se va a usar: /var/www/html/reconocimientoFacial/proyecto_definitivo/motor/caras/sinclasificar_videos/0_2022-10-24_12:29:00.917107.avi_5.541167497634888.jpg
-------------------
analizando:0_2022-10-24_12:39:05.087441.avi_26.648035287857056.jpg
ultimos 7:7056.jpg
-------------------
analizando:0_2022-10-24_12:39:16.499049.avi_32.805174112319946.jpg
ultimos 7:9946.jpg
-------------------
analizando:0_2022-10-24_12:39:36.548000.avi_41.04473376274109.jpg
ultimos 7:4109.jpg
-------------------
analizando:0_2022-10-24_12:29:43.963042.avi_46.192994594573975.jpg
ultimos 7:3975.jpg
-------------------
analizando:0_2022-10-24_12:38:54.290535.avi_7.294259548187256.jpg
ultimos 7:7256.jpg
-------------------
analizando:0_2022-10-24_12:29:04.749455.avi_7.7910380363464355.jpg
ultimos 7:4355.jpg
-------------------
analizando:0_2022-10-24_12:39:05.894292.avi_24.35640263557434.jpg
ultimos 7:7434.jpg
-------------------
analizando:0_2022-10-24_12:29:53.074731.avi_43.50155472755432.jpg
ultimos 7:5432.jpg
-------------------
analizando:0_2022-10-24_12:39:24.471704.avi_43.257630825042725.jpg
ultimos 7:2725.jpg
-------------------
analizando:0_2022-10-24_12:29:38.502602.avi_35.84661793708801.jpg
ultimos 7:8801.jpg
-------------------
analizando:0_2022-10-24_12:29:13.831736.avi_10.131447792053223.jpg
ultimos 7:3223.jpg
-------------------
analizando:0_2022-10-24_12:39:31.309292.avi_47.61541509628296.jpg
ultimos 7:8296.jpg
-------------------
analizando:0_2022-10-24_12:29:36.707845.avi_26.23077654838562.jpg
ultimos 7:8562.jpg
-------------------
analizando:0_2022-10-24_12:39:02.199262.avi_16.081931114196777.jpg
ultimos 7:6777.jpg
-------------------
analizando:0_2022-10-24_12:39:23.002356.avi_31.293161869049072.jpg
ultimos 7:9072.jpg
-------------------
analizando:0_2022-10-24_12:39:27.613213.avi_37.570871114730835.jpg
ultimos 7:0835.jpg
-------------------
analizando:0_2022-10-24_12:39:20.311610.avi_31.247620820999146.jpg
ultimos 7:9146.jpg
-------------------
analizando:0_2022-10-24_12:29:45.421334.avi_41.70024657249451.jpg
ultimos 7:9451.jpg
-------------------
analizando:0_2022-10-24_12:39:26.100224.avi_37.029191970825195.jpg
ultimos 7:5195.jpg
-------------------
analizando:0_2022-10-24_12:39:15.031609.avi_25.967620611190796.jpg
ultimos 7:0796.jpg
-------------------
analizando:0_2022-10-24_12:39:21.878339.avi_33.8679096698761.jpg
ultimos 7:8761.jpg
-------------------
analizando:0_2022-10-24_12:29:07.889548.avi_7.608072280883789.jpg
ultimos 7:3789.jpg
-------------------
analizando:0_2022-10-24_12:38:48.108254.avi_7.646869659423828.jpg
ultimos 7:3828.jpg
-------------------
analizando:0_2022-10-24_12:38:57.969312.avi_6.260117292404175.jpg
ultimos 7:4175.jpg
-------------------
analizando:0_2022-10-24_12:29:52.062296.avi_42.26967644691467.jpg
ultimos 7:1467.jpg
-------------------
analizando:0_2022-10-24_12:39:21.506301.avi_34.51002740859985.jpg
ultimos 7:9985.jpg
-------------------
analizando:0_2022-10-24_12:39:34.762366.avi_48.917163372039795.jpg
ultimos 7:9795.jpg
-------------------
analizando:0_2022-10-24_12:29:44.114209.avi_34.7321503162384.jpg
ultimos 7:2384.jpg
-------------------
analizando:0_2022-10-24_12:29:52.982657.avi_43.19003176689148.jpg
ultimos 7:9148.jpg
-------------------
analizando:0_2022-10-24_12:29:25.267207.avi_27.45049524307251.jpg
ultimos 7:7251.jpg
-------------------
analizando:0_2022-10-24_12:29:28.699032.avi_22.355730533599854.jpg
ultimos 7:9854.jpg
-------------------
analizando:0_2022-10-24_12:39:33.080893.avi_37.577635049819946.jpg
ultimos 7:9946.jpg
-------------------
analizando:0_2022-10-24_12:39:14.863567.avi_32.74585938453674.jpg
ultimos 7:3674.jpg
-------------------
analizando:0_2022-10-24_12:38:52.908818.avi_7.063614845275879.jpg
ultimos 7:5879.jpg
-------------------
analizando:0_2022-10-24_12:39:32.228196.avi_43.15716552734375.jpg
ultimos 7:4375.jpg
-------------------
analizando:0_2022-10-24_12:39:11.875701.avi_20.16650629043579.jpg
ultimos 7:3579.jpg
-------------------
analizando:0_2022-10-24_12:39:17.365807.avi_23.91103982925415.jpg
ultimos 7:5415.jpg
-------------------
analizando:0_2022-10-24_12:39:05.881734.avi_23.764023542404175.jpg
ultimos 7:4175.jpg
-------------------
analizando:0_2022-10-24_12:29:28.508585.avi_22.16527533531189.jpg
ultimos 7:1189.jpg
-------------------
analizando:0_2022-10-24_12:29:50.697384.avi_44.354079484939575.jpg
ultimos 7:9575.jpg
-------------------
analizando:0_2022-10-24_12:29:48.071200.avi_47.78972291946411.jpg
ultimos 7:6411.jpg
-------------------
analizando:0_2022-10-24_12:39:21.785489.avi_40.571417570114136.jpg
ultimos 7:4136.jpg
-------------------
analizando:0_2022-10-24_12:39:21.664519.avi_37.97064471244812.jpg
ultimos 7:4812.jpg
-------------------
analizando:0_2022-10-24_12:39:19.046646.avi_28.378315687179565.jpg
ultimos 7:9565.jpg
-------------------
analizando:0_2022-10-24_12:39:09.048730.avi_27.51083731651306.jpg
ultimos 7:1306.jpg
-------------------
analizando:0_2022-10-24_12:29:48.023884.avi_47.742403984069824.jpg
ultimos 7:9824.jpg
-------------------
analizando:0_2022-10-24_12:38:47.911814.avi_2.066598653793335.jpg
ultimos 7:3335.jpg
-------------------
analizando:0_2022-10-24_12:29:07.066061.avi_10.107645511627197.jpg
ultimos 7:7197.jpg
-------------------
analizando:0_2022-10-24_12:39:11.511295.avi_18.05652904510498.jpg
ultimos 7:0498.jpg
-------------------
analizando:0_2022-10-24_12:39:15.332227.avi_26.261193990707397.jpg
ultimos 7:7397.jpg
-------------------
analizando:0_2022-10-24_12:39:33.150446.avi_46.78706693649292.jpg
ultimos 7:9292.jpg
-------------------
analizando:0_2022-10-24_12:29:45.568811.avi_37.7357497215271.jpg
ultimos 7:5271.jpg
-------------------
analizando:0_2022-10-24_12:29:39.821360.avi_33.19337868690491.jpg
ultimos 7:0491.jpg
-------------------
analizando:0_2022-10-24_12:29:09.489771.avi_11.719723463058472.jpg
ultimos 7:8472.jpg
-------------------
analizando:0_2022-10-24_12:29:10.419594.avi_6.698498010635376.jpg
ultimos 7:5376.jpg
-------------------
analizando:0_2022-10-24_12:29:36.392669.avi_34.7767391204834.jpg
ultimos 7:4834.jpg
-------------------
analizando:0_2022-10-24_12:29:22.418817.avi_11.941765308380127.jpg
ultimos 7:0127.jpg
-------------------
analizando:0_2022-10-24_12:29:09.295680.avi_12.33726453781128.jpg
ultimos 7:1128.jpg
-------------------
analizando:0_2022-10-24_12:39:13.373762.avi_36.71954965591431.jpg
ultimos 7:1431.jpg
-------------------
analizando:0_2022-10-24_12:29:51.937555.avi_42.364386320114136.jpg
ultimos 7:4136.jpg
-------------------
analizando:0_2022-10-24_12:38:51.609664.avi_2.5456736087799072.jpg
ultimos 7:9072.jpg
-------------------
analizando:0_2022-10-24_12:29:42.051138.avi_31.574085474014282.jpg
ultimos 7:4282.jpg
paso1!!
deberia a continua
Es enfocada de momento:/var/www/html/reconocimientoFacial/proyecto_definitivo/motor/caras/sinclasificar_videos/0_2022-10-24_12:29:42.051138.avi_31.574085474014282.jpg
es cara1 y enfocada:/var/www/html/reconocimientoFacial/proyecto_definitivo/motor/caras/sinclasificar_videos/0_2022-10-24_12:29:42.051138.avi_31.574085474014282.jpg
Esta imagen SI tiene caras reconocibles por que tiene encodings
Esta imagen SI tiene caras2!!!
Perfecto, supera todos los filtros
La imagen es buena, voy a ponerla en su correspondiente carpeta, para conservarla: /var/www/html/reconocimientoFacial/proyecto_definitivo/motor/caras/sinclasificar_videos/0_2022-10-24_12:29:42.051138.avi_31.574085474014282.jpg
Ya existia la ruta:/var/www/html/reconocimientoFacial/proyecto_definitivo/motor/caras/1/C0/HtMPemK7ygmA0RiMEKEMmwVbm
He copiado de aki: /var/www/html/reconocimientoFacial/proyecto_definitivo/motor/caras/sinclasificar_videos/0_2022-10-24_12:29:42.051138.avi_31.574085474014282.jpg a aki: HtMPemK7ygmA0RiMEKEMmwVbm/0_2022-10-24_12:29:42.051138.avi_31.574085474014282.jpg_bvbrulbC8kCQiZns7l9zvXJhTo.jpg
-------------------
analizando:0_2022-10-24_12:29:26.076795.avi_16.503626823425293.jpg
ultimos 7:5293.jpg
-------------------
analizando:0_2022-10-24_12:39:11.932137.avi_22.868147611618042.jpg
ultimos 7:8042.jpg
paso1!!
deberia a continua
Es enfocada de momento:/var/www/html/reconocimientoFacial/proyecto_definitivo/motor/caras/sinclasificar_videos/0_2022-10-24_12:39:11.932137.avi_22.868147611618042.jpg
es cara1 y enfocada:/var/www/html/reconocimientoFacial/proyecto_definitivo/motor/caras/sinclasificar_videos/0_2022-10-24_12:39:11.932137.avi_22.868147611618042.jpg
Esta imagen SI tiene caras reconocibles por que tiene encodings
Esta imagen SI tiene caras2!!!
Perfecto, supera todos los filtros
La imagen es buena, voy a ponerla en su correspondiente carpeta, para conservarla: /var/www/html/reconocimientoFacial/proyecto_definitivo/motor/caras/sinclasificar_videos/0_2022-10-24_12:39:11.932137.avi_22.868147611618042.jpg
Ya existia la ruta:/var/www/html/reconocimientoFacial/proyecto_definitivo/motor/caras/1/C0/HtMPemK7ygmA0RiMEKEMmwVbm
He copiado de aki: /var/www/html/reconocimientoFacial/proyecto_definitivo/motor/caras/sinclasificar_videos/0_2022-10-24_12:39:11.932137.avi_22.868147611618042.jpg a aki: HtMPemK7ygmA0RiMEKEMmwVbm/0_2022-10-24_12:39:11.932137.avi_22.868147611618042.jpg_bIOCfeYmSHBifaX8fkXFybnY6I.jpg
-------------------
analizando:0_2022-10-24_12:38:49.818987.avi_8.281098365783691.jpg
ultimos 7:3691.jpg
-------------------
analizando:0_2022-10-24_12:38:42.193570.avi_1.5493886470794678.jpg
ultimos 7:4678.jpg
-------------------
analizando:0_2022-10-24_12:29:41.927760.avi_31.450705766677856.jpg
ultimos 7:7856.jpg
-------------------
analizando:0_2022-10-24_12:39:25.436189.avi_33.90029191970825.jpg
ultimos 7:0825.jpg
-------------------
analizando:0_2022-10-24_12:38:53.886391.avi_7.523011922836304.jpg
ultimos 7:6304.jpg
-------------------
analizando:0_2022-10-24_12:29:25.463383.avi_28.728609561920166.jpg
ultimos 7:0166.jpg
-------------------
analizando:0_2022-10-24_12:29:09.282846.avi_8.359267473220825.jpg
ultimos 7:0825.jpg
-------------------
analizando:0_2022-10-24_12:29:50.938080.avi_44.31009864807129.jpg
ultimos 7:7129.jpg
-------------------
analizando:0_2022-10-24_12:29:31.941385.avi_31.017814874649048.jpg
ultimos 7:9048.jpg
-------------------
analizando:0_2022-10-24_12:39:17.221932.avi_25.512737274169922.jpg
ultimos 7:9922.jpg
-------------------
analizando:0_2022-10-24_12:39:36.690657.avi_46.022324562072754.jpg
ultimos 7:2754.jpg
-------------------
analizando:0_2022-10-24_12:38:58.484671.avi_18.600464820861816.jpg
ultimos 7:1816.jpg
-------------------
analizando:0_2022-10-24_12:29:47.170642.avi_36.69359064102173.jpg
ultimos 7:2173.jpg
-------------------
analizando:0_2022-10-24_12:39:35.897590.avi_45.22925591468811.jpg
ultimos 7:8811.jpg
-------------------
analizando:0_2022-10-24_12:29:12.337772.avi_7.123301029205322.jpg
ultimos 7:5322.jpg
-------------------
analizando:0_2022-10-24_12:29:04.689557.avi_6.59921932220459.jpg
ultimos 7:0459.jpg
-------------------
analizando:0_2022-10-24_12:39:22.439692.avi_36.07631278038025.jpg
ultimos 7:8025.jpg
-------------------
analizando:0_2022-10-24_12:29:53.829190.avi_44.256019830703735.jpg
ultimos 7:3735.jpg
-------------------
analizando:0_2022-10-24_12:38:52.584182.avi_8.890307664871216.jpg
ultimos 7:1216.jpg
-------------------
analizando:0_2022-10-24_12:39:24.523301.avi_36.51287055015564.jpg
ultimos 7:5564.jpg
-------------------
analizando:0_2022-10-24_12:29:25.333565.avi_21.633276224136353.jpg
ultimos 7:6353.jpg
-------------------
analizando:0_2022-10-24_12:39:17.720039.avi_28.65605092048645.jpg
ultimos 7:8645.jpg
-------------------
analizando:0_2022-10-24_12:29:54.183966.avi_43.70691466331482.jpg
ultimos 7:1482.jpg
-------------------
analizando:0_2022-10-24_12:29:45.602513.avi_40.38804221153259.jpg
ultimos 7:3259.jpg
-------------------
analizando:0_2022-10-24_12:39:10.514920.avi_23.518644332885742.jpg
ultimos 7:5742.jpg
-------------------
analizando:0_2022-10-24_12:29:10.909311.avi_9.293379783630371.jpg
ultimos 7:0371.jpg
-------------------
analizando:0_2022-10-24_12:39:37.180371.avi_43.72560501098633.jpg
ultimos 7:8633.jpg
-------------------
analizando:0_2022-10-24_12:29:11.903773.avi_5.275792121887207.jpg
ultimos 7:7207.jpg
-------------------
analizando:0_2022-10-24_12:39:09.514060.avi_25.61766290664673.jpg
ultimos 7:4673.jpg
-------------------
analizando:0_2022-10-24_12:38:43.860657.avi_3.2164783477783203.jpg
ultimos 7:3203.jpg
-------------------
analizando:0_2022-10-24_12:38:59.030362.avi_12.913031578063965.jpg
ultimos 7:3965.jpg
-------------------
analizando:0_2022-10-24_12:29:29.819044.avi_27.999805212020874.jpg
ultimos 7:0874.jpg
-------------------
analizando:0_2022-10-24_12:29:36.099348.avi_35.81787395477295.jpg
ultimos 7:7295.jpg
-------------------
analizando:0_2022-10-24_12:29:12.991737.avi_9.270646095275879.jpg
ultimos 7:5879.jpg
-------------------
analizando:0_2022-10-24_12:29:08.670814.avi_8.278845310211182.jpg
ultimos 7:1182.jpg
-------------------
analizando:0_2022-10-24_12:39:04.796786.avi_9.293516874313354.jpg
ultimos 7:3354.jpg
-------------------
analizando:0_2022-10-24_12:29:47.636175.avi_42.421706199645996.jpg
ultimos 7:5996.jpg
-------------------
analizando:0_2022-10-24_12:39:30.085412.avi_36.63064527511597.jpg
ultimos 7:1597.jpg
-------------------
analizando:0_2022-10-24_12:39:16.349273.avi_20.846012830734253.jpg
ultimos 7:4253.jpg
-------------------
analizando:0_2022-10-24_12:29:03.665971.avi_1.8467330932617188.jpg
ultimos 7:7188.jpg
-------------------
analizando:0_2022-10-24_12:29:23.732932.avi_18.518460750579834.jpg
ultimos 7:9834.jpg
-------------------
analizando:0_2022-10-24_12:39:29.373174.avi_43.25584053993225.jpg
ultimos 7:3225.jpg
-------------------
analizando:0_2022-10-24_12:39:29.835209.avi_43.99000692367554.jpg
ultimos 7:7554.jpg
-------------------
analizando:0_2022-10-24_12:29:05.009352.avi_2.3533682823181152.jpg
ultimos 7:1152.jpg
-------------------
analizando:0_2022-10-24_12:29:15.236210.avi_12.580224752426147.jpg
ultimos 7:6147.jpg
-------------------
analizando:0_2022-10-24_12:29:18.201201.avi_8.819144010543823.jpg
ultimos 7:3823.jpg
-------------------
analizando:0_2022-10-24_12:29:42.719515.avi_44.90280342102051.jpg
ultimos 7:2051.jpg
-------------------
analizando:0_2022-10-24_12:39:08.039822.avi_21.92249083518982.jpg
ultimos 7:8982.jpg
-------------------
analizando:0_2022-10-24_12:29:27.041347.avi_25.22210931777954.jpg
ultimos 7:7954.jpg
-------------------
analizando:0_2022-10-24_12:39:27.026456.avi_40.03018236160278.jpg
ultimos 7:0278.jpg
-------------------
analizando:0_2022-10-24_12:39:03.856381.avi_22.64230704307556.jpg
ultimos 7:7556.jpg
-------------------
analizando:0_2022-10-24_12:39:24.348368.avi_44.46416521072388.jpg
ultimos 7:2388.jpg
-------------------
analizando:0_2022-10-24_12:29:27.783961.avi_19.95090079307556.jpg
ultimos 7:7556.jpg
-------------------
analizando:0_2022-10-24_12:39:06.132044.avi_17.061012744903564.jpg
ultimos 7:3564.jpg
-------------------
analizando:0_2022-10-24_12:39:04.997704.avi_18.880362272262573.jpg
ultimos 7:2573.jpg
-------------------
analizando:0_2022-10-24_12:39:27.125886.avi_46.66450095176697.jpg
ultimos 7:6697.jpg
-------------------
analizando:0_2022-10-24_12:29:12.377407.avi_2.8042147159576416.jpg
ultimos 7:6416.jpg
-------------------
analizando:0_2022-10-24_12:39:30.192185.avi_48.07447695732117.jpg
ultimos 7:2117.jpg
-------------------
analizando:0_2022-10-24_12:39:23.461334.avi_39.56494402885437.jpg
ultimos 7:5437.jpg
-------------------
analizando:0_2022-10-24_12:29:33.499770.avi_33.218291997909546.jpg
ultimos 7:9546.jpg
-------------------
analizando:0_2022-10-24_12:39:35.653944.avi_46.58290910720825.jpg
ultimos 7:0825.jpg
-------------------
analizando:0_2022-10-24_12:29:35.930600.avi_26.548540592193604.jpg
ultimos 7:3604.jpg
-------------------
analizando:0_2022-10-24_12:38:59.943028.avi_12.946753025054932.jpg
ultimos 7:4932.jpg
-------------------
analizando:0_2022-10-24_12:38:55.556062.avi_15.671854496002197.jpg
ultimos 7:2197.jpg
-------------------
analizando:0_2022-10-24_12:39:16.321743.avi_20.818484783172607.jpg
ultimos 7:2607.jpg
-------------------
analizando:0_2022-10-24_12:38:43.161519.avi_1.6236248016357422.jpg
ultimos 7:7422.jpg
-------------------
analizando:0_2022-10-24_12:29:07.295957.avi_4.639973402023315.jpg
ultimos 7:3315.jpg
-------------------
analizando:0_2022-10-24_12:29:04.653435.avi_6.83672308921814.jpg
ultimos 7:1814.jpg
-------------------
analizando:0_2022-10-24_12:29:20.793937.avi_23.83552098274231.jpg
ultimos 7:4231.jpg
-------------------
analizando:0_2022-10-24_12:39:24.216417.avi_33.54808759689331.jpg
ultimos 7:9331.jpg
-------------------
analizando:0_2022-10-24_12:39:04.860392.avi_9.357131719589233.jpg
ultimos 7:9233.jpg
-------------------
analizando:0_2022-10-24_12:38:53.015560.avi_2.3472259044647217.jpg
ultimos 7:7217.jpg
-------------------
analizando:0_2022-10-24_12:39:11.883775.avi_22.819785833358765.jpg
ultimos 7:8765.jpg
-------------------
analizando:0_2022-10-24_12:29:40.192239.avi_39.268667697906494.jpg
ultimos 7:6494.jpg
-------------------
analizando:0_2022-10-24_12:29:15.594213.avi_13.774975538253784.jpg
ultimos 7:3784.jpg
-------------------
analizando:0_2022-10-24_12:29:06.957725.avi_9.187678337097168.jpg
ultimos 7:7168.jpg
-------------------
analizando:0_2022-10-24_12:29:09.652161.avi_6.996177673339844.jpg
ultimos 7:9844.jpg
-------------------
analizando:0_2022-10-24_12:39:22.492760.avi_36.12937784194946.jpg
ultimos 7:4946.jpg
-------------------
analizando:0_2022-10-24_12:39:33.071167.avi_49.3772919178009.jpg
ultimos 7:8009.jpg
-------------------
analizando:0_2022-10-24_12:38:42.013533.avi_5.3593199253082275.jpg
ultimos 7:2275.jpg
-------------------
analizando:0_2022-10-24_12:38:50.628189.avi_4.510856628417969.jpg
ultimos 7:7969.jpg
-------------------
analizando:0_2022-10-24_12:29:27.776499.avi_32.04367923736572.jpg
ultimos 7:6572.jpg
-------------------
analizando:0_2022-10-24_12:38:57.038613.avi_14.920905351638794.jpg
ultimos 7:8794.jpg
-------------------
analizando:0_2022-10-24_12:38:45.800066.avi_1.903670072555542.jpg
ultimos 7:5542.jpg
-------------------
analizando:0_2022-10-24_12:29:43.536749.avi_40.880767822265625.jpg
ultimos 7:5625.jpg
-------------------
analizando:0_2022-10-24_12:39:06.361439.avi_17.290406465530396.jpg
ultimos 7:0396.jpg
-------------------
analizando:0_2022-10-24_12:38:53.021809.avi_6.904474496841431.jpg
ultimos 7:1431.jpg
-------------------
analizando:0_2022-10-24_12:29:17.876153.avi_8.302981615066528.jpg
ultimos 7:6528.jpg
-------------------
analizando:0_2022-10-24_12:29:02.675245.avi_4.858535051345825.jpg
ultimos 7:5825.jpg
-------------------
analizando:0_2022-10-24_12:39:26.951910.avi_39.95563626289368.jpg
ultimos 7:9368.jpg
-------------------
analizando:0_2022-10-24_12:29:19.473674.avi_17.85774540901184.jpg
ultimos 7:1184.jpg
-------------------
analizando:0_2022-10-24_12:29:53.838113.avi_44.26494097709656.jpg
ultimos 7:9656.jpg
-------------------
analizando:0_2022-10-24_12:29:17.437305.avi_10.809324979782104.jpg
ultimos 7:2104.jpg
-------------------
analizando:0_2022-10-24_12:29:11.632525.avi_16.25658631324768.jpg
ultimos 7:4768.jpg
-------------------
analizando:0_2022-10-24_12:39:16.513237.avi_36.62903618812561.jpg
ultimos 7:2561.jpg
-------------------
analizando:0_2022-10-24_12:39:00.886401.avi_10.844058990478516.jpg
ultimos 7:8516.jpg
-------------------
analizando:0_2022-10-24_12:39:13.393138.avi_26.396864652633667.jpg
ultimos 7:3667.jpg
-------------------
analizando:0_2022-10-24_12:29:46.647090.avi_36.85447096824646.jpg
ultimos 7:4646.jpg
paso1!!
deberia a continua
Es enfocada de momento:/var/www/html/reconocimientoFacial/proyecto_definitivo/motor/caras/sinclasificar_videos/0_2022-10-24_12:29:46.647090.avi_36.85447096824646.jpg
es cara1 y enfocada:/var/www/html/reconocimientoFacial/proyecto_definitivo/motor/caras/sinclasificar_videos/0_2022-10-24_12:29:46.647090.avi_36.85447096824646.jpg
Esta imagen no tiene caras1 por que no tiene encodings
remuevo la imagen pues no supero los filtros y no se va a usar: /var/www/html/reconocimientoFacial/proyecto_definitivo/motor/caras/sinclasificar_videos/0_2022-10-24_12:29:46.647090.avi_36.85447096824646.jpg
-------------------
analizando:0_2022-10-24_12:39:21.752915.avi_38.05903220176697.jpg
ultimos 7:6697.jpg
-------------------
analizando:0_2022-10-24_12:29:03.990050.avi_8.257230997085571.jpg
ultimos 7:5571.jpg
-------------------
analizando:0_2022-10-24_12:39:27.155202.avi_47.27100133895874.jpg
ultimos 7:5874.jpg
-------------------
analizando:0_2022-10-24_12:39:26.174897.avi_42.278505086898804.jpg
ultimos 7:8804.jpg
paso1!!
deberia a continua
Es enfocada de momento:/var/www/html/reconocimientoFacial/proyecto_definitivo/motor/caras/sinclasificar_videos/0_2022-10-24_12:39:26.174897.avi_42.278505086898804.jpg
es cara1 y enfocada:/var/www/html/reconocimientoFacial/proyecto_definitivo/motor/caras/sinclasificar_videos/0_2022-10-24_12:39:26.174897.avi_42.278505086898804.jpg
Esta imagen SI tiene caras reconocibles por que tiene encodings
Esta imagen SI tiene caras2!!!
Perfecto, supera todos los filtros
La imagen es buena, voy a ponerla en su correspondiente carpeta, para conservarla: /var/www/html/reconocimientoFacial/proyecto_definitivo/motor/caras/sinclasificar_videos/0_2022-10-24_12:39:26.174897.avi_42.278505086898804.jpg
Ya existia la ruta:/var/www/html/reconocimientoFacial/proyecto_definitivo/motor/caras/1/C0/HtMPemK7ygmA0RiMEKEMmwVbm
He copiado de aki: /var/www/html/reconocimientoFacial/proyecto_definitivo/motor/caras/sinclasificar_videos/0_2022-10-24_12:39:26.174897.avi_42.278505086898804.jpg a aki: HtMPemK7ygmA0RiMEKEMmwVbm/0_2022-10-24_12:39:26.174897.avi_42.278505086898804.jpg_bifdncygQoB5AlurvC3GRxZXzk.jpg
-------------------
analizando:0_2022-10-24_12:29:46.193312.avi_36.620142459869385.jpg
ultimos 7:9385.jpg
-------------------
analizando:0_2022-10-24_12:39:01.910521.avi_18.21664047241211.jpg
ultimos 7:1211.jpg
-------------------
analizando:0_2022-10-24_12:29:32.922864.avi_23.540807723999023.jpg
ultimos 7:9023.jpg
-------------------
analizando:0_2022-10-24_12:39:15.122945.avi_25.080604076385498.jpg
ultimos 7:5498.jpg
-------------------
analizando:0_2022-10-24_12:29:47.776471.avi_32.90135860443115.jpg
ultimos 7:3115.jpg
-------------------
analizando:0_2022-10-24_12:39:05.109003.avi_14.440670251846313.jpg
ultimos 7:6313.jpg
-------------------
analizando:0_2022-10-24_12:39:16.690094.avi_28.679664134979248.jpg
ultimos 7:9248.jpg
-------------------
analizando:0_2022-10-24_12:29:47.226394.avi_46.83442521095276.jpg
ultimos 7:5276.jpg
-------------------
analizando:0_2022-10-24_12:29:49.430931.avi_45.709837675094604.jpg
ultimos 7:4604.jpg
paso1!!
deberia a continua
Es enfocada de momento:/var/www/html/reconocimientoFacial/proyecto_definitivo/motor/caras/sinclasificar_videos/0_2022-10-24_12:29:49.430931.avi_45.709837675094604.jpg
es cara1 y enfocada:/var/www/html/reconocimientoFacial/proyecto_definitivo/motor/caras/sinclasificar_videos/0_2022-10-24_12:29:49.430931.avi_45.709837675094604.jpg
Esta imagen SI tiene caras reconocibles por que tiene encodings
Esta imagen SI tiene caras2!!!
Perfecto, supera todos los filtros
La imagen es buena, voy a ponerla en su correspondiente carpeta, para conservarla: /var/www/html/reconocimientoFacial/proyecto_definitivo/motor/caras/sinclasificar_videos/0_2022-10-24_12:29:49.430931.avi_45.709837675094604.jpg
Ya existia la ruta:/var/www/html/reconocimientoFacial/proyecto_definitivo/motor/caras/1/C0/HtMPemK7ygmA0RiMEKEMmwVbm
He copiado de aki: /var/www/html/reconocimientoFacial/proyecto_definitivo/motor/caras/sinclasificar_videos/0_2022-10-24_12:29:49.430931.avi_45.709837675094604.jpg a aki: HtMPemK7ygmA0RiMEKEMmwVbm/0_2022-10-24_12:29:49.430931.avi_45.709837675094604.jpg_b7e0kAJOKmj0QltvhpoYVzv6PS.jpg
-------------------
analizando:0_2022-10-24_12:28:59.628483.avi_4.252544641494751.jpg
ultimos 7:4751.jpg
-------------------
analizando:0_2022-10-24_12:39:20.421433.avi_28.885533332824707.jpg
ultimos 7:4707.jpg
-------------------
analizando:0_2022-10-24_12:29:13.680479.avi_12.06454348564148.jpg
ultimos 7:4148.jpg
-------------------
analizando:0_2022-10-24_12:29:10.065929.avi_4.851455450057983.jpg
ultimos 7:7983.jpg
-------------------
analizando:0_2022-10-24_12:38:57.789767.avi_3.3784632682800293.jpg
ultimos 7:0293.jpg
-------------------
analizando:0_2022-10-24_12:29:08.405725.avi_4.684630870819092.jpg
ultimos 7:9092.jpg
-------------------
analizando:0_2022-10-24_12:29:41.393278.avi_41.11180233955383.jpg
ultimos 7:5383.jpg
-------------------
analizando:0_2022-10-24_12:28:59.541652.avi_2.583238124847412.jpg
ultimos 7:7412.jpg
-------------------
analizando:0_2022-10-24_12:39:12.754485.avi_32.110302448272705.jpg
ultimos 7:2705.jpg
-------------------
analizando:0_2022-10-24_12:29:52.074247.avi_45.730945348739624.jpg
ultimos 7:9624.jpg
-------------------
analizando:0_2022-10-24_12:29:45.434622.avi_43.615387201309204.jpg
ultimos 7:9204.jpg
-------------------
analizando:0_2022-10-24_12:39:06.755672.avi_22.859280109405518.jpg
ultimos 7:5518.jpg
-------------------
analizando:0_2022-10-24_12:29:09.268408.avi_2.640428066253662.jpg
ultimos 7:3662.jpg
-------------------
analizando:0_2022-10-24_12:39:10.407641.avi_23.41135883331299.jpg
ultimos 7:1299.jpg
-------------------
analizando:0_2022-10-24_12:29:28.711674.avi_28.319705724716187.jpg
ultimos 7:6187.jpg
-------------------
analizando:0_2022-10-24_12:29:32.161496.avi_22.588326692581177.jpg
ultimos 7:1177.jpg
-------------------
analizando:0_2022-10-24_12:39:27.082235.avi_46.620845317840576.jpg
ultimos 7:0576.jpg
-------------------
analizando:0_2022-10-24_12:29:13.677715.avi_3.2006542682647705.jpg
ultimos 7:7705.jpg
-------------------
analizando:0_2022-10-24_12:29:16.642512.avi_19.907735347747803.jpg
ultimos 7:7803.jpg
-------------------
analizando:0_2022-10-24_12:29:12.427048.avi_9.771054744720459.jpg
ultimos 7:0459.jpg
-------------------
analizando:0_2022-10-24_12:38:51.714400.avi_4.718125104904175.jpg
ultimos 7:4175.jpg
-------------------
analizando:0_2022-10-24_12:29:40.244229.avi_33.90092849731445.jpg
ultimos 7:1445.jpg
-------------------
analizando:0_2022-10-24_12:29:02.799042.avi_5.028993129730225.jpg
ultimos 7:0225.jpg
-------------------
analizando:0_2022-10-24_12:29:15.128281.avi_9.913812398910522.jpg
ultimos 7:0522.jpg
-------------------
analizando:0_2022-10-24_12:29:31.692358.avi_33.87564301490784.jpg
ultimos 7:0784.jpg
-------------------
analizando:0_2022-10-24_12:29:38.403413.avi_35.74743103981018.jpg
ultimos 7:1018.jpg
-------------------
analizando:0_2022-10-24_12:29:20.825615.avi_18.169633150100708.jpg
ultimos 7:0708.jpg
-------------------
analizando:0_2022-10-24_12:29:32.830887.avi_23.448830604553223.jpg
ultimos 7:3223.jpg
-------------------
analizando:0_2022-10-24_12:39:32.149429.avi_43.08543848991394.jpg
ultimos 7:1394.jpg
-------------------
analizando:0_2022-10-24_12:39:07.815418.avi_24.121543884277344.jpg
ultimos 7:7344.jpg
-------------------
analizando:0_2022-10-24_12:39:31.487014.avi_44.490740060806274.jpg
ultimos 7:6274.jpg
-------------------
analizando:0_2022-10-24_12:39:02.511543.avi_16.14796733856201.jpg
ultimos 7:6201.jpg
-------------------
analizando:0_2022-10-24_12:38:57.601947.avi_16.387876272201538.jpg
ultimos 7:1538.jpg
-------------------
analizando:0_2022-10-24_12:29:31.799921.avi_30.876351356506348.jpg
ultimos 7:6348.jpg
-------------------
analizando:0_2022-10-24_12:29:38.875513.avi_40.78517556190491.jpg
ultimos 7:0491.jpg
-------------------
analizando:0_2022-10-24_12:39:14.489209.avi_22.7800133228302.jpg
ultimos 7:8302.jpg
-------------------
analizando:0_2022-10-24_12:29:44.525320.avi_34.04826331138611.jpg
ultimos 7:8611.jpg
-------------------
analizando:0_2022-10-24_12:39:30.372547.avi_41.30151724815369.jpg
ultimos 7:5369.jpg
-------------------
analizando:0_2022-10-24_12:29:33.294433.avi_35.20409607887268.jpg
ultimos 7:7268.jpg
-------------------
analizando:0_2022-10-24_12:29:52.070277.avi_48.369988679885864.jpg
ultimos 7:5864.jpg
-------------------
analizando:0_2022-10-24_12:38:56.286135.avi_8.275705099105835.jpg
ultimos 7:5835.jpg
-------------------
analizando:0_2022-10-24_12:38:44.495124.avi_2.957235097885132.jpg
ultimos 7:5132.jpg
-------------------
analizando:0_2022-10-24_12:38:57.196332.avi_8.13234257698059.jpg
ultimos 7:8059.jpg
-------------------
analizando:0_2022-10-24_12:39:21.771970.avi_35.65463876724243.jpg
ultimos 7:4243.jpg
-------------------
analizando:0_2022-10-24_12:39:32.206609.avi_44.1961784362793.jpg
ultimos 7:2793.jpg
-------------------
analizando:0_2022-10-24_12:39:10.862697.avi_20.194365978240967.jpg
ultimos 7:0967.jpg
-------------------
analizando:0_2022-10-24_12:39:02.285882.avi_14.275447607040405.jpg
ultimos 7:0405.jpg
-------------------
analizando:0_2022-10-24_12:29:18.325828.avi_3.450716257095337.jpg
ultimos 7:5337.jpg
-------------------
analizando:0_2022-10-24_12:29:27.578739.avi_23.857651710510254.jpg
ultimos 7:0254.jpg
-------------------
analizando:0_2022-10-24_12:39:23.490669.avi_39.594276666641235.jpg
ultimos 7:1235.jpg
-------------------
analizando:0_2022-10-24_12:39:31.386560.avi_44.39027643203735.jpg
ultimos 7:3735.jpg
-------------------
analizando:0_2022-10-24_12:29:18.734358.avi_15.013270854949951.jpg
ultimos 7:9951.jpg
-------------------
analizando:0_2022-10-24_12:29:22.588015.avi_24.4976749420166.jpg
ultimos 7:0166.jpg
-------------------
analizando:0_2022-10-24_12:39:36.543639.avi_47.47260594367981.jpg
ultimos 7:7981.jpg
-------------------
analizando:0_2022-10-24_12:29:18.548549.avi_16.72931408882141.jpg
ultimos 7:2141.jpg
-------------------
analizando:0_2022-10-24_12:29:37.098778.avi_30.75547742843628.jpg
ultimos 7:3628.jpg
-------------------
analizando:0_2022-10-24_12:29:40.608240.avi_38.789003133773804.jpg
ultimos 7:3804.jpg
-------------------
analizando:0_2022-10-24_12:39:19.642972.avi_33.279592990875244.jpg
ultimos 7:5244.jpg
-------------------
analizando:0_2022-10-24_12:39:09.150853.avi_20.079821348190308.jpg
ultimos 7:0308.jpg
-------------------
analizando:0_2022-10-24_12:29:16.436205.avi_12.735916137695312.jpg
ultimos 7:5312.jpg
-------------------
analizando:0_2022-10-24_12:39:10.483219.avi_30.599018573760986.jpg
ultimos 7:0986.jpg
-------------------
analizando:0_2022-10-24_12:29:49.092989.avi_42.74968862533569.jpg
ultimos 7:3569.jpg
-------------------
analizando:0_2022-10-24_12:39:06.161784.avi_11.750485181808472.jpg
ultimos 7:8472.jpg
-------------------
analizando:0_2022-10-24_12:29:00.936094.avi_5.560152530670166.jpg
ultimos 7:0166.jpg
-------------------
analizando:0_2022-10-24_12:29:18.529199.avi_8.736574411392212.jpg
ultimos 7:2212.jpg
-------------------
analizando:0_2022-10-24_12:29:28.376628.avi_33.000686168670654.jpg
ultimos 7:0654.jpg
-------------------
analizando:0_2022-10-24_12:29:32.115488.avi_31.191904306411743.jpg
ultimos 7:1743.jpg
-------------------
analizando:0_2022-10-24_12:39:08.530654.avi_22.167274713516235.jpg
ultimos 7:6235.jpg
-------------------
analizando:0_2022-10-24_12:38:57.158094.avi_8.087063074111938.jpg
ultimos 7:1938.jpg
-------------------
analizando:0_2022-10-24_12:29:26.593103.avi_23.93712019920349.jpg
ultimos 7:0349.jpg
-------------------
analizando:0_2022-10-24_12:29:32.214978.avi_35.256561040878296.jpg
ultimos 7:8296.jpg
-------------------
analizando:0_2022-10-24_12:39:07.764393.avi_21.919185876846313.jpg
ultimos 7:6313.jpg
-------------------
analizando:0_2022-10-24_12:38:45.666228.avi_1.9723505973815918.jpg
ultimos 7:5918.jpg
-------------------
analizando:0_2022-10-24_12:39:22.904135.avi_31.368234395980835.jpg
ultimos 7:0835.jpg
-------------------
analizando:0_2022-10-24_12:29:44.984281.avi_47.167569160461426.jpg
ultimos 7:1426.jpg
-------------------
analizando:0_2022-10-24_12:29:34.733572.avi_36.916860818862915.jpg
ultimos 7:2915.jpg
-------------------
analizando:0_2022-10-24_12:29:02.877168.avi_5.107118844985962.jpg
ultimos 7:5962.jpg
-------------------
analizando:0_2022-10-24_12:39:20.454095.avi_26.99932336807251.jpg
ultimos 7:7251.jpg
-------------------
analizando:0_2022-10-24_12:29:50.455835.avi_41.073776721954346.jpg
ultimos 7:4346.jpg
-------------------
analizando:0_2022-10-24_12:29:27.295471.avi_12.420362710952759.jpg
ultimos 7:2759.jpg
-------------------
analizando:0_2022-10-24_12:39:11.523296.avi_23.512864589691162.jpg
ultimos 7:1162.jpg
-------------------
analizando:0_2022-10-24_12:39:33.259133.avi_46.26285982131958.jpg
ultimos 7:1958.jpg
-------------------
analizando:0_2022-10-24_12:38:56.978029.avi_9.98175597190857.jpg
ultimos 7:0857.jpg
-------------------
analizando:0_2022-10-24_12:38:44.397379.avi_3.1833081245422363.jpg
ultimos 7:2363.jpg
-------------------
analizando:0_2022-10-24_12:39:33.884818.avi_45.874388694763184.jpg
ultimos 7:3184.jpg
-------------------
analizando:0_2022-10-24_12:29:31.628677.avi_25.28537631034851.jpg
ultimos 7:4851.jpg
-------------------
analizando:0_2022-10-24_12:29:15.152051.avi_12.496066570281982.jpg
ultimos 7:1982.jpg
-------------------
analizando:0_2022-10-24_12:38:47.911002.avi_6.696930885314941.jpg
ultimos 7:4941.jpg
-------------------
analizando:0_2022-10-24_12:29:35.146499.avi_29.932028770446777.jpg
ultimos 7:6777.jpg
-------------------
analizando:0_2022-10-24_12:29:17.788716.avi_16.86514639854431.jpg
ultimos 7:4431.jpg
-------------------
analizando:0_2022-10-24_12:29:53.086370.avi_43.51319980621338.jpg
ultimos 7:1338.jpg
-------------------
analizando:0_2022-10-24_12:38:53.415779.avi_5.405348062515259.jpg
ultimos 7:5259.jpg
-------------------
analizando:0_2022-10-24_12:39:01.831169.avi_18.137294054031372.jpg
ultimos 7:1372.jpg
-------------------
analizando:0_2022-10-24_12:38:47.699939.avi_4.0060646533966064.jpg
ultimos 7:6064.jpg
paso1!!
deberia a continua
Es enfocada de momento:/var/www/html/reconocimientoFacial/proyecto_definitivo/motor/caras/sinclasificar_videos/0_2022-10-24_12:38:47.699939.avi_4.0060646533966064.jpg
es cara1 y enfocada:/var/www/html/reconocimientoFacial/proyecto_definitivo/motor/caras/sinclasificar_videos/0_2022-10-24_12:38:47.699939.avi_4.0060646533966064.jpg
Esta imagen no tiene caras1 por que no tiene encodings
remuevo la imagen pues no supero los filtros y no se va a usar: /var/www/html/reconocimientoFacial/proyecto_definitivo/motor/caras/sinclasificar_videos/0_2022-10-24_12:38:47.699939.avi_4.0060646533966064.jpg
-------------------
analizando:0_2022-10-24_12:29:19.848978.avi_23.114211320877075.jpg
ultimos 7:7075.jpg
-------------------
analizando:0_2022-10-24_12:39:34.003480.avi_42.2942795753479.jpg
ultimos 7:3479.jpg
-------------------
analizando:0_2022-10-24_12:39:05.606875.avi_19.24349570274353.jpg
ultimos 7:4353.jpg
-------------------
analizando:0_2022-10-24_12:29:53.096636.avi_46.46865391731262.jpg
ultimos 7:1262.jpg
-------------------
analizando:0_2022-10-24_12:39:25.821330.avi_44.283438205718994.jpg
ultimos 7:8994.jpg
-------------------
analizando:0_2022-10-24_12:29:30.801599.avi_21.00898003578186.jpg
ultimos 7:8186.jpg
-------------------
analizando:0_2022-10-24_12:29:19.278569.avi_8.801517486572266.jpg
ultimos 7:2266.jpg
paso1!!
deberia a continua
Es enfocada de momento:/var/www/html/reconocimientoFacial/proyecto_definitivo/motor/caras/sinclasificar_videos/0_2022-10-24_12:29:19.278569.avi_8.801517486572266.jpg
es cara1 y enfocada:/var/www/html/reconocimientoFacial/proyecto_definitivo/motor/caras/sinclasificar_videos/0_2022-10-24_12:29:19.278569.avi_8.801517486572266.jpg
Esta imagen no tiene caras1 por que no tiene encodings
remuevo la imagen pues no supero los filtros y no se va a usar: /var/www/html/reconocimientoFacial/proyecto_definitivo/motor/caras/sinclasificar_videos/0_2022-10-24_12:29:19.278569.avi_8.801517486572266.jpg
-------------------
analizando:0_2022-10-24_12:29:33.676708.avi_32.06077766418457.jpg
ultimos 7:8457.jpg
-------------------
analizando:0_2022-10-24_12:39:18.327048.avi_37.68286991119385.jpg
ultimos 7:9385.jpg
-------------------
analizando:0_2022-10-24_12:38:47.526216.avi_6.882038354873657.jpg
ultimos 7:3657.jpg
-------------------
analizando:0_2022-10-24_12:39:29.814251.avi_41.80381941795349.jpg
ultimos 7:5349.jpg
-------------------
analizando:0_2022-10-24_12:29:34.054007.avi_24.26138687133789.jpg
ultimos 7:3789.jpg
-------------------
analizando:0_2022-10-24_12:39:15.050050.avi_25.007699728012085.jpg
ultimos 7:2085.jpg
-------------------
analizando:0_2022-10-24_12:29:53.060639.avi_46.43265652656555.jpg
ultimos 7:6555.jpg
-------------------
analizando:0_2022-10-24_12:39:05.124953.avi_18.128679037094116.jpg
ultimos 7:4116.jpg
-------------------
analizando:0_2022-10-24_12:29:36.098727.avi_40.36590814590454.jpg
ultimos 7:0454.jpg
-------------------
analizando:0_2022-10-24_12:39:19.042373.avi_33.1971697807312.jpg
ultimos 7:7312.jpg
-------------------
analizando:0_2022-10-24_12:39:06.059035.avi_16.995043516159058.jpg
ultimos 7:9058.jpg
-------------------
analizando:0_2022-10-24_12:29:50.368362.avi_40.98630428314209.jpg
ultimos 7:4209.jpg
-------------------
analizando:0_2022-10-24_12:29:05.540225.avi_3.7209904193878174.jpg
ultimos 7:8174.jpg
-------------------
analizando:0_2022-10-24_12:39:01.922001.avi_23.482594966888428.jpg
ultimos 7:8428.jpg
paso1!!
deberia a continua
Es enfocada de momento:/var/www/html/reconocimientoFacial/proyecto_definitivo/motor/caras/sinclasificar_videos/0_2022-10-24_12:39:01.922001.avi_23.482594966888428.jpg
es cara1 y enfocada:/var/www/html/reconocimientoFacial/proyecto_definitivo/motor/caras/sinclasificar_videos/0_2022-10-24_12:39:01.922001.avi_23.482594966888428.jpg
Esta imagen no tiene caras1 por que no tiene encodings
remuevo la imagen pues no supero los filtros y no se va a usar: /var/www/html/reconocimientoFacial/proyecto_definitivo/motor/caras/sinclasificar_videos/0_2022-10-24_12:39:01.922001.avi_23.482594966888428.jpg
-------------------
analizando:0_2022-10-24_12:29:51.322069.avi_43.489009141922.jpg
ultimos 7:1922.jpg
-------------------
analizando:0_2022-10-24_12:29:32.228077.avi_22.654909133911133.jpg
ultimos 7:1133.jpg
-------------------
analizando:0_2022-10-24_12:29:26.608587.avi_21.394117832183838.jpg
ultimos 7:3838.jpg
-------------------
analizando:0_2022-10-24_12:38:46.544281.avi_8.1048743724823.jpg
ultimos 7:4823.jpg
-------------------
analizando:0_2022-10-24_12:39:17.926429.avi_36.388538122177124.jpg
ultimos 7:7124.jpg
-------------------
analizando:0_2022-10-24_12:29:52.048184.avi_45.420204401016235.jpg
ultimos 7:6235.jpg
-------------------
analizando:0_2022-10-24_12:39:02.806562.avi_20.688852071762085.jpg
ultimos 7:2085.jpg
-------------------
analizando:0_2022-10-24_12:29:11.424525.avi_13.334187269210815.jpg
ultimos 7:0815.jpg
-------------------
analizando:0_2022-10-24_12:39:04.895406.avi_19.050203323364258.jpg
ultimos 7:4258.jpg
-------------------
analizando:0_2022-10-24_12:29:19.530598.avi_21.440257787704468.jpg
ultimos 7:4468.jpg
paso1!!
deberia a continua
Es enfocada de momento:/var/www/html/reconocimientoFacial/proyecto_definitivo/motor/caras/sinclasificar_videos/0_2022-10-24_12:29:19.530598.avi_21.440257787704468.jpg
es cara1 y enfocada:/var/www/html/reconocimientoFacial/proyecto_definitivo/motor/caras/sinclasificar_videos/0_2022-10-24_12:29:19.530598.avi_21.440257787704468.jpg
Esta imagen SI tiene caras reconocibles por que tiene encodings
Esta imagen SI tiene caras2!!!
Perfecto, supera todos los filtros
La imagen es buena, voy a ponerla en su correspondiente carpeta, para conservarla: /var/www/html/reconocimientoFacial/proyecto_definitivo/motor/caras/sinclasificar_videos/0_2022-10-24_12:29:19.530598.avi_21.440257787704468.jpg
Ya existia la ruta:/var/www/html/reconocimientoFacial/proyecto_definitivo/motor/caras/1/C0/HtMPemK7ygmA0RiMEKEMmwVbm
He copiado de aki: /var/www/html/reconocimientoFacial/proyecto_definitivo/motor/caras/sinclasificar_videos/0_2022-10-24_12:29:19.530598.avi_21.440257787704468.jpg a aki: HtMPemK7ygmA0RiMEKEMmwVbm/0_2022-10-24_12:29:19.530598.avi_21.440257787704468.jpg_bNMhMB2rjOdQ2BceyxMeEd31Zu.jpg
-------------------
analizando:0_2022-10-24_12:28:58.245788.avi_2.869849681854248.jpg
ultimos 7:4248.jpg
paso1!!
deberia a continua
Es enfocada de momento:/var/www/html/reconocimientoFacial/proyecto_definitivo/motor/caras/sinclasificar_videos/0_2022-10-24_12:28:58.245788.avi_2.869849681854248.jpg
es cara1 y enfocada:/var/www/html/reconocimientoFacial/proyecto_definitivo/motor/caras/sinclasificar_videos/0_2022-10-24_12:28:58.245788.avi_2.869849681854248.jpg
Esta imagen SI tiene caras reconocibles por que tiene encodings
Esta imagen SI tiene caras2!!!
Perfecto, supera todos los filtros
La imagen es buena, voy a ponerla en su correspondiente carpeta, para conservarla: /var/www/html/reconocimientoFacial/proyecto_definitivo/motor/caras/sinclasificar_videos/0_2022-10-24_12:28:58.245788.avi_2.869849681854248.jpg
Ya existia la ruta:/var/www/html/reconocimientoFacial/proyecto_definitivo/motor/caras/1/C0/HtMPemK7ygmA0RiMEKEMmwVbm
He copiado de aki: /var/www/html/reconocimientoFacial/proyecto_definitivo/motor/caras/sinclasificar_videos/0_2022-10-24_12:28:58.245788.avi_2.869849681854248.jpg a aki: HtMPemK7ygmA0RiMEKEMmwVbm/0_2022-10-24_12:28:58.245788.avi_2.869849681854248.jpg_bIHRwagMShiVI0t5SyhgNUoEl1.jpg
-------------------
analizando:0_2022-10-24_12:38:43.456225.avi_6.8020124435424805.jpg
ultimos 7:4805.jpg
-------------------
analizando:0_2022-10-24_12:38:59.989250.avi_17.87153959274292.jpg
ultimos 7:4292.jpg
-------------------
analizando:0_2022-10-24_12:39:29.603354.avi_39.5610146522522.jpg
ultimos 7:2522.jpg
-------------------
analizando:0_2022-10-24_12:29:15.619251.avi_11.898163080215454.jpg
ultimos 7:5454.jpg
-------------------
analizando:0_2022-10-24_12:29:05.719166.avi_5.437691688537598.jpg
ultimos 7:7598.jpg
-------------------
analizando:0_2022-10-24_12:39:20.905473.avi_31.834441661834717.jpg
ultimos 7:4717.jpg
-------------------
analizando:0_2022-10-24_12:29:27.991092.avi_18.198472261428833.jpg
ultimos 7:8833.jpg
-------------------
analizando:0_2022-10-24_12:39:30.500843.avi_46.60445046424866.jpg
ultimos 7:4866.jpg
paso1!!
deberia a continua
Es enfocada de momento:/var/www/html/reconocimientoFacial/proyecto_definitivo/motor/caras/sinclasificar_videos/0_2022-10-24_12:39:30.500843.avi_46.60445046424866.jpg
es cara1 y enfocada:/var/www/html/reconocimientoFacial/proyecto_definitivo/motor/caras/sinclasificar_videos/0_2022-10-24_12:39:30.500843.avi_46.60445046424866.jpg
Esta imagen no tiene caras1 por que no tiene encodings
remuevo la imagen pues no supero los filtros y no se va a usar: /var/www/html/reconocimientoFacial/proyecto_definitivo/motor/caras/sinclasificar_videos/0_2022-10-24_12:39:30.500843.avi_46.60445046424866.jpg
-------------------
analizando:0_2022-10-24_12:29:43.136644.avi_37.92217469215393.jpg
ultimos 7:5393.jpg
-------------------
analizando:0_2022-10-24_12:39:36.006348.avi_40.50308966636658.jpg
ultimos 7:6658.jpg
-------------------
analizando:0_2022-10-24_12:29:31.266092.avi_27.56580114364624.jpg
ultimos 7:4624.jpg
paso1!!
deberia a continua
Es enfocada de momento:/var/www/html/reconocimientoFacial/proyecto_definitivo/motor/caras/sinclasificar_videos/0_2022-10-24_12:29:31.266092.avi_27.56580114364624.jpg
es cara1 y enfocada:/var/www/html/reconocimientoFacial/proyecto_definitivo/motor/caras/sinclasificar_videos/0_2022-10-24_12:29:31.266092.avi_27.56580114364624.jpg
Esta imagen SI tiene caras reconocibles por que tiene encodings
Esta imagen SI tiene caras2!!!
Perfecto, supera todos los filtros
La imagen es buena, voy a ponerla en su correspondiente carpeta, para conservarla: /var/www/html/reconocimientoFacial/proyecto_definitivo/motor/caras/sinclasificar_videos/0_2022-10-24_12:29:31.266092.avi_27.56580114364624.jpg
Ya existia la ruta:/var/www/html/reconocimientoFacial/proyecto_definitivo/motor/caras/1/C0/HtMPemK7ygmA0RiMEKEMmwVbm
He copiado de aki: /var/www/html/reconocimientoFacial/proyecto_definitivo/motor/caras/sinclasificar_videos/0_2022-10-24_12:29:31.266092.avi_27.56580114364624.jpg a aki: HtMPemK7ygmA0RiMEKEMmwVbm/0_2022-10-24_12:29:31.266092.avi_27.56580114364624.jpg_bd41XI5dTYAQIB2S7akfcXCFGh.jpg
-------------------
analizando:0_2022-10-24_12:39:03.383048.avi_14.312016248703003.jpg
ultimos 7:3003.jpg
-------------------
analizando:0_2022-10-24_12:38:54.259987.avi_5.195998907089233.jpg
ultimos 7:9233.jpg
-------------------
analizando:0_2022-10-24_12:39:29.938579.avi_43.57519817352295.jpg
ultimos 7:2295.jpg
-------------------
analizando:0_2022-10-24_12:29:30.743696.avi_32.653359174728394.jpg
ultimos 7:8394.jpg
-------------------
analizando:0_2022-10-24_12:38:40.775114.avi_4.120900869369507.jpg
ultimos 7:9507.jpg
-------------------
analizando:0_2022-10-24_12:29:41.792455.avi_31.99983549118042.jpg
ultimos 7:8042.jpg
paso1!!
deberia a continua
Es enfocada de momento:/var/www/html/reconocimientoFacial/proyecto_definitivo/motor/caras/sinclasificar_videos/0_2022-10-24_12:29:41.792455.avi_31.99983549118042.jpg
es cara1 y enfocada:/var/www/html/reconocimientoFacial/proyecto_definitivo/motor/caras/sinclasificar_videos/0_2022-10-24_12:29:41.792455.avi_31.99983549118042.jpg
Esta imagen no tiene caras1 por que no tiene encodings
remuevo la imagen pues no supero los filtros y no se va a usar: /var/www/html/reconocimientoFacial/proyecto_definitivo/motor/caras/sinclasificar_videos/0_2022-10-24_12:29:41.792455.avi_31.99983549118042.jpg
-------------------
analizando:0_2022-10-24_12:39:29.829121.avi_41.818689584732056.jpg
ultimos 7:2056.jpg
-------------------
analizando:0_2022-10-24_12:29:42.862356.avi_27.98724603652954.jpg
ultimos 7:2954.jpg
-------------------
analizando:0_2022-10-24_12:39:13.471212.avi_26.47493577003479.jpg
ultimos 7:3479.jpg
-------------------
analizando:0_2022-10-24_12:29:31.119502.avi_20.6424503326416.jpg
ultimos 7:6416.jpg
-------------------
analizando:0_2022-10-24_12:29:28.842304.avi_27.91873335838318.jpg
ultimos 7:8318.jpg
-------------------
analizando:0_2022-10-24_12:39:29.634567.avi_39.592223167419434.jpg
ultimos 7:9434.jpg
-------------------
analizando:0_2022-10-24_12:29:28.304688.avi_17.82763171195984.jpg
ultimos 7:5984.jpg
-------------------
analizando:0_2022-10-24_12:39:06.926537.avi_16.884196519851685.jpg
ultimos 7:1685.jpg
-------------------
analizando:0_2022-10-24_12:29:22.314216.avi_18.61392378807068.jpg
ultimos 7:7068.jpg
-------------------
analizando:0_2022-10-24_12:29:18.197433.avi_8.815376996994019.jpg
ultimos 7:4019.jpg
-------------------
analizando:0_2022-10-24_12:38:56.085855.avi_5.417523145675659.jpg
ultimos 7:5659.jpg
-------------------
analizando:0_2022-10-24_12:38:58.827836.avi_12.982632160186768.jpg
ultimos 7:6768.jpg
-------------------
analizando:0_2022-10-24_12:29:31.565607.avi_24.93762755393982.jpg
ultimos 7:3982.jpg
-------------------
analizando:0_2022-10-24_12:39:30.572105.avi_39.90377402305603.jpg
ultimos 7:5603.jpg
-------------------
analizando:0_2022-10-24_12:39:35.047437.avi_41.59266996383667.jpg
ultimos 7:3667.jpg
-------------------
analizando:0_2022-10-24_12:29:29.314653.avi_24.10018491744995.jpg
ultimos 7:4995.jpg
-------------------
analizando:0_2022-10-24_12:29:37.715748.avi_22.840638875961304.jpg
ultimos 7:1304.jpg
-------------------
analizando:0_2022-10-24_12:38:37.663900.avi_1.0096793174743652.jpg
ultimos 7:3652.jpg
-------------------
analizando:0_2022-10-24_12:39:20.308455.avi_30.26611328125.jpg
ultimos 7:8125.jpg
-------------------
analizando:0_2022-10-24_12:39:07.715172.avi_27.25378656387329.jpg
ultimos 7:7329.jpg
-------------------
analizando:0_2022-10-24_12:39:34.668234.avi_39.16497445106506.jpg
ultimos 7:6506.jpg
-------------------
analizando:0_2022-10-24_12:39:02.920484.avi_21.38258719444275.jpg
ultimos 7:4275.jpg
-------------------
analizando:0_2022-10-24_12:38:52.320398.avi_10.782507181167603.jpg
ultimos 7:7603.jpg
-------------------
analizando:0_2022-10-24_12:29:35.723888.avi_33.06790637969971.jpg
ultimos 7:9971.jpg
-------------------
analizando:0_2022-10-24_12:29:44.887660.avi_38.25967049598694.jpg
ultimos 7:8694.jpg
-------------------
analizando:0_2022-10-24_12:29:40.843054.avi_38.187071323394775.jpg
ultimos 7:4775.jpg
-------------------
analizando:0_2022-10-24_12:39:08.922049.avi_26.804341554641724.jpg
ultimos 7:1724.jpg
-------------------
analizando:0_2022-10-24_12:39:13.539478.avi_22.871145963668823.jpg
ultimos 7:8823.jpg
-------------------
analizando:0_2022-10-24_12:29:29.798315.avi_27.979080200195312.jpg
ultimos 7:5312.jpg
-------------------
analizando:0_2022-10-24_12:38:45.737972.avi_5.0937933921813965.jpg
ultimos 7:3965.jpg
-------------------
analizando:0_2022-10-24_12:29:47.277436.avi_45.45819973945618.jpg
ultimos 7:5618.jpg
-------------------
analizando:0_2022-10-24_12:29:14.842362.avi_8.214378118515015.jpg
ultimos 7:5015.jpg
-------------------
analizando:0_2022-10-24_12:29:22.571558.avi_24.801507234573364.jpg
ultimos 7:3364.jpg
-------------------
analizando:0_2022-10-24_12:38:54.285463.avi_7.289190292358398.jpg
ultimos 7:8398.jpg
-------------------
analizando:0_2022-10-24_12:39:22.455943.avi_32.413602352142334.jpg
ultimos 7:2334.jpg
-------------------
analizando:0_2022-10-24_12:38:57.726601.avi_16.18871021270752.jpg
ultimos 7:0752.jpg
-------------------
analizando:0_2022-10-24_12:29:09.879300.avi_8.060064554214478.jpg
ultimos 7:4478.jpg
-------------------
analizando:0_2022-10-24_12:39:34.773154.avi_47.77687978744507.jpg
ultimos 7:4507.jpg
-------------------
analizando:0_2022-10-24_12:38:55.948979.avi_9.831646203994751.jpg
ultimos 7:4751.jpg
-------------------
analizando:0_2022-10-24_12:39:09.605288.avi_19.562946796417236.jpg
ultimos 7:7236.jpg
-------------------
analizando:0_2022-10-24_12:39:02.061545.avi_16.216342449188232.jpg
ultimos 7:8232.jpg
-------------------
analizando:0_2022-10-24_12:39:36.178703.avi_44.642799377441406.jpg
ultimos 7:1406.jpg
-------------------
analizando:0_2022-10-24_12:39:27.263872.avi_46.04980111122131.jpg
ultimos 7:2131.jpg
-------------------
analizando:0_2022-10-24_12:38:59.326135.avi_11.315700054168701.jpg
ultimos 7:8701.jpg
-------------------
analizando:0_2022-10-24_12:29:47.594180.avi_39.76111626625061.jpg
ultimos 7:5061.jpg
-------------------
analizando:0_2022-10-24_12:39:23.314442.avi_41.77655029296875.jpg
ultimos 7:6875.jpg
-------------------
analizando:0_2022-10-24_12:29:35.457523.avi_33.63828372955322.jpg
ultimos 7:5322.jpg
-------------------
analizando:0_2022-10-24_12:39:29.118822.avi_42.122541189193726.jpg
ultimos 7:3726.jpg
-------------------
analizando:0_2022-10-24_12:29:22.359026.avi_18.65873694419861.jpg
ultimos 7:9861.jpg
-------------------
analizando:0_2022-10-24_12:29:40.963609.avi_31.390440464019775.jpg
ultimos 7:9775.jpg
-------------------
analizando:0_2022-10-24_12:29:52.731593.avi_43.34953546524048.jpg
ultimos 7:4048.jpg
paso1!!
deberia a continua
Es enfocada de momento:/var/www/html/reconocimientoFacial/proyecto_definitivo/motor/caras/sinclasificar_videos/0_2022-10-24_12:29:52.731593.avi_43.34953546524048.jpg
es cara1 y enfocada:/var/www/html/reconocimientoFacial/proyecto_definitivo/motor/caras/sinclasificar_videos/0_2022-10-24_12:29:52.731593.avi_43.34953546524048.jpg
Esta imagen no tiene caras1 por que no tiene encodings
remuevo la imagen pues no supero los filtros y no se va a usar: /var/www/html/reconocimientoFacial/proyecto_definitivo/motor/caras/sinclasificar_videos/0_2022-10-24_12:29:52.731593.avi_43.34953546524048.jpg
-------------------
analizando:0_2022-10-24_12:29:25.546650.avi_19.203349590301514.jpg
ultimos 7:1514.jpg
-------------------
analizando:0_2022-10-24_12:39:02.336672.avi_11.66833758354187.jpg
ultimos 7:4187.jpg
-------------------
analizando:0_2022-10-24_12:39:34.753429.avi_48.39004850387573.jpg
ultimos 7:7573.jpg
-------------------
analizando:0_2022-10-24_12:39:17.847055.avi_28.783063888549805.jpg
ultimos 7:9805.jpg
-------------------
analizando:0_2022-10-24_12:38:42.623762.avi_2.7395577430725098.jpg
ultimos 7:5098.jpg
-------------------
analizando:0_2022-10-24_12:39:21.819642.avi_43.380237340927124.jpg
ultimos 7:7124.jpg
-------------------
analizando:0_2022-10-24_12:29:42.818283.avi_42.42631220817566.jpg
ultimos 7:7566.jpg
-------------------
analizando:0_2022-10-24_12:29:53.662504.avi_38.787394523620605.jpg
ultimos 7:0605.jpg
-------------------
analizando:0_2022-10-24_12:39:16.769149.avi_30.405770778656006.jpg
ultimos 7:6006.jpg
paso1!!
deberia a continua
Es enfocada de momento:/var/www/html/reconocimientoFacial/proyecto_definitivo/motor/caras/sinclasificar_videos/0_2022-10-24_12:39:16.769149.avi_30.405770778656006.jpg
es cara1 y enfocada:/var/www/html/reconocimientoFacial/proyecto_definitivo/motor/caras/sinclasificar_videos/0_2022-10-24_12:39:16.769149.avi_30.405770778656006.jpg
Esta imagen no tiene caras1 por que no tiene encodings
remuevo la imagen pues no supero los filtros y no se va a usar: /var/www/html/reconocimientoFacial/proyecto_definitivo/motor/caras/sinclasificar_videos/0_2022-10-24_12:39:16.769149.avi_30.405770778656006.jpg
-------------------
analizando:0_2022-10-24_12:38:48.369796.avi_2.2524619102478027.jpg
ultimos 7:8027.jpg
-------------------
analizando:0_2022-10-24_12:29:16.915376.avi_16.523406505584717.jpg
ultimos 7:4717.jpg
-------------------
analizando:0_2022-10-24_12:38:55.907821.avi_9.79049038887024.jpg
ultimos 7:7024.jpg
-------------------
analizando:0_2022-10-24_12:39:14.986505.avi_23.450607538223267.jpg
ultimos 7:3267.jpg
-------------------
analizando:0_2022-10-24_12:39:24.443828.avi_43.229755878448486.jpg
ultimos 7:8486.jpg
paso1!!
deberia a continua
Es enfocada de momento:/var/www/html/reconocimientoFacial/proyecto_definitivo/motor/caras/sinclasificar_videos/0_2022-10-24_12:39:24.443828.avi_43.229755878448486.jpg
es cara1 y enfocada:/var/www/html/reconocimientoFacial/proyecto_definitivo/motor/caras/sinclasificar_videos/0_2022-10-24_12:39:24.443828.avi_43.229755878448486.jpg
Esta imagen SI tiene caras reconocibles por que tiene encodings
Esta imagen SI tiene caras2!!!
Perfecto, supera todos los filtros
La imagen es buena, voy a ponerla en su correspondiente carpeta, para conservarla: /var/www/html/reconocimientoFacial/proyecto_definitivo/motor/caras/sinclasificar_videos/0_2022-10-24_12:39:24.443828.avi_43.229755878448486.jpg
Ya existia la ruta:/var/www/html/reconocimientoFacial/proyecto_definitivo/motor/caras/1/C0/HtMPemK7ygmA0RiMEKEMmwVbm
He copiado de aki: /var/www/html/reconocimientoFacial/proyecto_definitivo/motor/caras/sinclasificar_videos/0_2022-10-24_12:39:24.443828.avi_43.229755878448486.jpg a aki: HtMPemK7ygmA0RiMEKEMmwVbm/0_2022-10-24_12:39:24.443828.avi_43.229755878448486.jpg_bj7IomZfdRwvxsEfHzMHJKHCo7.jpg
-------------------
analizando:0_2022-10-24_12:29:44.181066.avi_34.60789465904236.jpg
ultimos 7:4236.jpg
-------------------
analizando:0_2022-10-24_12:29:30.416465.avi_30.134990215301514.jpg
ultimos 7:1514.jpg
-------------------
analizando:0_2022-10-24_12:29:35.673594.avi_27.840534925460815.jpg
ultimos 7:0815.jpg
-------------------
analizando:0_2022-10-24_12:39:06.298191.avi_17.227158308029175.jpg
ultimos 7:9175.jpg
-------------------
analizando:0_2022-10-24_12:29:40.537001.avi_35.32253098487854.jpg
ultimos 7:7854.jpg
-------------------
analizando:0_2022-10-24_12:38:49.030639.avi_2.6672563552856445.jpg
ultimos 7:6445.jpg
-------------------
analizando:0_2022-10-24_12:29:43.650981.avi_35.81792163848877.jpg
ultimos 7:8877.jpg
-------------------
analizando:0_2022-10-24_12:29:46.271244.avi_36.889185428619385.jpg
ultimos 7:9385.jpg
-------------------
analizando:0_2022-10-24_12:38:56.889385.avi_9.893110036849976.jpg
ultimos 7:9976.jpg
-------------------
analizando:0_2022-10-24_12:39:34.647738.avi_43.97940754890442.jpg
ultimos 7:0442.jpg
paso1!!
deberia a continua
Es enfocada de momento:/var/www/html/reconocimientoFacial/proyecto_definitivo/motor/caras/sinclasificar_videos/0_2022-10-24_12:39:34.647738.avi_43.97940754890442.jpg
es cara1 y enfocada:/var/www/html/reconocimientoFacial/proyecto_definitivo/motor/caras/sinclasificar_videos/0_2022-10-24_12:39:34.647738.avi_43.97940754890442.jpg
Esta imagen no tiene caras1 por que no tiene encodings
remuevo la imagen pues no supero los filtros y no se va a usar: /var/www/html/reconocimientoFacial/proyecto_definitivo/motor/caras/sinclasificar_videos/0_2022-10-24_12:39:34.647738.avi_43.97940754890442.jpg
-------------------
analizando:0_2022-10-24_12:29:35.149481.avi_34.225908517837524.jpg
ultimos 7:7524.jpg
-------------------
analizando:0_2022-10-24_12:29:16.237148.avi_8.404085874557495.jpg
ultimos 7:7495.jpg
-------------------
analizando:0_2022-10-24_12:39:27.369593.avi_39.35916018486023.jpg
ultimos 7:6023.jpg
-------------------
analizando:0_2022-10-24_12:39:21.762949.avi_35.91774606704712.jpg
ultimos 7:4712.jpg
-------------------
analizando:0_2022-10-24_12:39:27.416474.avi_41.053094148635864.jpg
ultimos 7:5864.jpg
-------------------
analizando:0_2022-10-24_12:38:56.879351.avi_10.515965700149536.jpg
ultimos 7:9536.jpg
-------------------
analizando:0_2022-10-24_12:29:22.498858.avi_20.8829288482666.jpg
ultimos 7:2666.jpg
paso1!!
deberia a continua
Es enfocada de momento:/var/www/html/reconocimientoFacial/proyecto_definitivo/motor/caras/sinclasificar_videos/0_2022-10-24_12:29:22.498858.avi_20.8829288482666.jpg
es cara1 y enfocada:/var/www/html/reconocimientoFacial/proyecto_definitivo/motor/caras/sinclasificar_videos/0_2022-10-24_12:29:22.498858.avi_20.8829288482666.jpg
Esta imagen SI tiene caras reconocibles por que tiene encodings
Esta imagen SI tiene caras2!!!
Perfecto, supera todos los filtros
La imagen es buena, voy a ponerla en su correspondiente carpeta, para conservarla: /var/www/html/reconocimientoFacial/proyecto_definitivo/motor/caras/sinclasificar_videos/0_2022-10-24_12:29:22.498858.avi_20.8829288482666.jpg
Ya existia la ruta:/var/www/html/reconocimientoFacial/proyecto_definitivo/motor/caras/1/C0/HtMPemK7ygmA0RiMEKEMmwVbm
He copiado de aki: /var/www/html/reconocimientoFacial/proyecto_definitivo/motor/caras/sinclasificar_videos/0_2022-10-24_12:29:22.498858.avi_20.8829288482666.jpg a aki: HtMPemK7ygmA0RiMEKEMmwVbm/0_2022-10-24_12:29:22.498858.avi_20.8829288482666.jpg_bysTHpxB30uJuS51g5iUw6T4uY.jpg
-------------------
analizando:0_2022-10-24_12:39:35.398108.avi_43.68890738487244.jpg
ultimos 7:7244.jpg
-------------------
analizando:0_2022-10-24_12:29:48.774707.avi_38.982086420059204.jpg
ultimos 7:9204.jpg
-------------------
analizando:0_2022-10-24_12:29:47.069083.avi_40.441102743148804.jpg
ultimos 7:8804.jpg
paso1!!
deberia a continua
Es enfocada de momento:/var/www/html/reconocimientoFacial/proyecto_definitivo/motor/caras/sinclasificar_videos/0_2022-10-24_12:29:47.069083.avi_40.441102743148804.jpg
es cara1 y enfocada:/var/www/html/reconocimientoFacial/proyecto_definitivo/motor/caras/sinclasificar_videos/0_2022-10-24_12:29:47.069083.avi_40.441102743148804.jpg
Esta imagen no tiene caras1 por que no tiene encodings
remuevo la imagen pues no supero los filtros y no se va a usar: /var/www/html/reconocimientoFacial/proyecto_definitivo/motor/caras/sinclasificar_videos/0_2022-10-24_12:29:47.069083.avi_40.441102743148804.jpg
-------------------
analizando:0_2022-10-24_12:38:59.121648.avi_13.004311323165894.jpg
ultimos 7:5894.jpg
-------------------
analizando:0_2022-10-24_12:29:53.094024.avi_38.21891474723816.jpg
ultimos 7:3816.jpg
-------------------
analizando:0_2022-10-24_12:39:27.851473.avi_36.31557559967041.jpg
ultimos 7:7041.jpg
-------------------
analizando:0_2022-10-24_12:29:25.566974.avi_28.83220648765564.jpg
ultimos 7:5564.jpg
-------------------
analizando:0_2022-10-24_12:39:34.741533.avi_47.74525833129883.jpg
ultimos 7:9883.jpg
-------------------
analizando:0_2022-10-24_12:39:05.218556.avi_17.208126306533813.jpg
ultimos 7:3813.jpg
-------------------
analizando:0_2022-10-24_12:39:01.024374.avi_23.890042066574097.jpg
ultimos 7:4097.jpg
-------------------
analizando:0_2022-10-24_12:29:25.422622.avi_27.332284688949585.jpg
ultimos 7:9585.jpg
-------------------
analizando:0_2022-10-24_12:29:37.079698.avi_30.451717138290405.jpg
ultimos 7:0405.jpg
-------------------
analizando:0_2022-10-24_12:38:55.534044.avi_11.637654542922974.jpg
ultimos 7:2974.jpg
-------------------
analizando:0_2022-10-24_12:39:08.625656.avi_22.262276649475098.jpg
ultimos 7:5098.jpg
-------------------
analizando:0_2022-10-24_12:39:29.433872.avi_48.21979832649231.jpg
ultimos 7:9231.jpg
-------------------
analizando:0_2022-10-24_12:39:30.002052.avi_38.466155767440796.jpg
ultimos 7:0796.jpg
-------------------
analizando:0_2022-10-24_12:28:59.335677.avi_1.5189650058746338.jpg
ultimos 7:6338.jpg
-------------------
analizando:0_2022-10-24_12:39:31.338280.avi_35.83502173423767.jpg
ultimos 7:3767.jpg
-------------------
analizando:0_2022-10-24_12:39:20.282163.avi_31.21817421913147.jpg
ultimos 7:3147.jpg
-------------------
analizando:0_2022-10-24_12:39:28.034189.avi_34.579421520233154.jpg
ultimos 7:3154.jpg
-------------------
analizando:0_2022-10-24_12:39:04.974626.avi_21.2807514667511.jpg
ultimos 7:7511.jpg
-------------------
analizando:0_2022-10-24_12:39:33.202687.avi_46.20640778541565.jpg
ultimos 7:1565.jpg
-------------------
analizando:0_2022-10-24_12:38:59.895798.avi_12.899520635604858.jpg
ultimos 7:4858.jpg
-------------------
analizando:0_2022-10-24_12:29:37.777196.avi_36.853625774383545.jpg
ultimos 7:3545.jpg
-------------------
analizando:0_2022-10-24_12:39:33.091709.avi_46.974376916885376.jpg
ultimos 7:5376.jpg
-------------------
analizando:0_2022-10-24_12:39:00.810854.avi_9.101659774780273.jpg
ultimos 7:0273.jpg
-------------------
analizando:0_2022-10-24_12:29:20.497492.avi_13.869510412216187.jpg
ultimos 7:6187.jpg
-------------------
analizando:0_2022-10-24_12:39:25.565821.avi_36.50182318687439.jpg
ultimos 7:7439.jpg
-------------------
analizando:0_2022-10-24_12:39:29.175869.avi_42.1795871257782.jpg
ultimos 7:7782.jpg
-------------------
analizando:0_2022-10-24_12:29:49.195539.avi_47.376304149627686.jpg
ultimos 7:7686.jpg
-------------------
analizando:0_2022-10-24_12:29:42.402360.avi_35.77437949180603.jpg
ultimos 7:0603.jpg
-------------------
analizando:0_2022-10-24_12:29:22.719875.avi_16.376571893692017.jpg
ultimos 7:2017.jpg
-------------------
analizando:0_2022-10-24_12:29:19.517840.avi_21.701125860214233.jpg
ultimos 7:4233.jpg
-------------------
analizando:0_2022-10-24_12:29:38.175748.avi_28.602577686309814.jpg
ultimos 7:9814.jpg
-------------------
analizando:0_2022-10-24_12:39:13.843431.avi_33.95922660827637.jpg
ultimos 7:7637.jpg
-------------------
analizando:0_2022-10-24_12:38:39.693618.avi_3.03940486907959.jpg
ultimos 7:7959.jpg
-------------------
analizando:0_2022-10-24_12:39:36.959151.avi_41.45588493347168.jpg
ultimos 7:7168.jpg
-------------------
analizando:0_2022-10-24_12:29:34.835458.avi_34.44348740577698.jpg
ultimos 7:7698.jpg
-------------------
analizando:0_2022-10-24_12:29:45.152263.avi_41.451971769332886.jpg
ultimos 7:2886.jpg
paso1!!
deberia a continua
Es enfocada de momento:/var/www/html/reconocimientoFacial/proyecto_definitivo/motor/caras/sinclasificar_videos/0_2022-10-24_12:29:45.152263.avi_41.451971769332886.jpg
es cara1 y enfocada:/var/www/html/reconocimientoFacial/proyecto_definitivo/motor/caras/sinclasificar_videos/0_2022-10-24_12:29:45.152263.avi_41.451971769332886.jpg
Esta imagen no tiene caras1 por que no tiene encodings
remuevo la imagen pues no supero los filtros y no se va a usar: /var/www/html/reconocimientoFacial/proyecto_definitivo/motor/caras/sinclasificar_videos/0_2022-10-24_12:29:45.152263.avi_41.451971769332886.jpg
-------------------
analizando:0_2022-10-24_12:38:43.810801.avi_1.6930902004241943.jpg
ultimos 7:1943.jpg
-------------------
analizando:0_2022-10-24_12:38:52.160305.avi_15.025972843170166.jpg
ultimos 7:0166.jpg
-------------------
analizando:0_2022-10-24_12:38:52.482441.avi_2.44008207321167.jpg
ultimos 7:1167.jpg
-------------------
analizando:0_2022-10-24_12:39:16.531224.avi_25.862886667251587.jpg
ultimos 7:1587.jpg
-------------------
analizando:0_2022-10-24_12:39:13.469325.avi_35.02992033958435.jpg
ultimos 7:8435.jpg
-------------------
analizando:0_2022-10-24_12:29:26.315407.avi_11.24987506866455.jpg
ultimos 7:6455.jpg
-------------------
analizando:0_2022-10-24_12:39:32.818393.avi_42.150062799453735.jpg
ultimos 7:3735.jpg
-------------------
analizando:0_2022-10-24_12:29:26.831125.avi_29.872705698013306.jpg
ultimos 7:3306.jpg
-------------------
analizando:0_2022-10-24_12:29:00.873273.avi_3.056558609008789.jpg
ultimos 7:8789.jpg
-------------------
analizando:0_2022-10-24_12:29:39.506850.avi_29.029797554016113.jpg
ultimos 7:6113.jpg
-------------------
analizando:0_2022-10-24_12:29:50.686138.avi_48.03015661239624.jpg
ultimos 7:9624.jpg
-------------------
analizando:0_2022-10-24_12:39:19.019576.avi_28.35124444961548.jpg
ultimos 7:1548.jpg
-------------------
analizando:0_2022-10-24_12:29:38.419738.avi_30.586676359176636.jpg
ultimos 7:6636.jpg
-------------------
analizando:0_2022-10-24_12:29:02.817681.avi_5.859253883361816.jpg
ultimos 7:1816.jpg
-------------------
analizando:0_2022-10-24_12:29:16.572693.avi_14.956764698028564.jpg
ultimos 7:8564.jpg
-------------------
analizando:0_2022-10-24_12:29:33.861546.avi_23.384491682052612.jpg
ultimos 7:2612.jpg
-------------------
analizando:0_2022-10-24_12:29:42.899314.avi_39.178226470947266.jpg
ultimos 7:7266.jpg
-------------------
analizando:0_2022-10-24_12:29:43.640700.avi_43.35922145843506.jpg
ultimos 7:3506.jpg
-------------------
analizando:0_2022-10-24_12:38:52.243209.avi_11.599031686782837.jpg
ultimos 7:2837.jpg
-------------------
analizando:0_2022-10-24_12:29:02.409479.avi_1.4858977794647217.jpg
ultimos 7:7217.jpg
-------------------
analizando:0_2022-10-24_12:39:14.486857.avi_21.03209090232849.jpg
ultimos 7:2849.jpg
-------------------
analizando:0_2022-10-24_12:38:52.938558.avi_12.477173089981079.jpg
ultimos 7:1079.jpg
-------------------
analizando:0_2022-10-24_12:29:13.197168.avi_5.364107847213745.jpg
ultimos 7:3745.jpg
-------------------
analizando:0_2022-10-24_12:29:34.522096.avi_27.894104957580566.jpg
ultimos 7:0566.jpg
-------------------
analizando:0_2022-10-24_12:39:05.173427.avi_17.162997007369995.jpg
ultimos 7:9995.jpg
-------------------
analizando:0_2022-10-24_12:39:36.682010.avi_46.01367926597595.jpg
ultimos 7:7595.jpg
-------------------
analizando:0_2022-10-24_12:39:36.202785.avi_42.74801802635193.jpg
ultimos 7:5193.jpg
-------------------
analizando:0_2022-10-24_12:39:10.534474.avi_30.073088884353638.jpg
ultimos 7:3638.jpg
-------------------
analizando:0_2022-10-24_12:38:52.665125.avi_12.780923128128052.jpg
ultimos 7:8052.jpg
-------------------
analizando:0_2022-10-24_12:29:17.822166.avi_12.607694625854492.jpg
ultimos 7:4492.jpg
-------------------
analizando:0_2022-10-24_12:39:24.605454.avi_38.76024270057678.jpg
ultimos 7:7678.jpg
-------------------
analizando:0_2022-10-24_12:29:24.567105.avi_20.84601902961731.jpg
ultimos 7:1731.jpg
-------------------
analizando:0_2022-10-24_12:29:30.876880.avi_21.084259510040283.jpg
ultimos 7:0283.jpg
-------------------
analizando:0_2022-10-24_12:29:19.380092.avi_15.679802179336548.jpg
ultimos 7:6548.jpg
-------------------
analizando:0_2022-10-24_12:29:20.705565.avi_15.491095066070557.jpg
ultimos 7:0557.jpg
-------------------
analizando:0_2022-10-24_12:39:16.509531.avi_38.07012462615967.jpg
ultimos 7:5967.jpg
-------------------
analizando:0_2022-10-24_12:39:09.972788.avi_28.758713960647583.jpg
ultimos 7:7583.jpg
-------------------
analizando:0_2022-10-24_12:39:19.048906.avi_23.54564666748047.jpg
ultimos 7:8047.jpg
-------------------
analizando:0_2022-10-24_12:38:57.793455.avi_7.7511115074157715.jpg
ultimos 7:7715.jpg
-------------------
analizando:0_2022-10-24_12:29:24.998999.avi_23.383058786392212.jpg
ultimos 7:2212.jpg
-------------------
analizando:0_2022-10-24_12:29:39.904193.avi_33.27621054649353.jpg
ultimos 7:9353.jpg
-------------------
analizando:0_2022-10-24_12:29:39.705707.avi_29.91308569908142.jpg
ultimos 7:8142.jpg
-------------------
analizando:0_2022-10-24_12:29:24.859739.avi_17.02667999267578.jpg
ultimos 7:7578.jpg
-------------------
analizando:0_2022-10-24_12:29:31.197338.avi_33.42729043960571.jpg
ultimos 7:0571.jpg
-------------------
analizando:0_2022-10-24_12:29:21.941547.avi_26.20872735977173.jpg
ultimos 7:7173.jpg
-------------------
analizando:0_2022-10-24_12:39:22.906415.avi_33.84241795539856.jpg
ultimos 7:9856.jpg
-------------------
analizando:0_2022-10-24_12:29:07.497150.avi_2.2826764583587646.jpg
ultimos 7:7646.jpg
-------------------
analizando:0_2022-10-24_12:39:16.039743.avi_29.043469667434692.jpg
ultimos 7:4692.jpg
-------------------
analizando:0_2022-10-24_12:29:21.372553.avi_6.497443199157715.jpg
ultimos 7:7715.jpg
-------------------
analizando:0_2022-10-24_12:29:44.214805.avi_34.641634464263916.jpg
ultimos 7:3916.jpg
-------------------
analizando:0_2022-10-24_12:39:11.011072.avi_27.317185401916504.jpg
ultimos 7:6504.jpg
-------------------
analizando:0_2022-10-24_12:38:52.550854.avi_2.508510112762451.jpg
ultimos 7:2451.jpg
-------------------
analizando:0_2022-10-24_12:29:51.615776.avi_46.401307344436646.jpg
ultimos 7:6646.jpg
paso1!!
deberia a continua
Es enfocada de momento:/var/www/html/reconocimientoFacial/proyecto_definitivo/motor/caras/sinclasificar_videos/0_2022-10-24_12:29:51.615776.avi_46.401307344436646.jpg
es cara1 y enfocada:/var/www/html/reconocimientoFacial/proyecto_definitivo/motor/caras/sinclasificar_videos/0_2022-10-24_12:29:51.615776.avi_46.401307344436646.jpg
Esta imagen no tiene caras1 por que no tiene encodings
remuevo la imagen pues no supero los filtros y no se va a usar: /var/www/html/reconocimientoFacial/proyecto_definitivo/motor/caras/sinclasificar_videos/0_2022-10-24_12:29:51.615776.avi_46.401307344436646.jpg
-------------------
analizando:0_2022-10-24_12:38:59.438342.avi_13.074962139129639.jpg
ultimos 7:9639.jpg
-------------------
analizando:0_2022-10-24_12:39:22.038564.avi_42.15436267852783.jpg
ultimos 7:2783.jpg
-------------------
analizando:0_2022-10-24_12:39:07.033966.avi_16.99162268638611.jpg
ultimos 7:8611.jpg
-------------------
analizando:0_2022-10-24_12:29:26.737727.avi_21.523255586624146.jpg
ultimos 7:4146.jpg
-------------------
analizando:0_2022-10-24_12:29:36.085332.avi_37.99499440193176.jpg
ultimos 7:3176.jpg
-------------------
analizando:0_2022-10-24_12:29:33.618178.avi_29.897086143493652.jpg
ultimos 7:3652.jpg
-------------------
analizando:0_2022-10-24_12:39:33.090610.avi_37.58735179901123.jpg
ultimos 7:1123.jpg
-------------------
analizando:0_2022-10-24_12:29:40.577139.avi_38.75790190696716.jpg
ultimos 7:6716.jpg
-------------------
analizando:0_2022-10-24_12:29:39.170287.avi_37.554359674453735.jpg
ultimos 7:3735.jpg
-------------------
analizando:0_2022-10-24_12:38:49.466961.avi_2.4706857204437256.jpg
ultimos 7:7256.jpg
-------------------
analizando:0_2022-10-24_12:29:52.060528.avi_41.583473682403564.jpg
ultimos 7:3564.jpg
-------------------
analizando:0_2022-10-24_12:29:13.145563.avi_12.864087581634521.jpg
ultimos 7:4521.jpg
-------------------
analizando:0_2022-10-24_12:29:44.373783.avi_34.58116292953491.jpg
ultimos 7:3491.jpg
-------------------
analizando:0_2022-10-24_12:39:31.917194.avi_40.38129687309265.jpg
ultimos 7:9265.jpg
-------------------
analizando:0_2022-10-24_12:29:19.354395.avi_17.738205671310425.jpg
ultimos 7:0425.jpg
-------------------
analizando:0_2022-10-24_12:28:59.392442.avi_1.6223928928375244.jpg
ultimos 7:5244.jpg
-------------------
analizando:0_2022-10-24_12:29:48.528656.avi_39.146596908569336.jpg
ultimos 7:9336.jpg
-------------------
analizando:0_2022-10-24_12:29:32.493276.avi_29.837294578552246.jpg
ultimos 7:2246.jpg
paso1!!
deberia a continua
Es enfocada de momento:/var/www/html/reconocimientoFacial/proyecto_definitivo/motor/caras/sinclasificar_videos/0_2022-10-24_12:29:32.493276.avi_29.837294578552246.jpg
es cara1 y enfocada:/var/www/html/reconocimientoFacial/proyecto_definitivo/motor/caras/sinclasificar_videos/0_2022-10-24_12:29:32.493276.avi_29.837294578552246.jpg
Esta imagen SI tiene caras reconocibles por que tiene encodings
Esta imagen SI tiene caras2!!!
Perfecto, supera todos los filtros
La imagen es buena, voy a ponerla en su correspondiente carpeta, para conservarla: /var/www/html/reconocimientoFacial/proyecto_definitivo/motor/caras/sinclasificar_videos/0_2022-10-24_12:29:32.493276.avi_29.837294578552246.jpg
Ya existia la ruta:/var/www/html/reconocimientoFacial/proyecto_definitivo/motor/caras/1/C0/HtMPemK7ygmA0RiMEKEMmwVbm
He copiado de aki: /var/www/html/reconocimientoFacial/proyecto_definitivo/motor/caras/sinclasificar_videos/0_2022-10-24_12:29:32.493276.avi_29.837294578552246.jpg a aki: HtMPemK7ygmA0RiMEKEMmwVbm/0_2022-10-24_12:29:32.493276.avi_29.837294578552246.jpg_bSgVAvCgVGuVvtTsnu4uRae47U.jpg
-------------------
analizando:0_2022-10-24_12:39:25.625680.avi_33.91648554801941.jpg
ultimos 7:1941.jpg
-------------------
analizando:0_2022-10-24_12:38:57.813676.avi_7.771334171295166.jpg
ultimos 7:5166.jpg
-------------------
analizando:0_2022-10-24_12:29:14.481778.avi_16.391437768936157.jpg
ultimos 7:6157.jpg
-------------------
analizando:0_2022-10-24_12:39:22.814079.avi_40.69637060165405.jpg
ultimos 7:5405.jpg
-------------------
analizando:0_2022-10-24_12:39:13.058134.avi_31.844062566757202.jpg
ultimos 7:7202.jpg
-------------------
analizando:0_2022-10-24_12:39:08.252126.avi_20.24169659614563.jpg
ultimos 7:4563.jpg
-------------------
analizando:0_2022-10-24_12:39:31.949006.avi_40.41310930252075.jpg
ultimos 7:2075.jpg
-------------------
analizando:0_2022-10-24_12:39:30.622145.avi_39.9538152217865.jpg
ultimos 7:7865.jpg
-------------------
analizando:0_2022-10-24_12:38:42.034808.avi_5.380596160888672.jpg
ultimos 7:8672.jpg
-------------------
analizando:0_2022-10-24_12:29:47.382973.avi_43.66188406944275.jpg
ultimos 7:4275.jpg
-------------------
analizando:0_2022-10-24_12:29:40.249407.avi_42.432690143585205.jpg
ultimos 7:5205.jpg
-------------------
analizando:0_2022-10-24_12:39:00.851063.avi_6.439773082733154.jpg
ultimos 7:3154.jpg
-------------------
analizando:0_2022-10-24_12:29:15.080176.avi_9.865703105926514.jpg
ultimos 7:6514.jpg
-------------------
analizando:0_2022-10-24_12:29:10.593100.avi_2.760032892227173.jpg
ultimos 7:7173.jpg
-------------------
analizando:0_2022-10-24_12:29:03.743817.avi_2.127884864807129.jpg
ultimos 7:7129.jpg
-------------------
analizando:0_2022-10-24_12:29:30.820317.avi_29.204387187957764.jpg
ultimos 7:7764.jpg
-------------------
analizando:0_2022-10-24_12:38:45.706406.avi_2.012528419494629.jpg
ultimos 7:4629.jpg
-------------------
analizando:0_2022-10-24_12:29:35.478200.avi_33.65896248817444.jpg
ultimos 7:7444.jpg
-------------------
analizando:0_2022-10-24_12:39:21.554980.avi_30.88664960861206.jpg
ultimos 7:1206.jpg
-------------------
analizando:0_2022-10-24_12:29:21.943080.avi_12.150460243225098.jpg
ultimos 7:5098.jpg
-------------------
analizando:0_2022-10-24_12:29:24.052800.avi_14.670743227005005.jpg
ultimos 7:5005.jpg
-------------------
analizando:0_2022-10-24_12:39:20.873137.avi_39.335245847702026.jpg
ultimos 7:2026.jpg
paso1!!
deberia a continua
Es enfocada de momento:/var/www/html/reconocimientoFacial/proyecto_definitivo/motor/caras/sinclasificar_videos/0_2022-10-24_12:39:20.873137.avi_39.335245847702026.jpg
es cara1 y enfocada:/var/www/html/reconocimientoFacial/proyecto_definitivo/motor/caras/sinclasificar_videos/0_2022-10-24_12:39:20.873137.avi_39.335245847702026.jpg
Esta imagen SI tiene caras reconocibles por que tiene encodings
Esta imagen SI tiene caras2!!!
Perfecto, supera todos los filtros
La imagen es buena, voy a ponerla en su correspondiente carpeta, para conservarla: /var/www/html/reconocimientoFacial/proyecto_definitivo/motor/caras/sinclasificar_videos/0_2022-10-24_12:39:20.873137.avi_39.335245847702026.jpg
Ya existia la ruta:/var/www/html/reconocimientoFacial/proyecto_definitivo/motor/caras/1/C0/HtMPemK7ygmA0RiMEKEMmwVbm
He copiado de aki: /var/www/html/reconocimientoFacial/proyecto_definitivo/motor/caras/sinclasificar_videos/0_2022-10-24_12:39:20.873137.avi_39.335245847702026.jpg a aki: HtMPemK7ygmA0RiMEKEMmwVbm/0_2022-10-24_12:39:20.873137.avi_39.335245847702026.jpg_brW9i6sgRoXSN7whQA5Tdxo0qF.jpg
-------------------
analizando:0_2022-10-24_12:39:32.110974.avi_38.656208515167236.jpg
ultimos 7:7236.jpg
-------------------
analizando:0_2022-10-24_12:39:37.248945.avi_41.74568200111389.jpg
ultimos 7:1389.jpg
-------------------
analizando:0_2022-10-24_12:29:31.716499.avi_25.3731951713562.jpg
ultimos 7:3562.jpg
-------------------
analizando:0_2022-10-24_12:29:24.989480.avi_29.25665831565857.jpg
ultimos 7:5857.jpg
-------------------
analizando:0_2022-10-24_12:29:33.885360.avi_36.115312576293945.jpg
ultimos 7:3945.jpg
-------------------
analizando:0_2022-10-24_12:38:49.875693.avi_5.9793031215667725.jpg
ultimos 7:7725.jpg
-------------------
analizando:0_2022-10-24_12:39:06.924824.avi_26.28064227104187.jpg
ultimos 7:4187.jpg
-------------------
analizando:0_2022-10-24_12:29:38.180913.avi_36.36167669296265.jpg
ultimos 7:6265.jpg
-------------------
analizando:0_2022-10-24_12:39:17.484721.avi_35.3670129776001.jpg
ultimos 7:6001.jpg
-------------------
analizando:0_2022-10-24_12:38:53.075573.avi_2.407238245010376.jpg
ultimos 7:0376.jpg
-------------------
analizando:0_2022-10-24_12:39:34.929629.avi_44.88728427886963.jpg
ultimos 7:6963.jpg
-------------------
analizando:0_2022-10-24_12:39:03.819070.avi_22.60499930381775.jpg
ultimos 7:1775.jpg
-------------------
analizando:0_2022-10-24_12:39:10.539841.avi_24.694636344909668.jpg
ultimos 7:9668.jpg
-------------------
analizando:0_2022-10-24_12:29:54.250963.avi_44.677794456481934.jpg
ultimos 7:1934.jpg
-------------------
analizando:0_2022-10-24_12:39:28.364928.avi_47.72074627876282.jpg
ultimos 7:6282.jpg
paso1!!
deberia a continua
Es enfocada de momento:/var/www/html/reconocimientoFacial/proyecto_definitivo/motor/caras/sinclasificar_videos/0_2022-10-24_12:39:28.364928.avi_47.72074627876282.jpg
es cara1 y enfocada:/var/www/html/reconocimientoFacial/proyecto_definitivo/motor/caras/sinclasificar_videos/0_2022-10-24_12:39:28.364928.avi_47.72074627876282.jpg
Esta imagen no tiene caras1 por que no tiene encodings
remuevo la imagen pues no supero los filtros y no se va a usar: /var/www/html/reconocimientoFacial/proyecto_definitivo/motor/caras/sinclasificar_videos/0_2022-10-24_12:39:28.364928.avi_47.72074627876282.jpg
-------------------
analizando:0_2022-10-24_12:29:49.673922.avi_34.79881310462952.jpg
ultimos 7:2952.jpg
-------------------
analizando:0_2022-10-24_12:39:14.462553.avi_26.452123165130615.jpg
ultimos 7:0615.jpg
-------------------
analizando:0_2022-10-24_12:38:58.742436.avi_15.048559188842773.jpg
ultimos 7:2773.jpg
-------------------
analizando:0_2022-10-24_12:29:48.678659.avi_39.10548686981201.jpg
ultimos 7:1201.jpg
-------------------
analizando:0_2022-10-24_12:29:52.737660.avi_43.355602741241455.jpg
ultimos 7:1455.jpg
-------------------
analizando:0_2022-10-24_12:29:40.900084.avi_38.244102478027344.jpg
ultimos 7:7344.jpg
-------------------
analizando:0_2022-10-24_12:39:25.514075.avi_43.39636826515198.jpg
ultimos 7:5198.jpg
-------------------
analizando:0_2022-10-24_12:29:49.106658.avi_42.47867751121521.jpg
ultimos 7:1521.jpg
-------------------
analizando:0_2022-10-24_12:29:26.577307.avi_19.949326753616333.jpg
ultimos 7:6333.jpg
-------------------
analizando:0_2022-10-24_12:29:25.436144.avi_19.092843532562256.jpg
ultimos 7:2256.jpg
-------------------
analizando:0_2022-10-24_12:29:33.468423.avi_31.852495193481445.jpg
ultimos 7:1445.jpg
-------------------
analizando:0_2022-10-24_12:29:23.668095.avi_21.012112140655518.jpg
ultimos 7:5518.jpg
-------------------
analizando:0_2022-10-24_12:39:08.025508.avi_17.357176780700684.jpg
ultimos 7:0684.jpg
paso1!!
deberia a continua
Es enfocada de momento:/var/www/html/reconocimientoFacial/proyecto_definitivo/motor/caras/sinclasificar_videos/0_2022-10-24_12:39:08.025508.avi_17.357176780700684.jpg
es cara1 y enfocada:/var/www/html/reconocimientoFacial/proyecto_definitivo/motor/caras/sinclasificar_videos/0_2022-10-24_12:39:08.025508.avi_17.357176780700684.jpg
Esta imagen SI tiene caras reconocibles por que tiene encodings
Esta imagen SI tiene caras2!!!
Perfecto, supera todos los filtros
La imagen es buena, voy a ponerla en su correspondiente carpeta, para conservarla: /var/www/html/reconocimientoFacial/proyecto_definitivo/motor/caras/sinclasificar_videos/0_2022-10-24_12:39:08.025508.avi_17.357176780700684.jpg
Ya existia la ruta:/var/www/html/reconocimientoFacial/proyecto_definitivo/motor/caras/1/C0/HtMPemK7ygmA0RiMEKEMmwVbm
He copiado de aki: /var/www/html/reconocimientoFacial/proyecto_definitivo/motor/caras/sinclasificar_videos/0_2022-10-24_12:39:08.025508.avi_17.357176780700684.jpg a aki: HtMPemK7ygmA0RiMEKEMmwVbm/0_2022-10-24_12:39:08.025508.avi_17.357176780700684.jpg_b6Dx0p3M86IpmLwIFcFuzQHU2h.jpg
-------------------
analizando:0_2022-10-24_12:38:56.385440.avi_8.375007629394531.jpg
ultimos 7:4531.jpg
-------------------
analizando:0_2022-10-24_12:38:54.330515.avi_5.26652455329895.jpg
ultimos 7:9895.jpg
-------------------
analizando:0_2022-10-24_12:39:22.954065.avi_42.30988669395447.jpg
ultimos 7:5447.jpg
-------------------
analizando:0_2022-10-24_12:29:33.531312.avi_31.91538429260254.jpg
ultimos 7:0254.jpg
-------------------
analizando:0_2022-10-24_12:29:49.433092.avi_41.60002541542053.jpg
ultimos 7:2053.jpg
-------------------
analizando:0_2022-10-24_12:28:58.370360.avi_1.4119420051574707.jpg
ultimos 7:4707.jpg
-------------------
analizando:0_2022-10-24_12:29:22.798679.avi_16.455376386642456.jpg
ultimos 7:2456.jpg
-------------------
analizando:0_2022-10-24_12:39:24.378360.avi_28.875099897384644.jpg
ultimos 7:4644.jpg
paso1!!
deberia a continua
Es enfocada de momento:/var/www/html/reconocimientoFacial/proyecto_definitivo/motor/caras/sinclasificar_videos/0_2022-10-24_12:39:24.378360.avi_28.875099897384644.jpg
es cara1 y enfocada:/var/www/html/reconocimientoFacial/proyecto_definitivo/motor/caras/sinclasificar_videos/0_2022-10-24_12:39:24.378360.avi_28.875099897384644.jpg
Esta imagen no tiene caras1 por que no tiene encodings
remuevo la imagen pues no supero los filtros y no se va a usar: /var/www/html/reconocimientoFacial/proyecto_definitivo/motor/caras/sinclasificar_videos/0_2022-10-24_12:39:24.378360.avi_28.875099897384644.jpg
-------------------
analizando:0_2022-10-24_12:39:25.578042.avi_34.04214358329773.jpg
ultimos 7:9773.jpg
-------------------
analizando:0_2022-10-24_12:29:38.025717.avi_41.067302227020264.jpg
ultimos 7:0264.jpg
paso1!!
deberia a continua
Es enfocada de momento:/var/www/html/reconocimientoFacial/proyecto_definitivo/motor/caras/sinclasificar_videos/0_2022-10-24_12:29:38.025717.avi_41.067302227020264.jpg
es cara1 y enfocada:/var/www/html/reconocimientoFacial/proyecto_definitivo/motor/caras/sinclasificar_videos/0_2022-10-24_12:29:38.025717.avi_41.067302227020264.jpg
Esta imagen SI tiene caras reconocibles por que tiene encodings
Esta imagen SI tiene caras2!!!
Perfecto, supera todos los filtros
La imagen es buena, voy a ponerla en su correspondiente carpeta, para conservarla: /var/www/html/reconocimientoFacial/proyecto_definitivo/motor/caras/sinclasificar_videos/0_2022-10-24_12:29:38.025717.avi_41.067302227020264.jpg
Ya existia la ruta:/var/www/html/reconocimientoFacial/proyecto_definitivo/motor/caras/1/C0/HtMPemK7ygmA0RiMEKEMmwVbm
He copiado de aki: /var/www/html/reconocimientoFacial/proyecto_definitivo/motor/caras/sinclasificar_videos/0_2022-10-24_12:29:38.025717.avi_41.067302227020264.jpg a aki: HtMPemK7ygmA0RiMEKEMmwVbm/0_2022-10-24_12:29:38.025717.avi_41.067302227020264.jpg_bpkLUIvFLxjQJy7zDv4NbwWiEy.jpg
-------------------
analizando:0_2022-10-24_12:29:49.236508.avi_46.580524921417236.jpg
ultimos 7:7236.jpg
-------------------
analizando:0_2022-10-24_12:29:29.455502.avi_24.24103283882141.jpg
ultimos 7:2141.jpg
-------------------
analizando:0_2022-10-24_12:29:16.724160.avi_18.63382339477539.jpg
ultimos 7:7539.jpg
-------------------
analizando:0_2022-10-24_12:39:24.240874.avi_40.54699778556824.jpg
ultimos 7:6824.jpg
paso1!!
deberia a continua
Es enfocada de momento:/var/www/html/reconocimientoFacial/proyecto_definitivo/motor/caras/sinclasificar_videos/0_2022-10-24_12:39:24.240874.avi_40.54699778556824.jpg
es cara1 y enfocada:/var/www/html/reconocimientoFacial/proyecto_definitivo/motor/caras/sinclasificar_videos/0_2022-10-24_12:39:24.240874.avi_40.54699778556824.jpg
Esta imagen SI tiene caras reconocibles por que tiene encodings
Esta imagen SI tiene caras2!!!
Perfecto, supera todos los filtros
La imagen es buena, voy a ponerla en su correspondiente carpeta, para conservarla: /var/www/html/reconocimientoFacial/proyecto_definitivo/motor/caras/sinclasificar_videos/0_2022-10-24_12:39:24.240874.avi_40.54699778556824.jpg
Ya existia la ruta:/var/www/html/reconocimientoFacial/proyecto_definitivo/motor/caras/1/C0/HtMPemK7ygmA0RiMEKEMmwVbm
He copiado de aki: /var/www/html/reconocimientoFacial/proyecto_definitivo/motor/caras/sinclasificar_videos/0_2022-10-24_12:39:24.240874.avi_40.54699778556824.jpg a aki: HtMPemK7ygmA0RiMEKEMmwVbm/0_2022-10-24_12:39:24.240874.avi_40.54699778556824.jpg_bVXzFKlhZYzU8658eTzIouV6Yj.jpg
-------------------
analizando:0_2022-10-24_12:39:20.347680.avi_26.892911195755005.jpg
ultimos 7:5005.jpg
-------------------
analizando:0_2022-10-24_12:39:20.933092.avi_37.036702156066895.jpg
ultimos 7:6895.jpg
-------------------
analizando:0_2022-10-24_12:28:56.775649.avi_1.0428266525268555.jpg
ultimos 7:8555.jpg
-------------------
analizando:0_2022-10-24_12:29:00.545736.avi_4.812915802001953.jpg
ultimos 7:1953.jpg
-------------------
analizando:0_2022-10-24_12:29:24.306182.avi_22.48694682121277.jpg
ultimos 7:1277.jpg
-------------------
analizando:0_2022-10-24_12:39:19.106190.avi_32.988858461380005.jpg
ultimos 7:0005.jpg
-------------------
analizando:0_2022-10-24_12:29:35.698114.avi_27.865054845809937.jpg
ultimos 7:9937.jpg
-------------------
analizando:0_2022-10-24_12:39:26.704117.avi_40.58678460121155.jpg
ultimos 7:1155.jpg
-------------------
analizando:0_2022-10-24_12:29:02.459885.avi_1.5363149642944336.jpg
ultimos 7:4336.jpg
-------------------
analizando:0_2022-10-24_12:29:49.290952.avi_48.898980140686035.jpg
ultimos 7:6035.jpg
-------------------
analizando:0_2022-10-24_12:29:25.889250.avi_24.965677499771118.jpg
ultimos 7:1118.jpg
-------------------
analizando:0_2022-10-24_12:39:00.299497.avi_18.761605978012085.jpg
ultimos 7:2085.jpg
-------------------
analizando:0_2022-10-24_12:39:16.160275.avi_29.163994789123535.jpg
ultimos 7:3535.jpg
-------------------
analizando:0_2022-10-24_12:29:02.488084.avi_7.11214542388916.jpg
ultimos 7:8916.jpg
-------------------
analizando:0_2022-10-24_12:39:30.087152.avi_38.37795877456665.jpg
ultimos 7:6665.jpg
-------------------
analizando:0_2022-10-24_12:39:29.048649.avi_45.35477304458618.jpg
ultimos 7:8618.jpg
-------------------
analizando:0_2022-10-24_12:29:35.082181.avi_29.867711067199707.jpg
ultimos 7:9707.jpg
-------------------
analizando:0_2022-10-24_12:29:14.863564.avi_17.905147790908813.jpg
ultimos 7:8813.jpg
-------------------
analizando:0_2022-10-24_12:38:39.482978.avi_1.0435705184936523.jpg
ultimos 7:6523.jpg
-------------------
analizando:0_2022-10-24_12:39:28.494004.avi_46.95610547065735.jpg
ultimos 7:5735.jpg
-------------------
analizando:0_2022-10-24_12:29:23.691278.avi_17.063291311264038.jpg
ultimos 7:4038.jpg
-------------------
analizando:0_2022-10-24_12:39:25.527093.avi_44.8829140663147.jpg
ultimos 7:3147.jpg
-------------------
analizando:0_2022-10-24_12:39:12.566598.avi_22.524258136749268.jpg
ultimos 7:9268.jpg
-------------------
analizando:0_2022-10-24_12:39:23.774357.avi_34.70332479476929.jpg
ultimos 7:6929.jpg
-------------------
analizando:0_2022-10-24_12:29:17.965612.avi_15.309630632400513.jpg
ultimos 7:0513.jpg
-------------------
analizando:0_2022-10-24_12:39:02.677910.avi_15.681633710861206.jpg
ultimos 7:1206.jpg
-------------------
analizando:0_2022-10-24_12:39:09.113053.avi_20.04202103614807.jpg
ultimos 7:4807.jpg
-------------------
analizando:0_2022-10-24_12:29:17.280444.avi_10.93714427947998.jpg
ultimos 7:7998.jpg
-------------------
analizando:0_2022-10-24_12:29:11.560063.avi_5.216762542724609.jpg
ultimos 7:4609.jpg
-------------------
analizando:0_2022-10-24_12:29:41.426926.avi_43.65687894821167.jpg
ultimos 7:1167.jpg
-------------------
analizando:0_2022-10-24_12:29:51.974664.avi_42.401496171951294.jpg
ultimos 7:1294.jpg
-------------------
analizando:0_2022-10-24_12:39:09.706168.avi_19.66382670402527.jpg
ultimos 7:2527.jpg
-------------------
analizando:0_2022-10-24_12:29:37.138446.avi_30.79514241218567.jpg
ultimos 7:8567.jpg
-------------------
analizando:0_2022-10-24_12:29:37.640198.avi_39.823484659194946.jpg
ultimos 7:4946.jpg
-------------------
analizando:0_2022-10-24_12:39:25.219026.avi_38.855645179748535.jpg
ultimos 7:8535.jpg
-------------------
analizando:0_2022-10-24_12:29:35.090416.avi_34.16684556007385.jpg
ultimos 7:7385.jpg
-------------------
analizando:0_2022-10-24_12:29:26.817732.avi_17.435674905776978.jpg
ultimos 7:6978.jpg
-------------------
analizando:0_2022-10-24_12:39:21.801057.avi_35.68372368812561.jpg
ultimos 7:2561.jpg
-------------------
analizando:0_2022-10-24_12:29:12.294605.avi_7.080136060714722.jpg
ultimos 7:4722.jpg
-------------------
analizando:0_2022-10-24_12:29:39.242294.avi_41.4722466468811.jpg
ultimos 7:8811.jpg
-------------------
analizando:0_2022-10-24_12:39:10.528924.avi_15.025665044784546.jpg
ultimos 7:4546.jpg
-------------------
analizando:0_2022-10-24_12:38:52.547554.avi_8.853679180145264.jpg
ultimos 7:5264.jpg
-------------------
analizando:0_2022-10-24_12:38:48.314726.avi_2.19739031791687.jpg
ultimos 7:1687.jpg
-------------------
analizando:0_2022-10-24_12:38:54.946923.avi_3.2377259731292725.jpg
ultimos 7:2725.jpg
-------------------
analizando:0_2022-10-24_12:29:36.126510.avi_40.39368915557861.jpg
ultimos 7:7861.jpg
-------------------
analizando:0_2022-10-24_12:29:42.864655.avi_41.941083908081055.jpg
ultimos 7:1055.jpg
-------------------
analizando:0_2022-10-24_12:29:19.257427.avi_11.424368381500244.jpg
ultimos 7:0244.jpg
paso1!!
deberia a continua
Es enfocada de momento:/var/www/html/reconocimientoFacial/proyecto_definitivo/motor/caras/sinclasificar_videos/0_2022-10-24_12:29:19.257427.avi_11.424368381500244.jpg
es cara1 y enfocada:/var/www/html/reconocimientoFacial/proyecto_definitivo/motor/caras/sinclasificar_videos/0_2022-10-24_12:29:19.257427.avi_11.424368381500244.jpg
Esta imagen SI tiene caras reconocibles por que tiene encodings
Esta imagen SI tiene caras2!!!
Perfecto, supera todos los filtros
La imagen es buena, voy a ponerla en su correspondiente carpeta, para conservarla: /var/www/html/reconocimientoFacial/proyecto_definitivo/motor/caras/sinclasificar_videos/0_2022-10-24_12:29:19.257427.avi_11.424368381500244.jpg
Ya existia la ruta:/var/www/html/reconocimientoFacial/proyecto_definitivo/motor/caras/1/C0/HtMPemK7ygmA0RiMEKEMmwVbm
He copiado de aki: /var/www/html/reconocimientoFacial/proyecto_definitivo/motor/caras/sinclasificar_videos/0_2022-10-24_12:29:19.257427.avi_11.424368381500244.jpg a aki: HtMPemK7ygmA0RiMEKEMmwVbm/0_2022-10-24_12:29:19.257427.avi_11.424368381500244.jpg_bKHpfERGPEtCDbTB6ABdNz8Ao8.jpg
-------------------
analizando:0_2022-10-24_12:39:20.806680.avi_31.735648155212402.jpg
ultimos 7:2402.jpg
paso1!!
deberia a continua
Es enfocada de momento:/var/www/html/reconocimientoFacial/proyecto_definitivo/motor/caras/sinclasificar_videos/0_2022-10-24_12:39:20.806680.avi_31.735648155212402.jpg
es cara1 y enfocada:/var/www/html/reconocimientoFacial/proyecto_definitivo/motor/caras/sinclasificar_videos/0_2022-10-24_12:39:20.806680.avi_31.735648155212402.jpg
Esta imagen no tiene caras1 por que no tiene encodings
remuevo la imagen pues no supero los filtros y no se va a usar: /var/www/html/reconocimientoFacial/proyecto_definitivo/motor/caras/sinclasificar_videos/0_2022-10-24_12:39:20.806680.avi_31.735648155212402.jpg
-------------------
analizando:0_2022-10-24_12:39:11.834647.avi_20.298750162124634.jpg
ultimos 7:4634.jpg
-------------------
analizando:0_2022-10-24_12:39:31.321636.avi_41.27929329872131.jpg
ultimos 7:2131.jpg
-------------------
analizando:0_2022-10-24_12:38:51.777266.avi_9.659558057785034.jpg
ultimos 7:5034.jpg
-------------------
analizando:0_2022-10-24_12:29:08.904569.avi_10.81422758102417.jpg
ultimos 7:2417.jpg
Tiempo de analizar el video:452.66172528266907
